Gender,Age,Married,Number of Dependents,Number of Referrals,Tenure in Months,Offer,Phone Service,Avg Monthly Long Distance Charges,Multiple Lines,Internet Type,Avg Monthly GB Download,Online Security,Online Backup,Device Protection Plan,Premium Tech Support,Streaming TV,Streaming Movies,Streaming Music,Unlimited Data,Contract,Paperless Billing,Payment Method,Monthly Charge,Total Refunds,Total Extra Data Charges,Churn Label,CLTV,Total Services,Tenure Group
Male,78,No,0,0,1,No Offer,No,0.0,No,DSL,8,No,No,Yes,No,No,Yes,No,No,Month-to-Month,Yes,Bank Withdrawal,39.65,0.0,20,Yes,5433,3,0-12
Female,74,Yes,1,1,8,Offer E,Yes,48.85,Yes,Fiber Optic,17,No,Yes,No,No,No,No,No,Yes,Month-to-Month,Yes,Credit Card,80.65,0.0,0,Yes,5302,5,0-12
Male,71,No,3,0,18,Offer D,Yes,11.33,Yes,Fiber Optic,52,No,No,No,No,Yes,Yes,Yes,Yes,Month-to-Month,Yes,Bank Withdrawal,95.45,45.61,0,Yes,3179,7,13-24
Female,78,Yes,1,1,25,Offer C,Yes,19.76,No,Fiber Optic,12,No,Yes,Yes,No,Yes,Yes,No,Yes,Month-to-Month,Yes,Bank Withdrawal,98.5,13.43,0,Yes,5337,7,25-48
Female,80,Yes,1,1,37,Offer C,Yes,6.33,Yes,Fiber Optic,14,No,No,No,No,No,No,No,Yes,Month-to-Month,Yes,Bank Withdrawal,76.5,0.0,0,Yes,2793,4,25-48
Female,72,No,1,0,27,Offer C,Yes,3.33,Yes,Fiber Optic,18,No,No,Yes,No,No,No,No,No,Month-to-Month,Yes,Bank Withdrawal,78.05,0.0,10,Yes,4638,4,25-48
Female,76,Yes,2,1,1,Offer E,Yes,15.28,No,Fiber Optic,30,No,No,No,No,No,No,No,Yes,Month-to-Month,Yes,Mailed Check,70.45,0.0,0,Yes,3964,3,0-12
Male,66,Yes,0,6,58,Offer B,No,0.0,No,DSL,24,No,Yes,Yes,No,No,Yes,No,Yes,Month-to-Month,Yes,Bank Withdrawal,45.3,40.95,0,Yes,5444,5,49-72
Female,70,No,2,0,15,Offer D,Yes,44.07,Yes,Fiber Optic,19,No,No,No,No,No,No,No,Yes,Month-to-Month,Yes,Mailed Check,74.45,0.0,0,Yes,5717,4,13-24
Female,77,No,2,0,7,Offer E,Yes,26.95,No,Fiber Optic,18,Yes,No,No,No,No,No,No,No,Month-to-Month,No,Bank Withdrawal,76.45,11.05,0,Yes,4419,3,0-12
Female,78,No,1,0,11,Offer D,Yes,11.59,No,Fiber Optic,29,No,Yes,No,No,Yes,Yes,No,No,Month-to-Month,Yes,Bank Withdrawal,95.0,0.0,120,Yes,5980,5,0-12
Male,65,No,0,0,15,Offer D,Yes,29.11,No,Fiber Optic,29,No,Yes,No,No,No,No,No,Yes,Month-to-Month,Yes,Bank Withdrawal,74.4,0.0,0,Yes,4616,4,13-24
Male,77,Yes,0,1,1,Offer E,No,0.0,No,DSL,12,No,Yes,No,No,Yes,No,No,Yes,Month-to-Month,No,Bank Withdrawal,40.2,0.0,0,Yes,5828,4,0-12
Male,67,No,0,0,3,Offer E,No,0.0,No,DSL,28,No,No,Yes,No,No,Yes,Yes,Yes,Month-to-Month,Yes,Bank Withdrawal,41.15,0.0,0,Yes,2314,5,0-12
Male,68,No,0,0,13,Offer D,Yes,32.68,Yes,Cable,11,No,Yes,Yes,No,Yes,Yes,No,No,Month-to-Month,Yes,Bank Withdrawal,106.9,0.0,10,Yes,2494,7,13-24
Female,68,No,0,0,16,Offer D,Yes,9.43,No,Fiber Optic,9,No,No,No,Yes,Yes,Yes,Yes,Yes,Month-to-Month,Yes,Bank Withdrawal,94.45,0.0,0,Yes,3810,7,13-24
Male,66,No,0,0,8,No Offer,Yes,1.78,No,Fiber Optic,7,No,Yes,No,No,No,No,No,Yes,Month-to-Month,Yes,Bank Withdrawal,74.5,0.0,0,Yes,4345,4,0-12
Male,69,No,0,0,24,Offer C,Yes,30.87,Yes,Fiber Optic,15,No,No,No,No,No,No,No,Yes,Month-to-Month,Yes,Bank Withdrawal,76.1,0.0,0,Yes,2018,4,13-24
Female,74,No,0,0,4,Offer E,Yes,31.61,Yes,Fiber Optic,2,No,No,No,No,Yes,Yes,No,Yes,Month-to-Month,Yes,Bank Withdrawal,95.45,0.0,0,Yes,3677,6,0-12
Male,76,Yes,0,2,32,Offer C,Yes,47.34,Yes,Fiber Optic,10,No,No,No,No,No,No,No,Yes,Month-to-Month,Yes,Bank Withdrawal,74.9,0.0,0,Yes,4105,4,25-48
Male,77,Yes,0,1,24,Offer C,Yes,16.1,No,Cable,12,No,No,Yes,No,Yes,Yes,Yes,Yes,Month-to-Month,Yes,Bank Withdrawal,93.15,0.0,0,Yes,2212,7,13-24
Female,70,No,0,0,54,Offer B,Yes,12.08,Yes,DSL,5,Yes,Yes,No,Yes,Yes,Yes,Yes,Yes,One Year,No,Bank Withdrawal,82.45,0.0,0,Yes,4149,10,49-72
Female,74,No,0,0,2,Offer E,Yes,13.17,No,Fiber Optic,10,No,No,No,No,No,No,No,Yes,Month-to-Month,Yes,Bank Withdrawal,70.35,0.0,0,Yes,2671,3,0-12
Female,77,No,0,0,21,No Offer,No,0.0,No,Cable,8,Yes,No,No,No,Yes,No,No,Yes,Month-to-Month,Yes,Bank Withdrawal,41.9,0.0,0,Yes,4778,4,13-24
Male,71,Yes,0,0,27,No Offer,No,0.0,No,Cable,13,Yes,No,No,No,No,No,No,No,Month-to-Month,No,Credit Card,30.75,0.0,140,Yes,2927,2,25-48
Male,79,Yes,0,1,11,No Offer,Yes,29.54,No,No Internet Service,0,No,No,No,No,No,No,No,No,Month-to-Month,No,Mailed Check,19.95,0.0,0,Yes,5888,1,0-12
Female,66,Yes,0,2,55,Offer B,Yes,42.82,Yes,Fiber Optic,27,No,Yes,Yes,No,No,No,No,No,Month-to-Month,Yes,Bank Withdrawal,85.45,0.0,90,Yes,5502,5,49-72
Male,77,No,0,0,3,Offer E,Yes,9.22,Yes,Fiber Optic,14,No,Yes,No,No,No,No,No,Yes,Month-to-Month,Yes,Bank Withdrawal,81.35,0.0,0,Yes,2818,5,0-12
Female,80,No,0,0,1,Offer E,Yes,35.09,No,Fiber Optic,17,No,No,Yes,No,No,No,No,No,Month-to-Month,Yes,Bank Withdrawal,75.3,0.0,20,Yes,4902,3,0-12
Female,77,No,0,0,5,Offer E,No,0.0,No,DSL,26,No,Yes,No,No,No,No,No,Yes,Month-to-Month,No,Bank Withdrawal,28.45,0.0,0,Yes,4099,3,0-12
Female,77,No,0,0,20,No Offer,Yes,48.73,Yes,Fiber Optic,12,No,Yes,Yes,No,No,Yes,No,No,Month-to-Month,Yes,Bank Withdrawal,94.1,0.0,80,Yes,2666,6,13-24
Female,72,Yes,0,4,5,Offer E,Yes,45.76,Yes,Fiber Optic,22,No,No,No,No,No,No,No,Yes,Month-to-Month,Yes,Bank Withdrawal,74.35,0.0,0,Yes,5273,4,0-12
Female,80,Yes,0,2,27,No Offer,Yes,7.02,No,Cable,25,Yes,No,No,No,No,No,No,Yes,Month-to-Month,Yes,Bank Withdrawal,75.2,0.0,0,Yes,4517,4,25-48
Female,74,No,0,0,4,No Offer,Yes,48.35,Yes,Cable,24,No,No,Yes,No,Yes,No,No,Yes,Month-to-Month,Yes,Bank Withdrawal,89.2,0.0,0,Yes,5808,6,0-12
Female,68,No,0,0,1,No Offer,Yes,45.81,Yes,Fiber Optic,21,No,No,No,No,Yes,No,No,Yes,Month-to-Month,Yes,Bank Withdrawal,85.7,0.0,0,Yes,4880,5,0-12
Female,78,Yes,0,3,65,Offer B,Yes,18.39,Yes,Fiber Optic,28,Yes,No,Yes,No,Yes,Yes,No,Yes,Month-to-Month,No,Bank Withdrawal,105.25,0.0,0,Yes,4196,8,49-72
Male,75,Yes,0,3,49,Offer B,Yes,22.92,Yes,Fiber Optic,14,No,Yes,No,No,No,Yes,No,Yes,Month-to-Month,No,Credit Card,90.05,0.0,0,Yes,5059,6,49-72
Male,77,Yes,0,1,43,Offer B,Yes,14.52,Yes,Fiber Optic,5,No,Yes,Yes,Yes,Yes,Yes,No,Yes,Month-to-Month,Yes,Bank Withdrawal,110.75,0.0,0,Yes,2728,9,25-48
Male,80,Yes,0,0,56,Offer B,Yes,48.8,Yes,Fiber Optic,12,Yes,No,Yes,No,Yes,Yes,No,Yes,One Year,Yes,Bank Withdrawal,104.55,0.0,0,Yes,6268,8,49-72
Male,75,Yes,0,7,20,No Offer,Yes,5.31,Yes,Fiber Optic,10,No,No,No,No,Yes,Yes,Yes,Yes,Month-to-Month,Yes,Bank Withdrawal,94.55,0.0,0,Yes,5604,7,13-24
Female,69,No,0,0,2,No Offer,Yes,47.47,Yes,Fiber Optic,19,No,Yes,No,No,No,Yes,Yes,Yes,Month-to-Month,No,Bank Withdrawal,89.5,0.0,0,Yes,2065,7,0-12
Female,74,No,0,0,8,No Offer,Yes,27.95,No,No Internet Service,0,No,No,No,No,No,No,No,No,Month-to-Month,No,Bank Withdrawal,19.65,0.0,0,Yes,5432,1,0-12
Male,76,No,0,0,52,No Offer,No,0.0,No,DSL,18,No,Yes,No,No,Yes,Yes,Yes,No,Month-to-Month,Yes,Bank Withdrawal,49.15,0.0,30,Yes,5597,5,49-72
Male,69,No,0,0,2,No Offer,Yes,43.99,No,DSL,27,Yes,No,No,No,No,No,No,Yes,Month-to-Month,Yes,Bank Withdrawal,49.25,0.0,0,Yes,3475,4,0-12
Male,72,Yes,0,1,33,No Offer,Yes,27.78,Yes,Fiber Optic,8,No,No,No,No,Yes,Yes,No,Yes,Month-to-Month,Yes,Bank Withdrawal,94.5,0.0,0,Yes,4333,6,25-48
Female,69,No,0,0,30,No Offer,Yes,45.88,Yes,Fiber Optic,19,Yes,Yes,Yes,No,No,No,No,Yes,Month-to-Month,No,Credit Card,91.7,0.0,0,Yes,2482,7,25-48
Male,73,No,0,0,20,No Offer,Yes,44.44,Yes,Fiber Optic,13,No,No,Yes,No,Yes,Yes,No,No,Month-to-Month,Yes,Bank Withdrawal,98.55,0.0,120,Yes,5444,6,13-24
Female,65,No,0,0,46,No Offer,Yes,2.37,Yes,Fiber Optic,20,Yes,Yes,Yes,No,Yes,Yes,Yes,Yes,One Year,Yes,Bank Withdrawal,110.0,0.0,0,Yes,2403,10,25-48
Male,74,Yes,0,1,7,No Offer,Yes,21.91,Yes,Cable,11,No,No,No,No,Yes,Yes,No,Yes,Month-to-Month,Yes,Bank Withdrawal,95.6,0.0,0,Yes,3265,6,0-12
Female,65,No,0,0,4,No Offer,Yes,36.93,No,Fiber Optic,18,No,No,No,No,Yes,No,No,Yes,Month-to-Month,Yes,Bank Withdrawal,78.85,0.0,0,Yes,5301,4,0-12
Female,66,No,0,0,55,No Offer,Yes,37.38,Yes,Fiber Optic,7,No,No,Yes,No,Yes,Yes,Yes,No,One Year,Yes,Bank Withdrawal,100.0,0.0,100,Yes,5679,7,49-72
Male,71,Yes,0,1,20,No Offer,Yes,5.37,No,Fiber Optic,24,No,Yes,No,No,No,No,No,Yes,Month-to-Month,Yes,Bank Withdrawal,73.65,0.0,0,Yes,5849,4,13-24
Male,65,No,0,0,9,No Offer,Yes,48.71,Yes,Fiber Optic,15,No,No,Yes,No,Yes,Yes,Yes,Yes,Month-to-Month,Yes,Bank Withdrawal,100.5,0.0,0,Yes,4038,8,0-12
Male,69,No,0,0,10,No Offer,Yes,5.46,No,Fiber Optic,24,No,Yes,No,No,No,No,No,No,Month-to-Month,Yes,Bank Withdrawal,72.85,0.0,30,Yes,3189,3,0-12
Male,75,Yes,0,0,1,No Offer,Yes,36.92,Yes,Fiber Optic,6,No,No,No,No,No,No,No,Yes,Month-to-Month,Yes,Bank Withdrawal,73.55,0.0,0,Yes,4369,4,0-12
Female,75,No,0,0,3,No Offer,Yes,41.9,Yes,Fiber Optic,11,No,Yes,No,No,No,No,No,Yes,Month-to-Month,Yes,Bank Withdrawal,79.4,0.0,0,Yes,3501,5,0-12
Female,68,No,0,0,4,No Offer,Yes,6.68,Yes,Cable,17,No,No,No,No,No,Yes,No,Yes,Month-to-Month,Yes,Bank Withdrawal,84.6,0.0,0,Yes,2467,5,0-12
Male,71,No,0,0,35,No Offer,Yes,20.83,Yes,Fiber Optic,19,No,No,Yes,No,Yes,Yes,No,No,Month-to-Month,Yes,Bank Withdrawal,99.05,0.0,120,Yes,2074,6,25-48
Male,80,No,0,0,2,Offer E,Yes,26.62,No,DSL,11,No,No,No,No,No,No,No,Yes,Month-to-Month,No,Credit Card,44.95,0.0,0,Yes,5900,3,0-12
Male,66,No,0,0,8,No Offer,Yes,11.57,No,Fiber Optic,27,Yes,No,No,Yes,Yes,Yes,Yes,Yes,Month-to-Month,No,Credit Card,100.3,0.0,0,Yes,5084,8,0-12
Male,73,Yes,0,2,44,No Offer,No,0.0,No,Cable,28,No,Yes,No,No,No,No,No,Yes,Month-to-Month,Yes,Bank Withdrawal,30.35,0.0,0,Yes,4829,3,25-48
Male,77,Yes,0,1,62,No Offer,Yes,7.11,Yes,Fiber Optic,16,No,Yes,Yes,No,Yes,Yes,Yes,Yes,One Year,Yes,Bank Withdrawal,103.75,0.0,0,Yes,5052,9,49-72
Female,76,Yes,0,1,33,No Offer,Yes,33.19,Yes,Cable,15,No,Yes,No,No,No,No,No,Yes,Month-to-Month,Yes,Bank Withdrawal,80.6,0.0,0,Yes,3601,5,25-48
Female,65,No,0,0,4,Offer E,Yes,49.5,Yes,Fiber Optic,23,No,No,No,No,Yes,Yes,Yes,Yes,Month-to-Month,Yes,Bank Withdrawal,94.3,0.0,0,Yes,5419,7,0-12
Male,75,Yes,0,1,27,No Offer,Yes,10.6,Yes,Fiber Optic,23,No,No,No,No,No,No,No,Yes,Month-to-Month,Yes,Bank Withdrawal,75.5,0.0,0,Yes,2377,4,25-48
Male,75,No,0,0,8,Offer E,Yes,40.45,Yes,Fiber Optic,29,No,No,Yes,No,Yes,Yes,No,Yes,Month-to-Month,Yes,Bank Withdrawal,100.6,0.0,0,Yes,5906,7,0-12
Female,68,Yes,0,1,3,Offer E,Yes,25.77,No,Fiber Optic,2,Yes,No,No,Yes,Yes,No,No,Yes,Month-to-Month,Yes,Mailed Check,88.3,0.0,0,Yes,4486,6,0-12
Female,71,No,0,0,8,Offer E,Yes,42.93,No,Fiber Optic,9,No,No,Yes,No,Yes,Yes,No,Yes,Month-to-Month,Yes,Bank Withdrawal,92.1,0.0,0,Yes,5662,6,0-12
Male,74,No,0,0,14,No Offer,Yes,11.31,No,Fiber Optic,24,No,No,No,No,Yes,Yes,No,Yes,Month-to-Month,No,Credit Card,90.45,0.0,0,Yes,4777,5,13-24
Male,77,No,0,0,12,No Offer,No,0.0,No,DSL,10,No,No,Yes,Yes,No,Yes,No,Yes,Month-to-Month,Yes,Bank Withdrawal,43.65,0.0,0,Yes,2437,5,0-12
Female,73,No,0,0,13,No Offer,Yes,40.37,No,Fiber Optic,21,No,No,Yes,No,No,No,No,Yes,Month-to-Month,Yes,Bank Withdrawal,74.3,0.0,0,Yes,2995,4,13-24
Female,68,No,0,0,11,No Offer,Yes,3.96,No,Fiber Optic,27,No,No,No,No,Yes,Yes,No,Yes,Month-to-Month,No,Bank Withdrawal,89.7,0.0,0,Yes,2202,5,0-12
Male,74,Yes,0,1,17,No Offer,Yes,28.18,Yes,Cable,16,No,No,Yes,No,Yes,Yes,No,Yes,Month-to-Month,Yes,Credit Card,100.45,0.0,0,Yes,5508,7,13-24
Male,65,Yes,0,1,39,No Offer,Yes,33.25,Yes,Fiber Optic,26,No,Yes,Yes,No,Yes,Yes,Yes,Yes,Month-to-Month,Yes,Bank Withdrawal,105.65,0.0,0,Yes,4687,9,25-48
Female,73,Yes,0,5,11,No Offer,Yes,17.25,Yes,Fiber Optic,27,No,No,Yes,Yes,Yes,Yes,No,Yes,Month-to-Month,Yes,Bank Withdrawal,104.05,0.0,0,Yes,4553,8,0-12
Female,74,Yes,0,1,3,Offer E,Yes,3.29,No,Fiber Optic,9,No,No,No,No,Yes,No,No,Yes,Month-to-Month,Yes,Bank Withdrawal,80.4,0.0,0,Yes,3834,4,0-12
Male,80,No,0,0,21,No Offer,Yes,34.62,No,DSL,14,No,No,Yes,No,Yes,No,No,Yes,Month-to-Month,Yes,Bank Withdrawal,60.05,0.0,0,Yes,4716,5,13-24
Female,76,No,0,0,16,No Offer,Yes,38.75,Yes,Fiber Optic,16,No,No,No,No,Yes,Yes,No,Yes,Month-to-Month,Yes,Bank Withdrawal,96.15,0.0,0,Yes,5913,6,13-24
Female,73,No,0,0,46,No Offer,Yes,6.13,No,Fiber Optic,30,No,Yes,No,No,Yes,Yes,No,Yes,One Year,No,Credit Card,95.25,0.0,0,Yes,3180,6,25-48
Female,70,Yes,0,1,68,Offer A,Yes,24.13,Yes,Fiber Optic,24,No,Yes,No,No,No,Yes,No,Yes,Month-to-Month,Yes,Bank Withdrawal,89.6,0.0,0,Yes,5651,6,49-72
Male,75,Yes,0,1,7,Offer E,Yes,13.63,No,Fiber Optic,27,No,No,No,No,Yes,Yes,No,Yes,Month-to-Month,Yes,Bank Withdrawal,89.5,0.0,0,Yes,3077,5,0-12
Male,74,Yes,0,1,15,No Offer,Yes,45.25,Yes,Cable,22,No,No,No,No,No,Yes,No,Yes,Month-to-Month,Yes,Bank Withdrawal,85.6,0.0,0,Yes,4981,5,13-24
Male,76,No,0,0,16,No Offer,Yes,19.18,Yes,Fiber Optic,22,No,No,No,No,Yes,No,No,Yes,Month-to-Month,Yes,Bank Withdrawal,86.6,0.0,0,Yes,2508,5,13-24
Female,75,No,0,0,1,Offer E,Yes,29.68,No,Cable,18,No,No,No,No,No,No,No,Yes,Month-to-Month,Yes,Bank Withdrawal,69.25,0.0,0,Yes,4371,3,0-12
Female,74,No,0,0,1,No Offer,No,0.0,No,Cable,5,No,No,No,No,No,No,No,Yes,Month-to-Month,Yes,Bank Withdrawal,25.2,0.0,0,Yes,5688,2,0-12
Female,73,No,0,0,13,No Offer,Yes,19.03,Yes,Fiber Optic,24,No,No,No,No,Yes,Yes,Yes,Yes,Month-to-Month,Yes,Bank Withdrawal,95.05,0.0,0,Yes,2230,7,13-24
Female,69,No,0,0,1,No Offer,Yes,20.06,No,Fiber Optic,24,No,No,No,No,Yes,No,No,Yes,Month-to-Month,Yes,Bank Withdrawal,79.2,0.0,0,Yes,4363,4,0-12
Female,75,Yes,0,1,34,No Offer,Yes,2.88,Yes,Fiber Optic,4,No,Yes,Yes,No,No,Yes,No,Yes,Month-to-Month,Yes,Bank Withdrawal,94.25,0.0,0,Yes,3369,7,25-48
Female,65,No,0,0,4,No Offer,Yes,12.68,No,Fiber Optic,10,No,Yes,Yes,No,Yes,Yes,Yes,Yes,Month-to-Month,Yes,Credit Card,99.8,0.0,0,Yes,2268,8,0-12
Female,77,No,0,0,2,No Offer,Yes,19.27,Yes,Fiber Optic,18,No,No,No,No,Yes,Yes,No,Yes,Month-to-Month,Yes,Bank Withdrawal,93.85,0.0,0,Yes,4193,6,0-12
Male,67,No,0,0,9,No Offer,Yes,30.8,Yes,Fiber Optic,18,No,No,No,No,No,Yes,No,Yes,Month-to-Month,Yes,Credit Card,84.4,0.0,0,Yes,5745,5,0-12
Female,78,No,0,0,5,No Offer,Yes,42.33,No,Fiber Optic,9,No,No,Yes,No,No,No,No,Yes,Month-to-Month,Yes,Credit Card,75.55,0.0,0,Yes,4028,4,0-12
Male,65,No,0,0,22,Offer D,Yes,40.18,Yes,Fiber Optic,8,No,No,No,No,Yes,Yes,Yes,No,Month-to-Month,Yes,Bank Withdrawal,96.7,0.0,100,Yes,4458,6,13-24
Male,74,No,0,0,19,Offer D,Yes,39.97,Yes,Fiber Optic,9,No,Yes,No,No,Yes,No,No,Yes,Month-to-Month,Yes,Bank Withdrawal,88.2,0.0,0,Yes,5683,6,13-24
Male,70,No,0,0,15,Offer D,Yes,46.38,Yes,Fiber Optic,19,No,No,No,No,No,No,No,Yes,Month-to-Month,No,Bank Withdrawal,75.65,0.0,0,Yes,2099,4,13-24
Male,69,No,0,0,1,No Offer,Yes,11.34,Yes,Fiber Optic,20,No,No,No,No,No,No,No,Yes,Month-to-Month,Yes,Bank Withdrawal,74.7,0.0,0,Yes,3348,4,0-12
Female,76,No,0,0,1,No Offer,No,0.0,No,DSL,26,No,No,No,No,No,No,No,No,Month-to-Month,Yes,Mailed Check,25.8,0.0,20,Yes,3884,1,0-12
Male,71,No,0,0,10,Offer D,Yes,41.37,Yes,Fiber Optic,14,No,No,No,No,Yes,Yes,No,Yes,Month-to-Month,Yes,Bank Withdrawal,95.35,0.0,0,Yes,5353,6,0-12
Female,76,No,0,0,3,No Offer,Yes,30.14,No,DSL,6,No,No,No,No,No,No,No,No,Month-to-Month,No,Bank Withdrawal,45.0,0.0,10,Yes,4145,2,0-12
Male,77,Yes,0,1,12,Offer D,Yes,6.97,No,Fiber Optic,19,No,No,No,No,No,Yes,No,Yes,Month-to-Month,Yes,Bank Withdrawal,80.45,0.0,0,Yes,5374,4,0-12
Male,74,No,0,0,2,No Offer,Yes,6.51,No,Fiber Optic,11,No,Yes,No,No,No,No,No,Yes,Month-to-Month,Yes,Bank Withdrawal,74.7,0.0,0,Yes,2803,4,0-12
Male,77,No,0,0,1,No Offer,Yes,49.6,Yes,Fiber Optic,20,No,No,Yes,No,Yes,No,No,No,Month-to-Month,Yes,Bank Withdrawal,88.8,0.0,10,Yes,3106,5,0-12
Male,76,Yes,0,1,13,Offer D,Yes,1.47,No,Fiber Optic,5,No,Yes,No,Yes,No,Yes,No,Yes,Month-to-Month,Yes,Bank Withdrawal,89.05,0.0,0,Yes,3861,6,13-24
Female,77,No,0,0,23,Offer D,Yes,31.17,No,Fiber Optic,23,No,Yes,No,No,Yes,Yes,No,Yes,Month-to-Month,Yes,Bank Withdrawal,94.75,0.0,0,Yes,2740,6,13-24
Female,80,Yes,0,1,17,Offer D,Yes,36.82,Yes,Fiber Optic,6,Yes,No,Yes,No,No,No,No,Yes,Month-to-Month,Yes,Bank Withdrawal,85.35,0.0,0,Yes,3209,6,13-24
Male,68,No,0,0,17,No Offer,Yes,40.93,No,DSL,2,No,No,No,No,No,No,No,Yes,Month-to-Month,Yes,Bank Withdrawal,45.05,0.0,0,Yes,3797,3,13-24
Female,79,No,0,0,42,No Offer,Yes,9.53,Yes,Fiber Optic,17,No,No,No,No,Yes,No,No,Yes,Month-to-Month,Yes,Bank Withdrawal,84.65,0.0,0,Yes,4871,5,25-48
Male,65,No,0,0,1,No Offer,Yes,42.3,No,Fiber Optic,16,No,No,No,No,Yes,No,No,Yes,Month-to-Month,Yes,Bank Withdrawal,79.1,0.0,0,Yes,5001,4,0-12
Male,68,No,0,0,1,Offer E,Yes,39.78,No,Cable,12,No,No,Yes,No,No,No,No,Yes,Month-to-Month,Yes,Mailed Check,50.15,0.0,0,Yes,3438,4,0-12
Female,72,No,0,0,1,Offer E,Yes,34.51,No,Fiber Optic,15,No,No,No,No,No,No,No,Yes,Month-to-Month,Yes,Bank Withdrawal,69.6,0.0,0,Yes,3438,3,0-12
Female,66,No,0,0,41,No Offer,Yes,27.95,Yes,Fiber Optic,23,Yes,Yes,Yes,No,Yes,Yes,Yes,Yes,Month-to-Month,Yes,Bank Withdrawal,113.2,0.0,0,Yes,3380,10,25-48
Male,68,No,0,0,13,No Offer,Yes,26.11,No,Fiber Optic,4,No,No,No,No,Yes,Yes,Yes,No,Month-to-Month,Yes,Bank Withdrawal,90.5,29.84,140,Yes,5394,5,13-24
Male,69,Yes,0,1,32,No Offer,Yes,5.99,Yes,Fiber Optic,23,No,No,No,No,No,Yes,Yes,Yes,Month-to-Month,Yes,Bank Withdrawal,85.0,49.57,0,Yes,4584,6,25-48
Male,76,Yes,0,1,32,No Offer,Yes,49.6,Yes,Fiber Optic,10,No,No,No,No,No,Yes,Yes,Yes,Month-to-Month,No,Bank Withdrawal,85.3,0.0,0,Yes,2712,6,25-48
Male,70,Yes,0,1,57,No Offer,No,0.0,No,Cable,3,No,No,No,No,Yes,Yes,Yes,Yes,Month-to-Month,Yes,Bank Withdrawal,44.85,12.07,0,Yes,5172,5,49-72
Male,71,No,0,0,1,Offer E,Yes,15.28,No,Cable,14,No,No,No,No,No,No,No,Yes,Month-to-Month,No,Bank Withdrawal,45.1,0.0,0,Yes,4499,3,0-12
Male,75,No,0,0,1,Offer E,No,0.0,No,DSL,26,No,Yes,Yes,No,No,Yes,No,Yes,Month-to-Month,Yes,Bank Withdrawal,43.3,0.0,0,Yes,4972,5,0-12
Female,67,No,0,0,38,No Offer,Yes,26.1,No,DSL,27,Yes,Yes,No,No,No,No,No,Yes,Month-to-Month,Yes,Credit Card,57.15,0.0,0,Yes,3110,5,25-48
Female,65,Yes,0,1,35,No Offer,Yes,15.98,Yes,Cable,22,Yes,Yes,No,Yes,Yes,No,No,Yes,Month-to-Month,Yes,Bank Withdrawal,100.5,0.0,0,Yes,4745,8,25-48
Female,80,No,0,0,1,Offer E,Yes,15.24,No,DSL,14,No,No,No,No,No,No,No,Yes,Month-to-Month,No,Credit Card,45.1,0.0,0,Yes,2740,3,0-12
Male,71,Yes,0,1,30,No Offer,Yes,4.65,No,DSL,29,No,Yes,No,No,No,No,No,Yes,Month-to-Month,Yes,Bank Withdrawal,50.4,0.0,0,Yes,4795,4,25-48
Female,70,No,0,0,5,Offer E,Yes,12.27,No,Fiber Optic,20,No,No,No,No,No,Yes,No,Yes,Month-to-Month,No,Bank Withdrawal,78.95,0.0,0,Yes,4054,4,0-12
Male,73,No,0,0,1,Offer E,Yes,30.17,Yes,Fiber Optic,6,No,No,No,No,Yes,Yes,No,Yes,Month-to-Month,Yes,Bank Withdrawal,93.55,0.0,0,Yes,5536,6,0-12
Male,78,Yes,0,1,58,No Offer,Yes,49.38,Yes,Fiber Optic,19,Yes,Yes,Yes,No,Yes,Yes,No,Yes,One Year,Yes,Bank Withdrawal,108.85,0.0,0,Yes,4739,9,49-72
Female,76,No,0,0,16,No Offer,Yes,17.51,Yes,Fiber Optic,7,No,No,No,No,Yes,No,No,Yes,Month-to-Month,Yes,Bank Withdrawal,84.75,0.0,0,Yes,5136,5,13-24
Female,73,No,0,0,1,Offer E,Yes,22.5,No,Fiber Optic,27,No,No,No,No,No,No,No,No,Month-to-Month,Yes,Bank Withdrawal,69.95,0.0,10,Yes,3208,2,0-12
Female,68,Yes,0,1,5,Offer E,Yes,47.28,Yes,Fiber Optic,11,No,Yes,No,No,No,No,No,No,Month-to-Month,Yes,Bank Withdrawal,81.0,40.64,10,Yes,4287,4,0-12
Male,79,No,0,0,21,No Offer,Yes,42.27,No,Fiber Optic,7,No,No,Yes,No,Yes,Yes,No,Yes,Month-to-Month,Yes,Bank Withdrawal,96.8,10.2,0,Yes,4317,6,13-24
Female,67,No,0,0,43,No Offer,Yes,31.83,No,Fiber Optic,10,Yes,Yes,No,Yes,Yes,Yes,No,Yes,Month-to-Month,Yes,Credit Card,108.15,0.0,0,Yes,2833,8,25-48
Female,69,Yes,0,1,32,No Offer,Yes,33.74,Yes,Fiber Optic,6,No,No,No,No,Yes,Yes,No,Yes,Month-to-Month,Yes,Bank Withdrawal,93.2,17.88,0,Yes,5247,6,25-48
Female,72,No,0,0,1,Offer E,Yes,18.2,No,Fiber Optic,13,No,No,No,No,No,No,No,Yes,Month-to-Month,Yes,Bank Withdrawal,70.55,0.0,0,Yes,2146,3,0-12
Male,75,Yes,0,1,29,No Offer,Yes,25.78,Yes,Fiber Optic,28,No,No,Yes,No,Yes,Yes,Yes,No,Month-to-Month,Yes,Bank Withdrawal,98.5,37.55,40,Yes,5137,7,25-48
Male,67,Yes,0,1,13,No Offer,Yes,31.7,Yes,Cable,6,No,No,No,No,Yes,Yes,Yes,Yes,Month-to-Month,Yes,Bank Withdrawal,95.25,48.09,0,Yes,2982,7,13-24
Male,72,Yes,0,1,7,No Offer,Yes,8.92,Yes,Fiber Optic,17,No,No,No,No,No,No,No,Yes,Month-to-Month,Yes,Credit Card,74.4,32.46,0,Yes,4969,4,0-12
Female,68,No,0,0,2,No Offer,Yes,21.57,Yes,Fiber Optic,28,No,No,Yes,No,No,Yes,Yes,Yes,Month-to-Month,Yes,Bank Withdrawal,88.55,0.0,0,Yes,3685,7,0-12
Female,68,No,0,0,1,No Offer,Yes,43.61,No,Fiber Optic,2,No,No,No,No,Yes,Yes,Yes,Yes,Month-to-Month,Yes,Bank Withdrawal,91.3,0.0,0,Yes,2371,6,0-12
Male,75,Yes,0,1,7,No Offer,Yes,16.05,No,Fiber Optic,22,No,No,No,No,No,No,No,Yes,Month-to-Month,Yes,Credit Card,70.1,20.23,0,Yes,3669,3,0-12
Male,74,Yes,0,1,57,No Offer,Yes,49.91,Yes,Fiber Optic,21,No,Yes,Yes,No,No,Yes,No,Yes,Month-to-Month,Yes,Bank Withdrawal,95.25,12.59,0,Yes,6259,7,49-72
Female,78,Yes,0,4,1,No Offer,Yes,17.35,Yes,Fiber Optic,23,No,No,Yes,No,Yes,Yes,No,Yes,Month-to-Month,Yes,Bank Withdrawal,100.8,0.0,0,Yes,3128,7,0-12
Male,66,Yes,0,2,17,No Offer,Yes,1.05,No,Fiber Optic,8,No,Yes,No,No,No,No,No,Yes,Month-to-Month,Yes,Bank Withdrawal,76.45,0.0,0,Yes,3266,4,13-24
Female,73,No,0,0,3,No Offer,Yes,18.38,No,Fiber Optic,20,No,No,Yes,No,Yes,No,No,Yes,Month-to-Month,Yes,Bank Withdrawal,86.85,0.0,0,Yes,3561,5,0-12
Male,79,Yes,0,1,66,Offer A,Yes,28.86,Yes,Fiber Optic,25,No,No,Yes,No,Yes,Yes,No,Yes,Month-to-Month,Yes,Credit Card,99.5,0.0,0,Yes,4479,7,49-72
Male,69,Yes,0,1,69,Offer A,Yes,48.88,Yes,Fiber Optic,4,No,Yes,Yes,Yes,Yes,Yes,No,Yes,Two Year,Yes,Bank Withdrawal,108.4,0.0,0,Yes,4708,9,49-72
Female,65,Yes,0,2,15,No Offer,Yes,44.13,Yes,Fiber Optic,3,No,No,Yes,Yes,No,No,No,No,Month-to-Month,Yes,Bank Withdrawal,83.05,0.0,110,Yes,2596,5,13-24
Female,68,No,0,0,56,No Offer,Yes,34.58,Yes,Fiber Optic,4,No,Yes,Yes,No,Yes,Yes,No,Yes,One Year,Yes,Bank Withdrawal,104.75,0.0,0,Yes,5605,8,49-72
Female,79,No,0,0,21,No Offer,Yes,21.15,Yes,Fiber Optic,9,No,No,No,No,Yes,Yes,No,Yes,Month-to-Month,Yes,Bank Withdrawal,94.25,0.0,0,Yes,4819,6,13-24
Female,80,No,0,0,1,No Offer,Yes,47.97,No,Fiber Optic,8,No,No,No,No,No,No,No,Yes,Month-to-Month,Yes,Bank Withdrawal,70.15,0.0,0,Yes,2825,3,0-12
Male,77,Yes,0,3,32,No Offer,Yes,7.92,Yes,Fiber Optic,3,No,Yes,Yes,No,Yes,Yes,No,Yes,Month-to-Month,No,Bank Withdrawal,106.35,0.0,0,Yes,4113,8,25-48
Female,65,Yes,0,1,40,No Offer,Yes,49.5,Yes,Fiber Optic,20,No,No,No,No,Yes,Yes,Yes,Yes,Month-to-Month,Yes,Credit Card,94.55,0.0,0,Yes,5676,7,25-48
Male,66,No,0,0,2,No Offer,No,0.0,No,DSL,6,No,No,No,No,No,No,No,Yes,Month-to-Month,Yes,Credit Card,24.45,0.0,0,Yes,5573,2,0-12
Male,75,No,0,0,7,No Offer,Yes,39.51,Yes,Fiber Optic,13,No,No,No,No,Yes,No,No,No,Month-to-Month,Yes,Bank Withdrawal,84.8,0.0,0,Yes,2015,4,0-12
Female,74,No,0,0,31,No Offer,Yes,39.36,Yes,Fiber Optic,4,No,Yes,No,No,Yes,Yes,No,Yes,Month-to-Month,Yes,Bank Withdrawal,99.95,0.0,0,Yes,5362,7,25-48
Female,80,No,0,0,14,No Offer,Yes,29.96,Yes,Fiber Optic,7,No,Yes,Yes,No,Yes,Yes,No,Yes,Month-to-Month,Yes,Bank Withdrawal,104.85,0.0,0,Yes,2292,8,13-24
Male,74,No,0,0,15,No Offer,Yes,23.53,Yes,Fiber Optic,9,No,No,No,No,No,No,No,Yes,Month-to-Month,Yes,Credit Card,74.2,43.31,0,Yes,4553,4,13-24
Male,70,Yes,0,0,59,No Offer,Yes,10.78,Yes,Fiber Optic,15,No,No,No,No,Yes,Yes,No,Yes,Month-to-Month,Yes,Bank Withdrawal,93.85,8.13,0,Yes,5390,6,49-72
Male,76,Yes,0,3,46,No Offer,Yes,49.11,Yes,Fiber Optic,17,Yes,Yes,Yes,No,Yes,No,No,Yes,Month-to-Month,Yes,Bank Withdrawal,100.7,46.64,0,Yes,5712,8,25-48
Female,72,No,0,0,25,No Offer,Yes,36.36,Yes,Fiber Optic,6,No,Yes,No,No,No,Yes,No,Yes,Month-to-Month,Yes,Bank Withdrawal,89.7,23.33,0,Yes,4078,6,25-48
Female,66,No,0,0,16,No Offer,Yes,32.11,Yes,Fiber Optic,14,No,No,No,No,Yes,Yes,No,Yes,Month-to-Month,Yes,Bank Withdrawal,96.4,47.2,0,Yes,2688,6,13-24
Male,75,No,0,0,1,No Offer,Yes,41.2,No,Fiber Optic,15,No,No,No,No,No,No,No,No,Month-to-Month,Yes,Bank Withdrawal,69.5,0.0,80,Yes,3273,2,0-12
Male,65,Yes,0,1,36,No Offer,Yes,24.54,Yes,Fiber Optic,5,No,No,No,No,No,Yes,Yes,Yes,Month-to-Month,Yes,Credit Card,85.25,0.0,0,Yes,3041,6,25-48
Male,79,No,0,0,45,No Offer,Yes,10.67,No,DSL,17,Yes,No,Yes,No,No,Yes,No,Yes,One Year,No,Credit Card,62.7,0.0,0,Yes,2654,6,25-48
Male,73,No,0,0,25,Offer C,Yes,46.34,Yes,Fiber Optic,22,No,Yes,Yes,No,Yes,Yes,No,Yes,Month-to-Month,No,Credit Card,105.95,0.0,0,Yes,4283,8,25-48
Male,79,No,0,0,39,Offer C,Yes,41.93,Yes,Fiber Optic,23,No,No,No,No,Yes,Yes,No,No,Month-to-Month,Yes,Bank Withdrawal,95.65,0.0,150,Yes,4892,5,25-48
Female,70,Yes,0,1,31,Offer C,Yes,47.95,No,Fiber Optic,21,No,No,Yes,Yes,Yes,Yes,No,Yes,Month-to-Month,Yes,Bank Withdrawal,98.9,0.0,0,Yes,4050,7,25-48
Male,71,No,0,0,3,No Offer,Yes,30.25,Yes,Fiber Optic,28,No,No,No,No,No,No,No,Yes,Month-to-Month,Yes,Bank Withdrawal,76.05,0.0,0,Yes,2930,4,0-12
Male,69,No,0,0,1,No Offer,Yes,33.84,No,Fiber Optic,5,No,No,No,No,No,No,No,Yes,Month-to-Month,Yes,Bank Withdrawal,69.75,0.0,0,Yes,5057,3,0-12
Female,70,No,0,0,33,Offer C,Yes,17.24,Yes,Fiber Optic,25,No,Yes,Yes,Yes,Yes,Yes,Yes,No,Month-to-Month,Yes,Bank Withdrawal,110.45,0.0,70,Yes,3401,9,25-48
Male,71,Yes,0,1,7,No Offer,Yes,42.92,Yes,Fiber Optic,2,No,No,Yes,No,Yes,Yes,Yes,Yes,Month-to-Month,Yes,Bank Withdrawal,99.25,0.0,0,Yes,2487,8,0-12
Male,67,No,0,0,19,No Offer,Yes,16.78,Yes,Fiber Optic,15,No,No,Yes,No,No,No,No,Yes,Month-to-Month,Yes,Bank Withdrawal,79.85,0.0,0,Yes,3715,5,13-24
Male,67,Yes,0,2,8,No Offer,Yes,26.99,No,Fiber Optic,2,No,No,No,No,Yes,No,No,Yes,Month-to-Month,Yes,Credit Card,80.45,0.0,0,Yes,3443,4,0-12
Female,69,No,0,0,13,Offer D,Yes,7.22,Yes,Fiber Optic,28,Yes,No,No,No,Yes,Yes,No,Yes,Month-to-Month,Yes,Bank Withdrawal,100.8,0.0,0,Yes,3269,7,13-24
Male,75,No,0,0,10,Offer D,Yes,7.51,No,Fiber Optic,18,No,No,No,No,No,Yes,No,Yes,Month-to-Month,Yes,Bank Withdrawal,79.25,0.0,0,Yes,3856,4,0-12
Male,67,No,0,0,5,No Offer,Yes,45.72,No,Fiber Optic,6,No,No,No,No,Yes,Yes,No,Yes,Month-to-Month,Yes,Bank Withdrawal,89.5,0.0,0,Yes,2718,5,0-12
Male,66,Yes,0,0,1,No Offer,Yes,38.78,Yes,Fiber Optic,23,No,No,No,No,Yes,No,No,Yes,Month-to-Month,Yes,Bank Withdrawal,86.05,0.0,0,Yes,4843,5,0-12
Female,67,No,0,0,10,Offer D,No,0.0,No,DSL,4,No,No,No,No,No,Yes,No,Yes,Month-to-Month,Yes,Bank Withdrawal,34.7,0.0,0,Yes,3244,3,0-12
Male,71,Yes,0,1,53,No Offer,Yes,21.67,Yes,Cable,6,Yes,No,No,Yes,No,No,No,No,One Year,Yes,Bank Withdrawal,60.05,0.0,100,Yes,5271,5,49-72
Male,74,Yes,0,1,16,Offer D,Yes,26.12,No,Fiber Optic,8,No,Yes,No,No,No,No,No,Yes,Month-to-Month,Yes,Credit Card,74.3,0.0,0,Yes,2076,4,13-24
Female,70,No,0,0,9,No Offer,Yes,17.56,Yes,Fiber Optic,27,No,No,No,No,No,No,No,Yes,Month-to-Month,Yes,Bank Withdrawal,74.55,33.25,0,Yes,3145,4,0-12
Male,76,Yes,0,1,32,Offer C,Yes,43.51,Yes,Fiber Optic,22,No,No,Yes,Yes,Yes,Yes,No,Yes,Month-to-Month,Yes,Bank Withdrawal,104.9,33.73,0,Yes,3966,8,25-48
Male,67,Yes,0,1,1,No Offer,Yes,17.36,Yes,Fiber Optic,29,No,No,No,No,No,No,No,No,Month-to-Month,Yes,Bank Withdrawal,74.4,0.0,30,Yes,5429,3,0-12
Male,80,No,0,0,8,No Offer,Yes,14.89,No,Fiber Optic,20,No,No,No,No,No,No,No,Yes,Month-to-Month,Yes,Bank Withdrawal,69.7,0.0,0,Yes,3068,3,0-12
Female,67,Yes,0,1,12,Offer D,Yes,30.63,Yes,Fiber Optic,27,No,Yes,Yes,No,Yes,No,No,Yes,Month-to-Month,Yes,Bank Withdrawal,98.1,49.06,0,Yes,2709,7,0-12
Female,68,Yes,0,1,4,No Offer,Yes,18.91,Yes,Fiber Optic,20,Yes,No,No,No,Yes,Yes,No,Yes,Month-to-Month,Yes,Bank Withdrawal,99.6,25.79,0,Yes,4708,7,0-12
Male,69,Yes,0,1,70,No Offer,Yes,17.45,Yes,Fiber Optic,20,No,Yes,Yes,No,Yes,Yes,No,Yes,Month-to-Month,Yes,Bank Withdrawal,102.95,15.24,0,Yes,5005,8,49-72
Female,80,No,0,0,1,No Offer,Yes,28.64,No,Fiber Optic,5,No,No,No,No,No,No,No,Yes,Month-to-Month,Yes,Bank Withdrawal,71.0,0.0,0,Yes,5345,3,0-12
Female,73,Yes,0,1,47,No Offer,Yes,26.95,No,Fiber Optic,26,No,No,No,No,No,No,No,Yes,Month-to-Month,No,Bank Withdrawal,70.55,26.99,0,Yes,4457,3,25-48
Female,73,Yes,0,1,1,No Offer,Yes,37.3,No,Fiber Optic,8,No,No,No,No,No,No,No,Yes,Month-to-Month,Yes,Bank Withdrawal,69.25,0.0,0,Yes,4568,3,0-12
Male,65,No,0,0,12,Offer D,Yes,28.63,No,Cable,7,No,Yes,Yes,Yes,No,No,No,No,Month-to-Month,Yes,Credit Card,83.8,44.58,80,Yes,5565,5,0-12
Male,73,No,0,0,53,No Offer,No,0.0,No,DSL,25,No,Yes,Yes,No,Yes,Yes,No,Yes,Month-to-Month,Yes,Bank Withdrawal,54.45,20.16,0,Yes,6280,6,49-72
Male,78,Yes,0,0,41,No Offer,Yes,22.56,Yes,Fiber Optic,15,No,No,Yes,No,Yes,Yes,No,Yes,Month-to-Month,Yes,Bank Withdrawal,99.8,8.88,0,Yes,4726,7,25-48
Male,68,No,0,0,5,No Offer,Yes,2.27,No,Fiber Optic,17,No,No,No,No,No,No,No,Yes,Month-to-Month,Yes,Credit Card,70.25,12.48,0,Yes,3684,3,0-12
Male,65,Yes,0,1,69,No Offer,Yes,16.34,Yes,Fiber Optic,4,No,Yes,No,No,Yes,No,No,No,Month-to-Month,Yes,Bank Withdrawal,89.95,6.79,110,Yes,6363,5,49-72
Male,67,No,0,0,14,Offer D,Yes,16.32,Yes,Fiber Optic,11,No,No,No,No,No,No,No,Yes,Month-to-Month,Yes,Bank Withdrawal,74.95,39.29,0,Yes,2075,4,13-24
Female,70,No,0,0,32,Offer C,Yes,33.22,No,Fiber Optic,9,No,Yes,No,No,No,No,No,Yes,Month-to-Month,Yes,Bank Withdrawal,74.4,44.31,0,Yes,2091,4,25-48
Female,69,Yes,0,1,50,No Offer,Yes,4.6,No,Cable,24,No,No,No,No,No,No,No,Yes,Month-to-Month,Yes,Bank Withdrawal,71.05,0.0,0,Yes,5746,3,49-72
Female,73,No,0,0,2,No Offer,No,0.0,No,DSL,13,No,No,Yes,No,No,No,No,Yes,Month-to-Month,Yes,Bank Withdrawal,30.4,0.0,0,Yes,4002,3,0-12
Male,74,No,0,0,23,No Offer,Yes,17.62,Yes,Fiber Optic,29,No,Yes,Yes,No,Yes,Yes,No,Yes,Month-to-Month,Yes,Bank Withdrawal,106.4,0.0,0,Yes,5507,8,13-24
Female,78,No,0,0,2,Offer E,Yes,5.49,Yes,Fiber Optic,25,No,No,No,No,Yes,No,No,Yes,Month-to-Month,Yes,Bank Withdrawal,85.55,0.0,0,Yes,5512,5,0-12
Male,77,Yes,0,1,30,Offer C,Yes,6.23,No,Fiber Optic,4,No,Yes,Yes,No,No,No,No,Yes,Month-to-Month,Yes,Credit Card,79.65,0.0,0,Yes,2174,5,25-48
Female,70,No,0,0,1,No Offer,Yes,22.92,No,No Internet Service,0,No,No,No,No,No,No,No,No,Month-to-Month,Yes,Bank Withdrawal,19.45,0.0,0,Yes,3848,1,0-12
Female,78,Yes,0,0,32,Offer C,Yes,48.95,Yes,Fiber Optic,9,No,No,No,No,Yes,No,No,Yes,Month-to-Month,Yes,Credit Card,85.95,0.0,0,Yes,2431,5,25-48
Female,75,No,0,0,16,No Offer,Yes,36.83,No,DSL,16,No,No,No,Yes,Yes,No,No,Yes,Month-to-Month,No,Bank Withdrawal,59.4,0.0,0,Yes,5556,5,13-24
Female,75,No,0,0,38,Offer C,Yes,47.39,Yes,Fiber Optic,2,No,No,No,Yes,Yes,Yes,No,Yes,Month-to-Month,Yes,Bank Withdrawal,99.55,0.0,0,Yes,3474,7,25-48
Male,76,No,0,0,2,Offer E,Yes,12.96,No,Fiber Optic,20,No,Yes,Yes,Yes,No,Yes,No,Yes,Month-to-Month,Yes,Credit Card,95.1,0.0,0,Yes,4486,7,0-12
Male,70,Yes,0,1,17,No Offer,Yes,9.5,No,Fiber Optic,16,No,No,No,No,No,Yes,No,Yes,Month-to-Month,No,Bank Withdrawal,81.5,0.0,0,Yes,3443,4,13-24
Male,67,Yes,0,1,3,Offer E,No,0.0,No,DSL,20,No,No,No,No,Yes,No,No,Yes,Month-to-Month,Yes,Credit Card,36.45,0.0,0,Yes,3766,3,0-12
Female,69,No,0,0,1,Offer E,No,0.0,No,DSL,21,No,No,No,No,No,No,No,Yes,Month-to-Month,No,Credit Card,25.05,0.0,0,Yes,4842,2,0-12
Female,70,Yes,0,1,43,Offer B,No,0.0,No,DSL,21,No,Yes,Yes,No,Yes,Yes,No,Yes,Month-to-Month,No,Credit Card,55.55,0.0,0,Yes,2573,6,25-48
Male,74,Yes,0,2,10,No Offer,Yes,46.5,Yes,Cable,4,No,No,No,No,No,Yes,No,Yes,Month-to-Month,Yes,Bank Withdrawal,86.65,0.0,0,Yes,4990,5,0-12
Female,77,No,0,0,37,Offer C,Yes,41.85,Yes,Fiber Optic,2,Yes,Yes,No,No,Yes,Yes,No,Yes,Month-to-Month,Yes,Bank Withdrawal,106.75,0.0,0,Yes,5849,8,25-48
Male,66,Yes,0,1,12,No Offer,Yes,48.5,Yes,Fiber Optic,4,No,Yes,No,No,Yes,Yes,No,Yes,Month-to-Month,Yes,Bank Withdrawal,101.35,0.0,0,Yes,3967,7,0-12
Male,70,No,0,0,35,Offer C,Yes,35.1,Yes,Fiber Optic,29,No,No,No,No,Yes,Yes,No,No,Month-to-Month,Yes,Bank Withdrawal,95.45,0.0,80,Yes,2080,5,25-48
Female,68,No,0,0,1,Offer E,Yes,45.8,No,Fiber Optic,10,No,No,No,No,No,No,No,Yes,Month-to-Month,Yes,Bank Withdrawal,69.6,0.0,0,Yes,2151,3,0-12
Female,65,No,0,0,1,Offer E,Yes,18.37,No,Fiber Optic,13,No,No,No,No,Yes,No,No,Yes,Month-to-Month,No,Bank Withdrawal,78.45,0.0,0,Yes,2139,4,0-12
Female,76,No,0,0,9,Offer E,Yes,12.91,Yes,Fiber Optic,21,No,No,No,No,No,Yes,No,Yes,Month-to-Month,Yes,Bank Withdrawal,84.45,0.0,0,Yes,3543,5,0-12
Male,73,No,0,0,38,Offer C,Yes,5.75,No,Cable,30,No,Yes,Yes,Yes,Yes,No,No,Yes,One Year,Yes,Credit Card,70.15,0.0,0,Yes,2645,7,25-48
Male,70,No,0,0,51,Offer B,Yes,19.49,Yes,Fiber Optic,11,No,No,Yes,No,Yes,Yes,No,Yes,Month-to-Month,Yes,Bank Withdrawal,97.8,0.0,0,Yes,6204,7,49-72
Female,68,No,0,0,5,No Offer,Yes,41.83,Yes,Fiber Optic,25,No,No,No,No,Yes,No,No,Yes,Month-to-Month,Yes,Credit Card,83.15,0.0,0,Yes,2516,5,0-12
Female,77,No,0,0,2,No Offer,Yes,23.46,Yes,Fiber Optic,25,No,No,No,No,No,No,No,Yes,Month-to-Month,Yes,Credit Card,75.45,0.0,0,Yes,3350,4,0-12
Female,73,No,0,0,2,No Offer,Yes,25.74,No,DSL,6,Yes,Yes,No,No,No,No,No,Yes,Month-to-Month,No,Credit Card,54.85,0.0,0,Yes,3016,5,0-12
Male,71,Yes,0,1,1,No Offer,Yes,4.89,Yes,Fiber Optic,11,No,No,No,No,Yes,Yes,No,Yes,Month-to-Month,Yes,Bank Withdrawal,95.1,0.0,0,Yes,5795,6,0-12
Male,69,Yes,0,1,53,Offer B,Yes,7.94,Yes,Fiber Optic,6,No,Yes,No,No,Yes,Yes,No,Yes,Month-to-Month,Yes,Bank Withdrawal,101.9,0.0,0,Yes,5884,7,49-72
Male,80,Yes,0,1,51,Offer B,Yes,22.14,Yes,Fiber Optic,30,Yes,No,Yes,No,Yes,No,No,Yes,Month-to-Month,Yes,Bank Withdrawal,93.8,0.0,0,Yes,4788,7,49-72
Male,66,Yes,0,0,72,No Offer,Yes,6.03,Yes,Fiber Optic,2,No,Yes,Yes,No,Yes,Yes,No,Yes,Two Year,Yes,Bank Withdrawal,104.15,0.0,0,Yes,5925,8,49-72
Male,79,No,0,0,5,No Offer,Yes,4.59,No,Fiber Optic,11,No,No,No,No,Yes,Yes,No,Yes,Month-to-Month,Yes,Bank Withdrawal,91.4,0.0,0,Yes,2834,5,0-12
Male,80,No,0,0,1,No Offer,Yes,28.49,Yes,Fiber Optic,18,No,No,No,No,No,No,No,Yes,Month-to-Month,Yes,Bank Withdrawal,75.35,0.0,0,Yes,4403,4,0-12
Female,78,No,0,0,11,No Offer,Yes,4.1,Yes,Fiber Optic,5,No,No,No,No,No,Yes,No,Yes,Month-to-Month,Yes,Credit Card,84.8,0.0,0,Yes,5118,5,0-12
Female,67,Yes,0,1,50,Offer B,Yes,31.56,Yes,Fiber Optic,4,No,Yes,Yes,No,Yes,No,No,No,Month-to-Month,Yes,Bank Withdrawal,95.05,0.0,50,Yes,5863,6,49-72
Male,73,No,0,0,5,No Offer,Yes,18.69,No,DSL,28,No,No,Yes,No,No,No,No,Yes,Month-to-Month,No,Bank Withdrawal,50.35,0.0,0,Yes,4618,4,0-12
Male,75,No,0,0,5,No Offer,Yes,36.36,Yes,Fiber Optic,12,No,Yes,No,No,No,Yes,No,Yes,Month-to-Month,Yes,Bank Withdrawal,89.8,0.0,0,Yes,2960,6,0-12
Male,67,No,0,0,9,No Offer,Yes,10.66,Yes,Fiber Optic,15,No,Yes,No,No,Yes,Yes,No,Yes,Month-to-Month,Yes,Credit Card,99.45,0.0,0,Yes,2313,7,0-12
Female,75,No,0,0,2,No Offer,Yes,9.55,No,Fiber Optic,28,No,No,No,No,No,No,No,Yes,Month-to-Month,Yes,Bank Withdrawal,70.2,0.0,0,Yes,2767,3,0-12
Male,80,Yes,0,2,51,Offer B,Yes,43.58,Yes,Cable,22,No,Yes,Yes,No,No,No,No,Yes,Month-to-Month,Yes,Bank Withdrawal,84.2,0.0,0,Yes,6245,6,49-72
Male,72,Yes,0,0,26,Offer C,Yes,1.26,Yes,Fiber Optic,18,No,Yes,Yes,No,Yes,Yes,Yes,No,Month-to-Month,No,Bank Withdrawal,105.75,0.0,90,Yes,3157,8,25-48
Female,70,Yes,0,1,18,No Offer,No,0.0,No,DSL,12,No,No,Yes,No,Yes,Yes,Yes,Yes,Month-to-Month,Yes,Bank Withdrawal,48.35,0.0,0,Yes,2167,6,13-24
Female,73,Yes,0,1,1,Offer E,Yes,24.24,No,Cable,9,Yes,No,No,No,No,No,No,Yes,Month-to-Month,Yes,Bank Withdrawal,49.55,0.0,0,Yes,4989,4,0-12
Female,75,Yes,0,1,2,Offer E,Yes,6.86,No,DSL,20,No,Yes,No,No,No,No,No,Yes,Month-to-Month,No,Credit Card,50.15,0.0,0,Yes,5461,4,0-12
Male,70,Yes,0,1,29,Offer C,Yes,35.38,Yes,Fiber Optic,21,No,Yes,Yes,No,No,Yes,Yes,No,Month-to-Month,Yes,Bank Withdrawal,95.9,0.0,50,Yes,2151,7,25-48
Female,77,No,0,0,1,Offer E,No,0.0,No,DSL,15,No,No,No,No,No,No,No,Yes,Month-to-Month,No,Bank Withdrawal,25.25,0.0,0,Yes,4628,2,0-12
Male,80,Yes,0,1,46,Offer B,Yes,5.36,Yes,Fiber Optic,22,No,No,Yes,No,Yes,Yes,No,Yes,Month-to-Month,Yes,Bank Withdrawal,101.0,0.0,0,Yes,2436,7,25-48
Female,78,No,0,0,1,Offer E,Yes,24.75,No,Fiber Optic,22,No,No,No,No,No,No,No,No,Month-to-Month,Yes,Bank Withdrawal,71.15,0.0,20,Yes,5287,2,0-12
Female,69,No,0,0,20,No Offer,Yes,11.82,Yes,Fiber Optic,5,Yes,No,No,No,No,No,No,Yes,Month-to-Month,Yes,Bank Withdrawal,79.15,0.0,0,Yes,4997,5,13-24
Male,71,Yes,0,1,46,Offer B,Yes,48.62,No,Fiber Optic,3,No,No,No,No,No,Yes,No,No,Month-to-Month,Yes,Bank Withdrawal,80.4,0.0,20,Yes,4876,3,25-48
Male,70,No,0,0,2,No Offer,Yes,25.19,Yes,Fiber Optic,14,No,No,No,No,Yes,Yes,No,Yes,Month-to-Month,Yes,Bank Withdrawal,93.85,0.0,0,Yes,4998,6,0-12
Female,66,No,0,0,1,Offer E,Yes,26.22,No,Cable,22,Yes,No,Yes,No,No,No,No,Yes,Month-to-Month,Yes,Bank Withdrawal,55.8,0.0,0,Yes,5527,5,0-12
Male,77,No,0,0,41,Offer B,Yes,42.06,Yes,Fiber Optic,21,No,No,Yes,No,Yes,Yes,No,Yes,Month-to-Month,Yes,Bank Withdrawal,98.4,0.0,0,Yes,2169,7,25-48
Male,71,Yes,0,1,66,No Offer,Yes,30.03,Yes,DSL,15,Yes,Yes,Yes,Yes,Yes,No,No,No,Two Year,No,Credit Card,79.4,0.0,150,Yes,5910,8,49-72
Male,68,No,0,0,35,Offer C,Yes,39.69,Yes,Fiber Optic,25,No,No,Yes,No,Yes,Yes,No,Yes,Month-to-Month,Yes,Bank Withdrawal,101.4,0.0,0,Yes,3689,7,25-48
Male,71,Yes,0,0,10,No Offer,Yes,16.88,Yes,Fiber Optic,24,No,No,Yes,No,No,Yes,No,Yes,Month-to-Month,Yes,Bank Withdrawal,89.8,0.0,0,Yes,5124,6,0-12
Female,79,No,0,0,26,Offer C,Yes,34.69,No,Fiber Optic,27,No,No,No,No,Yes,Yes,No,Yes,Month-to-Month,Yes,Bank Withdrawal,91.25,0.0,0,Yes,5154,5,25-48
Female,80,No,0,0,18,No Offer,Yes,2.36,Yes,Fiber Optic,21,No,Yes,No,Yes,No,No,No,Yes,Month-to-Month,Yes,Bank Withdrawal,85.45,0.0,0,Yes,5145,6,13-24
Male,65,No,0,0,1,Offer E,Yes,28.46,No,Fiber Optic,12,No,No,No,No,No,No,No,Yes,Month-to-Month,Yes,Bank Withdrawal,71.65,0.0,0,Yes,5674,3,0-12
Female,70,No,0,0,1,Offer E,Yes,48.95,Yes,Fiber Optic,23,No,No,No,No,No,No,No,Yes,Month-to-Month,Yes,Bank Withdrawal,74.2,0.0,0,Yes,4684,4,0-12
Male,68,Yes,0,8,43,Offer B,Yes,31.25,Yes,Fiber Optic,20,No,Yes,No,No,Yes,Yes,No,No,Month-to-Month,Yes,Bank Withdrawal,101.0,0.0,150,Yes,3123,6,25-48
Male,80,Yes,0,3,25,Offer C,Yes,33.63,Yes,Fiber Optic,25,Yes,No,No,No,No,Yes,No,Yes,One Year,Yes,Bank Withdrawal,89.05,0.0,0,Yes,2673,6,25-48
Male,77,Yes,0,1,36,No Offer,Yes,16.61,Yes,Fiber Optic,3,No,Yes,No,No,Yes,Yes,No,Yes,Month-to-Month,Yes,Bank Withdrawal,96.5,0.0,0,Yes,4652,7,25-48
Male,65,Yes,0,1,1,Offer E,Yes,49.6,No,Fiber Optic,13,No,No,No,No,No,No,No,Yes,Month-to-Month,No,Credit Card,70.85,0.0,0,Yes,3022,3,0-12
Male,66,Yes,0,1,41,Offer B,Yes,45.04,Yes,Cable,29,No,Yes,Yes,Yes,Yes,Yes,No,Yes,One Year,Yes,Bank Withdrawal,111.95,0.0,0,Yes,3711,9,25-48
Male,70,No,0,0,1,No Offer,Yes,16.19,No,Fiber Optic,12,No,No,No,No,No,No,No,Yes,Month-to-Month,No,Bank Withdrawal,69.1,0.0,0,Yes,2767,3,0-12
Female,69,No,0,0,2,Offer E,Yes,43.96,Yes,Fiber Optic,14,No,No,Yes,No,No,No,No,Yes,Month-to-Month,Yes,Bank Withdrawal,78.55,0.0,0,Yes,5203,5,0-12
Male,66,No,0,0,49,Offer B,Yes,32.36,Yes,Fiber Optic,2,No,No,No,No,Yes,Yes,No,Yes,Month-to-Month,Yes,Bank Withdrawal,96.2,0.0,0,Yes,5904,6,49-72
Female,75,No,0,0,6,Offer E,Yes,8.91,No,Fiber Optic,27,No,No,Yes,No,No,No,No,No,Month-to-Month,No,Bank Withdrawal,74.4,0.0,20,Yes,3964,3,0-12
Female,75,Yes,0,1,7,Offer E,Yes,21.43,Yes,Fiber Optic,12,No,No,No,No,No,Yes,No,Yes,Month-to-Month,Yes,Bank Withdrawal,84.55,0.0,0,Yes,5245,5,0-12
Female,67,No,0,0,20,Offer D,Yes,29.29,Yes,Fiber Optic,15,No,No,No,No,No,Yes,Yes,Yes,Month-to-Month,Yes,Credit Card,85.8,0.0,0,Yes,3336,6,13-24
Female,75,Yes,0,0,54,Offer B,Yes,33.49,Yes,Fiber Optic,8,No,Yes,No,No,Yes,Yes,Yes,Yes,One Year,Yes,Credit Card,101.5,0.0,0,Yes,6405,8,49-72
Female,74,No,0,0,2,Offer E,Yes,15.32,No,Fiber Optic,21,No,No,No,No,No,No,No,Yes,Month-to-Month,Yes,Bank Withdrawal,69.6,0.0,0,Yes,4596,3,0-12
Female,74,No,0,0,30,No Offer,No,0.0,No,Cable,7,No,No,Yes,No,Yes,No,No,No,Month-to-Month,Yes,Bank Withdrawal,40.3,0.0,100,Yes,3016,3,25-48
Male,67,Yes,0,1,58,Offer B,Yes,3.18,Yes,Fiber Optic,5,No,No,Yes,No,Yes,Yes,Yes,Yes,Month-to-Month,Yes,Bank Withdrawal,98.7,0.0,0,Yes,4662,8,49-72
Female,74,Yes,0,1,68,No Offer,Yes,21.33,Yes,Cable,24,No,Yes,No,No,Yes,Yes,Yes,Yes,Month-to-Month,Yes,Bank Withdrawal,100.2,0.0,0,Yes,4481,8,49-72
Female,69,Yes,0,1,24,No Offer,Yes,13.38,Yes,Fiber Optic,12,No,No,No,No,Yes,Yes,Yes,Yes,Month-to-Month,Yes,Bank Withdrawal,93.55,0.0,0,Yes,4937,7,13-24
Male,70,Yes,0,1,27,No Offer,Yes,39.49,Yes,Fiber Optic,7,No,Yes,Yes,No,No,Yes,Yes,Yes,Month-to-Month,Yes,Bank Withdrawal,95.55,0.0,0,Yes,2999,8,25-48
Female,79,No,0,0,2,No Offer,No,0.0,No,DSL,11,No,No,No,No,No,No,No,Yes,Month-to-Month,No,Bank Withdrawal,24.35,0.0,0,Yes,3278,2,0-12
Female,76,No,0,0,29,No Offer,Yes,20.98,Yes,Fiber Optic,16,No,No,No,Yes,Yes,Yes,No,Yes,Month-to-Month,No,Bank Withdrawal,98.65,0.0,0,Yes,4235,7,25-48
Male,78,Yes,0,1,5,No Offer,Yes,6.66,Yes,Fiber Optic,14,No,No,Yes,No,No,No,No,No,Month-to-Month,Yes,Bank Withdrawal,79.9,0.0,20,Yes,4324,4,0-12
Female,79,No,0,0,28,No Offer,Yes,28.14,Yes,Fiber Optic,10,No,No,Yes,Yes,Yes,Yes,No,Yes,Month-to-Month,Yes,Bank Withdrawal,103.3,0.0,0,Yes,4136,8,25-48
Male,73,No,0,0,24,No Offer,Yes,3.23,Yes,Fiber Optic,26,No,Yes,Yes,No,Yes,Yes,No,Yes,Month-to-Month,Yes,Credit Card,102.95,0.0,0,Yes,5245,8,13-24
Female,74,Yes,0,7,43,Offer B,Yes,8.75,Yes,Fiber Optic,13,Yes,No,Yes,Yes,Yes,Yes,No,Yes,One Year,Yes,Credit Card,109.55,0.0,0,Yes,5863,9,25-48
Male,73,No,0,0,2,No Offer,Yes,5.57,No,Cable,24,Yes,No,Yes,No,Yes,No,No,Yes,Month-to-Month,No,Bank Withdrawal,66.4,0.0,0,Yes,4522,6,0-12
Male,71,Yes,0,6,66,No Offer,Yes,49.85,Yes,Fiber Optic,14,No,No,No,Yes,Yes,Yes,No,Yes,Month-to-Month,Yes,Credit Card,100.05,0.0,0,Yes,4512,7,49-72
Female,68,Yes,0,1,66,No Offer,Yes,27.75,Yes,Fiber Optic,11,No,No,Yes,Yes,Yes,Yes,No,Yes,One Year,Yes,Credit Card,105.95,0.0,0,Yes,6117,8,49-72
Female,70,No,0,0,31,No Offer,Yes,15.43,Yes,Fiber Optic,2,No,No,No,No,No,No,No,Yes,Month-to-Month,Yes,Bank Withdrawal,73.9,0.0,0,Yes,2560,4,25-48
Female,66,No,0,0,37,No Offer,Yes,3.3,Yes,Fiber Optic,2,No,No,No,No,Yes,Yes,No,Yes,Month-to-Month,Yes,Bank Withdrawal,96.55,0.0,0,Yes,4448,6,25-48
Male,65,No,0,0,24,No Offer,Yes,28.98,Yes,Fiber Optic,30,No,Yes,No,No,Yes,Yes,Yes,Yes,Month-to-Month,Yes,Bank Withdrawal,101.25,0.0,0,Yes,4287,8,13-24
Male,78,No,0,0,2,No Offer,Yes,43.66,No,DSL,25,No,No,No,No,No,No,No,Yes,Month-to-Month,Yes,Bank Withdrawal,44.15,0.0,0,Yes,5655,3,0-12
Female,74,No,0,0,8,No Offer,Yes,13.8,Yes,Fiber Optic,6,No,No,No,No,No,No,No,Yes,Month-to-Month,Yes,Bank Withdrawal,75.75,0.0,0,Yes,4174,4,0-12
Male,78,Yes,0,1,1,No Offer,Yes,17.51,Yes,Fiber Optic,21,Yes,No,No,No,No,No,No,Yes,Month-to-Month,Yes,Bank Withdrawal,80.3,0.0,0,Yes,4138,5,0-12
Female,79,No,0,0,9,No Offer,Yes,43.34,No,Fiber Optic,2,No,No,No,No,Yes,No,No,Yes,Month-to-Month,Yes,Bank Withdrawal,80.85,0.0,0,Yes,5242,4,0-12
Female,76,No,0,0,49,Offer B,Yes,44.88,Yes,Fiber Optic,15,No,No,Yes,No,No,Yes,No,Yes,Month-to-Month,Yes,Credit Card,90.85,0.0,0,Yes,5651,6,49-72
Male,67,No,0,0,1,No Offer,No,0.0,No,Cable,9,No,No,No,No,No,No,No,Yes,Month-to-Month,Yes,Bank Withdrawal,25.1,0.0,0,Yes,5437,2,0-12
Female,80,No,0,0,17,Offer D,Yes,30.37,No,Fiber Optic,28,No,Yes,Yes,No,Yes,No,No,Yes,Month-to-Month,Yes,Bank Withdrawal,89.15,0.0,0,Yes,5082,6,13-24
Male,77,No,0,0,3,No Offer,Yes,2.98,No,Fiber Optic,3,No,No,No,No,Yes,No,No,Yes,Month-to-Month,Yes,Bank Withdrawal,79.9,0.0,0,Yes,4367,4,0-12
Female,73,No,0,0,30,No Offer,Yes,43.61,Yes,Fiber Optic,8,No,Yes,No,No,Yes,Yes,No,No,Month-to-Month,Yes,Bank Withdrawal,99.7,0.0,80,Yes,3548,6,25-48
Male,74,Yes,0,1,41,Offer B,Yes,45.84,Yes,Fiber Optic,18,Yes,No,Yes,No,No,No,No,Yes,Month-to-Month,Yes,Bank Withdrawal,83.75,0.0,0,Yes,4995,6,25-48
Female,76,Yes,0,1,42,Offer B,Yes,2.9,No,Fiber Optic,21,Yes,No,No,No,No,No,No,Yes,Month-to-Month,Yes,Credit Card,74.15,0.0,0,Yes,2322,4,25-48
Female,78,Yes,0,0,72,No Offer,Yes,25.77,Yes,DSL,6,Yes,Yes,Yes,Yes,Yes,Yes,No,Yes,Two Year,No,Credit Card,92.45,0.0,0,Yes,5697,10,49-72
Female,78,Yes,0,1,11,Offer D,Yes,1.28,Yes,Fiber Optic,14,No,No,Yes,No,Yes,Yes,No,Yes,Month-to-Month,Yes,Bank Withdrawal,99.55,0.0,0,Yes,3172,7,0-12
Male,66,No,0,0,8,No Offer,Yes,5.02,Yes,Fiber Optic,26,No,No,Yes,No,No,No,No,Yes,Month-to-Month,Yes,Bank Withdrawal,81.25,0.0,0,Yes,3812,5,0-12
Female,69,No,0,0,1,No Offer,Yes,22.56,Yes,Cable,2,No,No,No,No,No,No,No,Yes,Month-to-Month,No,Credit Card,50.55,0.0,0,Yes,3357,4,0-12
Female,74,No,0,0,27,No Offer,Yes,31.17,Yes,Fiber Optic,25,No,No,No,No,No,Yes,Yes,Yes,Month-to-Month,Yes,Bank Withdrawal,85.25,0.0,0,Yes,5172,6,25-48
Female,68,No,0,0,1,No Offer,Yes,16.37,Yes,Fiber Optic,7,No,No,No,No,No,Yes,Yes,Yes,Month-to-Month,Yes,Bank Withdrawal,85.05,0.0,0,Yes,2975,6,0-12
Female,68,No,0,0,54,No Offer,Yes,45.77,Yes,Fiber Optic,10,No,Yes,No,No,No,No,No,Yes,Month-to-Month,Yes,Bank Withdrawal,79.5,0.0,0,Yes,5684,5,49-72
Female,68,No,0,0,4,No Offer,Yes,26.23,Yes,Fiber Optic,29,No,No,No,No,No,No,No,Yes,Month-to-Month,Yes,Bank Withdrawal,74.9,0.0,0,Yes,2122,4,0-12
Female,75,No,0,0,25,No Offer,Yes,36.5,Yes,Fiber Optic,30,Yes,Yes,No,No,Yes,Yes,No,Yes,Month-to-Month,Yes,Credit Card,102.8,0.0,0,Yes,4969,8,25-48
Male,73,No,0,0,9,No Offer,Yes,10.04,Yes,Fiber Optic,13,No,No,No,No,No,Yes,No,Yes,Month-to-Month,Yes,Bank Withdrawal,83.85,0.0,0,Yes,3723,5,0-12
Female,72,No,0,0,27,No Offer,Yes,16.94,Yes,Fiber Optic,11,No,No,Yes,No,No,Yes,No,Yes,Month-to-Month,No,Credit Card,88.3,0.0,0,Yes,2420,6,25-48
Female,68,Yes,0,1,56,No Offer,Yes,33.81,Yes,Cable,29,No,No,Yes,No,Yes,Yes,No,No,Month-to-Month,Yes,Bank Withdrawal,100.65,0.0,130,Yes,4803,6,49-72
Female,74,Yes,0,1,66,No Offer,Yes,21.7,Yes,Cable,3,No,Yes,Yes,No,Yes,Yes,No,Yes,Two Year,Yes,Bank Withdrawal,80.55,0.0,0,Yes,4400,8,49-72
Male,71,Yes,0,1,24,No Offer,Yes,2.05,Yes,Fiber Optic,22,Yes,No,No,No,No,No,No,Yes,Month-to-Month,Yes,Bank Withdrawal,78.85,0.0,0,Yes,3079,5,13-24
Male,75,Yes,0,1,24,No Offer,No,0.0,No,DSL,5,Yes,No,No,No,No,Yes,No,Yes,Month-to-Month,No,Bank Withdrawal,39.1,0.0,0,Yes,4591,4,13-24
Female,66,Yes,0,1,65,No Offer,Yes,18.69,Yes,Fiber Optic,30,No,Yes,Yes,No,Yes,Yes,No,Yes,One Year,Yes,Bank Withdrawal,106.25,0.0,0,Yes,5965,8,49-72
Male,76,No,0,0,1,No Offer,Yes,21.85,Yes,Fiber Optic,29,No,No,No,No,Yes,Yes,No,Yes,Month-to-Month,Yes,Bank Withdrawal,94.0,0.0,0,Yes,4176,6,0-12
Female,67,No,0,0,15,Offer D,Yes,4.28,Yes,Fiber Optic,6,No,Yes,No,No,No,Yes,No,Yes,Month-to-Month,No,Bank Withdrawal,89.85,0.0,0,Yes,2668,6,13-24
Female,79,No,0,0,8,No Offer,Yes,45.16,Yes,Fiber Optic,15,No,Yes,Yes,No,Yes,Yes,No,Yes,Month-to-Month,Yes,Bank Withdrawal,105.5,0.0,0,Yes,5546,8,0-12
Male,78,No,0,0,7,No Offer,Yes,32.4,Yes,Fiber Optic,7,No,No,No,No,No,No,No,Yes,Month-to-Month,No,Credit Card,73.75,0.0,0,Yes,5638,4,0-12
Male,79,No,0,0,9,Offer E,Yes,2.45,Yes,DSL,7,Yes,No,No,No,No,No,No,Yes,Month-to-Month,No,Bank Withdrawal,54.55,0.0,0,Yes,4656,5,0-12
Female,78,No,0,0,37,Offer C,Yes,26.95,Yes,Fiber Optic,17,No,No,No,No,No,No,No,Yes,Month-to-Month,Yes,Bank Withdrawal,76.25,0.0,0,Yes,5859,4,25-48
Female,71,No,0,0,3,Offer E,Yes,2.26,No,Fiber Optic,3,No,No,No,No,No,No,No,Yes,Month-to-Month,Yes,Bank Withdrawal,70.4,0.0,0,Yes,2491,3,0-12
Female,76,Yes,0,9,48,No Offer,Yes,43.04,Yes,Fiber Optic,5,Yes,Yes,Yes,Yes,Yes,Yes,No,Yes,Month-to-Month,No,Bank Withdrawal,117.45,0.0,0,Yes,5915,10,25-48
Male,65,No,0,0,8,Offer E,No,0.0,No,DSL,4,No,No,Yes,No,No,No,No,Yes,Month-to-Month,Yes,Bank Withdrawal,29.4,0.0,0,Yes,5971,3,0-12
Male,75,Yes,0,1,37,Offer C,Yes,46.61,Yes,Fiber Optic,26,No,No,No,No,Yes,No,No,Yes,Month-to-Month,Yes,Bank Withdrawal,85.7,0.0,0,Yes,4712,5,25-48
Female,75,No,0,0,28,Offer C,Yes,9.67,Yes,Fiber Optic,28,No,Yes,Yes,No,Yes,Yes,No,Yes,Month-to-Month,Yes,Bank Withdrawal,106.15,0.0,0,Yes,5030,8,25-48
Male,69,No,0,0,36,Offer C,Yes,23.33,Yes,Fiber Optic,23,Yes,No,No,No,Yes,No,No,Yes,Month-to-Month,Yes,Bank Withdrawal,90.85,0.0,0,Yes,5692,6,25-48
Female,68,Yes,3,1,4,Offer E,Yes,42.13,No,Cable,52,No,No,No,No,No,No,No,Yes,Month-to-Month,No,Bank Withdrawal,46.0,0.0,0,Yes,4797,3,0-12
Female,66,No,0,0,8,Offer E,Yes,5.21,No,Fiber Optic,8,No,No,Yes,No,Yes,Yes,No,Yes,Month-to-Month,Yes,Credit Card,94.45,0.0,0,Yes,3676,6,0-12
Male,65,No,0,0,50,No Offer,Yes,18.92,Yes,Fiber Optic,11,No,No,No,No,Yes,Yes,Yes,Yes,Month-to-Month,Yes,Bank Withdrawal,95.7,0.0,0,Yes,4287,7,49-72
Female,77,Yes,0,1,61,No Offer,Yes,35.11,Yes,Fiber Optic,17,No,Yes,Yes,No,Yes,Yes,No,Yes,One Year,Yes,Credit Card,104.4,0.0,0,Yes,4412,8,49-72
Female,66,Yes,0,1,40,No Offer,No,0.0,No,Cable,3,No,Yes,No,No,Yes,No,No,Yes,Month-to-Month,Yes,Bank Withdrawal,39.3,0.0,0,Yes,2296,4,25-48
Male,72,No,0,0,2,Offer E,Yes,41.43,No,Cable,20,No,No,No,No,No,No,No,Yes,Month-to-Month,Yes,Bank Withdrawal,44.7,0.0,0,Yes,4618,3,0-12
Male,77,Yes,0,0,10,Offer D,Yes,6.01,Yes,Fiber Optic,27,No,No,No,No,No,Yes,No,Yes,Month-to-Month,No,Bank Withdrawal,85.55,0.0,0,Yes,3336,5,0-12
Female,66,Yes,0,1,16,Offer D,Yes,9.93,Yes,Fiber Optic,27,No,No,No,No,No,Yes,No,Yes,Month-to-Month,Yes,Credit Card,85.35,0.0,0,Yes,5769,5,13-24
Female,80,No,0,0,2,Offer E,Yes,31.91,No,Cable,30,No,No,No,No,No,Yes,No,Yes,Month-to-Month,Yes,Bank Withdrawal,79.6,0.0,0,Yes,4322,4,0-12
Male,68,No,0,0,19,Offer D,Yes,28.12,Yes,Fiber Optic,25,Yes,No,No,No,Yes,No,No,Yes,Month-to-Month,Yes,Bank Withdrawal,90.6,0.0,0,Yes,2373,6,13-24
Male,78,Yes,0,0,7,No Offer,Yes,9.7,Yes,Fiber Optic,17,Yes,Yes,No,No,No,Yes,Yes,Yes,Month-to-Month,Yes,Credit Card,94.7,0.0,0,Yes,3591,8,0-12
Male,74,No,0,0,3,No Offer,Yes,48.34,Yes,Fiber Optic,20,No,No,No,No,No,No,No,Yes,Month-to-Month,Yes,Bank Withdrawal,77.0,0.0,0,Yes,3128,4,0-12
Female,74,Yes,0,1,40,No Offer,Yes,19.76,No,Fiber Optic,22,No,Yes,No,Yes,Yes,Yes,Yes,Yes,One Year,Yes,Credit Card,99.2,0.0,0,Yes,5098,8,25-48
Male,65,No,0,0,47,No Offer,Yes,36.58,No,Fiber Optic,20,Yes,No,No,No,No,Yes,Yes,No,Month-to-Month,No,Credit Card,85.5,0.0,50,Yes,3645,5,25-48
Female,70,No,0,0,15,No Offer,Yes,7.99,No,Fiber Optic,27,No,Yes,No,No,No,No,No,Yes,Month-to-Month,Yes,Credit Card,75.3,0.0,0,Yes,4526,4,13-24
Male,70,Yes,0,3,24,Offer C,Yes,49.76,Yes,Fiber Optic,11,No,Yes,Yes,No,Yes,Yes,Yes,Yes,Month-to-Month,Yes,Bank Withdrawal,104.25,0.0,0,Yes,2104,9,13-24
Male,75,No,0,0,15,No Offer,Yes,12.08,Yes,Fiber Optic,5,No,Yes,No,No,No,No,No,Yes,Month-to-Month,Yes,Bank Withdrawal,80.2,0.0,0,Yes,4958,5,13-24
Male,70,No,0,0,1,No Offer,Yes,7.23,No,Fiber Optic,2,No,No,No,No,No,No,No,Yes,Month-to-Month,Yes,Bank Withdrawal,69.65,0.0,0,Yes,5844,3,0-12
Male,71,Yes,0,1,36,Offer C,Yes,31.65,Yes,Fiber Optic,15,No,No,No,No,No,Yes,No,Yes,Month-to-Month,Yes,Bank Withdrawal,84.1,0.0,0,Yes,2987,5,25-48
Female,79,Yes,0,1,34,Offer C,Yes,25.84,Yes,Fiber Optic,15,No,Yes,No,No,No,No,No,Yes,Month-to-Month,Yes,Credit Card,79.6,0.0,0,Yes,3980,5,25-48
Female,79,No,0,0,1,No Offer,No,0.0,No,Cable,26,No,No,No,No,Yes,No,No,Yes,Month-to-Month,Yes,Bank Withdrawal,36.45,0.0,0,Yes,5303,3,0-12
Female,73,Yes,0,1,47,No Offer,Yes,38.31,Yes,Fiber Optic,7,Yes,No,No,No,No,No,No,No,Month-to-Month,No,Bank Withdrawal,80.35,0.0,90,Yes,5915,4,25-48
Female,74,Yes,0,1,24,Offer C,No,0.0,No,Cable,29,No,No,Yes,No,No,Yes,No,Yes,Month-to-Month,Yes,Credit Card,40.65,0.0,0,Yes,3843,4,13-24
Female,80,Yes,0,1,43,No Offer,Yes,13.84,Yes,Cable,18,No,No,Yes,Yes,Yes,Yes,No,No,One Year,Yes,Bank Withdrawal,107.55,0.0,140,Yes,4423,7,25-48
Male,69,Yes,0,1,16,No Offer,Yes,15.16,Yes,Fiber Optic,7,No,No,Yes,No,Yes,Yes,No,Yes,Month-to-Month,Yes,Bank Withdrawal,98.75,0.0,0,Yes,3392,7,13-24
Female,71,No,0,0,5,No Offer,Yes,30.05,No,Fiber Optic,11,No,No,No,No,No,No,No,Yes,Month-to-Month,Yes,Credit Card,69.05,0.0,0,Yes,3368,3,0-12
Male,73,No,0,0,37,Offer C,Yes,38.06,Yes,Fiber Optic,19,No,No,Yes,No,Yes,Yes,No,Yes,Month-to-Month,Yes,Bank Withdrawal,101.1,0.0,0,Yes,4424,7,25-48
Female,79,No,0,0,5,No Offer,No,0.0,No,DSL,15,No,No,No,No,Yes,Yes,No,Yes,Month-to-Month,No,Bank Withdrawal,45.7,0.0,0,Yes,3561,4,0-12
Female,67,Yes,0,1,28,Offer C,Yes,16.43,Yes,Fiber Optic,20,No,No,No,Yes,Yes,Yes,No,Yes,Month-to-Month,Yes,Credit Card,101.3,0.0,0,Yes,4994,7,25-48
Male,72,Yes,0,1,10,No Offer,Yes,11.12,No,Fiber Optic,30,No,Yes,Yes,Yes,Yes,No,No,No,Month-to-Month,Yes,Credit Card,92.5,0.0,100,Yes,2415,6,0-12
Female,75,No,0,0,1,No Offer,Yes,39.61,Yes,Fiber Optic,16,No,No,No,No,No,No,No,Yes,Month-to-Month,Yes,Credit Card,74.45,0.0,0,Yes,4291,4,0-12
Female,76,No,0,0,10,No Offer,No,0.0,No,Cable,20,No,No,No,Yes,No,No,No,No,Month-to-Month,Yes,Bank Withdrawal,29.65,0.0,110,Yes,5702,2,0-12
Female,69,No,0,0,3,No Offer,Yes,5.54,No,Fiber Optic,16,No,No,No,No,No,No,No,Yes,Month-to-Month,Yes,Bank Withdrawal,70.3,0.0,0,Yes,5165,3,0-12
Male,76,No,0,0,12,No Offer,Yes,21.89,Yes,Fiber Optic,26,No,No,Yes,No,Yes,Yes,No,Yes,Month-to-Month,Yes,Bank Withdrawal,99.45,0.0,0,Yes,2819,7,0-12
Female,68,No,0,0,26,Offer C,Yes,9.09,Yes,Fiber Optic,12,No,Yes,No,No,Yes,No,No,Yes,Month-to-Month,Yes,Bank Withdrawal,89.15,0.0,0,Yes,4074,6,25-48
Female,77,Yes,0,1,1,No Offer,No,0.0,No,DSL,19,No,No,No,No,No,No,No,Yes,Month-to-Month,Yes,Bank Withdrawal,24.8,0.0,0,Yes,5377,2,0-12
Female,67,No,0,0,20,No Offer,Yes,27.11,Yes,DSL,27,No,No,No,No,No,Yes,No,Yes,Month-to-Month,Yes,Credit Card,61.6,0.0,0,Yes,3866,5,13-24
Male,67,No,0,0,32,Offer C,Yes,25.45,Yes,Fiber Optic,18,No,No,No,No,Yes,Yes,No,Yes,Month-to-Month,Yes,Credit Card,96.15,0.0,0,Yes,2246,6,25-48
Female,76,Yes,0,1,1,No Offer,Yes,12.46,No,Fiber Optic,22,No,No,No,No,No,No,No,Yes,Month-to-Month,Yes,Bank Withdrawal,69.55,0.0,0,Yes,5948,3,0-12
Female,66,No,0,0,5,No Offer,Yes,27.35,No,Fiber Optic,27,No,No,Yes,No,Yes,No,No,No,Month-to-Month,Yes,Credit Card,84.85,0.0,20,Yes,3305,4,0-12
Male,80,No,0,0,1,No Offer,Yes,39.88,Yes,Fiber Optic,19,No,No,No,No,No,No,No,Yes,Month-to-Month,Yes,Bank Withdrawal,73.65,0.0,0,Yes,5443,4,0-12
Female,78,Yes,0,1,6,No Offer,Yes,28.71,Yes,Fiber Optic,17,No,No,No,No,No,Yes,No,Yes,Month-to-Month,Yes,Bank Withdrawal,84.35,0.0,0,Yes,5721,5,0-12
Female,69,Yes,0,1,1,No Offer,Yes,7.74,No,DSL,19,No,No,No,No,No,No,No,Yes,Month-to-Month,No,Bank Withdrawal,46.0,0.0,0,Yes,4531,3,0-12
Male,78,No,0,0,15,No Offer,Yes,17.23,No,Fiber Optic,12,No,No,No,No,No,Yes,No,Yes,Month-to-Month,Yes,Bank Withdrawal,79.4,0.0,0,Yes,3621,4,13-24
Male,78,Yes,0,1,16,No Offer,Yes,45.9,No,Fiber Optic,5,No,No,No,No,No,No,No,Yes,Month-to-Month,Yes,Bank Withdrawal,71.8,0.0,0,Yes,3327,3,13-24
Male,68,Yes,0,1,44,No Offer,Yes,24.62,Yes,Cable,14,No,Yes,No,No,No,Yes,Yes,Yes,One Year,No,Credit Card,88.4,0.0,0,Yes,2674,7,25-48
Female,75,Yes,0,3,3,No Offer,Yes,7.38,No,Fiber Optic,11,No,No,No,Yes,Yes,No,No,Yes,Month-to-Month,Yes,Credit Card,83.9,0.0,0,Yes,3464,5,0-12
Female,70,No,0,0,1,No Offer,Yes,43.45,No,Fiber Optic,30,No,No,No,No,No,No,No,No,Month-to-Month,Yes,Bank Withdrawal,69.85,0.0,40,Yes,5056,2,0-12
Female,65,Yes,0,1,26,Offer C,Yes,18.26,No,Fiber Optic,3,No,Yes,No,No,No,Yes,Yes,Yes,Month-to-Month,No,Bank Withdrawal,84.95,0.0,0,Yes,4316,6,25-48
Male,71,No,0,0,22,No Offer,Yes,46.11,Yes,Fiber Optic,27,No,No,No,Yes,Yes,No,No,Yes,Month-to-Month,Yes,Bank Withdrawal,90.5,0.0,0,Yes,5014,6,13-24
Female,72,No,0,0,40,No Offer,No,0.0,No,Cable,6,Yes,Yes,No,No,Yes,Yes,Yes,No,Month-to-Month,Yes,Bank Withdrawal,55.8,0.0,80,Yes,4272,6,25-48
Male,69,No,0,0,1,Offer E,Yes,19.87,No,No Internet Service,0,No,No,No,No,No,No,No,No,Month-to-Month,No,Credit Card,20.05,0.0,0,Yes,3491,1,0-12
Female,70,No,0,0,10,No Offer,Yes,16.85,No,Fiber Optic,30,No,No,Yes,No,No,Yes,Yes,Yes,Month-to-Month,Yes,Credit Card,84.6,0.0,0,Yes,3320,6,0-12
Female,80,Yes,0,1,1,Offer E,Yes,22.86,No,No Internet Service,0,No,No,No,No,No,No,No,No,Month-to-Month,Yes,Credit Card,20.85,0.0,0,Yes,3817,1,0-12
Female,73,Yes,0,1,58,No Offer,Yes,16.94,No,Fiber Optic,19,Yes,Yes,No,Yes,Yes,Yes,Yes,Yes,One Year,Yes,Credit Card,105.5,0.0,0,Yes,5067,9,49-72
Male,73,No,0,0,6,Offer E,Yes,29.41,No,Fiber Optic,30,Yes,No,No,No,Yes,No,No,Yes,Month-to-Month,Yes,Bank Withdrawal,85.15,0.0,0,Yes,5831,5,0-12
Male,79,Yes,0,1,71,No Offer,Yes,44.66,Yes,Fiber Optic,8,Yes,Yes,No,No,Yes,Yes,Yes,Yes,Month-to-Month,Yes,Credit Card,105.1,0.0,0,Yes,5725,9,49-72
Female,79,Yes,0,1,20,No Offer,Yes,4.77,Yes,Fiber Optic,17,No,No,Yes,No,Yes,No,No,Yes,Month-to-Month,No,Bank Withdrawal,90.8,0.0,0,Yes,2312,6,13-24
Female,73,Yes,0,5,27,Offer C,Yes,10.19,Yes,Fiber Optic,27,Yes,No,No,Yes,Yes,Yes,No,Yes,Month-to-Month,Yes,Bank Withdrawal,104.3,0.0,0,Yes,3444,8,25-48
Female,77,Yes,0,2,13,No Offer,Yes,37.86,No,Fiber Optic,19,No,No,No,No,No,No,No,No,Month-to-Month,Yes,Bank Withdrawal,70.15,0.0,90,Yes,5101,2,13-24
Female,68,Yes,0,5,68,No Offer,Yes,1.98,Yes,Fiber Optic,19,Yes,Yes,No,No,No,Yes,No,Yes,One Year,Yes,Credit Card,96.55,0.0,0,Yes,5957,7,49-72
Female,70,No,0,0,1,No Offer,Yes,31.13,No,Fiber Optic,5,No,No,No,No,No,No,No,Yes,Month-to-Month,Yes,Bank Withdrawal,69.65,0.0,0,Yes,4741,3,0-12
Female,68,No,0,0,1,Offer E,Yes,30.23,No,Fiber Optic,30,No,No,No,No,Yes,Yes,No,Yes,Month-to-Month,Yes,Bank Withdrawal,89.3,0.0,0,Yes,3067,5,0-12
Female,76,No,0,0,15,No Offer,Yes,19.11,No,Fiber Optic,8,Yes,No,Yes,Yes,No,Yes,No,No,Month-to-Month,Yes,Credit Card,96.3,0.0,150,Yes,2933,6,13-24
Male,68,No,0,0,9,Offer E,Yes,12.18,Yes,Fiber Optic,6,No,No,No,No,No,Yes,No,No,Month-to-Month,Yes,Bank Withdrawal,85.05,0.0,30,Yes,5095,4,0-12
Male,80,Yes,0,0,1,Offer E,Yes,39.1,No,Fiber Optic,27,No,No,No,No,No,No,No,Yes,Month-to-Month,Yes,Bank Withdrawal,70.3,0.0,0,Yes,4962,3,0-12
Male,79,No,0,0,70,No Offer,No,0.0,No,DSL,20,No,No,No,No,Yes,Yes,No,Yes,One Year,Yes,Bank Withdrawal,45.25,0.0,0,Yes,5824,4,49-72
Male,78,No,0,0,20,Offer D,Yes,5.71,No,Fiber Optic,22,No,No,No,No,No,No,No,Yes,Month-to-Month,No,Credit Card,71.3,0.0,0,Yes,3684,3,13-24
Male,76,Yes,0,1,21,Offer D,Yes,19.74,No,Fiber Optic,18,No,No,No,No,No,No,No,Yes,Month-to-Month,Yes,Bank Withdrawal,69.1,0.0,0,Yes,3853,3,13-24
Female,65,No,0,0,1,Offer E,Yes,28.82,No,Fiber Optic,22,No,Yes,No,No,No,Yes,Yes,Yes,Month-to-Month,Yes,Bank Withdrawal,86.0,0.0,0,Yes,5359,6,0-12
Male,80,Yes,0,1,46,No Offer,No,0.0,No,DSL,15,No,Yes,Yes,Yes,Yes,Yes,No,No,One Year,Yes,Bank Withdrawal,59.9,0.0,150,Yes,4011,6,25-48
Female,65,No,0,0,14,Offer D,Yes,16.36,Yes,Fiber Optic,6,No,Yes,No,No,No,No,No,Yes,Month-to-Month,Yes,Bank Withdrawal,78.95,0.0,0,Yes,5203,5,13-24
Female,78,No,0,0,47,No Offer,Yes,16.83,Yes,Fiber Optic,12,No,Yes,Yes,No,No,No,No,Yes,Month-to-Month,Yes,Bank Withdrawal,85.2,0.0,0,Yes,4661,6,25-48
Male,78,Yes,0,1,13,Offer D,Yes,27.82,No,Fiber Optic,4,No,Yes,Yes,No,Yes,Yes,No,Yes,Month-to-Month,Yes,Bank Withdrawal,98.0,0.0,0,Yes,3714,7,13-24
Male,68,No,0,0,3,Offer E,Yes,35.43,Yes,Fiber Optic,18,No,Yes,Yes,No,Yes,Yes,No,Yes,Month-to-Month,Yes,Bank Withdrawal,105.0,0.0,0,Yes,5960,8,0-12
Female,73,Yes,0,1,26,Offer C,Yes,9.28,Yes,Fiber Optic,26,No,Yes,Yes,No,No,Yes,No,Yes,Month-to-Month,Yes,Bank Withdrawal,93.85,0.0,0,Yes,2591,7,25-48
Female,75,Yes,0,1,8,No Offer,Yes,46.05,Yes,Fiber Optic,22,No,No,No,No,No,Yes,No,Yes,Month-to-Month,Yes,Bank Withdrawal,84.0,0.0,0,Yes,4819,5,0-12
Male,66,Yes,0,1,18,Offer D,Yes,4.98,No,Fiber Optic,18,No,No,No,No,No,Yes,No,Yes,Month-to-Month,No,Bank Withdrawal,78.55,0.0,0,Yes,3521,4,13-24
Male,73,No,0,0,4,Offer E,No,0.0,No,DSL,19,No,No,No,No,No,No,No,Yes,Month-to-Month,Yes,Bank Withdrawal,25.2,0.0,0,Yes,4694,2,0-12
Female,73,No,0,0,15,Offer D,Yes,17.19,Yes,DSL,19,No,No,No,Yes,No,No,No,Yes,Month-to-Month,No,Credit Card,55.0,0.0,0,Yes,3167,5,13-24
Male,70,Yes,0,1,3,Offer E,Yes,32.31,Yes,Fiber Optic,27,No,No,No,No,Yes,Yes,No,Yes,Month-to-Month,Yes,Bank Withdrawal,94.6,0.0,0,Yes,3019,6,0-12
Male,74,Yes,0,1,53,No Offer,Yes,39.36,Yes,Fiber Optic,23,No,Yes,Yes,No,Yes,Yes,No,Yes,Month-to-Month,Yes,Bank Withdrawal,103.85,0.0,0,Yes,5860,8,49-72
Male,70,Yes,0,1,68,No Offer,Yes,47.17,Yes,Fiber Optic,29,No,Yes,Yes,No,Yes,Yes,No,Yes,Month-to-Month,Yes,Bank Withdrawal,105.3,0.0,0,Yes,6284,8,49-72
Male,71,No,0,0,25,Offer C,Yes,47.66,Yes,Fiber Optic,23,No,Yes,No,No,Yes,No,No,Yes,Month-to-Month,Yes,Bank Withdrawal,88.95,0.0,0,Yes,3878,6,25-48
Male,66,Yes,0,1,66,No Offer,Yes,48.87,Yes,Fiber Optic,13,No,Yes,Yes,Yes,Yes,Yes,No,Yes,One Year,Yes,Bank Withdrawal,110.85,0.0,0,Yes,4281,9,49-72
Male,68,Yes,0,1,27,Offer C,No,0.0,No,DSL,25,No,No,No,No,No,Yes,No,No,Month-to-Month,No,Bank Withdrawal,36.5,0.0,30,Yes,4564,2,25-48
Male,73,Yes,0,1,29,No Offer,Yes,6.25,Yes,Fiber Optic,21,No,No,No,No,Yes,Yes,No,Yes,Month-to-Month,Yes,Bank Withdrawal,94.45,0.0,0,Yes,2233,6,25-48
Female,77,Yes,0,1,1,Offer E,Yes,13.02,Yes,Fiber Optic,30,No,Yes,No,No,Yes,No,No,Yes,Month-to-Month,Yes,Bank Withdrawal,90.6,0.0,0,Yes,2905,6,0-12
Male,73,Yes,0,3,2,No Offer,Yes,4.19,Yes,Fiber Optic,11,No,No,No,No,Yes,No,No,No,Month-to-Month,Yes,Credit Card,86.85,0.0,40,Yes,5204,4,0-12
Female,65,Yes,0,1,29,No Offer,Yes,22.33,Yes,Fiber Optic,6,No,No,Yes,No,Yes,Yes,Yes,Yes,Month-to-Month,Yes,Bank Withdrawal,99.05,0.0,0,Yes,3179,8,25-48
Male,65,No,0,0,19,Offer D,Yes,32.77,No,Fiber Optic,4,No,No,Yes,No,Yes,Yes,Yes,Yes,Month-to-Month,Yes,Credit Card,95.9,0.0,0,Yes,2851,7,13-24
Female,78,No,0,0,47,No Offer,Yes,14.22,Yes,Fiber Optic,11,No,Yes,No,Yes,Yes,No,No,Yes,Month-to-Month,Yes,Bank Withdrawal,95.05,0.0,0,Yes,5214,7,25-48
Male,69,Yes,0,0,52,No Offer,Yes,37.6,Yes,Fiber Optic,23,Yes,No,Yes,No,Yes,Yes,Yes,Yes,Month-to-Month,Yes,Bank Withdrawal,104.2,0.0,0,Yes,5648,9,49-72
Female,67,No,0,0,11,No Offer,Yes,3.62,Yes,Fiber Optic,22,No,No,No,No,Yes,Yes,Yes,Yes,Month-to-Month,Yes,Bank Withdrawal,95.15,0.0,0,Yes,4074,7,0-12
Male,74,No,0,0,43,No Offer,Yes,39.12,No,Fiber Optic,6,No,No,No,No,Yes,Yes,Yes,Yes,Month-to-Month,Yes,Mailed Check,89.55,0.0,0,Yes,3802,6,25-48
Male,77,No,0,0,46,No Offer,Yes,36.78,No,Fiber Optic,29,Yes,No,No,No,No,Yes,Yes,Yes,Month-to-Month,No,Bank Withdrawal,85.0,0.0,0,Yes,2097,6,25-48
Female,79,No,0,0,6,No Offer,Yes,47.35,Yes,Fiber Optic,29,No,Yes,No,No,Yes,Yes,Yes,Yes,Month-to-Month,Yes,Bank Withdrawal,98.25,0.0,0,Yes,3330,8,0-12
Female,68,No,0,0,1,No Offer,No,0.0,No,Cable,9,No,No,No,No,No,No,No,Yes,Month-to-Month,Yes,Mailed Check,25.7,0.0,0,Yes,4095,2,0-12
Female,76,Yes,0,6,1,No Offer,Yes,41.16,No,Fiber Optic,6,No,Yes,No,No,No,No,No,Yes,Month-to-Month,Yes,Mailed Check,76.4,0.0,0,Yes,2426,4,0-12
Male,80,Yes,2,5,22,No Offer,No,0.0,No,Cable,18,Yes,No,No,No,No,Yes,No,Yes,Month-to-Month,No,Mailed Check,40.05,0.0,0,Yes,2061,4,13-24
Female,72,No,0,0,1,No Offer,Yes,20.55,No,Fiber Optic,5,No,Yes,No,No,No,No,No,Yes,Month-to-Month,Yes,Bank Withdrawal,73.0,0.0,0,Yes,4116,4,0-12
Male,78,No,0,0,33,No Offer,Yes,38.53,Yes,Fiber Optic,2,No,Yes,Yes,No,No,No,No,Yes,Month-to-Month,Yes,Credit Card,83.85,0.0,0,Yes,2583,6,25-48
Female,67,No,0,0,2,No Offer,Yes,12.52,No,Fiber Optic,25,No,No,No,No,No,No,No,Yes,Month-to-Month,Yes,Bank Withdrawal,70.65,0.0,0,Yes,2189,3,0-12
Female,74,No,0,0,26,No Offer,Yes,47.63,Yes,Fiber Optic,26,Yes,Yes,No,No,No,Yes,No,No,Month-to-Month,Yes,Bank Withdrawal,95.0,0.0,60,Yes,4232,6,25-48
Female,68,No,0,0,60,No Offer,Yes,34.39,Yes,Fiber Optic,17,No,No,Yes,Yes,Yes,Yes,No,No,One Year,Yes,Bank Withdrawal,106.0,0.0,110,Yes,5507,7,49-72
Female,66,Yes,0,5,38,No Offer,Yes,15.78,Yes,Fiber Optic,30,No,No,No,No,No,No,No,Yes,Month-to-Month,Yes,Bank Withdrawal,74.95,0.0,0,Yes,5165,4,25-48
Male,71,Yes,1,3,1,No Offer,Yes,8.38,No,DSL,19,No,No,No,Yes,No,No,No,Yes,Month-to-Month,Yes,Credit Card,49.25,0.0,0,Yes,4478,4,0-12
Male,65,Yes,0,2,7,No Offer,Yes,34.66,Yes,Fiber Optic,3,No,No,Yes,No,Yes,Yes,Yes,Yes,Month-to-Month,Yes,Bank Withdrawal,101.95,0.0,0,Yes,2016,8,0-12
Male,65,No,0,0,2,Offer E,Yes,20.99,Yes,Fiber Optic,22,No,No,No,No,Yes,Yes,Yes,Yes,Month-to-Month,Yes,Bank Withdrawal,94.0,0.0,0,Yes,5569,7,0-12
Female,69,Yes,0,1,51,No Offer,Yes,17.87,Yes,Fiber Optic,9,Yes,No,No,No,No,No,No,Yes,Month-to-Month,Yes,Bank Withdrawal,77.5,0.0,0,Yes,5748,5,49-72
Male,68,No,0,0,1,Offer E,Yes,11.08,Yes,Fiber Optic,12,No,No,No,No,No,No,No,Yes,Month-to-Month,Yes,Bank Withdrawal,74.4,0.0,0,Yes,3429,4,0-12
Male,68,Yes,0,1,47,No Offer,Yes,8.97,Yes,Fiber Optic,19,No,No,Yes,No,Yes,Yes,No,Yes,Month-to-Month,Yes,Bank Withdrawal,100.05,0.0,0,Yes,5166,7,25-48
Male,76,Yes,0,1,40,No Offer,Yes,2.85,Yes,Fiber Optic,3,Yes,No,No,No,Yes,Yes,No,Yes,Month-to-Month,No,Bank Withdrawal,101.85,0.0,0,Yes,2837,7,25-48
Male,74,Yes,0,1,1,Offer E,No,0.0,No,Cable,18,No,No,No,No,No,No,No,Yes,Month-to-Month,No,Bank Withdrawal,25.05,0.0,0,Yes,2119,2,0-12
Male,79,No,0,0,2,Offer E,Yes,45.41,Yes,Fiber Optic,18,No,No,No,No,No,No,No,Yes,Month-to-Month,Yes,Mailed Check,74.85,0.0,0,Yes,5378,4,0-12
Female,69,No,0,0,42,No Offer,Yes,16.22,Yes,Fiber Optic,12,No,Yes,Yes,No,Yes,Yes,No,Yes,Month-to-Month,Yes,Bank Withdrawal,104.75,0.0,0,Yes,2984,8,25-48
Female,74,No,0,0,2,Offer E,Yes,39.63,No,Fiber Optic,23,No,No,No,No,No,Yes,No,No,Month-to-Month,Yes,Bank Withdrawal,79.75,0.0,10,Yes,4038,3,0-12
Female,71,Yes,0,1,14,No Offer,Yes,47.01,Yes,Fiber Optic,19,No,Yes,No,No,Yes,Yes,No,Yes,Month-to-Month,Yes,Bank Withdrawal,100.2,0.0,0,Yes,3369,7,13-24
Male,69,No,0,0,66,No Offer,Yes,9.9,Yes,Fiber Optic,25,No,Yes,Yes,Yes,Yes,Yes,No,Yes,One Year,No,Credit Card,110.9,0.0,0,Yes,4389,9,49-72
Male,74,No,0,0,1,No Offer,Yes,3.84,Yes,Fiber Optic,13,No,No,No,No,No,No,No,No,Month-to-Month,Yes,Bank Withdrawal,76.45,0.0,10,Yes,3763,3,0-12
Female,79,No,0,0,12,No Offer,Yes,34.01,Yes,Fiber Optic,18,No,Yes,No,No,Yes,No,No,Yes,Month-to-Month,Yes,Bank Withdrawal,91.3,0.0,0,Yes,4703,6,0-12
Male,69,Yes,0,0,6,Offer E,Yes,47.9,No,Fiber Optic,6,No,No,Yes,No,Yes,Yes,No,Yes,Month-to-Month,Yes,Bank Withdrawal,95.75,0.0,0,Yes,5750,6,0-12
Male,80,No,0,0,27,No Offer,Yes,42.91,Yes,Fiber Optic,5,No,Yes,No,No,No,No,No,Yes,Month-to-Month,Yes,Bank Withdrawal,81.45,0.0,0,Yes,2571,5,25-48
Male,65,No,0,0,3,Offer E,Yes,26.32,Yes,Fiber Optic,8,No,No,Yes,No,Yes,No,No,Yes,Month-to-Month,No,Bank Withdrawal,91.05,0.0,0,Yes,2194,6,0-12
Female,78,Yes,0,1,2,Offer E,Yes,17.73,Yes,Fiber Optic,18,No,No,Yes,No,No,No,No,Yes,Month-to-Month,No,Bank Withdrawal,79.2,0.0,0,Yes,4225,5,0-12
Female,75,No,0,0,14,No Offer,Yes,35.07,Yes,Fiber Optic,10,No,No,No,No,No,No,No,Yes,Month-to-Month,Yes,Bank Withdrawal,74.3,0.0,0,Yes,5342,4,13-24
Male,73,Yes,0,1,57,Offer B,Yes,42.1,Yes,Fiber Optic,3,No,No,Yes,No,Yes,Yes,No,Yes,Month-to-Month,No,Bank Withdrawal,100.6,0.0,0,Yes,5247,7,49-72
Female,80,No,0,0,64,Offer B,Yes,29.12,No,DSL,24,Yes,Yes,No,Yes,Yes,No,No,Yes,Two Year,Yes,Credit Card,70.2,0.0,0,Yes,6080,7,49-72
Female,74,No,0,0,2,Offer E,Yes,9.86,No,Fiber Optic,21,No,No,No,No,No,No,No,Yes,Month-to-Month,No,Bank Withdrawal,70.75,0.0,0,Yes,4407,3,0-12
Female,65,No,0,0,40,Offer B,Yes,44.86,No,Fiber Optic,4,Yes,Yes,No,No,No,No,No,Yes,Month-to-Month,Yes,Credit Card,79.2,0.0,0,Yes,3207,5,25-48
Female,71,No,0,0,1,No Offer,Yes,42.5,No,Fiber Optic,8,No,No,Yes,No,No,Yes,No,Yes,Month-to-Month,Yes,Bank Withdrawal,85.0,0.0,0,Yes,2650,5,0-12
Male,74,Yes,0,3,37,No Offer,Yes,49.37,Yes,Fiber Optic,4,No,No,No,No,Yes,Yes,Yes,Yes,Month-to-Month,Yes,Bank Withdrawal,92.5,0.0,0,Yes,4127,7,25-48
Male,76,Yes,0,1,4,No Offer,Yes,28.11,Yes,Fiber Optic,27,No,No,No,No,No,No,No,Yes,Month-to-Month,No,Bank Withdrawal,74.95,0.0,0,Yes,3716,4,0-12
Male,73,No,0,0,55,Offer B,Yes,8.93,Yes,Fiber Optic,21,Yes,No,No,No,Yes,Yes,Yes,Yes,Month-to-Month,Yes,Bank Withdrawal,98.8,0.0,0,Yes,5543,8,49-72
Male,71,Yes,0,1,32,No Offer,Yes,2.08,No,Fiber Optic,25,No,No,No,No,No,Yes,Yes,Yes,Month-to-Month,Yes,Credit Card,80.3,0.0,0,Yes,5365,5,25-48
Female,72,No,0,0,66,No Offer,Yes,45.59,Yes,Fiber Optic,24,No,Yes,No,No,No,No,No,No,Month-to-Month,Yes,Credit Card,80.45,0.0,140,Yes,5011,4,49-72
Male,76,Yes,0,1,6,No Offer,Yes,40.44,No,Fiber Optic,25,No,Yes,No,No,No,Yes,No,Yes,Month-to-Month,Yes,Bank Withdrawal,84.2,0.0,0,Yes,5834,5,0-12
Female,69,No,0,0,4,No Offer,Yes,12.86,Yes,Fiber Optic,4,No,No,Yes,No,No,Yes,No,Yes,Month-to-Month,Yes,Bank Withdrawal,88.85,0.0,0,Yes,2754,6,0-12
Female,80,No,0,0,3,No Offer,No,0.0,No,DSL,30,No,No,No,No,No,No,No,Yes,Month-to-Month,No,Bank Withdrawal,25.3,0.0,0,Yes,3542,2,0-12
Female,78,No,0,0,8,No Offer,Yes,43.98,Yes,Fiber Optic,27,No,No,Yes,No,Yes,Yes,No,Yes,Month-to-Month,No,Bank Withdrawal,101.35,0.0,0,Yes,5546,7,0-12
Male,71,Yes,0,1,3,No Offer,Yes,41.3,Yes,Fiber Optic,2,No,Yes,Yes,No,Yes,Yes,No,Yes,Month-to-Month,Yes,Bank Withdrawal,105.9,0.0,0,Yes,2715,8,0-12
Male,73,Yes,0,1,43,Offer B,Yes,17.43,Yes,Fiber Optic,26,No,Yes,Yes,No,Yes,Yes,No,Yes,Month-to-Month,Yes,Bank Withdrawal,103.0,0.0,0,Yes,2505,8,25-48
Female,79,No,0,0,13,No Offer,Yes,4.45,Yes,Fiber Optic,25,No,No,No,No,No,Yes,No,Yes,Month-to-Month,Yes,Bank Withdrawal,82.0,0.0,0,Yes,3363,5,13-24
Female,72,Yes,0,1,27,No Offer,Yes,45.82,No,Fiber Optic,13,Yes,No,Yes,No,Yes,Yes,No,Yes,Month-to-Month,Yes,Bank Withdrawal,101.25,0.0,0,Yes,4853,7,25-48
Male,69,No,0,0,25,No Offer,Yes,18.46,Yes,Fiber Optic,3,No,Yes,No,No,Yes,No,No,Yes,Month-to-Month,Yes,Bank Withdrawal,89.5,0.0,0,Yes,4849,6,25-48
Female,79,No,0,0,22,No Offer,Yes,5.09,Yes,Fiber Optic,23,No,No,No,No,No,No,No,No,Month-to-Month,Yes,Bank Withdrawal,74.4,0.0,0,Yes,2407,3,13-24
Female,68,Yes,0,1,18,No Offer,Yes,25.27,Yes,Fiber Optic,15,No,No,No,Yes,Yes,Yes,No,Yes,Month-to-Month,No,Bank Withdrawal,99.75,0.0,0,Yes,5857,7,13-24
Female,77,No,0,0,56,Offer B,Yes,19.46,Yes,Fiber Optic,28,No,Yes,Yes,Yes,Yes,Yes,No,Yes,One Year,Yes,Bank Withdrawal,111.95,0.0,0,Yes,4060,9,49-72
Male,68,No,0,0,16,No Offer,No,0.0,No,DSL,24,No,Yes,No,No,Yes,No,No,Yes,Month-to-Month,Yes,Mailed Check,39.0,0.0,0,Yes,5692,4,13-24
Female,79,Yes,0,1,50,Offer B,Yes,37.12,Yes,Fiber Optic,4,No,Yes,No,No,Yes,No,No,No,Month-to-Month,Yes,Bank Withdrawal,88.05,0.0,100,Yes,5813,5,49-72
Female,68,No,0,0,3,No Offer,Yes,23.82,Yes,Fiber Optic,30,No,No,No,No,No,No,No,Yes,Month-to-Month,Yes,Credit Card,75.05,0.0,0,Yes,3553,4,0-12
Female,73,Yes,0,1,1,No Offer,Yes,31.27,Yes,Fiber Optic,11,No,No,No,No,No,No,No,No,Month-to-Month,Yes,Bank Withdrawal,74.45,0.0,10,Yes,2394,3,0-12
Male,79,No,0,0,1,No Offer,Yes,8.35,Yes,Fiber Optic,23,No,No,No,No,No,No,No,Yes,Month-to-Month,Yes,Bank Withdrawal,75.75,0.0,0,Yes,5571,4,0-12
Male,75,Yes,0,0,4,No Offer,Yes,10.61,Yes,Fiber Optic,8,No,No,No,No,No,No,No,No,Month-to-Month,Yes,Mailed Check,74.4,0.0,20,Yes,5839,3,0-12
Female,69,Yes,0,3,71,No Offer,Yes,47.02,Yes,Fiber Optic,12,Yes,Yes,Yes,Yes,No,No,No,Yes,Two Year,Yes,Credit Card,96.35,0.0,0,No,5309,8,49-72
Male,79,Yes,0,10,2,Offer E,Yes,33.1,No,Fiber Optic,11,No,No,Yes,No,Yes,Yes,No,No,One Year,Yes,Credit Card,95.5,0.0,10,No,4449,5,0-12
Male,71,No,0,0,1,Offer E,Yes,11.89,No,DSL,12,No,No,No,No,No,No,No,Yes,One Year,No,Bank Withdrawal,45.25,0.0,0,No,3144,3,0-12
Female,65,No,0,0,43,Offer B,Yes,12.58,Yes,Fiber Optic,26,No,Yes,No,No,Yes,No,No,Yes,One Year,Yes,Bank Withdrawal,90.25,0.0,0,No,2223,6,25-48
Female,65,Yes,0,9,25,No Offer,Yes,30.6,Yes,DSL,2,Yes,No,No,Yes,Yes,No,No,Yes,One Year,Yes,Credit Card,69.5,0.0,0,No,3154,7,25-48
Female,72,Yes,0,9,60,Offer B,Yes,48.9,No,Cable,16,Yes,Yes,Yes,Yes,No,Yes,No,Yes,One Year,Yes,Credit Card,74.85,0.0,0,No,5153,8,49-72
Male,77,Yes,0,3,66,No Offer,Yes,21.79,Yes,Fiber Optic,9,No,Yes,Yes,Yes,Yes,Yes,No,Yes,One Year,Yes,Bank Withdrawal,108.45,0.0,0,No,4582,9,49-72
Male,71,Yes,0,9,64,Offer B,Yes,16.33,Yes,Fiber Optic,10,Yes,No,Yes,Yes,Yes,Yes,No,Yes,Two Year,Yes,Bank Withdrawal,111.6,0.0,0,No,4881,9,49-72
Female,73,No,0,0,56,No Offer,Yes,47.13,Yes,Fiber Optic,29,Yes,Yes,Yes,No,Yes,Yes,No,Yes,One Year,No,Bank Withdrawal,110.5,0.0,0,No,4463,9,49-72
Male,80,No,0,0,30,No Offer,Yes,38.61,No,DSL,5,Yes,Yes,No,No,Yes,Yes,No,Yes,One Year,Yes,Bank Withdrawal,74.75,0.0,0,No,3033,7,25-48
Male,79,No,0,0,1,No Offer,Yes,27.65,No,Fiber Optic,2,No,No,No,Yes,No,No,No,Yes,One Year,No,Bank Withdrawal,74.7,0.0,0,No,4182,4,0-12
Female,65,Yes,0,0,66,Offer A,No,0.0,No,Cable,9,No,Yes,Yes,No,Yes,No,No,Yes,One Year,No,Bank Withdrawal,45.55,0.0,0,No,6238,5,49-72
Male,73,No,0,0,71,Offer A,No,0.0,No,DSL,20,Yes,Yes,No,No,Yes,Yes,Yes,Yes,One Year,Yes,Bank Withdrawal,56.45,0.0,0,No,5372,7,49-72
Female,71,Yes,0,1,72,Offer A,Yes,20.48,Yes,DSL,6,Yes,Yes,Yes,Yes,Yes,Yes,Yes,Yes,Two Year,Yes,Credit Card,88.05,0.0,0,No,6102,11,49-72
Male,66,Yes,0,7,71,Offer A,Yes,30.72,Yes,No Internet Service,0,No,No,No,No,No,No,No,No,Two Year,No,Bank Withdrawal,23.95,0.0,0,No,4329,2,49-72
Male,66,Yes,0,1,23,No Offer,Yes,42.59,Yes,Fiber Optic,2,No,No,No,No,No,Yes,Yes,Yes,One Year,No,Bank Withdrawal,86.8,0.0,0,No,5788,6,13-24
Female,77,Yes,0,2,65,No Offer,Yes,38.32,No,Fiber Optic,25,Yes,Yes,Yes,No,No,Yes,Yes,Yes,One Year,No,Bank Withdrawal,94.4,0.0,0,No,5348,8,49-72
Female,68,No,0,0,13,No Offer,Yes,10.51,No,DSL,20,No,Yes,Yes,No,No,No,No,Yes,One Year,Yes,Bank Withdrawal,54.8,0.0,0,No,5557,5,13-24
Male,66,No,0,0,4,Offer E,Yes,36.4,No,Fiber Optic,29,Yes,No,No,No,No,No,No,Yes,One Year,No,Bank Withdrawal,75.35,0.0,0,No,4033,4,0-12
Female,69,Yes,0,5,29,No Offer,No,0.0,No,Cable,23,Yes,No,Yes,No,No,Yes,No,Yes,One Year,Yes,Bank Withdrawal,45.0,0.0,0,No,3094,5,25-48
Male,79,Yes,0,1,57,No Offer,Yes,36.66,Yes,Fiber Optic,9,No,Yes,No,No,No,Yes,No,Yes,One Year,Yes,Bank Withdrawal,89.85,0.0,0,No,4429,6,49-72
Female,67,No,0,0,19,No Offer,Yes,7.95,No,Fiber Optic,12,Yes,Yes,No,Yes,Yes,Yes,No,No,One Year,Yes,Mailed Check,105.0,0.0,20,No,3524,7,13-24
Male,68,Yes,0,3,20,No Offer,Yes,27.56,Yes,Fiber Optic,3,No,Yes,No,Yes,Yes,Yes,No,Yes,One Year,No,Bank Withdrawal,107.05,0.0,0,No,5328,8,13-24
Male,79,Yes,0,5,21,No Offer,Yes,42.95,No,DSL,30,Yes,Yes,No,No,No,Yes,No,Yes,One Year,Yes,Bank Withdrawal,64.95,0.0,0,No,4604,6,13-24
Female,77,No,0,0,6,Offer E,Yes,8.06,No,Fiber Optic,19,No,No,No,No,Yes,Yes,No,Yes,One Year,Yes,Bank Withdrawal,89.35,0.0,0,No,2578,5,0-12
Male,73,Yes,0,4,35,No Offer,Yes,2.12,Yes,Fiber Optic,3,No,No,Yes,No,Yes,Yes,No,Yes,One Year,Yes,Bank Withdrawal,100.8,0.0,0,No,3318,7,25-48
Male,71,Yes,1,9,38,No Offer,Yes,28.3,Yes,Fiber Optic,27,No,Yes,No,No,Yes,Yes,No,Yes,One Year,No,Bank Withdrawal,101.15,0.0,0,No,4036,7,25-48
Female,67,Yes,0,0,5,Offer E,Yes,9.56,No,Fiber Optic,13,No,No,No,No,No,No,No,Yes,One Year,Yes,Bank Withdrawal,69.35,0.0,0,No,5437,3,0-12
Female,68,Yes,0,9,11,Offer D,Yes,29.15,No,Fiber Optic,2,No,No,No,Yes,Yes,No,No,Yes,One Year,Yes,Bank Withdrawal,82.9,0.0,0,No,4413,5,0-12
Female,75,Yes,3,3,28,No Offer,No,0.0,No,DSL,58,No,No,No,No,Yes,No,No,No,One Year,Yes,Bank Withdrawal,35.9,0.0,40,No,5444,2,25-48
Female,79,No,0,0,17,Offer D,Yes,1.06,Yes,Fiber Optic,25,No,No,Yes,No,No,No,No,Yes,One Year,Yes,Credit Card,82.65,0.0,0,No,3754,5,13-24
Female,69,No,0,0,32,No Offer,Yes,19.92,No,DSL,14,No,Yes,No,Yes,No,No,No,No,One Year,No,Bank Withdrawal,54.65,0.0,10,No,4045,4,25-48
Female,72,No,0,0,1,Offer E,Yes,7.77,Yes,Fiber Optic,22,No,No,No,No,No,No,No,Yes,One Year,Yes,Bank Withdrawal,72.1,0.0,0,No,4432,4,0-12
Female,69,Yes,0,9,64,No Offer,Yes,3.76,No,Fiber Optic,11,Yes,Yes,Yes,No,No,Yes,No,Yes,One Year,No,Bank Withdrawal,97.0,0.0,0,No,4053,7,49-72
Female,72,No,0,0,7,No Offer,Yes,16.36,No,Fiber Optic,28,No,No,No,No,Yes,Yes,No,Yes,One Year,Yes,Bank Withdrawal,89.15,0.0,0,No,2415,5,0-12
Female,70,No,0,0,16,Offer D,Yes,9.72,Yes,DSL,29,Yes,No,No,No,No,No,No,Yes,One Year,Yes,Bank Withdrawal,54.1,0.0,0,No,2276,5,13-24
Male,78,Yes,0,1,72,Offer A,No,0.0,No,DSL,24,Yes,Yes,Yes,Yes,Yes,Yes,No,Yes,Two Year,Yes,Bank Withdrawal,64.8,0.0,0,No,4886,8,49-72
Male,77,Yes,0,5,27,No Offer,Yes,33.57,Yes,DSL,21,No,Yes,Yes,Yes,Yes,Yes,No,Yes,One Year,Yes,Bank Withdrawal,84.8,0.0,0,No,5352,9,25-48
Female,73,No,0,0,2,Offer E,Yes,23.91,No,Cable,22,No,No,No,No,No,No,No,Yes,One Year,Yes,Bank Withdrawal,44.3,0.0,0,No,3805,3,0-12
Female,76,Yes,0,10,42,No Offer,Yes,42.29,Yes,Fiber Optic,10,No,No,No,No,Yes,Yes,No,No,One Year,Yes,Bank Withdrawal,95.05,0.0,100,No,2677,5,25-48
Male,78,Yes,0,7,33,No Offer,Yes,25.15,Yes,Fiber Optic,20,Yes,No,Yes,Yes,Yes,Yes,No,Yes,One Year,Yes,Bank Withdrawal,109.9,0.0,0,No,5655,9,25-48
Male,74,No,0,0,33,Offer C,No,0.0,No,Cable,11,No,No,Yes,Yes,Yes,Yes,No,Yes,One Year,Yes,Bank Withdrawal,54.6,0.0,0,No,5322,6,25-48
Male,71,Yes,1,9,32,Offer C,Yes,31.86,No,Fiber Optic,23,No,Yes,No,No,Yes,Yes,Yes,Yes,One Year,Yes,Mailed Check,93.95,0.0,0,No,2844,7,25-48
Female,72,Yes,0,10,48,No Offer,Yes,12.6,No,Fiber Optic,21,No,No,No,No,No,No,No,Yes,One Year,Yes,Bank Withdrawal,70.65,0.0,0,No,5523,3,25-48
Female,75,Yes,0,5,55,No Offer,Yes,29.53,Yes,Cable,29,No,No,No,No,No,No,No,Yes,One Year,No,Bank Withdrawal,51.65,0.0,0,No,4763,4,49-72
Male,79,Yes,0,4,52,No Offer,Yes,29.15,Yes,Fiber Optic,9,No,Yes,Yes,No,Yes,Yes,Yes,Yes,One Year,Yes,Bank Withdrawal,105.1,0.0,0,No,4621,9,49-72
Female,76,No,0,0,49,No Offer,Yes,24.84,Yes,Fiber Optic,14,Yes,No,No,No,Yes,Yes,Yes,Yes,One Year,No,Credit Card,101.55,0.0,0,No,5348,8,49-72
Female,78,No,0,0,22,Offer D,Yes,49.98,No,DSL,28,Yes,No,Yes,Yes,No,Yes,Yes,Yes,One Year,Yes,Mailed Check,69.75,0.0,0,No,3509,8,13-24
Male,75,Yes,0,5,72,Offer A,Yes,21.37,Yes,Fiber Optic,13,Yes,Yes,Yes,Yes,Yes,Yes,Yes,No,Two Year,Yes,Bank Withdrawal,116.05,0.0,120,No,4404,10,49-72
Male,66,Yes,0,2,64,No Offer,Yes,20.19,Yes,Fiber Optic,8,No,No,Yes,Yes,Yes,Yes,Yes,Yes,Two Year,No,Bank Withdrawal,102.1,0.0,0,No,6270,9,49-72
Female,71,No,0,0,17,Offer D,Yes,24.15,No,No Internet Service,0,No,No,No,No,No,No,No,No,One Year,No,Mailed Check,20.65,0.0,0,No,4086,1,13-24
Male,77,Yes,1,6,35,Offer C,Yes,14.19,No,DSL,17,No,Yes,No,Yes,Yes,Yes,Yes,Yes,One Year,Yes,Bank Withdrawal,76.05,0.0,0,No,5479,8,25-48
Female,74,No,0,0,20,Offer D,Yes,23.18,No,Fiber Optic,21,No,No,No,No,No,Yes,Yes,Yes,One Year,Yes,Bank Withdrawal,81.45,0.0,0,No,2416,5,13-24
Male,73,Yes,0,9,61,No Offer,Yes,34.24,Yes,DSL,20,No,Yes,No,No,No,Yes,Yes,Yes,One Year,No,Bank Withdrawal,64.05,0.0,0,No,4001,7,49-72
Female,73,Yes,0,4,71,Offer A,Yes,43.99,Yes,Fiber Optic,17,Yes,No,No,No,No,No,No,Yes,Two Year,Yes,Credit Card,80.7,0.0,0,No,4583,5,49-72
Male,78,Yes,0,1,20,No Offer,Yes,32.54,No,Fiber Optic,5,Yes,No,Yes,Yes,No,Yes,No,Yes,One Year,No,Credit Card,94.3,0.0,0,No,2574,7,13-24
Female,79,Yes,0,1,5,Offer E,Yes,5.42,No,Fiber Optic,23,No,No,No,No,No,No,No,Yes,One Year,No,Bank Withdrawal,70.05,0.0,0,No,2064,3,0-12
Male,77,Yes,0,1,29,Offer C,Yes,37.65,Yes,DSL,9,No,No,No,No,No,No,No,Yes,One Year,Yes,Bank Withdrawal,51.6,0.0,0,No,5495,4,25-48
Male,77,Yes,1,1,72,Offer A,Yes,30.78,Yes,Fiber Optic,17,Yes,Yes,Yes,Yes,Yes,Yes,No,No,Two Year,Yes,Credit Card,115.75,0.0,110,No,5168,9,49-72
Female,80,No,0,0,56,No Offer,Yes,17.33,Yes,Fiber Optic,16,No,Yes,Yes,Yes,Yes,No,No,Yes,Two Year,Yes,Bank Withdrawal,99.9,0.0,0,No,5840,8,49-72
Male,80,Yes,1,0,68,Offer A,Yes,32.11,Yes,Fiber Optic,12,No,No,Yes,Yes,Yes,Yes,No,No,One Year,Yes,Credit Card,107.15,0.0,50,No,4324,7,49-72
Male,80,Yes,0,9,50,No Offer,Yes,14.49,Yes,Fiber Optic,17,Yes,Yes,Yes,No,Yes,No,No,Yes,One Year,Yes,Bank Withdrawal,101.9,0.0,0,No,4184,8,49-72
Male,74,No,0,0,47,No Offer,Yes,14.78,Yes,DSL,10,No,Yes,No,Yes,No,No,No,Yes,Two Year,No,Bank Withdrawal,59.6,0.0,0,No,3155,6,25-48
Female,76,Yes,0,6,28,Offer C,Yes,45.67,Yes,Fiber Optic,8,No,Yes,Yes,Yes,Yes,Yes,No,Yes,One Year,Yes,Bank Withdrawal,110.85,0.0,0,No,3906,9,25-48
Male,68,Yes,0,3,35,Offer C,Yes,20.44,Yes,Fiber Optic,18,Yes,Yes,No,No,No,Yes,No,Yes,One Year,Yes,Bank Withdrawal,94.55,0.0,0,No,2631,7,25-48
Female,71,No,0,0,44,No Offer,Yes,49.75,Yes,Fiber Optic,2,Yes,Yes,Yes,No,Yes,Yes,No,Yes,One Year,Yes,Credit Card,109.8,0.0,0,No,5720,9,25-48
Female,69,No,0,0,66,Offer A,Yes,11.63,Yes,Fiber Optic,5,No,No,Yes,Yes,Yes,Yes,No,No,One Year,Yes,Credit Card,102.85,0.0,60,No,5569,7,49-72
Male,73,Yes,3,1,10,No Offer,No,0.0,No,Cable,53,No,No,No,No,No,Yes,No,Yes,One Year,Yes,Bank Withdrawal,34.55,0.0,0,No,5248,3,0-12
Female,74,Yes,0,7,66,Offer A,Yes,25.51,Yes,Fiber Optic,15,No,Yes,Yes,No,Yes,Yes,No,Yes,One Year,No,Credit Card,104.6,0.0,0,No,5722,8,49-72
Female,72,No,0,0,72,Offer A,Yes,44.81,Yes,Fiber Optic,14,No,Yes,Yes,Yes,Yes,Yes,No,Yes,Two Year,No,Bank Withdrawal,111.65,0.0,0,No,5388,9,49-72
Female,70,No,0,0,49,No Offer,Yes,47.72,No,Fiber Optic,21,No,Yes,Yes,No,No,Yes,No,Yes,One Year,Yes,Bank Withdrawal,89.85,0.0,0,No,5982,6,49-72
Male,74,No,0,0,24,Offer C,Yes,31.73,No,Fiber Optic,13,No,No,No,No,No,No,No,No,One Year,No,Credit Card,70.0,0.0,140,No,5242,2,13-24
Male,80,No,0,0,65,No Offer,Yes,44.23,Yes,Fiber Optic,27,Yes,No,Yes,Yes,Yes,Yes,No,Yes,Two Year,Yes,Bank Withdrawal,110.35,0.0,0,No,4295,9,49-72
Female,74,No,0,0,40,No Offer,Yes,28.54,Yes,Fiber Optic,24,No,No,Yes,Yes,Yes,Yes,No,Yes,One Year,Yes,Credit Card,103.75,0.0,0,No,3568,8,25-48
Female,65,No,0,0,22,No Offer,Yes,34.39,No,No Internet Service,0,No,No,No,No,No,No,No,No,One Year,Yes,Credit Card,20.05,0.0,0,No,4327,1,13-24
Male,72,Yes,1,1,47,No Offer,Yes,42.29,No,Fiber Optic,22,No,Yes,No,No,Yes,No,No,No,One Year,Yes,Bank Withdrawal,84.95,0.0,80,No,3384,4,25-48
Male,76,No,0,0,27,Offer C,Yes,34.39,Yes,Fiber Optic,19,No,Yes,No,Yes,Yes,Yes,No,Yes,One Year,Yes,Bank Withdrawal,104.65,0.0,0,No,3104,8,25-48
Male,75,Yes,0,7,68,Offer A,Yes,34.31,Yes,Fiber Optic,15,No,No,Yes,No,No,No,No,Yes,One Year,Yes,Credit Card,80.35,0.0,0,No,5581,5,49-72
Male,70,Yes,0,1,9,No Offer,Yes,1.66,No,No Internet Service,0,No,No,No,No,No,No,No,No,One Year,Yes,Credit Card,21.25,0.0,0,No,2302,1,0-12
Male,66,No,0,0,42,No Offer,Yes,13.51,Yes,Fiber Optic,19,No,Yes,No,No,No,No,No,Yes,One Year,Yes,Bank Withdrawal,79.35,0.0,0,No,2399,5,25-48
Female,68,Yes,0,0,72,Offer A,Yes,48.51,Yes,Cable,17,Yes,Yes,Yes,Yes,Yes,Yes,No,Yes,Two Year,Yes,Bank Withdrawal,89.85,0.0,0,No,5881,10,49-72
Female,69,Yes,0,8,72,Offer A,Yes,15.85,Yes,Fiber Optic,2,No,Yes,Yes,Yes,Yes,Yes,No,Yes,Two Year,Yes,Credit Card,110.8,0.0,0,No,5933,9,49-72
Male,75,Yes,0,3,72,Offer A,Yes,21.38,Yes,Fiber Optic,2,Yes,Yes,Yes,Yes,Yes,Yes,No,Yes,Two Year,Yes,Bank Withdrawal,114.95,0.0,0,No,6268,10,49-72
Female,74,No,0,0,3,Offer E,Yes,41.44,No,Fiber Optic,13,No,No,Yes,No,No,No,No,No,One Year,No,Credit Card,75.05,5.49,10,No,3545,3,0-12
Female,72,Yes,0,4,70,Offer A,Yes,16.87,Yes,Fiber Optic,3,No,No,No,No,No,No,No,Yes,Two Year,Yes,Credit Card,75.65,25.67,0,No,4181,4,49-72
Male,65,No,0,0,5,Offer E,Yes,30.14,No,No Internet Service,0,No,No,No,No,No,No,No,No,One Year,No,Bank Withdrawal,20.05,0.0,0,No,2154,1,0-12
Male,70,Yes,3,4,60,No Offer,Yes,19.68,Yes,Fiber Optic,53,Yes,Yes,No,No,No,Yes,No,Yes,One Year,Yes,Bank Withdrawal,93.25,0.0,0,No,4353,7,49-72
Male,65,No,0,0,26,Offer C,Yes,29.88,No,No Internet Service,0,No,No,No,No,No,No,No,No,One Year,No,Credit Card,19.3,9.49,0,No,2269,1,25-48
Female,66,No,0,0,7,Offer E,Yes,26.29,No,Fiber Optic,20,No,No,Yes,No,Yes,No,No,No,One Year,Yes,Bank Withdrawal,84.35,29.17,10,No,2107,4,0-12
Female,70,No,0,0,27,Offer C,Yes,35.76,Yes,Fiber Optic,4,Yes,Yes,Yes,No,Yes,Yes,No,Yes,One Year,Yes,Bank Withdrawal,110.5,0.0,0,No,4997,9,25-48
Male,77,No,0,0,32,Offer C,Yes,1.12,Yes,Fiber Optic,5,No,No,Yes,No,No,No,No,Yes,One Year,Yes,Credit Card,81.1,19.25,0,No,2143,5,25-48
Female,72,No,0,0,15,No Offer,Yes,1.67,Yes,Fiber Optic,21,No,Yes,No,No,Yes,No,No,Yes,One Year,No,Credit Card,89.0,45.69,0,No,4452,6,13-24
Female,67,No,0,0,23,No Offer,Yes,17.62,No,Fiber Optic,25,Yes,No,No,No,No,No,No,No,One Year,Yes,Bank Withdrawal,75.4,0.0,80,No,2491,3,13-24
Female,77,No,0,0,22,No Offer,Yes,23.43,No,Fiber Optic,22,Yes,Yes,No,No,No,No,No,Yes,One Year,No,Bank Withdrawal,81.7,29.88,0,No,5602,5,13-24
Female,73,Yes,0,10,4,No Offer,Yes,14.34,Yes,Fiber Optic,14,No,No,No,No,Yes,No,No,Yes,One Year,Yes,Bank Withdrawal,83.25,39.93,0,No,5251,5,0-12
Female,66,Yes,1,9,32,Offer C,Yes,5.73,Yes,Fiber Optic,30,No,No,Yes,No,Yes,No,No,Yes,One Year,Yes,Credit Card,91.35,26.98,0,No,2965,6,25-48
Male,80,Yes,0,10,7,Offer E,No,0.0,No,DSL,13,Yes,No,No,No,No,No,No,Yes,One Year,No,Bank Withdrawal,29.8,11.83,0,No,2587,3,0-12
Male,76,Yes,0,9,8,Offer E,Yes,22.4,No,DSL,23,Yes,No,No,No,Yes,No,No,Yes,One Year,No,Bank Withdrawal,60.9,16.58,0,No,2136,5,0-12
Female,80,No,0,0,56,No Offer,Yes,37.3,Yes,DSL,8,Yes,No,Yes,Yes,No,Yes,No,Yes,Two Year,No,Bank Withdrawal,73.25,17.16,0,No,4011,8,49-72
Female,69,Yes,0,1,53,No Offer,Yes,30.09,Yes,Fiber Optic,12,No,No,No,No,Yes,Yes,No,Yes,One Year,Yes,Credit Card,95.85,18.85,0,No,5325,6,49-72
Male,69,Yes,0,2,23,No Offer,Yes,45.83,No,No Internet Service,0,No,No,No,No,No,No,No,No,One Year,Yes,Bank Withdrawal,20.75,37.64,0,No,3418,1,13-24
Female,73,No,0,0,5,Offer E,Yes,14.22,No,Fiber Optic,4,No,Yes,No,No,Yes,No,No,Yes,One Year,Yes,Bank Withdrawal,84.7,41.2,0,No,2660,5,0-12
Female,67,Yes,0,5,45,No Offer,Yes,40.85,No,Fiber Optic,24,No,No,Yes,No,No,Yes,No,Yes,One Year,Yes,Bank Withdrawal,86.1,12.19,0,No,2701,5,25-48
Female,69,Yes,0,2,60,No Offer,Yes,24.62,No,Fiber Optic,30,Yes,Yes,Yes,Yes,Yes,Yes,No,Yes,Two Year,Yes,Bank Withdrawal,110.0,0.0,0,No,4953,9,49-72
Female,80,Yes,0,5,72,Offer A,Yes,15.23,Yes,Fiber Optic,2,Yes,Yes,Yes,No,Yes,Yes,No,Yes,Two Year,Yes,Bank Withdrawal,112.4,0.0,0,No,6144,9,49-72
Male,68,No,0,0,20,No Offer,Yes,22.31,No,DSL,21,Yes,No,No,Yes,No,No,No,Yes,One Year,No,Credit Card,54.0,0.0,0,No,5090,5,13-24
Female,71,No,0,0,59,No Offer,Yes,6.13,Yes,Fiber Optic,2,No,Yes,No,No,No,No,No,Yes,Two Year,Yes,Credit Card,79.2,0.0,0,No,5400,5,49-72
Male,74,Yes,0,6,46,No Offer,Yes,4.2,Yes,Fiber Optic,22,No,No,Yes,No,Yes,Yes,No,Yes,One Year,Yes,Bank Withdrawal,98.85,0.0,0,No,2641,7,25-48
Female,69,No,0,0,71,Offer A,Yes,37.39,Yes,DSL,22,Yes,Yes,Yes,Yes,Yes,Yes,No,No,Two Year,No,Credit Card,89.85,0.0,140,No,4994,9,49-72
Male,70,No,0,0,47,No Offer,Yes,44.08,Yes,Fiber Optic,20,No,No,No,No,Yes,No,No,Yes,One Year,Yes,Credit Card,86.05,0.0,0,No,5527,5,25-48
Female,73,Yes,0,1,72,Offer A,Yes,4.59,Yes,Fiber Optic,27,Yes,Yes,Yes,Yes,Yes,Yes,No,Yes,Two Year,Yes,Bank Withdrawal,114.65,0.0,0,No,5408,10,49-72
Male,73,Yes,0,8,14,No Offer,Yes,45.76,No,No Internet Service,0,No,No,No,No,No,No,No,No,One Year,No,Credit Card,19.65,0.0,0,No,2962,1,13-24
Male,65,Yes,1,8,11,No Offer,Yes,28.64,Yes,Fiber Optic,22,No,No,No,No,No,No,No,Yes,One Year,Yes,Credit Card,75.2,0.0,0,No,5193,4,0-12
Female,65,Yes,0,5,62,No Offer,Yes,11.41,Yes,Fiber Optic,25,No,Yes,Yes,No,Yes,No,No,Yes,One Year,Yes,Credit Card,97.95,0.0,0,No,5428,7,49-72
Female,67,Yes,0,1,23,No Offer,Yes,41.88,No,Fiber Optic,12,Yes,No,No,No,Yes,Yes,Yes,Yes,One Year,Yes,Bank Withdrawal,95.1,0.0,0,No,4025,7,13-24
Female,72,Yes,0,1,71,Offer A,Yes,37.53,Yes,DSL,24,Yes,Yes,Yes,Yes,No,Yes,Yes,Yes,Two Year,Yes,Bank Withdrawal,82.7,0.0,0,No,5089,10,49-72
Male,68,No,0,0,70,Offer A,No,0.0,No,Cable,13,No,Yes,Yes,No,Yes,No,No,Yes,One Year,Yes,Credit Card,44.05,0.0,0,No,4022,5,49-72
Female,77,Yes,2,1,32,Offer C,Yes,49.21,Yes,Fiber Optic,19,No,Yes,No,No,Yes,Yes,No,Yes,One Year,Yes,Bank Withdrawal,100.4,0.0,0,No,4848,7,25-48
Male,71,Yes,0,1,43,No Offer,Yes,4.59,Yes,Fiber Optic,5,No,Yes,No,Yes,Yes,No,No,Yes,One Year,Yes,Bank Withdrawal,94.3,0.0,0,No,2040,7,25-48
Female,75,No,0,0,71,Offer A,Yes,47.86,Yes,Fiber Optic,16,No,No,Yes,No,Yes,Yes,No,Yes,Two Year,No,Bank Withdrawal,104.05,0.0,0,No,4113,7,49-72
Female,70,Yes,0,1,20,No Offer,Yes,8.98,No,DSL,16,No,Yes,No,No,No,Yes,No,Yes,One Year,Yes,Bank Withdrawal,60.0,0.0,0,No,2399,5,13-24
Male,77,Yes,0,2,61,No Offer,Yes,2.19,Yes,Fiber Optic,8,No,Yes,Yes,Yes,Yes,No,No,Yes,One Year,Yes,Credit Card,98.3,0.0,0,No,5413,8,49-72
Male,76,Yes,0,6,23,No Offer,Yes,46.82,No,Fiber Optic,11,No,No,No,No,Yes,Yes,No,No,One Year,Yes,Bank Withdrawal,90.45,0.0,30,No,5272,4,13-24
Female,67,Yes,0,5,55,No Offer,Yes,33.21,No,Fiber Optic,4,No,No,Yes,Yes,Yes,No,No,Yes,Two Year,No,Credit Card,88.8,0.0,0,No,4291,6,49-72
Female,67,No,0,0,45,Offer B,No,0.0,No,Cable,4,No,No,No,No,No,Yes,No,No,One Year,No,Bank Withdrawal,34.2,0.0,0,No,5715,2,25-48
Male,71,No,2,0,56,Offer B,Yes,10.57,No,Fiber Optic,28,Yes,No,No,No,Yes,Yes,No,Yes,One Year,No,Credit Card,94.8,0.0,0,No,5693,6,49-72
Female,66,No,0,0,4,No Offer,Yes,8.75,Yes,Fiber Optic,4,Yes,No,No,No,No,No,No,No,One Year,Yes,Bank Withdrawal,80.25,0.0,30,No,3828,4,0-12
Male,75,Yes,0,5,49,Offer B,Yes,26.0,Yes,Fiber Optic,16,Yes,Yes,Yes,No,No,No,No,Yes,One Year,Yes,Bank Withdrawal,88.2,0.0,0,No,5987,7,49-72
Female,78,Yes,0,2,71,Offer A,Yes,12.26,No,Fiber Optic,3,Yes,Yes,Yes,Yes,Yes,No,No,Yes,Two Year,Yes,Bank Withdrawal,99.4,0.0,0,No,4964,8,49-72
Female,74,Yes,0,3,72,Offer A,Yes,28.72,Yes,Fiber Optic,25,Yes,Yes,Yes,Yes,Yes,Yes,No,Yes,Two Year,Yes,Bank Withdrawal,114.85,0.0,0,No,4796,10,49-72
Male,75,Yes,0,3,72,Offer A,Yes,16.72,Yes,Cable,9,Yes,Yes,Yes,No,Yes,Yes,No,Yes,Two Year,No,Credit Card,84.45,0.0,0,No,5856,9,49-72
Female,71,No,0,0,20,No Offer,Yes,21.49,No,Fiber Optic,4,No,No,No,No,Yes,No,No,Yes,One Year,No,Bank Withdrawal,80.7,0.0,0,No,3111,4,13-24
Male,66,Yes,0,4,61,Offer B,Yes,26.55,Yes,Fiber Optic,2,No,Yes,No,No,No,No,No,Yes,One Year,Yes,Bank Withdrawal,82.15,0.0,0,No,4250,5,49-72
Male,79,No,0,0,29,Offer C,Yes,6.59,No,Fiber Optic,21,No,Yes,Yes,No,Yes,Yes,No,No,One Year,Yes,Bank Withdrawal,101.45,0.0,60,No,5285,6,25-48
Female,69,No,0,0,18,No Offer,Yes,41.13,No,Cable,23,No,Yes,No,No,No,No,No,Yes,One Year,Yes,Credit Card,49.85,0.0,0,No,3283,4,13-24
Male,70,Yes,0,7,71,No Offer,Yes,36.6,Yes,Fiber Optic,10,Yes,Yes,Yes,Yes,No,No,No,Yes,One Year,Yes,Bank Withdrawal,92.0,0.0,0,No,4322,8,49-72
Male,69,No,0,0,44,Offer B,Yes,47.06,No,Fiber Optic,3,No,No,Yes,No,No,No,No,No,One Year,No,Bank Withdrawal,73.85,0.0,100,No,4374,3,25-48
Female,68,Yes,0,8,65,Offer B,Yes,15.3,Yes,Fiber Optic,29,Yes,Yes,Yes,No,Yes,Yes,No,Yes,One Year,Yes,Credit Card,109.4,0.0,0,No,4452,9,49-72
Female,66,Yes,0,5,58,Offer B,Yes,45.37,Yes,Fiber Optic,28,No,Yes,No,No,Yes,Yes,No,Yes,One Year,Yes,Bank Withdrawal,97.8,0.0,0,No,6019,7,49-72
Female,67,No,0,0,6,Offer E,Yes,2.03,No,No Internet Service,0,No,No,No,No,No,No,No,No,Two Year,No,Bank Withdrawal,19.5,0.0,0,No,3288,1,0-12
Male,69,No,0,0,52,Offer B,No,0.0,No,DSL,19,Yes,No,No,No,Yes,Yes,Yes,Yes,Two Year,Yes,Credit Card,48.8,0.0,0,No,4865,6,49-72
Female,73,Yes,0,2,69,No Offer,Yes,19.39,Yes,Fiber Optic,13,No,Yes,No,Yes,Yes,Yes,Yes,Yes,Two Year,No,Credit Card,105.4,0.0,0,No,5467,9,49-72
Female,74,No,0,0,13,No Offer,Yes,26.68,No,Fiber Optic,24,No,No,Yes,No,Yes,Yes,Yes,Yes,Two Year,Yes,Bank Withdrawal,96.85,0.0,0,No,3098,7,13-24
Female,70,Yes,0,6,71,No Offer,Yes,22.0,No,Fiber Optic,27,No,Yes,Yes,No,Yes,Yes,Yes,Yes,Two Year,Yes,Bank Withdrawal,99.2,0.0,0,No,4951,8,49-72
Female,73,Yes,0,0,66,No Offer,Yes,44.01,Yes,Cable,17,No,Yes,Yes,No,Yes,No,No,Yes,One Year,Yes,Bank Withdrawal,70.85,0.0,0,No,5572,7,49-72
Male,79,Yes,0,9,64,Offer B,Yes,23.33,Yes,Fiber Optic,29,No,Yes,Yes,No,No,Yes,No,Yes,Two Year,Yes,Bank Withdrawal,94.25,0.0,0,No,6020,7,49-72
Female,74,No,0,0,45,Offer B,Yes,34.12,Yes,Fiber Optic,15,No,No,Yes,No,Yes,Yes,No,Yes,One Year,Yes,Bank Withdrawal,102.15,0.0,0,No,5391,7,25-48
Female,74,Yes,3,4,23,No Offer,Yes,2.03,No,Fiber Optic,53,No,Yes,Yes,No,No,Yes,No,Yes,Two Year,Yes,Bank Withdrawal,88.45,0.0,0,No,3937,6,13-24
Male,68,Yes,0,2,7,No Offer,Yes,3.19,Yes,Cable,26,Yes,Yes,No,Yes,No,No,No,Yes,Two Year,No,Bank Withdrawal,64.2,0.0,0,No,5116,7,0-12
Male,75,Yes,0,4,6,No Offer,Yes,16.87,Yes,Fiber Optic,17,No,No,Yes,No,No,No,No,No,Two Year,Yes,Bank Withdrawal,80.8,0.0,30,No,5611,4,0-12
Male,77,No,0,0,4,No Offer,Yes,30.11,No,Fiber Optic,25,No,No,No,No,No,No,No,Yes,Two Year,No,Bank Withdrawal,69.35,0.0,0,No,4140,3,0-12
Male,75,No,0,0,11,No Offer,Yes,2.63,Yes,Fiber Optic,13,No,Yes,Yes,Yes,Yes,Yes,No,No,Two Year,Yes,Bank Withdrawal,111.4,0.0,40,No,3175,8,0-12
Female,78,Yes,0,2,68,No Offer,Yes,40.55,No,DSL,20,No,Yes,Yes,Yes,No,No,No,Yes,One Year,Yes,Bank Withdrawal,60.65,0.0,0,No,6418,6,49-72
Female,73,Yes,0,4,21,No Offer,Yes,30.3,Yes,DSL,18,No,Yes,Yes,No,No,Yes,No,No,One Year,No,Bank Withdrawal,71.7,0.0,100,No,2784,6,13-24
Female,75,No,0,0,65,Offer B,No,0.0,No,Cable,9,No,Yes,Yes,No,Yes,Yes,No,Yes,Two Year,Yes,Bank Withdrawal,53.5,0.0,0,No,5693,6,49-72
Female,66,No,0,0,50,Offer B,Yes,10.6,Yes,Fiber Optic,14,No,Yes,No,Yes,Yes,Yes,No,Yes,One Year,Yes,Bank Withdrawal,106.8,0.0,0,No,5746,8,49-72
Female,67,No,0,0,7,No Offer,Yes,7.82,No,Cable,7,No,Yes,Yes,No,Yes,No,No,Yes,Two Year,Yes,Bank Withdrawal,64.95,0.0,0,No,4615,6,0-12
Male,67,Yes,2,4,72,No Offer,Yes,16.82,No,Fiber Optic,25,Yes,No,Yes,Yes,Yes,Yes,No,No,Two Year,Yes,Credit Card,104.1,0.0,40,No,5092,7,49-72
Female,68,Yes,0,8,30,Offer C,Yes,47.75,Yes,Fiber Optic,27,No,Yes,No,No,Yes,No,No,Yes,Two Year,Yes,Bank Withdrawal,90.05,0.0,0,No,3792,6,25-48
Male,79,Yes,0,7,38,Offer C,Yes,4.75,Yes,Fiber Optic,24,No,Yes,Yes,No,Yes,Yes,No,Yes,Two Year,Yes,Bank Withdrawal,102.6,45.81,0,No,5469,8,25-48
Male,71,Yes,1,10,60,No Offer,Yes,18.23,Yes,Fiber Optic,11,Yes,No,No,No,No,No,No,Yes,Two Year,Yes,Bank Withdrawal,80.95,49.53,0,No,6214,5,49-72
Female,69,Yes,0,4,65,No Offer,Yes,48.53,Yes,Fiber Optic,9,No,Yes,Yes,No,Yes,Yes,No,Yes,Two Year,Yes,Bank Withdrawal,108.8,21.52,0,No,5225,8,49-72
Female,70,Yes,0,3,67,No Offer,Yes,2.67,Yes,Fiber Optic,25,Yes,Yes,Yes,Yes,No,Yes,No,Yes,One Year,Yes,Credit Card,105.4,0.0,0,No,5703,9,49-72
Male,72,No,1,0,7,No Offer,Yes,41.14,No,DSL,17,No,No,No,No,No,No,No,Yes,Two Year,Yes,Credit Card,45.75,29.0,0,No,3779,3,0-12
Male,71,Yes,0,0,27,Offer C,Yes,30.49,No,Fiber Optic,16,No,No,No,No,No,No,No,Yes,Two Year,Yes,Bank Withdrawal,70.55,29.99,0,No,2534,3,25-48
Female,68,Yes,0,4,55,No Offer,Yes,22.74,Yes,Fiber Optic,21,No,Yes,Yes,Yes,No,No,No,Yes,Two Year,No,Bank Withdrawal,90.45,12.48,0,No,5140,7,49-72
Female,74,No,0,0,3,No Offer,Yes,46.65,No,Fiber Optic,25,No,No,Yes,No,No,No,No,Yes,Two Year,No,Bank Withdrawal,73.85,0.0,0,No,2868,4,0-12
Male,69,No,0,0,30,No Offer,Yes,19.92,Yes,DSL,30,No,No,Yes,Yes,Yes,No,No,Yes,Two Year,Yes,Credit Card,69.1,21.08,0,No,3415,7,25-48
Female,76,No,0,0,2,No Offer,Yes,32.98,No,Fiber Optic,14,No,Yes,No,No,Yes,No,No,Yes,Two Year,Yes,Bank Withdrawal,83.8,0.0,0,No,2885,5,0-12
Female,79,No,0,0,17,No Offer,Yes,32.19,Yes,Fiber Optic,11,No,No,No,No,Yes,Yes,Yes,Yes,Two Year,Yes,Bank Withdrawal,94.2,36.4,0,No,4425,7,13-24
Male,80,Yes,2,10,61,No Offer,Yes,4.51,Yes,Fiber Optic,22,No,Yes,No,No,Yes,Yes,Yes,Yes,One Year,No,Bank Withdrawal,99.0,21.17,0,No,5177,8,49-72
Male,75,No,0,0,52,No Offer,Yes,23.04,Yes,Fiber Optic,25,No,Yes,Yes,Yes,Yes,Yes,Yes,Yes,Two Year,Yes,Bank Withdrawal,110.75,6.26,0,No,4993,10,49-72
Female,70,Yes,0,10,72,No Offer,Yes,28.09,Yes,Fiber Optic,20,Yes,Yes,Yes,Yes,No,No,No,Yes,Two Year,Yes,Bank Withdrawal,96.6,0.0,0,No,5153,8,49-72
Female,76,No,0,0,44,No Offer,Yes,7.72,No,DSL,17,No,No,Yes,Yes,Yes,Yes,Yes,Yes,One Year,No,Bank Withdrawal,74.85,17.91,0,No,3253,8,25-48
Male,67,No,0,0,65,No Offer,Yes,4.4,Yes,Fiber Optic,10,Yes,No,Yes,Yes,Yes,Yes,Yes,Yes,Two Year,Yes,Bank Withdrawal,109.05,34.67,0,No,5692,10,49-72
Male,77,Yes,0,0,72,No Offer,Yes,28.99,Yes,No Internet Service,0,No,No,No,No,No,No,No,No,Two Year,Yes,Bank Withdrawal,25.0,28.93,0,No,4055,2,49-72
Male,80,Yes,0,2,60,No Offer,Yes,22.95,Yes,Fiber Optic,15,No,Yes,Yes,No,Yes,Yes,Yes,Yes,One Year,Yes,Bank Withdrawal,104.35,41.23,0,No,4040,9,49-72
Female,79,No,0,0,26,No Offer,Yes,12.09,Yes,DSL,15,No,No,No,Yes,No,Yes,Yes,Yes,Two Year,Yes,Bank Withdrawal,66.05,47.73,0,No,3225,7,25-48
Female,79,Yes,0,2,42,No Offer,Yes,35.38,Yes,Fiber Optic,7,Yes,No,Yes,No,Yes,Yes,Yes,Yes,One Year,Yes,Bank Withdrawal,105.2,40.46,0,No,5573,9,25-48
Female,66,No,0,0,23,No Offer,Yes,8.72,Yes,Fiber Optic,18,No,No,Yes,No,No,No,No,Yes,Two Year,Yes,Credit Card,79.35,15.41,0,No,3558,5,13-24
Male,65,Yes,0,0,72,No Offer,Yes,44.61,Yes,Fiber Optic,30,No,Yes,No,No,Yes,Yes,Yes,Yes,Two Year,No,Bank Withdrawal,98.35,0.0,0,No,6120,8,49-72
Female,73,Yes,0,5,22,Offer D,Yes,17.22,Yes,DSL,25,Yes,Yes,No,Yes,No,No,No,Yes,Two Year,Yes,Credit Card,63.55,0.0,0,No,2136,7,13-24
Male,69,No,0,0,54,No Offer,Yes,18.58,Yes,Fiber Optic,14,No,Yes,No,No,No,Yes,No,Yes,Two Year,Yes,Bank Withdrawal,90.05,0.0,0,No,5232,6,49-72
Female,78,Yes,0,1,47,No Offer,Yes,46.77,Yes,DSL,24,Yes,Yes,Yes,No,No,No,No,Yes,Two Year,Yes,Credit Card,67.45,0.0,0,No,4074,7,25-48
Female,78,No,0,0,52,No Offer,No,0.0,No,DSL,23,No,Yes,Yes,Yes,Yes,No,No,Yes,Two Year,Yes,Bank Withdrawal,50.5,0.0,0,No,5185,6,49-72
Female,76,Yes,0,2,26,No Offer,Yes,17.12,No,Cable,17,No,No,Yes,No,No,Yes,No,Yes,One Year,No,Credit Card,60.7,0.0,0,No,2502,5,25-48
Male,71,No,0,0,48,No Offer,Yes,5.87,Yes,Fiber Optic,2,No,Yes,No,No,Yes,Yes,No,Yes,One Year,Yes,Bank Withdrawal,99.0,0.0,0,No,3061,7,25-48
Male,72,No,0,0,4,No Offer,No,0.0,No,DSL,10,No,Yes,No,No,Yes,Yes,No,Yes,Two Year,Yes,Credit Card,50.95,0.0,0,No,2104,5,0-12
Female,70,Yes,0,1,72,No Offer,Yes,24.44,Yes,DSL,13,Yes,Yes,Yes,Yes,Yes,Yes,No,Yes,Two Year,No,Credit Card,89.1,0.0,0,No,4627,10,49-72
Female,71,Yes,1,7,22,Offer D,Yes,40.19,Yes,Fiber Optic,27,No,No,No,No,Yes,No,No,Yes,Two Year,No,Bank Withdrawal,85.35,0.0,0,No,2656,5,13-24
Male,74,No,0,0,24,No Offer,Yes,8.66,Yes,Cable,27,No,Yes,No,No,No,No,No,No,Two Year,No,Credit Card,54.8,0.0,110,No,4330,4,13-24
Male,75,No,0,0,31,No Offer,Yes,46.71,Yes,Fiber Optic,24,No,Yes,No,No,Yes,No,No,No,Two Year,Yes,Bank Withdrawal,90.7,0.0,100,No,3493,5,25-48
Female,65,No,0,0,9,No Offer,Yes,24.96,No,Fiber Optic,9,No,No,Yes,No,No,No,No,Yes,Two Year,No,Credit Card,75.5,0.0,0,No,3021,4,0-12
Male,80,No,0,0,71,No Offer,Yes,6.1,Yes,Fiber Optic,9,No,Yes,No,Yes,Yes,Yes,No,Yes,One Year,No,Bank Withdrawal,105.75,0.0,0,No,4921,8,49-72
Male,76,Yes,0,7,1,No Offer,Yes,17.84,Yes,Fiber Optic,20,No,No,No,No,No,No,No,Yes,Two Year,No,Bank Withdrawal,74.3,0.0,0,No,2968,4,0-12
Female,73,No,0,0,1,Offer E,Yes,32.61,No,Fiber Optic,27,No,No,No,No,No,No,No,No,Two Year,Yes,Credit Card,70.6,0.0,30,No,2576,2,0-12
Female,67,No,0,0,28,No Offer,Yes,12.72,Yes,Cable,23,No,Yes,Yes,Yes,No,No,No,Yes,Two Year,No,Bank Withdrawal,64.45,0.0,0,No,3820,7,25-48
Male,66,No,0,0,16,Offer D,Yes,22.9,No,Fiber Optic,24,No,No,No,No,No,No,No,Yes,Two Year,No,Bank Withdrawal,69.65,0.0,0,No,5610,3,13-24
Male,65,Yes,0,1,65,No Offer,Yes,16.65,Yes,Fiber Optic,5,No,Yes,Yes,No,Yes,Yes,Yes,Yes,One Year,Yes,Bank Withdrawal,103.15,0.0,0,No,6441,9,49-72
Male,76,No,0,0,56,No Offer,Yes,5.19,Yes,Fiber Optic,16,No,No,Yes,No,Yes,Yes,No,No,Two Year,Yes,Bank Withdrawal,101.05,0.0,10,No,5514,6,49-72
Male,79,Yes,0,1,72,No Offer,Yes,17.3,Yes,DSL,23,Yes,Yes,Yes,No,Yes,Yes,No,Yes,Two Year,Yes,Credit Card,84.1,0.0,0,No,4671,9,49-72
Male,76,Yes,0,7,11,Offer D,Yes,24.42,No,Fiber Optic,29,No,No,No,No,No,No,No,Yes,Two Year,Yes,Bank Withdrawal,70.2,0.0,0,No,2848,3,0-12
Male,77,Yes,0,7,30,No Offer,Yes,40.5,Yes,DSL,8,No,No,Yes,No,Yes,Yes,No,Yes,Two Year,No,Bank Withdrawal,74.85,0.0,0,No,5610,7,25-48
Female,71,Yes,0,0,59,No Offer,Yes,19.14,Yes,Fiber Optic,13,Yes,Yes,Yes,Yes,No,No,No,No,One Year,Yes,Bank Withdrawal,94.05,0.0,30,No,5061,7,49-72
Male,75,Yes,0,5,72,No Offer,Yes,28.5,Yes,Fiber Optic,5,Yes,Yes,Yes,No,No,Yes,No,Yes,Two Year,Yes,Credit Card,102.65,0.0,0,No,4680,8,49-72
Male,75,Yes,0,2,71,No Offer,Yes,1.23,No,Fiber Optic,9,No,Yes,Yes,Yes,No,Yes,No,Yes,Two Year,Yes,Credit Card,95.5,0.0,0,No,6412,7,49-72
Male,71,Yes,0,8,56,No Offer,Yes,31.68,No,DSL,30,Yes,Yes,Yes,Yes,Yes,Yes,No,Yes,Two Year,Yes,Bank Withdrawal,85.65,0.0,0,No,6500,9,49-72
Male,72,No,0,0,34,No Offer,Yes,35.0,No,Fiber Optic,12,No,Yes,Yes,No,Yes,Yes,No,Yes,One Year,Yes,Bank Withdrawal,99.85,0.0,0,No,5626,7,25-48
Female,76,No,0,0,64,No Offer,Yes,22.86,Yes,Fiber Optic,24,Yes,No,Yes,Yes,Yes,Yes,No,Yes,Two Year,Yes,Bank Withdrawal,108.95,0.0,0,No,5780,9,49-72
Male,70,No,0,0,20,Offer D,Yes,48.46,No,Fiber Optic,23,No,No,No,No,Yes,Yes,No,Yes,Two Year,No,Bank Withdrawal,89.95,0.0,0,No,4812,5,13-24
Female,73,Yes,0,3,70,Offer A,Yes,39.34,Yes,Fiber Optic,13,No,Yes,No,Yes,Yes,Yes,No,Yes,Two Year,Yes,Bank Withdrawal,104.45,0.0,0,No,5004,8,49-72
Male,78,No,0,0,5,Offer E,Yes,17.13,No,Fiber Optic,9,No,No,No,No,No,No,No,Yes,Two Year,Yes,Credit Card,71.45,0.0,0,No,5171,3,0-12
Female,74,Yes,0,4,72,Offer A,Yes,5.77,Yes,DSL,24,Yes,Yes,Yes,Yes,Yes,Yes,No,Yes,Two Year,Yes,Credit Card,89.55,0.0,0,No,4993,10,49-72
Female,73,Yes,0,0,66,Offer A,Yes,28.06,Yes,Fiber Optic,20,No,Yes,No,No,Yes,Yes,No,Yes,Two Year,Yes,Bank Withdrawal,100.8,0.0,0,No,5469,7,49-72
Male,69,Yes,0,7,72,Offer A,Yes,5.27,No,DSL,9,Yes,Yes,Yes,Yes,Yes,No,No,No,Two Year,No,Bank Withdrawal,74.4,0.0,140,No,5590,7,49-72
Male,73,Yes,0,10,72,Offer A,Yes,1.34,Yes,Fiber Optic,30,Yes,Yes,Yes,Yes,No,No,No,Yes,Two Year,Yes,Bank Withdrawal,93.05,0.0,0,No,4988,8,49-72
Male,79,Yes,0,5,52,No Offer,Yes,39.0,No,Fiber Optic,11,Yes,No,Yes,Yes,Yes,Yes,No,Yes,One Year,Yes,Bank Withdrawal,104.45,0.0,0,No,5490,8,49-72
Female,72,No,0,0,40,No Offer,Yes,44.14,No,Fiber Optic,23,No,No,No,No,Yes,Yes,No,Yes,Two Year,Yes,Bank Withdrawal,91.55,0.0,0,No,5742,5,25-48
Female,75,Yes,0,10,44,No Offer,Yes,20.83,Yes,Fiber Optic,9,No,No,Yes,Yes,Yes,Yes,No,Yes,Two Year,No,Bank Withdrawal,104.15,0.0,0,No,2944,8,25-48
Female,68,No,0,0,7,Offer E,Yes,10.53,No,DSL,21,Yes,No,No,No,No,No,No,Yes,Two Year,Yes,Bank Withdrawal,48.2,0.0,0,No,5525,4,0-12
Male,66,No,0,0,72,Offer A,Yes,2.37,Yes,No Internet Service,0,No,No,No,No,No,No,No,No,Two Year,Yes,Credit Card,25.1,0.0,0,No,5751,2,49-72
Female,74,No,0,0,8,Offer E,Yes,39.86,Yes,Fiber Optic,23,No,No,No,Yes,Yes,Yes,Yes,Yes,Two Year,Yes,Credit Card,100.15,0.0,0,No,5157,8,0-12
Male,78,Yes,0,7,8,Offer E,Yes,25.57,No,Cable,12,No,No,Yes,Yes,No,Yes,Yes,Yes,Two Year,Yes,Credit Card,64.4,0.0,0,No,4537,7,0-12
Male,73,No,0,0,1,Offer E,Yes,49.34,No,DSL,15,No,No,No,No,No,No,No,Yes,Two Year,No,Bank Withdrawal,45.2,0.0,0,No,4576,3,0-12
Female,79,Yes,3,6,48,No Offer,Yes,13.4,No,Fiber Optic,75,Yes,No,Yes,Yes,Yes,Yes,Yes,Yes,Two Year,Yes,Bank Withdrawal,104.5,0.0,0,No,3847,9,25-48
Female,69,No,0,0,65,No Offer,Yes,32.41,Yes,Fiber Optic,21,No,Yes,Yes,No,Yes,No,No,Yes,Two Year,Yes,Bank Withdrawal,95.45,0.0,0,No,4168,7,49-72
Female,68,Yes,0,4,26,No Offer,Yes,46.24,No,Fiber Optic,4,No,No,Yes,No,Yes,No,No,Yes,Two Year,Yes,Credit Card,85.7,0.0,0,No,3935,5,25-48
Female,70,Yes,0,1,35,No Offer,Yes,45.13,Yes,Fiber Optic,10,No,No,Yes,No,Yes,Yes,Yes,Yes,Two Year,No,Bank Withdrawal,102.05,0.0,0,No,3199,8,25-48
Male,69,Yes,0,6,16,Offer D,Yes,48.41,Yes,Fiber Optic,6,No,No,No,No,Yes,No,No,Yes,Two Year,Yes,Credit Card,85.05,0.0,0,No,3739,5,13-24
Female,75,No,0,0,14,Offer D,No,0.0,No,DSL,24,Yes,No,Yes,Yes,No,No,No,Yes,Two Year,No,Credit Card,39.7,0.0,0,No,3162,5,13-24
Male,75,No,0,0,18,Offer D,Yes,1.92,Yes,Fiber Optic,25,No,No,Yes,Yes,Yes,No,No,Yes,Two Year,No,Bank Withdrawal,93.9,0.0,0,No,3728,7,13-24
Female,67,Yes,0,1,71,Offer A,Yes,9.96,No,Fiber Optic,14,Yes,Yes,Yes,Yes,Yes,Yes,Yes,Yes,Two Year,Yes,Bank Withdrawal,109.7,0.0,0,No,5011,10,49-72
Male,65,Yes,0,1,48,No Offer,Yes,25.19,Yes,Fiber Optic,22,No,No,Yes,No,No,Yes,Yes,Yes,Two Year,Yes,Credit Card,91.05,0.0,0,No,3594,7,25-48
Female,67,Yes,0,1,31,No Offer,Yes,44.26,Yes,Fiber Optic,22,No,No,Yes,No,Yes,No,No,Yes,One Year,Yes,Bank Withdrawal,90.7,0.0,0,No,2364,6,25-48
Female,74,Yes,0,1,38,No Offer,Yes,49.82,Yes,Fiber Optic,27,Yes,Yes,No,No,No,Yes,Yes,No,One Year,No,Credit Card,95.0,0.0,70,No,5148,7,25-48
Male,72,No,1,0,11,No Offer,Yes,11.86,No,Cable,23,No,Yes,No,Yes,No,No,No,Yes,Two Year,Yes,Bank Withdrawal,54.55,0.0,0,No,4143,5,0-12
Female,77,No,0,0,27,No Offer,Yes,2.97,Yes,Fiber Optic,4,No,Yes,Yes,No,No,No,No,Yes,Two Year,Yes,Bank Withdrawal,86.45,0.0,0,No,5990,6,25-48
Male,72,No,0,0,1,Offer E,Yes,2.97,No,Fiber Optic,5,No,No,No,No,No,No,No,Yes,Two Year,Yes,Bank Withdrawal,70.05,0.0,0,No,2469,3,0-12
Male,75,Yes,0,10,59,No Offer,Yes,4.21,No,Fiber Optic,21,Yes,Yes,Yes,No,No,No,No,Yes,One Year,Yes,Credit Card,82.95,0.0,0,No,5295,6,49-72
Female,79,Yes,0,0,50,No Offer,Yes,31.43,Yes,No Internet Service,0,No,No,No,No,No,No,No,No,One Year,No,Bank Withdrawal,25.2,0.0,0,No,4015,2,49-72
Female,72,No,0,0,31,No Offer,Yes,47.48,No,Fiber Optic,8,Yes,No,No,No,No,No,No,Yes,Two Year,Yes,Credit Card,73.55,0.0,0,No,2057,4,25-48
Female,66,No,0,0,2,No Offer,Yes,24.95,No,Fiber Optic,22,No,No,No,No,Yes,No,No,Yes,Two Year,No,Credit Card,81.5,0.0,0,No,4267,4,0-12
Female,65,No,0,0,4,No Offer,Yes,4.29,Yes,Fiber Optic,7,No,No,No,No,No,No,No,Yes,Two Year,Yes,Bank Withdrawal,74.45,0.0,0,No,4093,4,0-12
Male,66,Yes,0,10,57,No Offer,Yes,46.62,No,Fiber Optic,4,No,Yes,Yes,No,Yes,No,No,Yes,One Year,Yes,Bank Withdrawal,90.65,0.0,0,No,5636,6,49-72
Male,77,Yes,0,1,50,No Offer,Yes,40.9,Yes,Fiber Optic,8,Yes,No,Yes,No,Yes,Yes,Yes,Yes,Two Year,Yes,Credit Card,105.05,0.0,0,No,5324,9,49-72
Male,68,Yes,0,5,61,No Offer,Yes,19.14,Yes,No Internet Service,0,No,No,No,No,No,No,No,No,Two Year,No,Bank Withdrawal,25.0,0.0,0,No,6421,2,49-72
Female,65,Yes,0,5,72,Offer A,Yes,8.68,Yes,No Internet Service,0,No,No,No,No,No,No,No,No,Two Year,No,Bank Withdrawal,24.3,0.0,0,No,4397,2,49-72
Male,73,Yes,0,10,29,No Offer,Yes,32.03,No,Fiber Optic,16,Yes,No,Yes,No,No,Yes,Yes,Yes,One Year,No,Bank Withdrawal,90.1,0.0,0,No,3553,7,25-48
Female,69,No,0,0,41,No Offer,Yes,14.61,No,Fiber Optic,9,No,No,Yes,Yes,Yes,Yes,Yes,Yes,One Year,Yes,Bank Withdrawal,101.1,0.0,0,No,2227,8,25-48
Female,67,Yes,0,1,70,Offer A,Yes,18.67,Yes,DSL,21,Yes,Yes,Yes,Yes,Yes,Yes,Yes,Yes,Two Year,Yes,Bank Withdrawal,92.2,0.0,0,No,5264,11,49-72
Male,67,No,0,0,8,No Offer,Yes,42.53,No,Fiber Optic,6,No,No,No,No,No,No,No,Yes,Two Year,Yes,Credit Card,69.95,0.0,0,No,2939,3,0-12
Male,80,No,0,0,2,No Offer,Yes,7.03,No,No Internet Service,0,No,No,No,No,No,No,No,No,Two Year,No,Bank Withdrawal,19.2,0.0,0,No,4577,1,0-12
Female,80,No,1,0,30,No Offer,Yes,37.42,Yes,Fiber Optic,17,No,No,No,Yes,Yes,Yes,Yes,Yes,Two Year,Yes,Bank Withdrawal,101.3,0.0,0,No,2440,8,25-48
Female,67,No,0,0,57,Offer B,Yes,11.23,No,DSL,30,Yes,No,Yes,Yes,Yes,No,No,Yes,Two Year,No,Bank Withdrawal,69.85,0.0,0,No,4759,7,49-72
Female,72,Yes,0,1,25,No Offer,Yes,19.44,No,Fiber Optic,4,No,Yes,Yes,No,No,Yes,Yes,Yes,Two Year,No,Bank Withdrawal,88.4,0.0,0,No,4849,7,25-48
Male,73,Yes,2,1,28,No Offer,Yes,4.71,Yes,DSL,21,No,No,No,No,No,No,No,No,One Year,Yes,Bank Withdrawal,51.0,0.0,80,No,5195,3,25-48
Female,74,Yes,0,8,70,Offer A,Yes,46.2,Yes,Fiber Optic,14,Yes,Yes,Yes,Yes,Yes,Yes,No,Yes,Two Year,Yes,Credit Card,113.0,0.0,0,No,4588,10,49-72
Female,79,No,0,0,5,No Offer,Yes,43.99,No,DSL,27,Yes,Yes,No,Yes,No,No,No,No,Two Year,No,Credit Card,59.9,0.0,20,No,3662,5,0-12
Male,73,Yes,0,10,33,No Offer,Yes,44.54,No,Fiber Optic,18,Yes,Yes,No,Yes,No,Yes,No,Yes,One Year,Yes,Bank Withdrawal,93.55,0.0,0,No,4414,7,25-48
Female,65,No,0,0,4,No Offer,Yes,41.98,No,No Internet Service,0,No,No,No,No,No,No,No,No,Two Year,No,Credit Card,20.05,0.0,0,No,3460,1,0-12
Female,79,Yes,0,6,72,Offer A,Yes,14.75,Yes,Fiber Optic,16,Yes,Yes,Yes,Yes,Yes,Yes,No,Yes,Two Year,Yes,Credit Card,116.75,0.0,0,No,5098,10,49-72
Female,79,No,0,0,34,No Offer,Yes,14.23,Yes,Fiber Optic,13,No,Yes,No,Yes,Yes,No,No,Yes,Two Year,Yes,Bank Withdrawal,96.35,0.0,0,No,5425,7,25-48
Male,65,Yes,0,8,41,Offer B,No,0.0,No,Cable,9,No,Yes,Yes,No,Yes,Yes,Yes,Yes,Two Year,Yes,Bank Withdrawal,53.95,0.0,0,No,3920,7,25-48
Female,78,Yes,1,8,56,Offer B,Yes,5.93,No,DSL,19,Yes,No,No,Yes,Yes,Yes,No,No,Two Year,Yes,Credit Card,72.6,0.0,140,No,6357,6,49-72
Male,75,No,0,0,52,Offer B,Yes,42.19,Yes,Fiber Optic,11,No,No,No,No,No,No,No,Yes,Two Year,Yes,Bank Withdrawal,72.95,0.0,0,No,4368,4,49-72
Female,70,Yes,0,6,60,Offer B,Yes,24.68,Yes,Fiber Optic,19,No,Yes,No,No,No,Yes,No,No,Two Year,No,Bank Withdrawal,89.45,0.0,10,No,4340,5,49-72
Male,75,No,0,0,7,No Offer,No,0.0,No,DSL,26,No,Yes,No,Yes,No,Yes,No,Yes,Two Year,Yes,Bank Withdrawal,44.4,0.0,0,No,3410,5,0-12
Male,75,No,0,0,37,Offer C,No,0.0,No,DSL,29,No,Yes,Yes,No,No,No,No,Yes,Two Year,No,Bank Withdrawal,36.65,0.0,0,No,2494,4,25-48
Female,76,Yes,3,8,65,Offer B,Yes,1.58,Yes,Fiber Optic,27,No,No,Yes,Yes,Yes,Yes,No,Yes,One Year,Yes,Bank Withdrawal,103.9,0.0,0,No,5669,8,49-72
Female,72,No,0,0,66,Offer A,Yes,36.48,Yes,DSL,5,Yes,Yes,No,Yes,No,No,No,Yes,One Year,Yes,Credit Card,63.85,0.0,0,No,4657,7,49-72
Male,69,Yes,0,5,60,Offer B,Yes,10.4,Yes,Fiber Optic,5,No,No,No,Yes,Yes,Yes,No,No,Two Year,Yes,Bank Withdrawal,99.0,0.0,150,No,4763,6,49-72
Male,69,Yes,0,4,70,No Offer,Yes,40.94,Yes,DSL,8,Yes,Yes,Yes,Yes,Yes,Yes,No,Yes,Two Year,Yes,Credit Card,88.55,0.0,0,No,4097,10,49-72
Male,76,No,0,0,67,No Offer,Yes,38.85,Yes,Fiber Optic,19,No,No,Yes,No,Yes,Yes,No,Yes,Two Year,Yes,Credit Card,101.4,0.0,0,No,5269,7,49-72
Female,78,Yes,1,2,72,No Offer,Yes,9.88,Yes,Cable,16,Yes,Yes,Yes,Yes,Yes,Yes,No,Yes,Two Year,Yes,Bank Withdrawal,90.15,0.0,0,No,4606,10,49-72
Male,68,No,0,0,67,No Offer,Yes,44.56,Yes,Fiber Optic,29,Yes,Yes,Yes,Yes,Yes,Yes,No,No,Two Year,Yes,Credit Card,116.1,0.0,40,No,5896,9,49-72
Female,65,No,0,0,6,No Offer,Yes,12.67,No,Fiber Optic,20,Yes,No,No,No,No,No,No,Yes,Two Year,Yes,Bank Withdrawal,74.1,0.0,0,No,4716,4,0-12
Male,78,Yes,0,9,32,Offer C,Yes,43.54,Yes,Fiber Optic,3,No,Yes,Yes,No,No,Yes,No,Yes,Two Year,Yes,Bank Withdrawal,93.5,0.0,0,No,5804,7,25-48
Male,67,Yes,0,1,8,No Offer,No,0.0,No,Cable,27,No,Yes,Yes,No,No,Yes,No,Yes,Two Year,Yes,Credit Card,43.35,0.0,0,No,2560,5,0-12
Female,73,No,2,0,33,Offer C,Yes,12.75,Yes,Fiber Optic,19,No,Yes,Yes,No,Yes,Yes,No,Yes,Two Year,Yes,Bank Withdrawal,105.35,0.0,0,No,4738,8,25-48
Male,72,Yes,0,7,55,Offer B,Yes,12.91,Yes,Fiber Optic,21,No,Yes,Yes,Yes,Yes,Yes,No,Yes,Two Year,Yes,Bank Withdrawal,113.6,0.0,0,No,5754,9,49-72
Female,71,No,0,0,14,No Offer,No,0.0,No,Cable,5,No,No,No,No,Yes,Yes,Yes,Yes,Two Year,Yes,Bank Withdrawal,46.35,0.0,0,No,2056,5,13-24
Male,78,No,0,0,57,Offer B,Yes,28.44,No,DSL,24,No,No,Yes,Yes,No,No,No,Yes,One Year,Yes,Bank Withdrawal,53.5,0.0,0,No,5521,5,49-72
Female,66,Yes,0,8,37,No Offer,Yes,15.6,No,Fiber Optic,19,No,No,Yes,Yes,Yes,No,No,Yes,Two Year,No,Bank Withdrawal,90.0,0.0,0,No,4048,6,25-48
Female,78,No,0,0,24,No Offer,Yes,18.39,No,No Internet Service,0,No,No,No,No,No,No,No,No,Two Year,Yes,Credit Card,20.3,0.0,0,No,3740,1,13-24
Male,76,No,2,0,38,No Offer,Yes,45.13,Yes,Fiber Optic,27,Yes,No,No,No,No,No,No,Yes,Two Year,Yes,Credit Card,80.45,0.0,0,No,2926,5,25-48
Male,72,Yes,0,6,44,Offer B,Yes,14.65,Yes,Fiber Optic,30,No,No,Yes,No,Yes,No,No,Yes,Two Year,Yes,Bank Withdrawal,89.2,0.0,0,No,2925,6,25-48
Male,73,No,0,0,67,No Offer,Yes,14.69,Yes,No Internet Service,0,No,No,No,No,No,No,No,No,Two Year,No,Credit Card,25.1,0.0,0,No,6388,2,49-72
Female,75,Yes,0,7,25,No Offer,Yes,38.59,No,Fiber Optic,24,No,No,No,No,No,No,No,Yes,Two Year,Yes,Bank Withdrawal,69.3,0.0,0,No,4442,3,25-48
Female,74,Yes,0,3,67,No Offer,Yes,11.91,Yes,Fiber Optic,10,Yes,Yes,No,No,Yes,Yes,Yes,Yes,One Year,Yes,Bank Withdrawal,105.6,0.0,0,No,5768,9,49-72
Male,76,Yes,0,9,72,No Offer,No,0.0,No,DSL,9,Yes,Yes,Yes,Yes,Yes,Yes,Yes,Yes,Two Year,Yes,Credit Card,64.45,0.0,0,No,5295,9,49-72
Male,68,Yes,0,3,24,No Offer,No,0.0,No,Cable,28,No,No,Yes,Yes,No,No,No,Yes,Two Year,No,Credit Card,34.25,0.0,0,No,2525,4,13-24
Male,66,No,0,0,9,Offer E,Yes,39.77,Yes,Fiber Optic,25,No,No,No,No,No,No,No,Yes,Two Year,Yes,Bank Withdrawal,74.05,0.0,0,No,2003,4,0-12
Female,70,No,0,0,44,Offer B,Yes,35.39,No,Fiber Optic,19,No,Yes,Yes,No,No,Yes,Yes,Yes,One Year,No,Credit Card,89.15,0.0,0,No,4368,7,25-48
Female,65,Yes,2,2,70,No Offer,Yes,9.4,Yes,Fiber Optic,17,No,Yes,Yes,Yes,Yes,Yes,Yes,No,One Year,Yes,Bank Withdrawal,107.9,0.0,20,No,5899,9,49-72
Male,73,Yes,1,8,68,No Offer,Yes,35.14,No,No Internet Service,0,No,No,No,No,No,No,No,No,One Year,No,Bank Withdrawal,19.5,0.0,0,No,5443,1,49-72
Female,68,Yes,0,10,72,No Offer,Yes,15.82,Yes,DSL,13,Yes,Yes,Yes,Yes,No,Yes,Yes,Yes,Two Year,No,Bank Withdrawal,78.45,0.0,0,No,4032,10,49-72
Female,76,No,0,0,4,No Offer,Yes,35.67,No,Fiber Optic,8,No,Yes,No,No,No,No,No,Yes,Two Year,No,Bank Withdrawal,72.75,0.0,0,No,4503,4,0-12
Male,65,No,0,0,3,Offer E,Yes,37.78,Yes,Fiber Optic,28,No,No,No,No,Yes,Yes,Yes,Yes,Two Year,Yes,Bank Withdrawal,94.85,0.0,0,No,4496,7,0-12
Male,76,No,0,0,39,No Offer,Yes,20.06,Yes,Fiber Optic,3,No,Yes,No,No,No,Yes,Yes,Yes,Two Year,No,Bank Withdrawal,90.7,0.0,0,No,5028,7,25-48
Male,79,No,0,0,12,No Offer,No,0.0,No,DSL,4,No,Yes,No,No,No,No,No,Yes,Two Year,Yes,Credit Card,29.35,38.98,0,No,3606,3,0-12
Male,69,No,0,0,51,No Offer,Yes,24.92,Yes,Fiber Optic,11,No,Yes,No,No,No,No,No,Yes,One Year,Yes,Bank Withdrawal,79.6,16.73,0,No,4673,5,49-72
Male,78,Yes,0,3,4,Offer E,No,0.0,No,DSL,5,No,No,Yes,No,No,No,No,Yes,Two Year,Yes,Bank Withdrawal,29.9,0.0,0,No,2914,3,0-12
Male,77,No,0,0,17,No Offer,Yes,17.26,No,Fiber Optic,25,No,Yes,Yes,No,Yes,Yes,No,No,Two Year,Yes,Bank Withdrawal,101.8,27.15,90,No,3296,6,13-24
Female,70,Yes,2,1,66,No Offer,Yes,44.38,Yes,Fiber Optic,28,Yes,Yes,No,Yes,Yes,Yes,No,Yes,One Year,Yes,Credit Card,110.6,0.0,0,No,5418,9,49-72
Male,71,Yes,0,1,69,No Offer,Yes,18.41,Yes,Fiber Optic,17,No,Yes,Yes,Yes,Yes,Yes,No,Yes,Two Year,Yes,Bank Withdrawal,109.95,0.0,0,No,4297,9,49-72
Male,68,No,0,0,38,No Offer,Yes,46.96,Yes,Fiber Optic,13,No,No,No,No,Yes,Yes,No,Yes,Two Year,No,Bank Withdrawal,94.75,45.82,0,No,3654,6,25-48
Male,71,Yes,0,7,66,No Offer,Yes,7.86,Yes,Fiber Optic,26,No,Yes,Yes,Yes,Yes,Yes,No,Yes,One Year,Yes,Bank Withdrawal,107.35,39.18,0,No,4138,9,49-72
Male,74,Yes,0,6,18,No Offer,Yes,5.73,No,DSL,13,Yes,No,No,No,No,Yes,No,Yes,Two Year,Yes,Credit Card,59.1,31.05,0,No,2422,5,13-24
Female,78,No,0,0,49,No Offer,Yes,35.65,No,DSL,3,No,No,No,No,No,No,No,Yes,Two Year,No,Credit Card,43.8,20.45,0,No,5651,3,49-72
Female,70,No,0,0,2,Offer E,Yes,21.9,Yes,Fiber Optic,22,No,No,No,No,No,Yes,No,Yes,Two Year,Yes,Bank Withdrawal,84.05,0.0,0,No,5039,5,0-12
Female,65,No,0,0,71,No Offer,Yes,25.61,Yes,Fiber Optic,23,No,Yes,Yes,No,Yes,Yes,Yes,No,One Year,Yes,Bank Withdrawal,105.9,6.65,100,No,5479,8,49-72
Female,68,No,0,0,64,No Offer,Yes,27.7,Yes,DSL,21,No,Yes,Yes,Yes,No,Yes,No,Yes,Two Year,No,Credit Card,74.65,47.04,0,No,5113,8,49-72
Female,73,No,0,0,11,No Offer,Yes,2.81,Yes,DSL,3,Yes,No,No,No,No,No,No,Yes,Two Year,Yes,Bank Withdrawal,55.6,15.2,0,No,5014,5,0-12
Male,68,No,0,0,57,No Offer,Yes,32.12,Yes,Fiber Optic,15,No,Yes,No,Yes,Yes,Yes,No,No,Two Year,Yes,Bank Withdrawal,104.9,1.69,90,No,5838,7,49-72
Female,65,Yes,0,7,67,No Offer,Yes,49.94,No,No Internet Service,0,No,No,No,No,No,No,No,No,Two Year,Yes,Bank Withdrawal,20.05,43.66,0,No,4934,1,49-72
Female,77,Yes,0,7,70,No Offer,Yes,35.39,Yes,Fiber Optic,25,Yes,Yes,Yes,Yes,Yes,Yes,No,Yes,Two Year,Yes,Bank Withdrawal,113.65,24.36,0,No,6146,10,49-72
Male,68,Yes,0,2,40,No Offer,Yes,15.15,No,Fiber Optic,18,Yes,Yes,Yes,Yes,Yes,No,No,Yes,One Year,Yes,Credit Card,98.15,27.89,0,No,4332,8,25-48
Male,66,Yes,0,3,70,No Offer,Yes,39.49,Yes,Fiber Optic,28,No,Yes,Yes,No,Yes,Yes,No,Yes,One Year,Yes,Bank Withdrawal,104.8,6.11,0,No,5291,8,49-72
Male,76,Yes,0,6,65,No Offer,Yes,28.68,No,Fiber Optic,20,No,No,No,No,No,No,No,Yes,One Year,Yes,Bank Withdrawal,70.95,7.43,0,No,4871,3,49-72
Female,67,Yes,1,8,29,No Offer,No,0.0,No,DSL,20,No,Yes,Yes,No,No,No,No,Yes,Two Year,Yes,Credit Card,35.65,25.07,0,No,4107,4,25-48
Female,80,No,0,0,15,No Offer,Yes,39.57,No,Fiber Optic,16,No,No,No,No,Yes,Yes,No,Yes,Two Year,Yes,Bank Withdrawal,91.5,48.66,0,No,4173,5,13-24
Female,67,No,0,0,56,No Offer,Yes,27.64,Yes,Fiber Optic,7,No,Yes,Yes,No,Yes,Yes,No,Yes,Two Year,No,Bank Withdrawal,104.75,36.52,0,No,5128,8,49-72
Male,78,Yes,1,10,65,No Offer,Yes,9.68,Yes,Fiber Optic,23,Yes,Yes,No,No,No,No,No,Yes,Two Year,Yes,Bank Withdrawal,85.75,38.09,0,No,4978,6,49-72
Male,66,Yes,0,6,65,No Offer,Yes,32.08,Yes,Fiber Optic,8,Yes,No,No,No,Yes,Yes,No,Yes,One Year,Yes,Bank Withdrawal,100.75,0.0,0,No,4368,7,49-72
Female,76,Yes,0,0,38,No Offer,Yes,3.42,No,Fiber Optic,15,Yes,No,No,No,No,Yes,No,Yes,Two Year,Yes,Bank Withdrawal,83.45,24.98,0,No,2768,5,25-48
Female,79,Yes,0,1,2,Offer E,Yes,32.62,No,Fiber Optic,2,No,No,No,No,No,No,No,Yes,Two Year,Yes,Bank Withdrawal,69.3,0.0,0,No,2901,3,0-12
Male,67,No,0,0,51,No Offer,Yes,3.11,Yes,No Internet Service,0,No,No,No,No,No,No,No,No,One Year,No,Bank Withdrawal,25.0,0.0,0,No,5896,2,49-72
Male,74,No,0,0,43,No Offer,Yes,8.81,Yes,Fiber Optic,7,No,No,No,No,Yes,No,No,Yes,Two Year,Yes,Bank Withdrawal,84.85,0.0,0,No,4556,5,25-48
Male,69,Yes,0,1,2,Offer E,Yes,7.29,No,Fiber Optic,14,No,No,Yes,No,No,No,No,Yes,Two Year,Yes,Bank Withdrawal,74.2,0.0,0,No,3170,4,0-12
Male,65,Yes,0,7,70,No Offer,Yes,12.07,Yes,DSL,17,Yes,Yes,Yes,Yes,Yes,Yes,Yes,Yes,Two Year,No,Credit Card,90.05,0.0,0,No,4666,11,49-72
Female,80,No,0,0,33,No Offer,No,0.0,No,DSL,16,Yes,Yes,Yes,No,Yes,Yes,No,Yes,Two Year,Yes,Bank Withdrawal,59.45,0.0,0,No,3116,7,25-48
Male,69,No,0,0,30,No Offer,Yes,4.04,Yes,Fiber Optic,14,Yes,No,No,No,No,Yes,No,Yes,Two Year,Yes,Credit Card,90.5,0.0,0,No,5983,6,25-48
Female,74,No,0,0,32,No Offer,Yes,48.62,No,Fiber Optic,12,No,No,No,No,No,Yes,No,Yes,Two Year,Yes,Bank Withdrawal,79.5,0.0,0,No,3041,4,25-48
Male,71,Yes,0,7,34,No Offer,Yes,26.49,No,Fiber Optic,18,Yes,No,No,Yes,Yes,No,No,Yes,One Year,No,Credit Card,90.15,0.0,0,No,3202,6,25-48
Male,71,No,0,0,1,Offer E,Yes,11.51,No,DSL,21,No,No,No,No,No,No,No,Yes,Two Year,No,Bank Withdrawal,46.3,0.0,0,No,2546,3,0-12
Male,71,No,0,0,55,No Offer,No,0.0,No,DSL,23,No,No,Yes,No,Yes,Yes,No,Yes,One Year,Yes,Bank Withdrawal,50.05,0.0,0,No,4932,5,49-72
Female,67,Yes,0,6,69,No Offer,Yes,34.55,No,Fiber Optic,19,Yes,Yes,No,No,No,Yes,No,Yes,One Year,No,Credit Card,87.3,0.0,0,No,4148,6,49-72
Male,80,Yes,0,1,33,No Offer,No,0.0,No,DSL,4,No,Yes,Yes,Yes,Yes,No,No,Yes,Two Year,Yes,Bank Withdrawal,50.0,0.0,0,No,5600,6,25-48
Male,75,Yes,0,8,37,No Offer,Yes,23.54,No,Fiber Optic,7,No,No,No,No,No,No,No,Yes,Two Year,Yes,Bank Withdrawal,72.25,0.0,0,No,4121,3,25-48
Female,67,Yes,2,1,62,No Offer,Yes,45.76,Yes,Fiber Optic,12,No,Yes,Yes,No,No,Yes,No,No,Two Year,Yes,Credit Card,96.1,0.0,150,No,5868,6,49-72
Female,68,No,0,0,1,No Offer,Yes,17.6,No,Fiber Optic,2,No,No,No,No,No,No,No,No,Two Year,Yes,Bank Withdrawal,71.25,0.0,10,No,5033,2,0-12
Male,75,No,0,0,72,No Offer,Yes,24.67,Yes,Fiber Optic,26,Yes,Yes,Yes,Yes,Yes,Yes,No,Yes,Two Year,No,Bank Withdrawal,113.8,0.0,0,No,4598,10,49-72
Female,74,Yes,0,3,60,No Offer,Yes,27.68,Yes,Fiber Optic,26,No,No,Yes,No,Yes,Yes,No,Yes,One Year,Yes,Credit Card,100.5,0.0,0,No,6442,7,49-72
Female,80,No,0,0,30,No Offer,Yes,41.93,Yes,Fiber Optic,21,No,Yes,Yes,No,Yes,Yes,No,Yes,Two Year,Yes,Bank Withdrawal,104.1,0.0,0,No,5655,8,25-48
Male,66,No,0,0,8,Offer E,Yes,41.85,No,Fiber Optic,5,No,No,No,No,No,No,No,Yes,Two Year,Yes,Bank Withdrawal,69.7,0.0,0,No,5242,3,0-12
Male,79,No,0,0,71,Offer A,Yes,4.75,Yes,No Internet Service,0,No,No,No,No,No,No,No,No,Two Year,Yes,Credit Card,24.65,0.0,0,No,4788,2,49-72
Female,73,Yes,0,2,70,Offer A,Yes,15.9,No,No Internet Service,0,No,No,No,No,No,No,No,No,Two Year,Yes,Credit Card,19.55,0.0,0,No,5209,1,49-72
Male,74,Yes,0,4,49,No Offer,Yes,1.67,No,DSL,15,No,Yes,No,No,No,No,No,Yes,Two Year,No,Credit Card,49.8,0.0,0,No,4306,4,49-72
Female,69,Yes,1,9,24,No Offer,Yes,20.78,No,Fiber Optic,23,No,No,Yes,No,Yes,Yes,Yes,Yes,Two Year,Yes,Bank Withdrawal,96.55,0.0,0,No,4309,7,13-24
Male,71,No,0,0,11,No Offer,Yes,41.58,No,Fiber Optic,3,No,No,No,No,No,Yes,Yes,Yes,Two Year,Yes,Bank Withdrawal,78.5,0.0,0,No,4333,5,0-12
Female,65,No,0,0,72,Offer A,Yes,26.87,Yes,Fiber Optic,20,No,Yes,Yes,Yes,Yes,Yes,Yes,Yes,Two Year,Yes,Bank Withdrawal,108.1,0.0,0,No,4474,10,49-72
Female,73,Yes,0,3,12,No Offer,Yes,37.15,No,DSL,13,Yes,No,Yes,Yes,Yes,Yes,Yes,No,One Year,Yes,Bank Withdrawal,79.2,0.0,20,No,3355,8,0-12
Male,72,Yes,1,1,52,No Offer,Yes,7.04,Yes,DSL,22,No,Yes,Yes,No,Yes,Yes,Yes,Yes,One Year,Yes,Bank Withdrawal,80.85,0.0,0,No,6090,9,49-72
Female,71,No,0,0,18,No Offer,Yes,7.51,No,Fiber Optic,24,No,Yes,No,No,No,No,No,Yes,Two Year,Yes,Bank Withdrawal,73.55,0.0,0,No,5313,4,13-24
Male,74,Yes,2,3,50,No Offer,Yes,32.9,Yes,DSL,18,Yes,Yes,Yes,No,No,Yes,Yes,Yes,Two Year,Yes,Bank Withdrawal,75.15,0.0,0,No,6084,9,49-72
Male,69,Yes,0,6,72,Offer A,Yes,30.3,Yes,Fiber Optic,14,Yes,Yes,Yes,Yes,Yes,Yes,Yes,No,Two Year,Yes,Credit Card,112.9,0.0,20,No,5569,10,49-72
Male,76,Yes,0,0,64,No Offer,Yes,29.43,Yes,No Internet Service,0,No,No,No,No,No,No,No,No,Two Year,No,Credit Card,25.65,0.0,0,No,6469,2,49-72
Female,69,Yes,0,8,72,Offer A,Yes,7.85,Yes,Fiber Optic,20,Yes,Yes,No,No,Yes,Yes,Yes,No,One Year,Yes,Bank Withdrawal,106.85,0.0,100,No,4768,8,49-72
Female,73,No,0,0,7,No Offer,Yes,11.01,No,Cable,18,No,Yes,No,No,No,No,No,Yes,Two Year,Yes,Credit Card,51.3,0.0,0,No,3660,4,0-12
Female,67,Yes,0,1,52,No Offer,Yes,4.11,Yes,Fiber Optic,17,Yes,Yes,Yes,No,Yes,Yes,No,Yes,Two Year,Yes,Bank Withdrawal,109.1,0.0,0,No,4428,9,49-72
Female,70,Yes,0,1,60,No Offer,Yes,4.06,Yes,Fiber Optic,11,Yes,Yes,Yes,Yes,Yes,Yes,No,Yes,Two Year,Yes,Bank Withdrawal,116.05,0.0,0,No,4734,10,49-72
Male,79,Yes,0,4,67,Offer A,Yes,7.2,Yes,Fiber Optic,23,No,No,No,No,Yes,Yes,No,Yes,Two Year,Yes,Credit Card,94.65,0.0,0,No,4228,6,49-72
Male,69,No,0,0,1,Offer E,Yes,28.67,No,DSL,4,No,No,No,No,No,No,No,Yes,Two Year,No,Bank Withdrawal,44.0,0.0,0,No,4320,3,0-12
Male,79,Yes,0,7,17,No Offer,Yes,46.44,Yes,Fiber Optic,13,No,No,No,No,Yes,Yes,No,Yes,Two Year,Yes,Bank Withdrawal,94.8,0.0,0,No,4831,6,13-24
Female,70,Yes,0,9,52,No Offer,Yes,27.74,Yes,Fiber Optic,18,No,Yes,Yes,No,Yes,Yes,No,No,One Year,Yes,Bank Withdrawal,106.5,0.0,90,No,4499,7,49-72
Female,70,No,0,0,8,Offer E,Yes,44.63,Yes,Fiber Optic,29,No,No,No,No,No,Yes,No,Yes,Two Year,No,Bank Withdrawal,85.2,0.0,0,No,2565,5,0-12
Male,79,Yes,0,5,16,No Offer,Yes,35.53,No,DSL,23,Yes,Yes,No,No,No,No,No,Yes,Two Year,Yes,Bank Withdrawal,54.55,0.0,0,No,3324,5,13-24
Female,72,No,0,0,39,No Offer,Yes,10.03,Yes,Fiber Optic,13,No,No,Yes,No,Yes,Yes,No,Yes,Two Year,Yes,Bank Withdrawal,99.75,0.0,0,No,3860,7,25-48
Female,76,No,0,0,52,No Offer,Yes,11.01,Yes,Fiber Optic,18,Yes,Yes,Yes,No,Yes,Yes,No,Yes,Two Year,No,Credit Card,108.1,0.0,0,No,4251,9,49-72
Male,70,Yes,0,1,72,Offer A,No,0.0,No,DSL,7,Yes,Yes,Yes,Yes,Yes,Yes,No,No,Two Year,Yes,Credit Card,64.95,0.0,30,No,4049,7,49-72
Male,70,Yes,1,1,68,Offer A,Yes,20.31,Yes,Fiber Optic,13,No,Yes,Yes,No,No,No,No,Yes,Two Year,Yes,Bank Withdrawal,84.65,0.0,0,No,6404,6,49-72
Male,77,Yes,0,3,59,No Offer,No,0.0,No,Cable,6,Yes,No,Yes,Yes,Yes,Yes,No,Yes,Two Year,Yes,Credit Card,64.05,0.0,0,No,6306,7,49-72
Female,71,Yes,0,5,46,No Offer,Yes,21.46,Yes,Fiber Optic,15,No,No,No,Yes,Yes,Yes,No,Yes,One Year,No,Bank Withdrawal,100.25,0.0,0,No,5453,7,25-48
Male,80,Yes,0,8,58,No Offer,Yes,31.11,Yes,Fiber Optic,4,No,Yes,No,No,Yes,Yes,No,Yes,Two Year,Yes,Bank Withdrawal,98.9,0.0,0,No,4993,7,49-72
Male,75,No,0,0,11,No Offer,Yes,48.33,Yes,DSL,17,Yes,Yes,No,No,No,No,No,No,Two Year,No,Bank Withdrawal,60.25,0.0,120,No,5296,5,0-12
Female,72,No,0,0,34,No Offer,No,0.0,No,DSL,28,No,Yes,Yes,No,Yes,Yes,No,Yes,Two Year,Yes,Bank Withdrawal,56.25,0.0,0,No,5597,6,25-48
Male,68,Yes,0,6,55,No Offer,Yes,42.9,Yes,Fiber Optic,27,No,No,No,No,No,No,No,Yes,Two Year,Yes,Bank Withdrawal,74.0,0.0,0,No,4958,4,49-72
Male,73,No,0,0,9,Offer E,Yes,24.85,No,Fiber Optic,15,No,No,No,No,No,Yes,No,No,Two Year,Yes,Bank Withdrawal,79.55,0.0,10,No,5811,3,0-12
Female,79,Yes,1,5,14,No Offer,Yes,14.39,Yes,Fiber Optic,30,No,No,No,No,Yes,Yes,No,Yes,Two Year,Yes,Bank Withdrawal,95.8,0.0,0,No,3471,6,13-24
Male,72,Yes,0,2,34,No Offer,Yes,12.98,No,Fiber Optic,8,No,No,No,No,No,No,No,Yes,Two Year,No,Credit Card,71.55,0.0,0,No,3583,3,25-48
Female,78,Yes,0,10,19,No Offer,Yes,19.57,Yes,Fiber Optic,27,No,No,No,No,Yes,Yes,No,Yes,Two Year,Yes,Bank Withdrawal,94.95,0.0,0,No,5316,6,13-24
Male,76,No,0,0,24,No Offer,Yes,46.13,Yes,Fiber Optic,23,No,Yes,No,No,No,No,No,Yes,Two Year,Yes,Bank Withdrawal,80.5,0.0,0,No,4422,5,13-24
Female,77,No,0,0,35,No Offer,No,0.0,No,Cable,26,No,No,Yes,No,Yes,No,No,Yes,Two Year,Yes,Bank Withdrawal,39.85,0.0,0,No,2030,4,25-48
Male,69,Yes,0,0,71,Offer A,Yes,22.19,Yes,No Internet Service,0,No,No,No,No,No,No,No,No,Two Year,No,Bank Withdrawal,24.85,0.0,0,No,4367,2,49-72
Male,71,Yes,0,8,7,No Offer,Yes,41.97,No,Fiber Optic,11,No,No,No,No,Yes,Yes,Yes,Yes,Two Year,Yes,Bank Withdrawal,89.0,0.0,0,No,5711,6,0-12
Female,65,No,0,0,57,Offer B,No,0.0,No,DSL,26,No,Yes,Yes,No,Yes,Yes,Yes,Yes,Two Year,Yes,Bank Withdrawal,55.0,0.0,0,No,4622,7,49-72
Female,78,No,0,0,72,Offer A,Yes,14.94,Yes,Fiber Optic,30,Yes,Yes,Yes,Yes,Yes,Yes,Yes,Yes,Two Year,Yes,Credit Card,117.35,0.0,0,No,4008,11,49-72
Female,80,No,0,0,59,Offer B,Yes,25.57,Yes,Fiber Optic,5,Yes,Yes,Yes,No,No,No,No,Yes,Two Year,Yes,Bank Withdrawal,89.75,0.0,0,No,5170,7,49-72
Male,71,No,0,0,2,Offer E,Yes,37.97,No,DSL,9,No,No,Yes,No,No,No,No,Yes,Two Year,No,Mailed Check,49.95,0.0,0,No,5251,4,0-12
Male,79,No,0,0,32,No Offer,Yes,25.89,No,No Internet Service,0,No,No,No,No,No,No,No,No,One Year,No,Credit Card,19.8,0.0,0,No,3836,1,25-48
Male,78,No,0,0,12,No Offer,Yes,43.4,Yes,Fiber Optic,24,No,No,No,No,No,No,No,Yes,Two Year,Yes,Credit Card,73.3,0.0,0,No,5159,4,0-12
Female,80,No,0,0,45,Offer B,Yes,18.46,Yes,Cable,3,Yes,No,No,Yes,No,Yes,Yes,Yes,Two Year,Yes,Bank Withdrawal,70.05,0.0,0,No,4223,8,25-48
Male,67,No,0,0,5,Offer E,Yes,18.38,No,Fiber Optic,15,No,Yes,No,No,No,Yes,Yes,Yes,Two Year,Yes,Bank Withdrawal,85.55,0.0,0,No,2850,6,0-12
Female,74,Yes,1,9,61,Offer B,Yes,39.31,Yes,DSL,10,No,No,Yes,No,Yes,No,No,Yes,One Year,Yes,Bank Withdrawal,65.2,0.0,0,No,6238,6,49-72
Male,73,Yes,0,8,14,No Offer,Yes,45.46,Yes,Fiber Optic,4,No,No,No,No,No,No,No,Yes,Two Year,Yes,Bank Withdrawal,75.1,0.0,0,No,3771,4,13-24
Female,75,Yes,0,2,72,Offer A,Yes,44.89,Yes,Fiber Optic,24,Yes,Yes,Yes,Yes,Yes,Yes,No,No,Two Year,Yes,Credit Card,115.75,0.0,120,No,6205,9,49-72
Female,80,Yes,0,10,56,Offer B,Yes,11.55,Yes,Fiber Optic,27,Yes,Yes,Yes,Yes,No,No,No,Yes,One Year,No,Bank Withdrawal,95.65,21.71,0,No,6335,8,49-72
Female,65,No,0,0,46,Offer B,Yes,41.17,Yes,Fiber Optic,30,No,Yes,Yes,No,Yes,Yes,Yes,Yes,Two Year,Yes,Bank Withdrawal,104.45,36.78,0,No,4103,9,25-48
Male,70,Yes,0,5,4,No Offer,Yes,6.03,No,Fiber Optic,8,No,No,No,No,No,No,No,Yes,Two Year,Yes,Bank Withdrawal,70.2,30.75,0,No,4444,3,0-12
Female,80,No,0,0,32,Offer C,Yes,31.57,No,Fiber Optic,4,No,No,No,No,Yes,Yes,No,Yes,Two Year,No,Bank Withdrawal,90.95,25.55,0,No,5936,5,25-48
Male,79,Yes,0,7,67,Offer A,Yes,42.07,No,Cable,12,Yes,Yes,No,Yes,No,No,No,Yes,One Year,Yes,Bank Withdrawal,60.95,17.19,0,No,5792,6,49-72
Female,68,No,0,0,29,Offer C,Yes,8.88,Yes,DSL,22,Yes,Yes,No,No,No,No,No,Yes,Two Year,Yes,Bank Withdrawal,58.55,33.1,0,No,2044,6,25-48
Female,73,No,0,0,14,No Offer,Yes,7.34,Yes,Fiber Optic,3,No,No,Yes,No,No,No,No,Yes,Two Year,Yes,Bank Withdrawal,80.35,32.71,0,No,3276,5,13-24
Female,70,No,0,0,18,No Offer,Yes,25.7,No,Fiber Optic,23,No,No,Yes,No,No,Yes,No,No,Two Year,Yes,Bank Withdrawal,84.95,4.76,70,No,3878,4,13-24
Female,77,No,0,0,72,Offer A,Yes,14.12,Yes,Fiber Optic,23,Yes,Yes,No,Yes,Yes,Yes,No,Yes,Two Year,Yes,Bank Withdrawal,110.1,44.81,0,No,5232,9,49-72
Female,73,No,0,0,71,Offer A,Yes,34.36,Yes,Fiber Optic,13,No,Yes,No,No,Yes,Yes,No,Yes,Two Year,Yes,Credit Card,99.65,3.33,0,No,4241,7,49-72
Male,74,No,0,0,5,No Offer,No,0.0,No,DSL,4,No,No,Yes,Yes,Yes,No,No,Yes,Two Year,No,Credit Card,45.4,0.0,0,No,2599,5,0-12
Female,78,No,0,0,52,Offer B,Yes,34.0,Yes,DSL,3,Yes,No,Yes,No,No,No,No,Yes,Two Year,No,Bank Withdrawal,59.85,19.16,0,No,5085,6,49-72
Male,76,Yes,0,5,31,Offer C,Yes,46.06,Yes,Fiber Optic,18,Yes,No,No,No,Yes,No,No,Yes,Two Year,No,Bank Withdrawal,89.45,31.58,0,No,5597,6,25-48
Male,66,Yes,2,6,24,Offer C,Yes,4.06,Yes,Fiber Optic,28,Yes,No,No,No,No,No,No,Yes,Two Year,Yes,Bank Withdrawal,79.85,0.0,0,No,3412,5,13-24
Male,65,Yes,0,9,36,Offer C,Yes,47.16,No,DSL,28,No,No,Yes,Yes,No,No,No,Yes,One Year,No,Credit Card,54.1,1.09,0,No,4017,5,25-48
Female,65,No,0,0,4,No Offer,Yes,31.13,Yes,DSL,15,No,No,No,No,No,No,No,Yes,Two Year,No,Mailed Check,48.75,0.0,0,No,3048,4,0-12
Female,76,Yes,1,7,46,Offer B,Yes,20.42,Yes,Fiber Optic,16,Yes,Yes,No,Yes,Yes,Yes,No,Yes,Two Year,Yes,Bank Withdrawal,110.2,0.0,0,No,4162,9,25-48
Male,74,Yes,0,9,71,Offer A,No,0.0,No,DSL,19,Yes,Yes,Yes,Yes,No,No,No,Yes,Two Year,No,Credit Card,46.35,18.64,0,No,5421,6,49-72
Male,76,No,0,0,45,Offer B,Yes,15.65,Yes,Fiber Optic,18,No,No,No,No,Yes,Yes,No,Yes,Two Year,Yes,Bank Withdrawal,93.9,0.0,0,No,3960,6,25-48
Female,79,Yes,0,8,26,Offer C,Yes,18.66,Yes,Fiber Optic,11,No,No,Yes,No,Yes,Yes,No,Yes,Two Year,Yes,Bank Withdrawal,98.1,44.17,0,No,3114,7,25-48
Female,79,Yes,0,2,54,Offer B,Yes,43.71,Yes,Fiber Optic,12,Yes,Yes,Yes,Yes,Yes,Yes,No,Yes,One Year,Yes,Bank Withdrawal,115.6,0.0,0,No,4337,10,49-72
Male,76,Yes,0,10,60,Offer B,Yes,17.05,No,Fiber Optic,21,No,Yes,Yes,No,Yes,Yes,No,Yes,One Year,Yes,Bank Withdrawal,97.95,0.0,0,No,6150,7,49-72
Male,73,Yes,0,4,72,Offer A,Yes,33.68,Yes,DSL,10,No,Yes,Yes,Yes,Yes,No,No,Yes,Two Year,No,Credit Card,77.35,0.0,0,No,6202,8,49-72
Female,79,No,0,0,70,Offer A,Yes,47.27,Yes,Cable,3,No,Yes,Yes,Yes,Yes,No,No,Yes,Two Year,Yes,Bank Withdrawal,75.5,0.0,0,No,6024,8,49-72
Male,80,Yes,0,7,10,No Offer,Yes,25.13,No,Fiber Optic,30,Yes,No,No,No,No,No,No,Yes,Two Year,No,Bank Withdrawal,75.3,0.0,0,No,4254,4,0-12
Male,74,No,0,0,9,No Offer,Yes,7.11,No,DSL,12,No,No,No,Yes,No,No,No,Yes,Two Year,No,Mailed Check,49.2,0.0,0,No,2145,4,0-12
Female,68,Yes,0,2,32,Offer C,Yes,2.17,Yes,Fiber Optic,11,No,No,Yes,No,No,No,No,Yes,Two Year,No,Mailed Check,79.3,0.0,0,No,5242,5,25-48
Female,70,Yes,0,7,72,Offer A,Yes,18.15,Yes,Fiber Optic,16,No,Yes,Yes,No,Yes,Yes,Yes,No,One Year,Yes,Credit Card,105.75,0.0,80,No,5832,8,49-72
Female,70,Yes,0,8,62,Offer B,Yes,22.74,Yes,Fiber Optic,18,Yes,No,Yes,No,Yes,Yes,Yes,Yes,One Year,Yes,Bank Withdrawal,104.85,0.0,0,No,5061,9,49-72
Male,71,No,0,0,69,Offer A,Yes,13.36,Yes,Cable,10,Yes,No,Yes,Yes,No,Yes,Yes,Yes,Two Year,No,Credit Card,74.1,0.0,0,No,4204,9,49-72
Female,80,No,0,0,57,Offer B,Yes,36.89,Yes,Fiber Optic,17,Yes,No,Yes,Yes,No,Yes,Yes,Yes,Two Year,No,Credit Card,101.3,0.0,0,No,4421,9,49-72
Male,80,No,0,0,65,Offer B,Yes,18.23,No,Fiber Optic,3,No,Yes,Yes,No,Yes,Yes,Yes,Yes,Two Year,Yes,Bank Withdrawal,99.1,0.0,0,No,4574,8,49-72
Male,80,No,0,0,4,No Offer,Yes,19.0,No,Fiber Optic,17,No,No,Yes,No,Yes,Yes,Yes,Yes,Two Year,Yes,Bank Withdrawal,94.75,0.0,0,No,2757,7,0-12
Male,73,Yes,0,5,69,No Offer,Yes,49.91,Yes,Fiber Optic,13,No,Yes,Yes,No,No,Yes,Yes,Yes,Two Year,Yes,Bank Withdrawal,95.35,0.0,0,No,6132,8,49-72
Female,72,No,0,0,8,No Offer,Yes,2.18,No,Fiber Optic,13,No,No,Yes,No,No,No,No,Yes,Two Year,Yes,Bank Withdrawal,74.05,0.0,0,No,4899,4,0-12
Female,74,No,0,0,63,Offer B,Yes,41.8,Yes,Fiber Optic,16,No,No,Yes,No,No,Yes,Yes,Yes,Two Year,Yes,Bank Withdrawal,89.6,0.0,0,No,4438,7,49-72
Male,69,Yes,0,10,71,No Offer,Yes,11.35,No,DSL,24,Yes,Yes,No,Yes,Yes,No,No,Yes,One Year,Yes,Bank Withdrawal,71.0,0.0,0,No,5247,7,49-72
Male,65,No,0,0,26,Offer C,Yes,25.04,Yes,Fiber Optic,9,No,No,No,No,Yes,Yes,Yes,Yes,Two Year,Yes,Bank Withdrawal,93.6,0.0,0,No,4030,7,25-48
Male,73,No,0,0,18,Offer D,Yes,47.34,Yes,DSL,7,Yes,Yes,No,No,No,No,No,Yes,Two Year,Yes,Credit Card,58.4,0.0,0,No,2812,6,13-24
Female,66,No,0,0,72,No Offer,Yes,31.31,Yes,Fiber Optic,18,Yes,Yes,Yes,Yes,No,Yes,Yes,Yes,Two Year,Yes,Bank Withdrawal,107.4,0.0,0,No,5294,10,49-72
Female,68,Yes,0,10,70,No Offer,Yes,38.5,Yes,Fiber Optic,25,Yes,No,No,No,No,Yes,Yes,Yes,Two Year,Yes,Bank Withdrawal,90.85,0.0,0,No,5129,7,49-72
Male,75,No,0,0,21,Offer D,Yes,24.91,Yes,Fiber Optic,17,No,Yes,Yes,No,Yes,Yes,Yes,No,Two Year,Yes,Bank Withdrawal,104.35,0.0,130,No,4934,8,13-24
Male,72,No,0,0,54,No Offer,No,0.0,No,DSL,26,No,Yes,Yes,No,Yes,Yes,Yes,Yes,One Year,Yes,Bank Withdrawal,55.45,0.0,0,No,4521,7,49-72
Female,69,No,0,0,56,No Offer,Yes,46.67,Yes,Fiber Optic,18,Yes,Yes,No,No,No,Yes,Yes,Yes,Two Year,Yes,Bank Withdrawal,96.85,0.0,0,No,5679,8,49-72
Male,67,No,0,0,64,No Offer,Yes,10.07,Yes,Fiber Optic,26,No,No,Yes,Yes,Yes,Yes,Yes,Yes,One Year,No,Bank Withdrawal,102.1,0.0,0,No,6100,9,49-72
Male,68,No,0,0,31,Offer C,Yes,15.35,Yes,Fiber Optic,10,No,No,Yes,Yes,Yes,No,No,Yes,Two Year,Yes,Bank Withdrawal,96.6,0.0,0,No,3364,7,25-48
Female,66,Yes,0,5,15,Offer D,Yes,37.84,No,Fiber Optic,19,No,Yes,No,No,Yes,Yes,Yes,Yes,Two Year,Yes,Bank Withdrawal,94.65,0.0,0,No,5868,7,13-24
Male,79,No,0,0,64,No Offer,Yes,4.99,No,No Internet Service,0,No,No,No,No,No,No,No,No,Two Year,Yes,Bank Withdrawal,20.05,0.0,0,No,4309,1,49-72
Male,67,No,0,0,34,Offer C,Yes,13.56,No,Fiber Optic,30,No,No,No,No,No,No,No,Yes,Two Year,No,Credit Card,69.15,0.0,0,No,4478,3,25-48
Male,77,Yes,1,5,71,No Offer,Yes,32.12,No,No Internet Service,0,No,No,No,No,No,No,No,No,Two Year,No,Credit Card,19.8,0.0,0,No,5819,1,49-72
Female,80,Yes,1,7,71,No Offer,Yes,48.59,Yes,DSL,15,Yes,Yes,No,No,Yes,No,No,Yes,One Year,No,Bank Withdrawal,69.2,0.0,0,No,5546,7,49-72
Female,68,Yes,0,4,31,Offer C,Yes,5.3,Yes,Fiber Optic,3,No,No,No,No,No,Yes,Yes,Yes,Two Year,Yes,Bank Withdrawal,84.85,0.0,0,No,5603,6,25-48
Female,80,No,0,0,36,Offer C,Yes,41.57,Yes,Fiber Optic,10,No,No,No,No,No,No,No,Yes,Two Year,Yes,Bank Withdrawal,74.9,0.0,0,No,5041,4,25-48
Male,77,Yes,0,5,64,No Offer,Yes,14.87,No,Fiber Optic,16,Yes,No,Yes,No,No,No,No,Yes,One Year,No,Credit Card,80.3,0.0,0,No,4270,5,49-72
Male,75,Yes,0,7,72,No Offer,Yes,11.23,Yes,Fiber Optic,20,No,Yes,No,No,Yes,Yes,Yes,Yes,One Year,Yes,Credit Card,97.25,0.0,0,No,6156,8,49-72
Female,73,No,0,0,43,No Offer,No,0.0,No,DSL,18,Yes,Yes,No,No,No,No,No,No,Two Year,Yes,Credit Card,33.45,0.0,40,No,4757,3,25-48
Male,67,No,0,0,69,No Offer,Yes,20.62,No,No Internet Service,0,No,No,No,No,No,No,No,No,Two Year,No,Credit Card,20.3,0.0,0,No,4042,1,49-72
Male,73,Yes,0,1,63,No Offer,Yes,37.12,Yes,Fiber Optic,18,Yes,Yes,Yes,No,Yes,Yes,Yes,Yes,Two Year,No,Credit Card,108.5,0.0,0,No,6453,10,49-72
Female,65,Yes,0,10,48,No Offer,Yes,34.43,No,DSL,2,No,Yes,No,No,No,Yes,Yes,Yes,One Year,Yes,Bank Withdrawal,58.95,0.0,0,No,4815,6,25-48
Female,65,No,0,0,46,No Offer,Yes,16.04,Yes,DSL,26,No,No,Yes,Yes,No,Yes,Yes,Yes,One Year,Yes,Credit Card,69.1,0.0,0,No,3856,8,25-48
Male,72,Yes,0,4,72,No Offer,Yes,16.92,Yes,Fiber Optic,19,No,Yes,Yes,Yes,Yes,Yes,Yes,No,Two Year,Yes,Bank Withdrawal,111.65,0.0,110,No,4406,9,49-72
Male,78,No,0,0,20,Offer D,Yes,25.51,Yes,Fiber Optic,9,No,No,No,No,Yes,No,No,No,Two Year,Yes,Bank Withdrawal,84.35,0.0,10,No,4915,4,13-24
Male,72,Yes,0,2,57,No Offer,Yes,48.16,Yes,DSL,10,No,Yes,Yes,No,Yes,No,No,Yes,One Year,Yes,Credit Card,71.1,0.0,0,No,5462,7,49-72
Female,70,Yes,0,4,44,No Offer,Yes,44.44,No,Fiber Optic,6,Yes,Yes,No,Yes,No,No,No,Yes,Two Year,Yes,Bank Withdrawal,85.15,0.0,0,No,2672,6,25-48
Male,77,Yes,0,7,72,No Offer,Yes,5.51,No,Fiber Optic,2,Yes,Yes,No,Yes,No,No,No,Yes,Two Year,Yes,Credit Card,84.8,0.0,0,No,4240,6,49-72
Male,65,Yes,0,1,63,No Offer,Yes,40.65,No,DSL,29,Yes,Yes,Yes,Yes,Yes,Yes,Yes,Yes,One Year,Yes,Bank Withdrawal,84.0,0.0,0,No,5688,10,49-72
Male,79,Yes,0,5,45,No Offer,Yes,44.91,Yes,No Internet Service,0,No,No,No,No,No,No,No,No,One Year,No,Credit Card,24.7,0.0,0,No,5644,2,25-48
Female,71,No,0,0,45,No Offer,Yes,12.67,Yes,Fiber Optic,4,Yes,Yes,No,Yes,Yes,No,No,Yes,Two Year,Yes,Bank Withdrawal,97.05,0.0,0,No,4735,8,25-48
Male,70,No,0,0,16,Offer D,Yes,22.02,Yes,Fiber Optic,5,No,No,No,No,No,No,No,Yes,Two Year,Yes,Bank Withdrawal,74.45,0.0,0,No,5111,4,13-24
Male,73,Yes,0,7,29,Offer C,Yes,36.75,Yes,Fiber Optic,12,No,No,No,No,No,Yes,Yes,Yes,Two Year,Yes,Bank Withdrawal,84.3,0.0,0,No,2217,6,25-48
Female,65,Yes,1,4,68,No Offer,No,0.0,No,DSL,23,No,Yes,Yes,No,Yes,Yes,Yes,Yes,Two Year,Yes,Bank Withdrawal,53.0,0.0,0,No,5583,7,49-72
Male,79,Yes,0,8,13,Offer D,Yes,48.15,Yes,Fiber Optic,6,Yes,Yes,No,No,No,Yes,Yes,Yes,Two Year,No,Credit Card,93.8,0.0,0,No,5870,8,13-24
Female,69,Yes,0,5,22,Offer D,Yes,15.27,Yes,No Internet Service,0,No,No,No,No,No,No,No,No,One Year,No,Bank Withdrawal,25.6,0.0,0,No,2628,2,13-24
Male,66,No,0,0,62,No Offer,Yes,47.8,Yes,Fiber Optic,8,No,Yes,Yes,Yes,Yes,Yes,Yes,Yes,One Year,Yes,Bank Withdrawal,110.75,0.0,0,No,5166,10,49-72
Female,76,Yes,0,4,43,No Offer,Yes,3.66,Yes,Fiber Optic,22,Yes,Yes,No,No,Yes,No,No,Yes,Month-to-Month,Yes,Bank Withdrawal,94.5,0.0,0,No,4745,7,25-48
Male,78,No,0,0,23,No Offer,No,0.0,No,Cable,2,No,No,No,No,No,Yes,Yes,Yes,Month-to-Month,Yes,Bank Withdrawal,34.65,0.0,0,No,2307,4,13-24
Male,73,Yes,0,10,71,No Offer,No,0.0,No,Cable,28,No,Yes,Yes,No,Yes,Yes,Yes,No,Month-to-Month,Yes,Bank Withdrawal,52.3,0.0,40,No,5491,6,49-72
Male,65,No,0,0,14,No Offer,Yes,37.62,Yes,Fiber Optic,10,No,No,No,No,Yes,Yes,Yes,Yes,Month-to-Month,Yes,Bank Withdrawal,95.6,0.0,0,No,3502,7,13-24
Female,75,Yes,2,0,48,No Offer,No,0.0,No,DSL,19,No,Yes,No,No,No,No,No,Yes,One Year,No,Bank Withdrawal,29.9,0.0,0,No,2617,3,25-48
Female,68,Yes,0,1,54,No Offer,Yes,22.05,No,Fiber Optic,17,No,No,Yes,Yes,Yes,Yes,Yes,Yes,One Year,Yes,Bank Withdrawal,99.1,0.0,0,No,4118,8,49-72
Female,79,Yes,0,1,53,No Offer,Yes,19.03,Yes,No Internet Service,0,No,No,No,No,No,No,No,No,Two Year,No,Credit Card,25.1,0.0,0,No,5295,2,49-72
Female,66,Yes,1,1,55,No Offer,Yes,34.57,Yes,Cable,19,Yes,No,Yes,Yes,Yes,No,No,Yes,One Year,No,Bank Withdrawal,76.25,0.0,0,No,4319,8,49-72
Male,73,No,0,0,33,Offer C,Yes,3.15,Yes,No Internet Service,0,No,No,No,No,No,No,No,No,One Year,Yes,Bank Withdrawal,24.9,0.0,0,No,5756,2,25-48
Male,80,Yes,0,1,23,No Offer,Yes,45.21,Yes,Fiber Optic,14,No,Yes,Yes,No,Yes,Yes,Yes,No,Month-to-Month,Yes,Bank Withdrawal,104.45,0.0,60,No,5883,8,13-24
Female,65,No,0,0,50,No Offer,Yes,47.99,Yes,Fiber Optic,22,Yes,Yes,No,No,No,No,No,Yes,Month-to-Month,Yes,Bank Withdrawal,83.4,0.0,0,No,4977,6,49-72
Female,73,Yes,0,3,47,No Offer,Yes,2.98,Yes,Fiber Optic,7,No,No,Yes,No,Yes,Yes,Yes,No,Month-to-Month,No,Bank Withdrawal,99.7,0.0,140,No,4787,7,25-48
Male,73,No,0,0,2,No Offer,Yes,15.19,Yes,Fiber Optic,30,No,No,No,No,No,No,No,Yes,Month-to-Month,Yes,Mailed Check,72.6,0.0,0,No,5098,4,0-12
Male,70,No,0,0,55,No Offer,Yes,29.3,Yes,Fiber Optic,10,Yes,Yes,Yes,Yes,Yes,Yes,No,Yes,Month-to-Month,Yes,Bank Withdrawal,116.5,0.0,0,No,4222,10,49-72
Male,67,No,0,0,71,No Offer,Yes,34.8,Yes,Fiber Optic,21,No,Yes,No,Yes,Yes,Yes,No,Yes,Two Year,Yes,Bank Withdrawal,106.8,0.0,0,No,6423,8,49-72
Female,75,Yes,0,7,3,No Offer,No,0.0,No,DSL,3,No,Yes,No,No,No,No,No,Yes,Month-to-Month,Yes,Bank Withdrawal,30.75,0.0,0,No,4133,3,0-12
Male,65,Yes,0,8,41,Offer B,Yes,46.46,No,Fiber Optic,2,No,Yes,No,No,Yes,Yes,Yes,No,Month-to-Month,Yes,Bank Withdrawal,94.55,0.0,40,No,4914,6,25-48
Female,78,No,0,0,41,Offer B,Yes,6.33,Yes,Fiber Optic,15,No,Yes,Yes,No,Yes,Yes,No,Yes,Month-to-Month,Yes,Bank Withdrawal,104.4,0.0,0,No,4477,8,25-48
Male,79,Yes,0,1,30,Offer C,Yes,48.02,Yes,Fiber Optic,24,No,No,No,Yes,Yes,Yes,No,Yes,Month-to-Month,Yes,Bank Withdrawal,101.5,0.0,0,No,4828,7,25-48
Male,69,Yes,1,1,29,Offer C,Yes,49.36,Yes,Fiber Optic,19,No,No,Yes,No,Yes,Yes,No,Yes,Month-to-Month,Yes,Bank Withdrawal,103.95,0.0,0,No,3733,7,25-48
Female,72,No,0,0,66,No Offer,Yes,3.57,Yes,Fiber Optic,28,No,Yes,Yes,No,Yes,Yes,No,Yes,One Year,No,Bank Withdrawal,108.1,0.0,0,No,4722,8,49-72
Male,69,Yes,0,2,38,Offer C,No,0.0,No,Cable,30,No,No,No,No,No,No,No,Yes,Month-to-Month,Yes,Bank Withdrawal,24.85,0.0,0,No,3511,2,25-48
Female,77,Yes,0,9,17,No Offer,Yes,3.83,Yes,Fiber Optic,20,No,No,No,No,Yes,Yes,No,Yes,Month-to-Month,Yes,Bank Withdrawal,92.55,0.0,0,No,3689,6,13-24
Female,65,Yes,3,7,65,Offer B,Yes,19.58,Yes,Fiber Optic,26,No,Yes,Yes,No,Yes,Yes,Yes,Yes,One Year,Yes,Bank Withdrawal,107.45,0.0,0,No,6211,9,49-72
Female,68,No,0,0,45,Offer B,Yes,6.9,Yes,Fiber Optic,20,No,No,Yes,No,Yes,Yes,No,Yes,One Year,Yes,Bank Withdrawal,100.15,0.0,0,No,2636,7,25-48
Female,65,Yes,0,10,65,Offer B,Yes,36.49,No,Fiber Optic,9,No,Yes,Yes,Yes,Yes,Yes,Yes,Yes,Two Year,Yes,Credit Card,105.85,0.0,0,No,4872,9,49-72
Male,68,Yes,0,7,71,No Offer,Yes,30.59,Yes,Fiber Optic,19,Yes,Yes,Yes,No,Yes,Yes,No,No,Month-to-Month,Yes,Bank Withdrawal,107.5,0.0,140,No,5775,8,49-72
Male,79,No,0,0,35,No Offer,Yes,3.04,No,DSL,18,No,No,Yes,Yes,Yes,Yes,No,Yes,One Year,Yes,Bank Withdrawal,73.0,0.0,0,No,2715,7,25-48
Male,65,Yes,0,1,30,No Offer,Yes,2.86,Yes,Fiber Optic,19,No,No,No,No,No,No,No,Yes,Month-to-Month,No,Mailed Check,77.9,0.0,0,No,2009,4,25-48
Male,77,Yes,0,5,54,Offer B,Yes,32.56,Yes,Fiber Optic,16,No,Yes,Yes,Yes,Yes,Yes,No,Yes,Two Year,Yes,Bank Withdrawal,110.45,0.0,0,No,4425,9,49-72
Male,77,No,0,0,55,Offer B,No,0.0,No,DSL,30,Yes,Yes,No,No,Yes,No,No,Yes,Month-to-Month,Yes,Bank Withdrawal,44.85,0.0,0,No,5829,5,49-72
Male,69,Yes,0,7,69,No Offer,No,0.0,No,DSL,13,No,No,Yes,No,No,No,No,Yes,One Year,Yes,Credit Card,29.8,0.0,0,No,5681,3,49-72
Male,79,Yes,0,3,9,No Offer,Yes,22.79,No,No Internet Service,0,No,No,No,No,No,No,No,No,One Year,No,Credit Card,19.85,0.0,0,No,5601,1,0-12
Female,73,Yes,0,3,66,No Offer,Yes,6.94,Yes,Fiber Optic,23,No,Yes,Yes,Yes,Yes,Yes,Yes,Yes,One Year,Yes,Credit Card,108.1,0.0,0,No,5360,10,49-72
Female,70,Yes,0,1,50,Offer B,Yes,9.18,Yes,Fiber Optic,2,Yes,Yes,Yes,No,Yes,Yes,Yes,Yes,Month-to-Month,No,Bank Withdrawal,108.75,0.0,0,No,5211,10,49-72
Female,71,Yes,0,1,60,Offer B,Yes,36.71,Yes,Fiber Optic,25,No,Yes,Yes,No,Yes,Yes,Yes,No,Month-to-Month,Yes,Bank Withdrawal,105.9,0.0,110,No,5084,8,49-72
Male,78,Yes,0,1,13,No Offer,Yes,36.57,No,Fiber Optic,26,No,No,No,No,No,No,No,Yes,Month-to-Month,No,Bank Withdrawal,70.45,0.0,0,No,5225,3,13-24
Female,73,Yes,0,1,72,Offer A,Yes,35.04,Yes,Fiber Optic,22,Yes,No,Yes,Yes,Yes,Yes,No,Yes,Two Year,Yes,Mailed Check,109.75,0.0,0,No,6010,9,49-72
Female,75,No,0,0,50,Offer B,Yes,17.65,Yes,Fiber Optic,29,No,No,Yes,Yes,Yes,Yes,No,Yes,Month-to-Month,Yes,Bank Withdrawal,104.95,0.0,0,No,5570,8,49-72
Male,78,Yes,0,5,61,Offer B,Yes,46.65,Yes,Fiber Optic,23,No,Yes,No,Yes,No,No,No,Yes,One Year,Yes,Bank Withdrawal,85.55,0.0,0,No,4845,6,49-72
Male,67,No,0,0,18,No Offer,Yes,38.79,Yes,Fiber Optic,14,No,Yes,No,No,No,No,No,Yes,Month-to-Month,Yes,Credit Card,80.55,0.0,0,No,5137,5,13-24
Female,66,Yes,0,4,72,Offer A,Yes,32.37,Yes,Fiber Optic,22,Yes,No,No,No,No,No,No,Yes,Two Year,No,Bank Withdrawal,78.5,0.0,0,No,6072,5,49-72
Male,71,Yes,0,3,65,Offer B,Yes,27.14,Yes,Fiber Optic,26,Yes,Yes,No,No,Yes,No,No,Yes,Two Year,Yes,Credit Card,92.7,0.0,0,No,5205,7,49-72
Female,74,Yes,0,10,71,Offer A,Yes,16.26,No,Fiber Optic,27,No,Yes,Yes,No,No,Yes,No,Yes,Two Year,No,Credit Card,89.45,0.0,0,No,6004,6,49-72
Male,71,Yes,0,1,45,Offer B,Yes,2.38,Yes,Fiber Optic,20,No,Yes,Yes,Yes,Yes,No,No,Yes,One Year,Yes,Bank Withdrawal,98.7,0.0,0,No,2535,8,25-48
Female,69,No,0,0,67,Offer A,Yes,2.57,No,Fiber Optic,21,Yes,Yes,No,Yes,Yes,No,No,Yes,Two Year,Yes,Bank Withdrawal,92.45,0.0,0,No,5857,7,49-72
Male,76,Yes,2,5,71,Offer A,Yes,30.16,No,Fiber Optic,19,Yes,Yes,Yes,No,No,No,No,Yes,One Year,Yes,Bank Withdrawal,86.7,0.0,0,No,4485,6,49-72
Female,78,Yes,0,1,72,Offer A,Yes,27.79,Yes,Fiber Optic,10,No,Yes,Yes,No,Yes,Yes,No,Yes,One Year,No,Credit Card,105.0,0.0,0,No,6423,8,49-72
Female,77,No,0,0,21,No Offer,Yes,37.4,Yes,Fiber Optic,16,No,No,No,No,Yes,Yes,No,Yes,Month-to-Month,Yes,Bank Withdrawal,95.4,0.0,0,No,5691,6,13-24
Male,72,Yes,0,1,71,Offer A,Yes,46.82,Yes,Fiber Optic,18,Yes,Yes,Yes,Yes,Yes,Yes,No,Yes,Two Year,Yes,Bank Withdrawal,115.05,0.0,0,No,4438,10,49-72
Female,76,No,0,0,14,No Offer,Yes,48.01,No,Fiber Optic,2,Yes,Yes,No,No,No,No,No,No,Month-to-Month,No,Bank Withdrawal,78.85,0.0,50,No,5327,4,13-24
Male,71,Yes,0,0,21,No Offer,Yes,22.3,No,Fiber Optic,9,No,No,Yes,No,Yes,No,No,Yes,Month-to-Month,No,Bank Withdrawal,86.55,0.0,0,No,5318,5,13-24
Male,79,No,0,0,21,No Offer,Yes,23.23,No,No Internet Service,0,No,No,No,No,No,No,No,No,One Year,No,Bank Withdrawal,20.5,0.0,0,No,5766,1,13-24
Female,72,Yes,0,7,56,Offer B,Yes,27.56,Yes,Fiber Optic,29,No,No,No,Yes,No,No,No,No,Month-to-Month,Yes,Bank Withdrawal,76.85,0.0,120,No,6035,4,49-72
Female,77,No,0,0,49,Offer B,Yes,36.47,Yes,Fiber Optic,21,Yes,Yes,Yes,Yes,No,Yes,Yes,Yes,One Year,No,Bank Withdrawal,103.0,0.0,0,No,5023,10,49-72
Female,65,No,0,0,46,Offer B,Yes,11.93,No,Fiber Optic,26,No,Yes,Yes,No,Yes,No,No,Yes,One Year,Yes,Bank Withdrawal,91.3,0.0,0,No,3191,6,25-48
Female,72,Yes,0,8,58,Offer B,Yes,47.34,Yes,Fiber Optic,28,No,No,No,Yes,Yes,Yes,Yes,Yes,Month-to-Month,Yes,Bank Withdrawal,100.4,0.0,0,No,4005,8,49-72
Female,65,Yes,0,2,20,No Offer,Yes,38.85,No,Fiber Optic,2,No,No,No,No,Yes,Yes,Yes,Yes,One Year,Yes,Bank Withdrawal,91.0,0.0,0,No,3748,6,13-24
Male,65,Yes,0,7,62,Offer B,Yes,27.49,Yes,Fiber Optic,3,No,Yes,No,No,No,Yes,Yes,Yes,Month-to-Month,Yes,Bank Withdrawal,89.8,0.0,0,No,4981,7,49-72
Male,68,Yes,0,2,7,No Offer,Yes,6.81,Yes,Fiber Optic,13,No,No,No,No,No,No,No,Yes,Month-to-Month,Yes,Bank Withdrawal,74.85,0.0,0,No,2259,4,0-12
Female,76,Yes,3,2,28,No Offer,No,0.0,No,DSL,21,No,Yes,No,No,No,Yes,Yes,Yes,One Year,Yes,Bank Withdrawal,39.1,0.0,0,No,2305,5,25-48
Male,70,Yes,0,2,70,Offer A,Yes,14.48,No,Fiber Optic,7,Yes,Yes,Yes,No,Yes,Yes,Yes,Yes,Two Year,No,Credit Card,105.35,0.0,0,No,5866,9,49-72
Female,73,Yes,0,9,39,No Offer,Yes,20.15,Yes,Fiber Optic,21,No,No,No,Yes,Yes,Yes,Yes,Yes,Month-to-Month,Yes,Bank Withdrawal,101.25,0.0,0,No,3172,8,25-48
Male,77,Yes,0,10,43,Offer B,Yes,37.09,No,Fiber Optic,8,No,Yes,Yes,No,Yes,Yes,Yes,Yes,One Year,Yes,Bank Withdrawal,100.55,0.0,0,No,4499,8,25-48
Female,74,Yes,0,2,34,No Offer,Yes,12.33,No,Cable,23,No,No,Yes,Yes,Yes,No,No,Yes,One Year,No,Bank Withdrawal,64.2,0.0,0,No,2225,6,25-48
Male,79,Yes,0,7,72,Offer A,Yes,11.26,Yes,Cable,3,No,No,Yes,No,Yes,Yes,Yes,Yes,Two Year,Yes,Credit Card,73.45,0.0,0,No,5540,8,49-72
Male,69,Yes,0,0,29,No Offer,Yes,10.55,Yes,Fiber Optic,2,No,No,No,Yes,No,No,No,Yes,Month-to-Month,Yes,Bank Withdrawal,79.3,0.0,0,No,3172,5,25-48
Male,80,No,0,0,72,Offer A,Yes,26.01,Yes,No Internet Service,0,No,No,No,No,No,No,No,No,Two Year,No,Bank Withdrawal,25.4,0.0,0,No,6141,2,49-72
Female,77,Yes,2,8,11,No Offer,Yes,17.66,Yes,Fiber Optic,13,No,No,Yes,No,No,No,No,Yes,Month-to-Month,Yes,Credit Card,78.1,0.0,0,No,2333,5,0-12
Male,67,No,0,0,49,Offer B,Yes,43.19,Yes,Cable,10,Yes,Yes,Yes,Yes,No,Yes,Yes,Yes,Two Year,No,Credit Card,81.35,0.0,0,No,4537,10,49-72
Male,79,Yes,0,10,69,Offer A,No,0.0,No,DSL,12,Yes,Yes,No,No,Yes,Yes,Yes,No,Two Year,No,Credit Card,56.55,0.0,40,No,4162,6,49-72
Male,66,No,0,0,19,No Offer,Yes,29.8,No,Fiber Optic,16,Yes,No,No,No,No,Yes,Yes,Yes,Month-to-Month,Yes,Bank Withdrawal,87.3,0.0,0,No,4447,6,13-24
Male,72,Yes,0,9,67,Offer A,Yes,48.68,Yes,Fiber Optic,17,No,Yes,No,Yes,Yes,Yes,Yes,Yes,Two Year,No,Bank Withdrawal,102.9,0.0,0,No,5869,9,49-72
Male,75,Yes,0,4,72,Offer A,Yes,5.6,Yes,Fiber Optic,19,Yes,Yes,Yes,Yes,Yes,Yes,Yes,Yes,Two Year,Yes,Mailed Check,114.5,0.0,0,No,6051,11,49-72
Female,65,No,0,0,38,No Offer,Yes,4.09,No,No Internet Service,0,No,No,No,No,No,No,No,No,Two Year,No,Mailed Check,20.2,0.0,0,No,4947,1,25-48
Male,71,Yes,0,8,40,No Offer,Yes,28.56,No,DSL,18,No,No,No,No,No,Yes,Yes,No,One Year,No,Bank Withdrawal,55.8,0.0,50,No,3587,4,25-48
Female,70,No,0,0,59,No Offer,Yes,24.27,Yes,Fiber Optic,9,No,No,Yes,No,Yes,Yes,Yes,Yes,One Year,Yes,Bank Withdrawal,99.5,0.0,0,No,5513,8,49-72
Male,79,Yes,0,9,15,No Offer,Yes,22.83,Yes,Fiber Optic,26,Yes,No,Yes,No,Yes,No,No,Yes,Month-to-Month,Yes,Bank Withdrawal,96.5,0.0,0,No,2394,7,13-24
Female,79,Yes,0,8,28,No Offer,Yes,25.57,Yes,No Internet Service,0,No,No,No,No,No,No,No,No,Month-to-Month,No,Mailed Check,25.7,0.0,0,No,3136,2,25-48
Male,66,Yes,0,1,16,No Offer,Yes,15.44,No,Fiber Optic,20,No,No,Yes,Yes,No,Yes,Yes,Yes,Month-to-Month,Yes,Bank Withdrawal,91.55,0.0,0,No,4045,7,13-24
Male,75,Yes,0,6,30,No Offer,Yes,33.48,Yes,Fiber Optic,22,Yes,Yes,Yes,Yes,Yes,No,No,Yes,Month-to-Month,Yes,Bank Withdrawal,105.7,0.0,0,No,2455,9,25-48
Male,77,No,0,0,57,No Offer,Yes,2.21,Yes,Fiber Optic,11,Yes,No,No,Yes,No,Yes,Yes,Yes,Two Year,No,Bank Withdrawal,93.75,0.0,0,No,4276,8,49-72
Male,66,Yes,0,1,72,Offer A,Yes,18.74,Yes,Fiber Optic,14,No,Yes,Yes,Yes,Yes,Yes,Yes,No,Two Year,Yes,Bank Withdrawal,109.75,0.0,140,No,4265,9,49-72
Male,66,Yes,0,1,34,No Offer,Yes,2.07,Yes,Fiber Optic,16,No,No,No,No,No,No,No,Yes,Month-to-Month,Yes,Bank Withdrawal,75.55,0.0,0,No,5381,4,25-48
Male,71,Yes,0,1,19,No Offer,Yes,30.44,No,DSL,26,Yes,No,Yes,No,Yes,No,No,Yes,Month-to-Month,No,Bank Withdrawal,66.4,0.0,0,No,4533,6,13-24
Female,65,No,0,0,35,No Offer,Yes,16.91,No,Fiber Optic,30,No,No,No,No,No,No,No,Yes,Month-to-Month,No,Bank Withdrawal,70.55,0.0,0,No,5873,3,25-48
Male,65,Yes,0,6,19,No Offer,No,0.0,No,DSL,14,No,Yes,Yes,No,No,No,No,Yes,Month-to-Month,Yes,Credit Card,34.3,0.0,0,No,4615,4,13-24
Male,80,Yes,0,2,7,No Offer,Yes,21.37,Yes,Fiber Optic,21,No,No,No,No,No,No,No,Yes,Month-to-Month,Yes,Bank Withdrawal,75.4,0.0,0,No,3533,4,0-12
Male,76,Yes,0,2,35,No Offer,Yes,4.16,Yes,Fiber Optic,28,No,No,Yes,No,No,No,No,Yes,One Year,Yes,Bank Withdrawal,81.6,0.0,0,No,2300,5,25-48
Female,74,No,0,0,35,No Offer,Yes,32.92,Yes,Fiber Optic,22,Yes,Yes,Yes,Yes,Yes,Yes,Yes,No,One Year,Yes,Bank Withdrawal,110.8,0.0,110,No,2125,10,25-48
Male,74,Yes,0,4,44,No Offer,Yes,1.89,No,No Internet Service,0,No,No,No,No,No,No,No,No,Two Year,Yes,Credit Card,19.35,0.0,0,No,4975,1,25-48
Male,65,Yes,0,4,59,No Offer,No,0.0,No,Cable,23,No,Yes,No,No,Yes,Yes,Yes,Yes,Month-to-Month,Yes,Bank Withdrawal,50.25,0.0,0,No,5546,6,49-72
Male,80,Yes,0,3,71,Offer A,Yes,37.25,Yes,No Internet Service,0,No,No,No,No,No,No,No,No,Two Year,No,Credit Card,25.45,0.0,0,No,5341,2,49-72
Male,75,No,0,0,67,Offer A,Yes,39.89,Yes,Fiber Optic,19,No,No,No,No,No,No,No,Yes,Month-to-Month,Yes,Mailed Check,75.7,0.0,0,No,5823,4,49-72
Female,70,No,0,0,26,No Offer,Yes,19.21,No,Fiber Optic,15,No,No,No,No,No,Yes,Yes,Yes,Month-to-Month,Yes,Bank Withdrawal,78.8,0.0,0,No,4509,5,25-48
Male,68,Yes,0,4,62,No Offer,Yes,4.76,Yes,Fiber Optic,3,Yes,Yes,Yes,No,No,No,No,Yes,Month-to-Month,Yes,Bank Withdrawal,89.1,0.0,0,No,4415,7,49-72
Male,76,No,0,0,13,No Offer,Yes,49.9,No,DSL,30,No,Yes,No,No,Yes,No,No,Yes,Month-to-Month,Yes,Bank Withdrawal,59.9,0.0,0,No,5254,5,13-24
Male,70,Yes,1,7,34,No Offer,Yes,11.74,Yes,Fiber Optic,12,No,Yes,Yes,Yes,Yes,Yes,Yes,No,Month-to-Month,Yes,Bank Withdrawal,108.9,0.0,30,No,5151,9,25-48
Female,75,Yes,1,8,57,No Offer,Yes,28.25,No,Fiber Optic,15,No,Yes,Yes,Yes,Yes,No,No,Yes,Month-to-Month,Yes,Credit Card,95.3,0.0,0,No,4912,7,49-72
Female,69,No,0,0,62,No Offer,Yes,19.52,Yes,Fiber Optic,3,No,No,No,No,Yes,No,No,Yes,One Year,No,Bank Withdrawal,84.45,0.0,0,No,4166,5,49-72
Male,80,No,0,0,11,Offer D,Yes,26.84,No,Fiber Optic,15,No,No,No,No,No,Yes,Yes,No,Month-to-Month,Yes,Credit Card,79.15,0.0,140,No,3355,4,0-12
Male,72,No,0,0,60,No Offer,Yes,10.2,Yes,DSL,29,Yes,Yes,No,No,No,Yes,Yes,No,One Year,Yes,Bank Withdrawal,71.75,0.0,10,No,4964,7,49-72
Female,79,Yes,0,1,50,No Offer,Yes,36.58,Yes,Fiber Optic,23,No,No,No,Yes,Yes,Yes,Yes,Yes,One Year,Yes,Bank Withdrawal,100.65,0.0,0,No,5791,8,49-72
Female,66,No,0,0,51,No Offer,Yes,47.46,No,No Internet Service,0,No,No,No,No,No,No,No,No,Two Year,No,Credit Card,19.6,0.0,0,No,4224,1,49-72
Female,70,Yes,1,1,12,Offer D,No,0.0,No,DSL,14,No,No,No,Yes,No,No,No,Yes,Month-to-Month,Yes,Mailed Check,29.3,0.0,0,No,3353,3,0-12
Male,68,No,0,0,63,No Offer,Yes,26.11,Yes,Fiber Optic,20,Yes,Yes,Yes,No,Yes,Yes,Yes,Yes,Month-to-Month,Yes,Bank Withdrawal,109.4,0.0,0,No,5961,10,49-72
Female,77,Yes,0,1,37,No Offer,Yes,25.35,No,No Internet Service,0,No,No,No,No,No,No,No,No,One Year,No,Mailed Check,19.6,0.0,0,No,5730,1,25-48
Female,80,No,0,0,8,No Offer,Yes,39.01,No,Fiber Optic,28,No,Yes,No,No,Yes,No,No,Yes,Month-to-Month,Yes,Bank Withdrawal,87.1,0.0,0,No,3950,5,0-12
Female,75,No,0,0,53,No Offer,Yes,16.74,No,Fiber Optic,15,No,Yes,No,No,No,No,No,Yes,Month-to-Month,Yes,Credit Card,73.8,0.0,0,No,6469,4,49-72
Male,69,Yes,1,9,64,No Offer,Yes,37.09,Yes,No Internet Service,0,No,No,No,No,No,No,No,No,Two Year,Yes,Bank Withdrawal,24.4,0.0,0,No,4772,2,49-72
Female,69,No,0,0,1,No Offer,Yes,22.34,No,Fiber Optic,12,No,No,No,No,No,No,No,Yes,Month-to-Month,Yes,Bank Withdrawal,70.2,0.0,0,No,2422,3,0-12
Female,72,No,0,0,69,No Offer,Yes,23.4,Yes,Fiber Optic,27,Yes,No,Yes,Yes,Yes,Yes,Yes,Yes,Two Year,No,Credit Card,110.25,0.0,0,No,4948,10,49-72
Female,67,Yes,1,6,66,No Offer,Yes,39.38,Yes,Fiber Optic,30,No,Yes,Yes,No,Yes,Yes,Yes,Yes,One Year,Yes,Bank Withdrawal,104.9,0.0,0,No,4892,9,49-72
Male,69,No,0,0,6,Offer E,Yes,19.74,No,DSL,7,No,No,No,No,No,No,No,Yes,Month-to-Month,No,Credit Card,44.7,0.0,0,No,4270,3,0-12
Male,66,Yes,0,10,67,No Offer,Yes,44.9,Yes,Fiber Optic,20,Yes,Yes,No,No,No,No,No,Yes,Month-to-Month,No,Bank Withdrawal,83.85,0.0,0,No,5261,6,49-72
Male,70,Yes,0,3,23,Offer D,Yes,31.53,No,Fiber Optic,20,Yes,Yes,No,No,No,Yes,No,Yes,Month-to-Month,Yes,Bank Withdrawal,90.0,0.0,0,No,4999,6,13-24
Female,77,Yes,0,6,39,No Offer,Yes,9.13,No,Fiber Optic,18,Yes,Yes,No,No,Yes,Yes,No,Yes,One Year,No,Mailed Check,99.1,0.0,0,No,4599,7,25-48
Female,71,No,0,0,26,No Offer,Yes,33.74,No,Fiber Optic,7,Yes,No,No,No,Yes,No,No,Yes,Month-to-Month,Yes,Credit Card,85.8,0.0,0,No,5700,5,25-48
Female,70,Yes,0,3,60,No Offer,No,0.0,No,DSL,22,No,Yes,No,No,Yes,Yes,No,No,Two Year,Yes,Credit Card,49.45,0.0,40,No,4277,4,49-72
Male,77,Yes,0,4,45,No Offer,Yes,9.39,Yes,DSL,22,Yes,No,Yes,Yes,No,Yes,No,Yes,Two Year,No,Credit Card,75.15,0.0,0,No,5837,8,25-48
Male,69,No,0,0,4,Offer E,Yes,6.18,No,Fiber Optic,12,No,No,No,No,No,No,No,Yes,Month-to-Month,Yes,Bank Withdrawal,70.65,0.0,0,No,4510,3,0-12
Female,75,Yes,1,3,59,No Offer,Yes,16.15,Yes,Fiber Optic,26,No,No,Yes,No,No,Yes,No,Yes,Month-to-Month,Yes,Credit Card,88.75,0.0,0,No,6492,6,49-72
Male,78,No,0,0,35,No Offer,Yes,26.19,Yes,Fiber Optic,19,Yes,No,No,No,No,Yes,No,No,Month-to-Month,No,Credit Card,91.0,0.0,40,No,5527,5,25-48
Female,68,Yes,0,3,54,No Offer,Yes,23.94,No,No Internet Service,0,No,No,No,No,No,No,No,No,Two Year,Yes,Mailed Check,18.95,0.0,0,No,5548,1,49-72
Female,68,No,0,0,66,No Offer,Yes,10.45,Yes,Fiber Optic,20,Yes,No,No,No,Yes,Yes,Yes,Yes,Two Year,Yes,Bank Withdrawal,102.4,0.0,0,No,4861,8,49-72
Female,66,No,0,0,42,No Offer,Yes,27.0,Yes,Cable,30,No,No,Yes,No,No,No,No,Yes,Month-to-Month,No,Bank Withdrawal,55.65,0.0,0,No,5831,5,25-48
Female,78,No,0,0,18,Offer D,Yes,21.09,No,Fiber Optic,18,No,Yes,No,No,No,No,No,No,Month-to-Month,Yes,Bank Withdrawal,74.7,0.0,20,No,3896,3,13-24
Female,72,No,0,0,5,Offer E,Yes,36.27,No,Fiber Optic,17,Yes,Yes,No,No,No,No,No,Yes,Month-to-Month,No,Bank Withdrawal,80.7,0.0,0,No,3468,5,0-12
Male,79,Yes,0,6,33,No Offer,Yes,44.1,Yes,Fiber Optic,22,No,Yes,No,No,Yes,Yes,No,Yes,Month-to-Month,Yes,Bank Withdrawal,100.6,0.0,0,No,3669,7,25-48
Male,73,Yes,0,10,54,No Offer,Yes,35.16,Yes,Fiber Optic,5,No,No,No,No,No,No,No,Yes,Month-to-Month,No,Bank Withdrawal,74.0,0.0,0,No,4991,4,49-72
Male,67,Yes,0,0,54,No Offer,Yes,38.48,Yes,Fiber Optic,13,No,No,Yes,No,Yes,Yes,No,No,Month-to-Month,Yes,Credit Card,99.05,0.0,40,No,4011,6,49-72
Male,73,Yes,0,2,69,No Offer,Yes,8.3,Yes,Fiber Optic,14,Yes,No,Yes,Yes,Yes,Yes,No,Yes,One Year,Yes,Mailed Check,110.55,0.0,0,No,4887,9,49-72
Male,72,Yes,0,7,27,No Offer,Yes,41.11,Yes,Fiber Optic,14,Yes,No,Yes,No,No,No,No,Yes,One Year,Yes,Bank Withdrawal,85.9,0.0,0,No,5755,6,25-48
Female,72,Yes,0,10,31,Offer C,No,0.0,No,DSL,21,Yes,Yes,Yes,No,No,Yes,No,Yes,One Year,Yes,Credit Card,50.4,0.0,0,No,2166,6,25-48
Female,68,No,0,0,67,No Offer,Yes,48.43,Yes,DSL,28,No,Yes,No,No,No,No,No,Yes,Month-to-Month,No,Bank Withdrawal,54.9,0.0,0,No,4826,5,49-72
Female,75,No,0,0,55,No Offer,Yes,29.6,Yes,Fiber Optic,3,No,No,Yes,No,Yes,Yes,No,Yes,One Year,Yes,Bank Withdrawal,100.15,0.0,0,No,5182,7,49-72
Male,76,Yes,0,4,54,Offer B,No,0.0,No,DSL,4,No,No,No,No,No,No,No,Yes,Month-to-Month,Yes,Bank Withdrawal,24.95,0.0,0,No,4691,2,49-72
Female,68,No,0,0,2,Offer E,Yes,31.74,Yes,DSL,25,No,Yes,No,No,No,No,No,Yes,Month-to-Month,Yes,Credit Card,56.55,0.0,0,No,2069,5,0-12
Male,65,No,0,0,67,No Offer,Yes,34.23,No,Fiber Optic,11,Yes,Yes,No,Yes,Yes,Yes,Yes,Yes,Two Year,Yes,Bank Withdrawal,105.05,0.0,0,No,4143,9,49-72
Male,76,Yes,0,9,65,Offer B,Yes,8.59,Yes,Fiber Optic,7,No,Yes,Yes,No,Yes,Yes,No,Yes,Month-to-Month,Yes,Bank Withdrawal,104.35,0.0,0,No,4073,8,49-72
Female,74,Yes,0,0,36,Offer C,Yes,11.32,Yes,Fiber Optic,16,No,Yes,No,No,Yes,No,No,Yes,Month-to-Month,Yes,Credit Card,91.95,17.76,0,No,3273,6,25-48
Male,79,No,0,0,54,Offer B,Yes,5.14,No,DSL,6,No,No,Yes,Yes,No,Yes,No,Yes,One Year,No,Bank Withdrawal,65.25,33.07,0,No,6161,6,49-72
Female,74,No,0,0,60,Offer B,Yes,48.92,Yes,Fiber Optic,11,Yes,No,No,No,Yes,Yes,No,Yes,One Year,Yes,Bank Withdrawal,101.4,0.0,0,No,4483,7,49-72
Female,71,No,0,0,63,Offer B,Yes,15.62,Yes,DSL,18,Yes,Yes,Yes,Yes,Yes,No,No,Yes,One Year,No,Bank Withdrawal,83.0,0.0,0,No,5428,9,49-72
Male,70,Yes,0,9,2,Offer E,Yes,34.99,No,Fiber Optic,24,No,No,No,No,No,No,No,Yes,Month-to-Month,No,Bank Withdrawal,70.1,0.0,0,No,5592,3,0-12
Male,77,Yes,0,7,69,No Offer,Yes,14.76,Yes,Fiber Optic,14,Yes,Yes,No,No,No,No,No,Yes,Month-to-Month,Yes,Credit Card,84.9,0.0,0,No,4503,6,49-72
Male,71,Yes,1,1,58,Offer B,Yes,18.43,Yes,Fiber Optic,10,Yes,Yes,No,Yes,No,No,No,No,One Year,Yes,Bank Withdrawal,89.85,0.0,130,No,5035,6,49-72
Male,77,Yes,2,0,66,No Offer,Yes,3.27,Yes,Fiber Optic,10,Yes,Yes,Yes,Yes,Yes,Yes,No,Yes,One Year,Yes,Bank Withdrawal,116.25,0.0,0,No,4578,10,49-72
Male,71,Yes,0,1,51,Offer B,No,0.0,No,DSL,21,No,Yes,No,No,No,No,No,Yes,Month-to-Month,Yes,Credit Card,29.45,0.0,0,No,6285,3,49-72
Male,69,No,0,0,50,Offer B,Yes,25.23,Yes,DSL,23,Yes,Yes,No,No,Yes,No,No,No,Month-to-Month,Yes,Bank Withdrawal,70.35,0.0,100,No,5596,6,49-72
Male,67,Yes,0,1,72,No Offer,Yes,17.71,Yes,Fiber Optic,4,Yes,Yes,Yes,No,Yes,Yes,Yes,Yes,Two Year,Yes,Bank Withdrawal,109.55,0.0,0,No,4086,10,49-72
Male,76,Yes,0,2,63,Offer B,No,0.0,No,DSL,7,Yes,No,No,Yes,No,No,No,Yes,One Year,No,Bank Withdrawal,36.1,0.0,0,No,5089,4,49-72
Female,77,No,0,0,18,Offer D,Yes,37.53,No,No Internet Service,0,No,No,No,No,No,No,No,No,One Year,No,Bank Withdrawal,20.35,0.0,0,No,4713,1,13-24
Male,67,Yes,0,8,28,Offer C,Yes,24.35,Yes,Fiber Optic,15,No,Yes,No,Yes,Yes,Yes,Yes,Yes,Month-to-Month,Yes,Bank Withdrawal,105.8,0.0,0,No,4174,9,25-48
Female,72,No,0,0,53,Offer B,Yes,34.58,No,Fiber Optic,28,Yes,Yes,No,Yes,No,Yes,Yes,Yes,One Year,Yes,Credit Card,96.75,0.0,0,No,4766,8,49-72
Male,79,Yes,0,9,68,No Offer,No,0.0,No,Cable,28,Yes,Yes,Yes,No,No,No,No,Yes,Two Year,Yes,Bank Withdrawal,41.95,0.0,0,No,5607,5,49-72
Female,66,No,0,0,9,Offer E,Yes,40.0,Yes,Fiber Optic,4,No,No,Yes,No,Yes,No,No,Yes,Month-to-Month,Yes,Bank Withdrawal,90.1,0.0,0,No,2893,6,0-12
Female,68,No,0,0,54,Offer B,Yes,45.43,Yes,Cable,2,No,Yes,No,Yes,Yes,No,No,Yes,One Year,No,Credit Card,72.1,0.0,0,No,4277,7,49-72
Male,78,No,0,0,64,Offer B,Yes,19.2,Yes,Fiber Optic,18,Yes,Yes,No,No,Yes,Yes,Yes,Yes,Month-to-Month,Yes,Bank Withdrawal,103.5,0.0,0,No,5125,9,49-72
Male,76,Yes,0,5,72,No Offer,Yes,27.74,Yes,Fiber Optic,3,No,Yes,Yes,Yes,Yes,Yes,Yes,Yes,Two Year,No,Credit Card,109.7,0.0,0,No,4319,10,49-72
Female,72,Yes,0,5,72,No Offer,Yes,47.4,Yes,DSL,28,Yes,Yes,Yes,No,Yes,Yes,Yes,Yes,Two Year,Yes,Credit Card,84.1,0.0,0,No,4999,10,49-72
Male,68,No,0,0,16,Offer D,Yes,39.52,No,Fiber Optic,17,No,No,No,No,No,Yes,Yes,Yes,Month-to-Month,Yes,Bank Withdrawal,78.75,0.0,0,No,4351,5,13-24
Female,80,Yes,0,3,3,Offer E,Yes,39.51,No,Fiber Optic,17,No,Yes,No,No,No,No,No,No,Month-to-Month,Yes,Bank Withdrawal,74.6,0.0,30,No,3711,3,0-12
Female,76,Yes,0,5,27,Offer C,Yes,3.43,Yes,DSL,21,No,Yes,Yes,Yes,Yes,Yes,Yes,Yes,Month-to-Month,No,Bank Withdrawal,83.85,0.0,0,No,5907,10,25-48
Female,78,No,0,0,35,Offer C,Yes,31.64,Yes,Fiber Optic,7,Yes,No,No,No,Yes,Yes,Yes,Yes,Month-to-Month,Yes,Bank Withdrawal,99.05,0.0,0,No,3484,8,25-48
Female,74,No,0,0,2,Offer E,Yes,19.09,No,DSL,30,No,No,No,No,No,No,No,Yes,Month-to-Month,No,Bank Withdrawal,43.95,0.0,0,No,4057,3,0-12
Female,70,Yes,0,9,72,No Offer,Yes,8.48,Yes,No Internet Service,0,No,No,No,No,No,No,No,No,Two Year,Yes,Credit Card,25.7,0.0,0,No,5079,2,49-72
Male,66,No,0,0,68,No Offer,Yes,19.67,Yes,Fiber Optic,28,No,Yes,Yes,No,No,Yes,No,Yes,Month-to-Month,Yes,Bank Withdrawal,95.9,0.0,0,No,5080,7,49-72
Female,67,Yes,0,8,67,No Offer,Yes,38.47,Yes,Fiber Optic,20,Yes,No,Yes,No,Yes,Yes,No,Yes,One Year,Yes,Credit Card,107.05,0.0,0,No,4126,8,49-72
Female,68,Yes,0,5,13,No Offer,No,0.0,No,DSL,9,No,No,No,No,Yes,Yes,No,Yes,Month-to-Month,No,Bank Withdrawal,45.3,0.0,0,No,4118,4,13-24
Male,65,Yes,0,8,22,No Offer,Yes,22.38,No,Fiber Optic,14,No,No,No,No,Yes,Yes,Yes,Yes,Month-to-Month,Yes,Bank Withdrawal,89.75,0.0,0,No,4180,6,13-24
Male,76,Yes,0,7,51,Offer B,Yes,2.21,Yes,Fiber Optic,10,Yes,No,Yes,No,No,Yes,No,Yes,One Year,Yes,Bank Withdrawal,93.65,0.0,0,No,4163,7,49-72
Male,74,Yes,3,1,71,No Offer,Yes,46.11,Yes,DSL,20,No,Yes,Yes,Yes,No,Yes,No,No,One Year,Yes,Bank Withdrawal,72.9,0.0,20,No,6404,7,49-72
Male,72,No,0,0,57,Offer B,Yes,9.1,Yes,DSL,16,No,Yes,Yes,No,Yes,Yes,No,Yes,Two Year,Yes,Bank Withdrawal,79.75,0.0,0,No,5371,8,49-72
Female,69,Yes,0,9,62,Offer B,Yes,24.62,No,DSL,29,Yes,No,Yes,Yes,Yes,Yes,No,Yes,Two Year,Yes,Credit Card,79.95,0.0,0,No,6488,8,49-72
Female,72,Yes,0,1,70,No Offer,Yes,33.74,Yes,Fiber Optic,24,No,Yes,No,Yes,Yes,Yes,No,Yes,One Year,Yes,Bank Withdrawal,105.55,0.0,0,No,4605,8,49-72
Female,80,No,0,0,45,No Offer,Yes,4.14,No,Fiber Optic,20,Yes,Yes,No,Yes,No,No,No,No,Month-to-Month,Yes,Bank Withdrawal,85.7,0.0,50,No,5397,5,25-48
Female,77,Yes,0,1,57,No Offer,Yes,23.05,Yes,Fiber Optic,30,No,Yes,Yes,No,No,Yes,No,Yes,Month-to-Month,No,Credit Card,94.0,0.0,0,No,6015,7,49-72
Female,65,No,0,0,18,No Offer,Yes,1.27,Yes,Fiber Optic,3,No,Yes,No,Yes,Yes,Yes,Yes,No,Month-to-Month,Yes,Credit Card,103.6,0.0,10,No,2094,8,13-24
Male,69,No,0,0,6,Offer E,Yes,48.32,No,Fiber Optic,11,No,No,No,No,Yes,No,No,Yes,Month-to-Month,Yes,Bank Withdrawal,79.7,0.0,0,No,2893,4,0-12
Male,71,No,0,0,1,No Offer,Yes,40.38,No,DSL,6,No,No,No,No,No,No,No,Yes,Month-to-Month,Yes,Credit Card,45.85,0.0,0,No,5715,3,0-12
Female,68,No,0,0,71,Offer A,Yes,3.91,Yes,Fiber Optic,12,Yes,Yes,No,Yes,Yes,No,No,Yes,One Year,Yes,Credit Card,99.65,0.0,0,No,5448,8,49-72
Male,69,No,0,0,51,No Offer,Yes,4.14,No,Fiber Optic,21,No,No,Yes,No,Yes,Yes,Yes,Yes,One Year,Yes,Bank Withdrawal,94.0,0.0,0,No,6034,7,49-72
Female,75,Yes,0,1,56,No Offer,Yes,26.82,Yes,Cable,18,Yes,Yes,Yes,Yes,No,No,No,Yes,One Year,Yes,Credit Card,68.45,0.0,0,No,4368,8,49-72
Female,77,No,0,0,64,No Offer,No,0.0,No,DSL,21,No,Yes,No,Yes,Yes,No,No,No,Month-to-Month,Yes,Bank Withdrawal,43.85,0.0,30,No,6055,4,49-72
Male,66,No,0,0,68,Offer A,Yes,10.48,No,No Internet Service,0,No,No,No,No,No,No,No,No,Two Year,Yes,Credit Card,20.0,0.0,0,No,6136,1,49-72
Male,79,No,0,0,67,Offer A,Yes,28.88,Yes,DSL,11,Yes,Yes,No,Yes,No,No,No,Yes,Two Year,Yes,Bank Withdrawal,64.55,0.0,0,No,4494,7,49-72
Female,66,Yes,0,3,42,No Offer,Yes,22.89,Yes,Fiber Optic,12,No,Yes,Yes,No,Yes,No,No,Yes,Month-to-Month,Yes,Bank Withdrawal,95.55,0.0,0,No,4121,7,25-48
Female,77,Yes,0,1,61,No Offer,Yes,33.75,Yes,Fiber Optic,29,Yes,Yes,Yes,Yes,No,No,No,Yes,Month-to-Month,Yes,Credit Card,94.2,0.0,0,No,5274,8,49-72
Female,77,Yes,0,1,53,No Offer,Yes,47.64,No,Fiber Optic,25,No,Yes,Yes,Yes,Yes,No,No,Yes,One Year,Yes,Bank Withdrawal,94.0,0.0,0,No,6355,7,49-72
Female,72,No,0,0,35,Offer C,Yes,10.73,Yes,Fiber Optic,3,Yes,Yes,Yes,No,Yes,Yes,Yes,Yes,One Year,Yes,Bank Withdrawal,108.35,0.0,0,No,5139,10,25-48
Male,78,Yes,0,8,72,Offer A,No,0.0,No,Cable,26,Yes,Yes,Yes,Yes,Yes,Yes,Yes,Yes,Two Year,Yes,Bank Withdrawal,63.1,0.0,0,No,4933,9,49-72
Male,80,Yes,0,4,34,Offer C,Yes,29.66,No,Fiber Optic,29,No,No,Yes,No,Yes,No,No,Yes,Month-to-Month,Yes,Credit Card,85.2,0.0,0,No,5393,5,25-48
Female,77,Yes,0,2,63,No Offer,Yes,18.14,Yes,Fiber Optic,2,No,Yes,Yes,No,Yes,Yes,Yes,Yes,Month-to-Month,Yes,Bank Withdrawal,103.5,0.0,0,No,5187,9,49-72
Female,75,No,0,0,6,No Offer,No,0.0,No,DSL,24,No,No,No,No,Yes,Yes,Yes,Yes,Month-to-Month,Yes,Bank Withdrawal,44.4,0.0,0,No,4611,5,0-12
Male,67,Yes,0,2,55,No Offer,Yes,9.08,Yes,Cable,23,Yes,Yes,No,No,No,No,No,Yes,One Year,No,Credit Card,60.0,0.0,0,No,4212,6,49-72
Male,37,No,0,0,2,No Offer,Yes,10.47,No,DSL,21,Yes,Yes,No,No,No,No,No,Yes,Month-to-Month,Yes,Credit Card,53.85,0.0,0,Yes,3239,5,0-12
Female,19,No,2,0,2,No Offer,Yes,9.12,No,Fiber Optic,51,No,No,No,No,No,No,No,Yes,Month-to-Month,Yes,Bank Withdrawal,70.7,0.0,0,Yes,2701,3,0-12
Female,31,No,2,0,8,No Offer,Yes,12.15,Yes,Cable,26,No,No,Yes,No,Yes,Yes,Yes,Yes,Month-to-Month,Yes,Bank Withdrawal,99.65,0.0,0,Yes,5372,8,0-12
Female,23,Yes,3,0,28,Offer C,Yes,4.89,Yes,Fiber Optic,47,No,No,Yes,Yes,Yes,Yes,Yes,Yes,Month-to-Month,Yes,Bank Withdrawal,104.8,0.0,0,Yes,5003,9,25-48
Male,38,No,1,0,49,No Offer,Yes,44.33,Yes,Fiber Optic,11,No,Yes,Yes,No,Yes,Yes,Yes,Yes,Month-to-Month,Yes,Bank Withdrawal,103.7,0.0,0,Yes,5340,9,49-72
Female,21,Yes,0,6,10,No Offer,Yes,9.41,No,Cable,69,No,No,Yes,Yes,No,No,No,Yes,Month-to-Month,No,Credit Card,55.2,0.0,0,Yes,5925,5,0-12
Male,29,No,0,0,1,No Offer,Yes,33.58,No,No Internet Service,0,No,No,No,No,No,No,No,No,Month-to-Month,No,Credit Card,20.15,0.0,0,Yes,4832,1,0-12
Male,61,Yes,1,1,47,No Offer,Yes,31.35,Yes,Fiber Optic,16,No,Yes,No,No,Yes,Yes,Yes,Yes,Month-to-Month,Yes,Bank Withdrawal,99.35,0.0,0,Yes,5789,8,25-48
Male,27,Yes,0,1,1,No Offer,No,0.0,No,DSL,58,No,Yes,No,No,No,No,No,Yes,Month-to-Month,No,Bank Withdrawal,30.2,0.0,0,Yes,2915,3,0-12
Female,20,No,0,0,17,No Offer,Yes,40.55,No,Cable,41,No,No,No,No,Yes,Yes,Yes,Yes,Month-to-Month,Yes,Credit Card,64.7,0.0,0,Yes,3022,6,13-24
Male,56,No,3,0,5,No Offer,Yes,12.6,No,Fiber Optic,58,No,No,No,No,No,No,No,Yes,Month-to-Month,Yes,Bank Withdrawal,69.7,0.0,0,Yes,2454,3,0-12
Male,51,No,1,0,34,Offer C,Yes,21.69,Yes,Fiber Optic,28,No,Yes,Yes,No,Yes,Yes,Yes,Yes,Month-to-Month,Yes,Bank Withdrawal,106.35,0.0,0,Yes,2941,9,25-48
Female,48,No,2,0,11,No Offer,Yes,27.57,Yes,Cable,18,No,No,Yes,No,Yes,Yes,Yes,Yes,Month-to-Month,Yes,Bank Withdrawal,97.85,0.0,0,Yes,5674,8,0-12
Female,32,No,2,0,2,No Offer,Yes,5.85,No,Fiber Optic,19,No,No,No,No,Yes,No,No,No,Month-to-Month,Yes,Bank Withdrawal,80.65,0.0,20,Yes,5586,3,0-12
Female,34,No,1,0,15,No Offer,Yes,3.96,No,Fiber Optic,20,Yes,Yes,No,No,Yes,Yes,Yes,Yes,Month-to-Month,Yes,Credit Card,99.1,0.0,0,Yes,2966,8,13-24
Female,41,No,2,0,9,No Offer,Yes,27.21,Yes,Fiber Optic,29,No,No,No,No,Yes,Yes,Yes,Yes,Month-to-Month,No,Bank Withdrawal,94.4,0.0,0,Yes,5571,7,0-12
Female,32,No,3,0,1,No Offer,Yes,13.13,No,Fiber Optic,57,No,No,No,No,Yes,No,No,Yes,Month-to-Month,Yes,Bank Withdrawal,79.35,0.0,0,Yes,2483,4,0-12
Female,34,Yes,5,1,7,No Offer,Yes,8.69,No,Fiber Optic,53,No,No,Yes,No,No,No,No,Yes,Month-to-Month,Yes,Bank Withdrawal,75.15,0.0,0,Yes,3457,4,0-12
Female,34,No,3,0,12,No Offer,Yes,25.34,Yes,Fiber Optic,56,Yes,No,No,No,No,No,No,No,Month-to-Month,Yes,Bank Withdrawal,78.95,0.0,80,Yes,5806,4,0-12
Male,30,No,0,0,5,Offer E,Yes,34.26,No,No Internet Service,0,No,No,No,No,No,No,No,No,Month-to-Month,No,Credit Card,21.05,0.0,0,Yes,2604,1,0-12
Male,26,Yes,0,4,68,Offer A,Yes,14.79,Yes,Fiber Optic,47,No,Yes,Yes,Yes,Yes,Yes,Yes,Yes,Two Year,Yes,Bank Withdrawal,110.0,0.0,0,Yes,5034,10,49-72
Male,37,Yes,1,0,55,No Offer,Yes,49.06,Yes,Fiber Optic,27,Yes,Yes,No,No,Yes,No,No,Yes,Month-to-Month,Yes,Bank Withdrawal,96.75,0.0,0,Yes,5154,7,49-72
Female,62,Yes,2,1,10,No Offer,Yes,24.48,Yes,Fiber Optic,30,Yes,No,No,No,Yes,Yes,Yes,Yes,Month-to-Month,Yes,Bank Withdrawal,100.25,0.0,0,Yes,5998,8,0-12
Male,21,No,2,0,3,Offer E,Yes,14.6,Yes,Fiber Optic,71,No,No,No,No,No,No,Yes,Yes,Month-to-Month,Yes,Bank Withdrawal,74.4,8.74,0,Yes,4415,5,0-12
Female,27,Yes,0,6,25,Offer C,No,0.0,No,DSL,48,Yes,Yes,Yes,No,Yes,Yes,Yes,Yes,Month-to-Month,Yes,Credit Card,58.6,4.48,0,Yes,4190,8,25-48
Male,64,No,0,0,1,Offer E,No,0.0,No,DSL,22,No,No,No,No,No,Yes,Yes,Yes,Month-to-Month,Yes,Bank Withdrawal,35.45,0.0,0,Yes,2301,4,0-12
Male,45,No,0,0,2,Offer E,Yes,46.84,No,DSL,3,No,No,No,No,No,No,No,Yes,Month-to-Month,No,Bank Withdrawal,44.35,0.0,0,Yes,2570,3,0-12
Female,53,No,0,0,8,Offer E,Yes,48.14,Yes,DSL,18,Yes,No,No,Yes,No,Yes,Yes,Yes,Month-to-Month,No,Bank Withdrawal,71.15,0.0,0,Yes,2662,8,0-12
Male,63,No,0,0,1,Offer E,Yes,14.12,No,Cable,24,No,No,No,No,No,No,No,Yes,Month-to-Month,Yes,Bank Withdrawal,45.65,0.0,0,Yes,2600,3,0-12
Male,32,No,4,0,7,Offer E,Yes,20.52,Yes,Cable,28,No,No,No,No,Yes,Yes,Yes,No,Month-to-Month,No,Credit Card,95.0,36.6,10,Yes,2786,6,0-12
Female,26,Yes,1,5,20,No Offer,Yes,36.6,Yes,Fiber Optic,51,Yes,No,No,No,No,No,Yes,Yes,Month-to-Month,No,Bank Withdrawal,82.4,33.43,0,Yes,5719,6,13-24
Female,42,No,1,0,4,Offer E,Yes,33.5,No,Fiber Optic,27,No,No,No,No,No,No,No,Yes,Month-to-Month,Yes,Bank Withdrawal,70.9,8.74,0,Yes,4287,3,0-12
Female,26,Yes,3,1,2,Offer E,Yes,11.51,Yes,Fiber Optic,53,No,No,Yes,Yes,Yes,Yes,Yes,Yes,Month-to-Month,Yes,Bank Withdrawal,104.4,45.44,0,Yes,4690,9,0-12
Female,24,Yes,0,5,53,No Offer,Yes,40.62,No,Fiber Optic,73,No,No,Yes,No,Yes,Yes,Yes,Yes,One Year,Yes,Bank Withdrawal,94.85,18.55,0,Yes,4328,7,49-72
Female,54,No,0,0,1,Offer E,No,0.0,No,DSL,27,No,Yes,No,No,No,No,No,Yes,Month-to-Month,No,Bank Withdrawal,29.95,0.0,0,Yes,4534,3,0-12
Male,51,No,2,0,8,Offer E,Yes,25.73,Yes,Fiber Optic,19,No,No,No,No,No,Yes,Yes,Yes,Month-to-Month,No,Bank Withdrawal,84.5,33.21,0,Yes,2152,6,0-12
Female,48,No,3,0,13,No Offer,Yes,33.54,No,Fiber Optic,76,No,Yes,Yes,No,No,No,No,Yes,Month-to-Month,Yes,Bank Withdrawal,79.25,48.25,0,Yes,5142,5,13-24
Female,29,Yes,0,4,1,Offer E,No,0.0,No,DSL,29,No,No,No,No,No,No,Yes,Yes,Month-to-Month,Yes,Bank Withdrawal,24.8,0.0,0,Yes,4851,3,0-12
Male,39,Yes,2,5,6,No Offer,Yes,42.08,No,Fiber Optic,29,No,Yes,Yes,No,No,Yes,Yes,Yes,Month-to-Month,Yes,Bank Withdrawal,91.0,0.0,0,Yes,2283,7,0-12
Male,62,No,3,0,1,No Offer,Yes,23.2,No,Fiber Optic,21,No,No,No,No,No,Yes,Yes,Yes,Month-to-Month,No,Bank Withdrawal,79.9,0.0,0,Yes,3394,5,0-12
Female,43,No,1,0,19,No Offer,Yes,28.35,No,Fiber Optic,19,Yes,No,Yes,Yes,Yes,Yes,Yes,No,Month-to-Month,Yes,Bank Withdrawal,106.6,21.72,40,Yes,3764,8,13-24
Male,19,No,0,0,2,No Offer,Yes,49.81,No,DSL,41,No,No,No,No,No,No,Yes,Yes,Month-to-Month,Yes,Credit Card,46.0,0.0,0,Yes,2667,4,0-12
Female,39,No,2,0,4,No Offer,Yes,29.4,No,Fiber Optic,17,No,No,No,No,No,No,No,Yes,Month-to-Month,Yes,Bank Withdrawal,70.15,21.69,0,Yes,2227,3,0-12
Male,50,Yes,0,2,4,No Offer,Yes,9.67,No,Cable,22,No,No,No,Yes,No,No,No,Yes,Month-to-Month,No,Credit Card,50.05,0.0,0,Yes,3394,4,0-12
Female,22,Yes,0,0,1,No Offer,Yes,35.6,No,DSL,58,No,No,No,No,Yes,No,Yes,Yes,Month-to-Month,No,Credit Card,55.2,0.0,0,Yes,3638,5,0-12
Male,40,No,1,0,1,No Offer,Yes,26.85,No,Fiber Optic,11,Yes,No,No,No,No,Yes,Yes,Yes,Month-to-Month,Yes,Credit Card,84.6,0.0,0,Yes,2484,6,0-12
Male,22,No,0,0,2,No Offer,Yes,44.31,Yes,DSL,73,No,Yes,No,No,No,No,Yes,Yes,Month-to-Month,Yes,Credit Card,54.4,0.0,0,Yes,2556,6,0-12
Male,37,No,0,0,1,No Offer,Yes,11.35,No,DSL,9,Yes,No,No,No,No,No,No,Yes,Month-to-Month,Yes,Credit Card,48.55,0.0,0,Yes,5687,4,0-12
Female,47,Yes,0,1,2,No Offer,Yes,46.23,No,Fiber Optic,21,No,No,No,No,No,No,No,Yes,Month-to-Month,No,Bank Withdrawal,70.4,0.0,0,Yes,5687,3,0-12
Female,41,Yes,0,3,2,Offer E,Yes,30.19,No,Cable,16,No,No,No,No,No,No,No,Yes,Month-to-Month,Yes,Credit Card,44.6,0.0,0,Yes,4884,3,0-12
Male,51,No,0,0,59,No Offer,Yes,26.63,No,No Internet Service,0,No,No,No,No,No,No,No,No,Two Year,No,Credit Card,19.35,14.22,0,Yes,5084,1,49-72
Male,60,No,0,0,1,Offer E,No,0.0,No,Cable,29,No,No,No,No,No,No,No,Yes,Month-to-Month,No,Bank Withdrawal,24.8,0.0,0,Yes,5087,2,0-12
Male,30,No,0,0,1,Offer E,Yes,44.59,No,Fiber Optic,41,No,No,No,No,No,No,No,Yes,Month-to-Month,No,Credit Card,70.6,0.0,0,Yes,3338,3,0-12
Male,51,Yes,0,1,5,Offer E,Yes,42.29,Yes,Fiber Optic,16,No,Yes,No,Yes,No,No,No,Yes,Month-to-Month,Yes,Bank Withdrawal,85.4,45.37,0,Yes,3676,6,0-12
Female,20,Yes,0,6,52,No Offer,Yes,10.59,Yes,Fiber Optic,48,No,Yes,Yes,No,Yes,Yes,Yes,Yes,Month-to-Month,Yes,Bank Withdrawal,105.05,27.6,0,Yes,4839,9,49-72
Male,52,Yes,0,6,18,No Offer,Yes,1.51,No,Fiber Optic,28,No,No,Yes,No,Yes,Yes,Yes,Yes,Month-to-Month,No,Credit Card,95.15,10.17,0,Yes,4643,7,13-24
Male,41,Yes,0,1,1,Offer E,Yes,19.15,No,Fiber Optic,18,No,No,No,No,No,No,No,No,Month-to-Month,No,Bank Withdrawal,70.0,0.0,10,Yes,4094,2,0-12
Male,34,No,0,0,10,No Offer,Yes,49.58,No,DSL,17,No,No,No,No,No,No,No,Yes,Month-to-Month,Yes,Credit Card,44.85,0.0,0,Yes,4061,3,0-12
Female,21,No,0,0,1,No Offer,Yes,6.19,No,Fiber Optic,52,Yes,No,No,No,No,No,Yes,Yes,Month-to-Month,Yes,Credit Card,73.6,0.0,0,Yes,2565,5,0-12
Male,30,No,0,0,5,Offer E,Yes,5.78,No,Fiber Optic,52,No,No,No,No,Yes,No,No,No,Month-to-Month,Yes,Bank Withdrawal,80.6,36.44,40,Yes,5715,3,0-12
Female,55,Yes,0,1,38,Offer C,Yes,42.14,No,DSL,19,Yes,Yes,No,Yes,Yes,Yes,Yes,Yes,One Year,No,Credit Card,80.3,0.0,0,Yes,2071,9,25-48
Female,29,No,0,0,7,No Offer,Yes,28.62,Yes,Fiber Optic,26,No,No,No,No,No,No,Yes,Yes,Month-to-Month,Yes,Bank Withdrawal,73.85,13.03,0,Yes,2473,5,0-12
Female,54,No,0,0,2,No Offer,Yes,5.32,Yes,Fiber Optic,20,No,No,Yes,No,No,No,No,Yes,Month-to-Month,No,Credit Card,80.6,0.0,0,Yes,2683,5,0-12
Male,63,Yes,0,1,68,Offer A,Yes,29.18,Yes,DSL,18,No,Yes,Yes,Yes,No,Yes,Yes,No,One Year,Yes,Bank Withdrawal,75.8,0.0,90,Yes,4903,8,49-72
Female,24,No,0,0,43,No Offer,Yes,12.88,Yes,Fiber Optic,59,No,Yes,Yes,No,Yes,Yes,Yes,Yes,Two Year,Yes,Bank Withdrawal,104.6,0.0,0,Yes,5250,9,25-48
Male,61,Yes,0,2,63,No Offer,Yes,48.95,Yes,Fiber Optic,13,No,Yes,Yes,No,Yes,Yes,Yes,Yes,Month-to-Month,Yes,Bank Withdrawal,103.4,0.0,0,Yes,4352,9,49-72
Female,47,No,0,0,2,Offer E,Yes,10.53,No,Fiber Optic,8,No,No,No,No,Yes,Yes,Yes,Yes,Month-to-Month,Yes,Bank Withdrawal,90.4,0.0,0,Yes,4157,6,0-12
Male,26,Yes,0,5,4,Offer E,Yes,28.77,Yes,Fiber Optic,19,No,Yes,Yes,No,No,No,Yes,Yes,Month-to-Month,Yes,Bank Withdrawal,84.8,0.0,0,Yes,4939,7,0-12
Female,40,No,0,0,10,No Offer,Yes,27.1,No,Fiber Optic,11,No,No,No,No,No,Yes,Yes,Yes,Month-to-Month,Yes,Bank Withdrawal,80.25,0.0,0,Yes,3598,5,0-12
Male,54,No,0,0,5,Offer E,Yes,20.86,No,Fiber Optic,8,No,No,Yes,No,Yes,Yes,Yes,Yes,Month-to-Month,No,Bank Withdrawal,96.5,0.0,0,Yes,5383,7,0-12
Male,22,No,0,0,2,Offer E,Yes,40.43,Yes,Cable,27,No,No,No,No,Yes,No,Yes,Yes,Month-to-Month,Yes,Bank Withdrawal,85.65,0.0,0,Yes,3878,6,0-12
Female,48,Yes,0,1,25,Offer C,Yes,8.91,Yes,Fiber Optic,10,No,No,Yes,Yes,Yes,Yes,Yes,Yes,Month-to-Month,Yes,Bank Withdrawal,104.95,0.0,0,Yes,3642,9,25-48
Male,26,No,0,0,1,Offer E,Yes,14.78,No,DSL,59,No,Yes,No,No,No,No,Yes,Yes,Month-to-Month,No,Credit Card,50.65,0.0,0,Yes,2431,5,0-12
Male,64,No,0,0,1,Offer E,Yes,8.56,Yes,Fiber Optic,24,No,Yes,No,No,No,Yes,Yes,Yes,Month-to-Month,Yes,Credit Card,90.85,0.0,0,Yes,3424,7,0-12
Female,63,No,0,0,34,Offer C,Yes,1.55,No,Fiber Optic,14,No,Yes,No,No,No,No,No,Yes,Month-to-Month,Yes,Credit Card,73.95,0.0,0,Yes,5795,4,25-48
Male,30,Yes,0,2,69,Offer A,Yes,48.8,Yes,Fiber Optic,26,No,No,Yes,No,Yes,Yes,Yes,Yes,Month-to-Month,Yes,Credit Card,99.45,0.0,0,Yes,4020,8,49-72
Female,59,No,0,0,1,Offer E,Yes,36.63,No,No Internet Service,0,No,No,No,No,No,No,No,No,Month-to-Month,Yes,Credit Card,19.9,0.0,0,Yes,3351,1,0-12
Male,52,No,0,0,1,Offer E,Yes,14.17,No,No Internet Service,0,No,No,No,No,No,No,No,No,Month-to-Month,Yes,Credit Card,19.6,0.0,0,Yes,3448,1,0-12
Female,23,Yes,0,4,22,No Offer,Yes,4.01,No,Cable,53,No,Yes,No,No,No,Yes,Yes,Yes,Month-to-Month,No,Bank Withdrawal,83.3,0.0,0,Yes,3804,6,13-24
Female,22,Yes,0,3,61,No Offer,Yes,46.27,No,No Internet Service,0,No,No,No,No,No,No,No,No,Month-to-Month,Yes,Credit Card,19.4,0.0,0,Yes,4221,1,49-72
Male,49,No,0,0,12,No Offer,Yes,11.12,No,DSL,14,No,No,No,No,No,No,No,Yes,Month-to-Month,Yes,Bank Withdrawal,45.4,0.0,0,Yes,2887,3,0-12
Female,20,No,0,0,60,No Offer,Yes,10.7,Yes,Fiber Optic,71,No,Yes,Yes,No,Yes,Yes,Yes,Yes,Month-to-Month,Yes,Bank Withdrawal,105.9,0.0,0,Yes,4105,9,49-72
Female,54,No,0,0,1,Offer E,Yes,29.78,No,Fiber Optic,13,No,No,No,No,No,No,No,Yes,Month-to-Month,No,Credit Card,69.55,0.0,0,Yes,2792,3,0-12
Female,58,Yes,0,1,28,Offer C,Yes,16.85,No,Fiber Optic,13,No,No,No,No,No,Yes,Yes,Yes,Month-to-Month,Yes,Bank Withdrawal,81.05,0.0,0,Yes,5201,5,25-48
Male,21,Yes,0,3,4,Offer E,Yes,9.56,Yes,Fiber Optic,48,No,No,Yes,No,Yes,Yes,Yes,Yes,Month-to-Month,No,Bank Withdrawal,101.15,0.0,0,Yes,4417,8,0-12
Male,61,No,0,0,7,No Offer,Yes,47.03,Yes,Fiber Optic,2,No,Yes,No,No,Yes,Yes,Yes,No,Month-to-Month,Yes,Bank Withdrawal,99.8,0.0,10,Yes,2031,7,0-12
Female,60,Yes,0,3,13,Offer D,Yes,19.05,No,DSL,27,No,No,No,No,No,Yes,Yes,Yes,Month-to-Month,No,Bank Withdrawal,55.95,0.0,0,Yes,4498,5,13-24
Male,25,No,0,0,1,No Offer,Yes,47.22,No,Cable,53,No,No,No,No,No,Yes,Yes,Yes,Month-to-Month,Yes,Bank Withdrawal,55.0,0.0,0,Yes,4877,5,0-12
Female,52,Yes,0,0,1,No Offer,Yes,21.91,No,Fiber Optic,8,No,Yes,No,No,No,No,No,Yes,Month-to-Month,Yes,Bank Withdrawal,74.7,0.0,0,Yes,5980,4,0-12
Male,52,No,0,0,24,Offer C,Yes,49.3,Yes,Fiber Optic,20,No,Yes,No,No,No,No,No,Yes,Month-to-Month,Yes,Bank Withdrawal,80.25,0.0,0,Yes,4418,5,13-24
Male,61,No,0,0,5,No Offer,Yes,31.09,No,Fiber Optic,11,No,No,No,Yes,Yes,Yes,Yes,Yes,Month-to-Month,Yes,Bank Withdrawal,96.1,0.0,0,Yes,4192,7,0-12
Female,40,No,0,0,15,Offer D,Yes,4.67,No,Fiber Optic,28,No,No,No,No,No,No,No,Yes,Month-to-Month,No,Bank Withdrawal,69.0,0.0,0,Yes,5671,3,13-24
Female,28,Yes,0,3,48,No Offer,No,0.0,No,Cable,58,Yes,No,Yes,No,No,Yes,Yes,No,Month-to-Month,Yes,Bank Withdrawal,45.3,0.0,140,Yes,4926,5,25-48
Female,32,Yes,0,1,8,No Offer,Yes,32.32,No,Cable,25,No,Yes,No,No,Yes,No,No,Yes,Month-to-Month,Yes,Bank Withdrawal,83.55,0.0,0,Yes,2879,5,0-12
Male,32,No,0,0,1,No Offer,Yes,14.02,Yes,Fiber Optic,2,No,No,No,No,No,No,No,Yes,Month-to-Month,Yes,Bank Withdrawal,74.35,0.0,0,Yes,2814,4,0-12
Female,28,Yes,0,1,2,No Offer,Yes,9.79,No,Fiber Optic,41,Yes,No,No,No,No,No,No,Yes,Month-to-Month,Yes,Bank Withdrawal,74.4,0.0,0,Yes,4263,4,0-12
Male,51,No,0,0,22,Offer D,No,0.0,No,DSL,16,No,Yes,Yes,No,No,Yes,Yes,Yes,One Year,Yes,Bank Withdrawal,43.75,0.0,0,Yes,3099,6,13-24
Female,49,No,0,0,12,Offer D,Yes,16.07,Yes,Fiber Optic,14,Yes,Yes,Yes,No,No,Yes,Yes,Yes,Month-to-Month,Yes,Bank Withdrawal,99.7,0.0,0,Yes,2538,9,0-12
Male,49,Yes,0,4,2,No Offer,Yes,18.79,No,Fiber Optic,19,No,No,No,Yes,Yes,Yes,Yes,Yes,Month-to-Month,Yes,Bank Withdrawal,94.2,0.0,0,Yes,3715,7,0-12
Female,64,Yes,0,1,6,No Offer,Yes,36.12,Yes,Fiber Optic,23,No,No,No,Yes,No,No,No,Yes,Month-to-Month,Yes,Bank Withdrawal,80.5,0.0,0,Yes,5032,5,0-12
Male,55,No,0,0,40,No Offer,Yes,35.58,Yes,Fiber Optic,8,No,No,Yes,Yes,Yes,Yes,Yes,Yes,Month-to-Month,No,Bank Withdrawal,104.8,0.0,0,Yes,3492,9,25-48
Female,47,No,0,0,23,Offer D,Yes,27.61,Yes,Fiber Optic,23,No,No,No,No,No,No,No,Yes,Month-to-Month,No,Bank Withdrawal,75.6,0.0,0,Yes,2115,4,13-24
Male,22,Yes,0,2,34,Offer C,Yes,23.09,Yes,Fiber Optic,52,No,No,Yes,No,Yes,Yes,Yes,No,Month-to-Month,Yes,Bank Withdrawal,100.05,0.0,20,Yes,2568,7,25-48
Female,51,No,0,0,1,Offer E,Yes,30.52,Yes,Fiber Optic,30,No,No,No,No,No,Yes,Yes,Yes,Month-to-Month,Yes,Bank Withdrawal,85.0,0.0,0,Yes,5679,6,0-12
Male,33,No,0,0,10,Offer D,Yes,5.92,Yes,Fiber Optic,11,No,No,No,No,Yes,No,No,Yes,Month-to-Month,Yes,Bank Withdrawal,86.05,0.0,0,Yes,2966,5,0-12
Male,52,No,0,0,13,Offer D,No,0.0,No,DSL,17,Yes,No,No,Yes,Yes,No,No,Yes,Month-to-Month,Yes,Credit Card,45.55,0.0,0,Yes,4856,5,13-24
Male,29,Yes,0,5,39,Offer C,Yes,40.25,No,Fiber Optic,19,No,Yes,No,No,Yes,No,No,Yes,Month-to-Month,Yes,Credit Card,86.3,0.0,0,Yes,3364,5,25-48
Male,31,No,0,0,32,Offer C,Yes,1.49,Yes,Fiber Optic,21,No,Yes,No,No,No,No,No,Yes,Month-to-Month,Yes,Bank Withdrawal,80.35,0.0,0,Yes,5974,5,25-48
Female,44,No,0,0,35,Offer C,Yes,10.49,Yes,Fiber Optic,17,No,No,Yes,No,Yes,Yes,Yes,Yes,Month-to-Month,Yes,Bank Withdrawal,100.25,0.0,0,Yes,2744,8,25-48
Male,50,Yes,0,2,56,No Offer,Yes,26.15,Yes,Fiber Optic,7,No,Yes,No,No,Yes,Yes,Yes,No,One Year,No,Credit Card,100.3,0.0,100,Yes,5170,7,49-72
Female,48,Yes,0,1,12,Offer D,Yes,19.48,No,No Internet Service,0,No,No,No,No,No,No,No,No,Month-to-Month,No,Credit Card,19.0,0.0,0,Yes,3535,1,0-12
Female,28,No,0,0,1,No Offer,Yes,4.13,No,Fiber Optic,51,Yes,No,No,No,No,No,No,Yes,Month-to-Month,No,Mailed Check,75.3,0.0,0,Yes,3244,4,0-12
Female,52,No,0,0,12,Offer D,Yes,36.24,Yes,DSL,30,Yes,No,Yes,Yes,No,No,No,Yes,Month-to-Month,Yes,Mailed Check,61.65,0.0,0,Yes,5670,7,0-12
Male,32,Yes,0,1,9,Offer E,No,0.0,No,DSL,9,No,Yes,No,No,No,No,No,No,Month-to-Month,Yes,Bank Withdrawal,29.95,0.0,10,Yes,2573,2,0-12
Female,20,Yes,0,1,9,Offer E,Yes,6.35,No,Cable,69,Yes,Yes,Yes,Yes,No,No,No,Yes,Month-to-Month,No,Mailed Check,65.0,0.0,0,Yes,3983,7,0-12
Female,27,No,0,0,7,Offer E,Yes,16.04,No,No Internet Service,0,No,No,No,No,No,No,No,No,Month-to-Month,No,Bank Withdrawal,20.0,0.0,0,Yes,4479,1,0-12
Female,20,Yes,0,7,65,No Offer,Yes,34.14,Yes,Fiber Optic,26,No,Yes,Yes,No,Yes,Yes,Yes,Yes,Month-to-Month,Yes,Bank Withdrawal,105.5,0.0,0,Yes,5720,9,49-72
Male,26,Yes,0,1,10,Offer D,Yes,2.02,Yes,Fiber Optic,82,No,No,No,No,No,Yes,Yes,No,Month-to-Month,Yes,Bank Withdrawal,85.25,0.0,100,Yes,3573,5,0-12
Female,57,Yes,0,3,43,No Offer,Yes,37.25,No,DSL,20,No,No,No,No,Yes,No,No,Yes,Month-to-Month,No,Bank Withdrawal,56.15,0.0,0,Yes,2152,4,25-48
Male,38,No,0,0,1,Offer E,Yes,42.46,No,Cable,27,No,No,No,No,Yes,Yes,Yes,Yes,Month-to-Month,Yes,Bank Withdrawal,89.55,0.0,0,Yes,4996,6,0-12
Male,57,No,0,0,1,Offer E,Yes,5.55,No,DSL,13,No,No,No,No,No,No,No,Yes,Month-to-Month,Yes,Mailed Check,45.7,0.0,0,Yes,2295,3,0-12
Female,30,No,0,0,3,No Offer,Yes,26.26,No,Fiber Optic,30,No,No,No,No,No,No,No,Yes,Month-to-Month,Yes,Bank Withdrawal,69.55,0.0,0,Yes,2876,3,0-12
Female,23,No,0,0,1,Offer E,Yes,22.16,No,Fiber Optic,47,No,No,Yes,No,No,No,No,No,Month-to-Month,Yes,Mailed Check,74.6,0.0,10,Yes,3860,3,0-12
Male,40,Yes,0,2,2,Offer E,Yes,15.14,No,No Internet Service,0,No,No,No,No,No,No,No,No,One Year,No,Mailed Check,19.85,0.0,0,Yes,2362,1,0-12
Female,48,No,0,0,4,Offer E,No,0.0,No,Cable,16,No,No,No,No,No,No,No,Yes,Month-to-Month,Yes,Mailed Check,24.25,0.0,0,Yes,2038,2,0-12
Female,52,No,0,0,2,Offer E,Yes,7.64,No,Fiber Optic,27,No,No,No,No,No,No,No,Yes,Month-to-Month,No,Bank Withdrawal,69.65,0.0,0,Yes,2323,3,0-12
Female,47,No,0,0,4,No Offer,Yes,45.4,No,DSL,27,No,No,No,No,No,No,No,Yes,Month-to-Month,No,Mailed Check,45.65,0.0,0,Yes,2864,3,0-12
Female,23,No,0,0,1,Offer E,Yes,32.86,Yes,Fiber Optic,58,No,No,No,No,No,No,No,Yes,Month-to-Month,Yes,Mailed Check,75.05,0.0,0,Yes,4838,4,0-12
Female,19,No,0,0,2,Offer E,No,0.0,No,DSL,76,No,No,No,No,No,Yes,Yes,Yes,Month-to-Month,Yes,Bank Withdrawal,34.7,0.0,0,Yes,3146,4,0-12
Male,48,Yes,0,1,1,Offer E,Yes,35.71,No,Cable,3,No,No,No,No,No,Yes,Yes,Yes,Month-to-Month,No,Bank Withdrawal,80.0,0.0,0,Yes,2046,5,0-12
Female,63,No,0,0,3,Offer E,Yes,26.52,Yes,Fiber Optic,10,No,No,No,No,No,No,No,Yes,Month-to-Month,Yes,Credit Card,75.1,0.0,0,Yes,4965,4,0-12
Male,23,Yes,0,1,3,No Offer,Yes,13.54,No,Cable,51,No,No,Yes,No,No,No,No,Yes,Month-to-Month,Yes,Bank Withdrawal,50.15,0.0,0,Yes,3273,4,0-12
Female,54,No,0,0,25,Offer C,Yes,26.81,No,Fiber Optic,12,Yes,Yes,No,No,No,No,No,Yes,Month-to-Month,Yes,Bank Withdrawal,79.85,0.0,0,Yes,4535,5,25-48
Male,27,No,0,0,1,No Offer,Yes,38.44,No,No Internet Service,0,No,No,No,No,No,No,No,No,Month-to-Month,No,Mailed Check,19.55,0.0,0,Yes,3556,1,0-12
Female,48,Yes,0,1,4,No Offer,Yes,4.14,Yes,Fiber Optic,30,No,No,No,No,No,Yes,Yes,Yes,Month-to-Month,Yes,Bank Withdrawal,85.95,0.0,0,Yes,5640,6,0-12
Male,26,No,0,0,3,No Offer,Yes,36.48,No,DSL,59,No,No,No,No,No,No,No,Yes,Month-to-Month,Yes,Bank Withdrawal,45.35,0.0,0,Yes,2450,3,0-12
Female,29,No,0,0,45,No Offer,Yes,4.48,Yes,Cable,51,No,No,Yes,Yes,No,No,No,Yes,Month-to-Month,Yes,Bank Withdrawal,87.25,0.0,0,Yes,5269,6,25-48
Male,51,No,0,0,10,Offer D,Yes,27.57,Yes,Fiber Optic,13,Yes,No,No,No,Yes,Yes,Yes,Yes,Month-to-Month,No,Bank Withdrawal,98.55,0.0,0,Yes,3658,8,0-12
Female,37,No,0,0,15,No Offer,Yes,24.63,No,Fiber Optic,13,No,Yes,No,No,No,Yes,Yes,Yes,Month-to-Month,Yes,Bank Withdrawal,85.9,0.0,0,Yes,3579,6,13-24
Female,38,No,0,0,22,No Offer,Yes,18.01,No,Fiber Optic,2,No,No,No,No,Yes,Yes,Yes,Yes,Month-to-Month,No,Bank Withdrawal,89.25,0.0,0,Yes,3161,6,13-24
Male,31,Yes,0,1,3,No Offer,Yes,26.71,No,Fiber Optic,11,No,No,No,No,No,No,No,Yes,Month-to-Month,Yes,Bank Withdrawal,70.3,0.0,0,Yes,3038,3,0-12
Male,49,No,0,0,15,No Offer,Yes,48.93,Yes,Fiber Optic,15,No,No,No,No,Yes,Yes,Yes,Yes,Month-to-Month,Yes,Bank Withdrawal,93.35,0.0,0,Yes,5264,7,13-24
Female,45,No,0,0,1,No Offer,Yes,49.51,No,No Internet Service,0,No,No,No,No,No,No,No,No,Month-to-Month,No,Mailed Check,19.9,0.0,0,Yes,4248,1,0-12
Female,37,Yes,0,1,5,No Offer,Yes,41.57,No,Cable,27,Yes,No,Yes,No,No,Yes,Yes,Yes,Month-to-Month,Yes,Mailed Check,88.9,0.0,0,Yes,4356,7,0-12
Male,24,Yes,0,1,33,Offer C,Yes,41.8,No,Fiber Optic,41,No,No,Yes,No,Yes,Yes,Yes,No,One Year,Yes,Bank Withdrawal,95.8,0.0,60,Yes,4161,6,25-48
Male,42,No,0,0,2,No Offer,Yes,41.18,Yes,Fiber Optic,14,No,Yes,No,No,No,No,No,Yes,Month-to-Month,Yes,Bank Withdrawal,82.0,0.0,0,Yes,3051,5,0-12
Male,63,No,0,0,2,No Offer,Yes,25.49,No,DSL,9,No,No,No,No,No,No,No,Yes,Month-to-Month,No,Bank Withdrawal,45.35,0.0,0,Yes,3478,3,0-12
Female,41,No,0,0,1,No Offer,Yes,34.04,No,DSL,23,No,No,No,Yes,No,No,No,Yes,Month-to-Month,Yes,Bank Withdrawal,52.2,0.0,0,Yes,4138,4,0-12
Male,58,No,0,0,62,Offer B,Yes,22.64,Yes,Fiber Optic,9,No,No,Yes,No,Yes,Yes,Yes,Yes,One Year,Yes,Bank Withdrawal,96.75,0.0,0,Yes,5016,8,49-72
Female,33,No,0,0,10,No Offer,Yes,14.53,Yes,Fiber Optic,30,No,No,No,Yes,Yes,Yes,Yes,No,Month-to-Month,Yes,Bank Withdrawal,98.5,0.0,110,Yes,5184,7,0-12
Male,61,No,0,0,6,No Offer,Yes,11.97,No,Fiber Optic,27,No,Yes,No,No,Yes,No,No,Yes,Month-to-Month,Yes,Bank Withdrawal,85.35,0.0,0,Yes,4694,5,0-12
Male,54,Yes,0,1,40,Offer B,Yes,22.56,Yes,Cable,4,No,Yes,No,No,Yes,Yes,Yes,Yes,Month-to-Month,Yes,Bank Withdrawal,101.3,0.0,0,Yes,2576,8,25-48
Male,27,No,0,0,1,Offer E,Yes,49.43,No,Fiber Optic,48,No,No,No,No,No,No,Yes,Yes,Month-to-Month,Yes,Bank Withdrawal,69.55,0.0,0,Yes,3042,4,0-12
Male,20,No,0,0,58,Offer B,Yes,44.5,Yes,Fiber Optic,47,No,Yes,Yes,No,Yes,Yes,Yes,Yes,One Year,Yes,Bank Withdrawal,103.25,0.0,0,Yes,6105,9,49-72
Male,25,No,0,0,70,Offer A,Yes,12.19,Yes,Fiber Optic,42,Yes,No,No,Yes,Yes,Yes,Yes,Yes,Two Year,Yes,Credit Card,104.0,0.0,0,Yes,4544,9,49-72
Female,62,No,0,0,2,Offer E,Yes,24.05,No,Fiber Optic,27,No,No,Yes,No,No,Yes,Yes,Yes,Month-to-Month,Yes,Mailed Check,86.2,0.0,0,Yes,2969,6,0-12
Male,24,Yes,0,1,21,No Offer,Yes,36.26,Yes,Fiber Optic,59,No,Yes,Yes,Yes,Yes,Yes,Yes,No,Month-to-Month,Yes,Bank Withdrawal,111.2,0.0,120,Yes,4123,9,13-24
Female,41,Yes,0,1,16,No Offer,Yes,31.73,No,Fiber Optic,25,No,Yes,Yes,No,Yes,No,No,Yes,Month-to-Month,Yes,Credit Card,89.45,0.0,0,Yes,3696,6,13-24
Male,21,Yes,0,1,60,Offer B,Yes,33.25,No,Fiber Optic,52,No,Yes,Yes,No,Yes,No,Yes,Yes,One Year,No,Bank Withdrawal,90.95,0.0,0,Yes,4111,7,49-72
Female,58,Yes,0,1,50,Offer B,Yes,29.43,Yes,Fiber Optic,14,Yes,Yes,No,Yes,Yes,Yes,Yes,Yes,One Year,No,Bank Withdrawal,108.55,0.0,0,Yes,4274,10,49-72
Male,45,No,0,0,1,Offer E,Yes,32.44,No,DSL,12,No,No,No,No,No,No,No,Yes,Month-to-Month,No,Mailed Check,44.4,0.0,0,Yes,3522,3,0-12
Female,59,Yes,0,1,12,No Offer,Yes,37.65,No,No Internet Service,0,No,No,No,No,No,No,No,No,One Year,No,Bank Withdrawal,19.8,0.0,0,Yes,2653,1,0-12
Male,21,No,0,0,1,Offer E,Yes,32.85,No,Fiber Optic,53,No,No,No,No,Yes,Yes,Yes,Yes,Month-to-Month,Yes,Bank Withdrawal,89.9,0.0,0,Yes,5951,6,0-12
Female,41,No,0,0,62,Offer B,Yes,32.58,Yes,Fiber Optic,15,No,No,Yes,No,Yes,Yes,Yes,Yes,One Year,Yes,Bank Withdrawal,100.15,0.0,0,Yes,5600,8,49-72
Male,58,No,0,0,1,Offer E,Yes,1.28,No,DSL,27,No,Yes,No,No,No,No,No,Yes,Month-to-Month,No,Bank Withdrawal,50.8,0.0,0,Yes,3718,4,0-12
Female,55,No,0,0,3,Offer E,Yes,47.62,No,Cable,29,No,Yes,No,No,Yes,Yes,Yes,Yes,Month-to-Month,Yes,Bank Withdrawal,95.1,0.0,0,Yes,5861,7,0-12
Male,52,No,0,0,22,No Offer,Yes,46.28,Yes,Fiber Optic,16,No,No,No,No,Yes,Yes,Yes,No,Month-to-Month,Yes,Credit Card,94.65,0.0,40,Yes,3665,6,13-24
Male,46,Yes,0,1,4,Offer E,Yes,14.3,No,Fiber Optic,2,No,No,Yes,Yes,No,No,No,Yes,Month-to-Month,Yes,Mailed Check,80.6,0.0,0,Yes,3080,5,0-12
Male,24,Yes,0,0,59,Offer B,Yes,6.91,Yes,Fiber Optic,52,No,No,No,No,No,Yes,Yes,Yes,One Year,No,Bank Withdrawal,85.55,0.0,0,Yes,6304,6,49-72
Female,58,No,0,0,60,Offer B,No,0.0,No,Cable,5,No,Yes,No,No,Yes,Yes,Yes,Yes,Month-to-Month,Yes,Bank Withdrawal,50.8,0.0,0,Yes,4941,6,49-72
Female,54,No,0,0,15,No Offer,Yes,22.39,No,Fiber Optic,7,Yes,No,Yes,Yes,Yes,Yes,Yes,Yes,Month-to-Month,No,Bank Withdrawal,105.1,0.0,0,Yes,2122,9,13-24
Male,53,No,0,0,10,No Offer,Yes,18.03,No,Fiber Optic,6,Yes,Yes,Yes,Yes,Yes,Yes,Yes,Yes,Month-to-Month,Yes,Bank Withdrawal,110.1,0.0,0,Yes,5803,10,0-12
Female,40,No,0,0,6,No Offer,Yes,25.93,No,Fiber Optic,24,No,No,Yes,No,No,Yes,Yes,Yes,Month-to-Month,No,Bank Withdrawal,83.9,0.0,0,Yes,3962,6,0-12
Female,48,Yes,0,3,63,Offer B,Yes,8.98,Yes,Fiber Optic,16,Yes,Yes,Yes,No,Yes,No,No,No,Month-to-Month,Yes,Bank Withdrawal,100.55,0.0,0,Yes,5413,7,49-72
Male,55,Yes,0,6,50,Offer B,Yes,42.21,Yes,Fiber Optic,14,No,Yes,Yes,No,Yes,Yes,Yes,Yes,Month-to-Month,Yes,Bank Withdrawal,103.85,0.0,0,Yes,5812,9,49-72
Female,39,No,0,0,1,No Offer,No,0.0,No,DSL,12,No,No,No,No,No,No,No,Yes,Month-to-Month,No,Bank Withdrawal,24.6,0.0,0,Yes,5768,2,0-12
Female,64,No,0,0,12,No Offer,Yes,34.92,No,Cable,23,Yes,No,No,Yes,Yes,Yes,Yes,Yes,Month-to-Month,Yes,Bank Withdrawal,98.9,0.0,0,Yes,5559,8,0-12
Female,27,No,0,0,9,No Offer,Yes,38.76,Yes,Fiber Optic,82,No,No,Yes,No,Yes,Yes,Yes,Yes,Month-to-Month,No,Credit Card,98.3,0.0,0,Yes,2954,8,0-12
Male,36,No,0,0,17,No Offer,Yes,4.51,No,Fiber Optic,13,Yes,No,No,No,Yes,Yes,Yes,Yes,Month-to-Month,No,Bank Withdrawal,93.85,0.0,0,Yes,4940,7,13-24
Female,37,No,0,0,13,No Offer,Yes,3.84,No,Fiber Optic,4,No,Yes,Yes,No,No,No,No,Yes,Month-to-Month,Yes,Bank Withdrawal,81.15,0.0,0,Yes,4806,5,13-24
Female,51,No,0,0,6,No Offer,Yes,19.74,Yes,Fiber Optic,27,Yes,No,No,No,No,No,No,Yes,Month-to-Month,Yes,Bank Withdrawal,79.05,0.0,0,Yes,3263,5,0-12
Female,32,No,0,0,3,No Offer,Yes,23.82,Yes,Fiber Optic,24,No,No,No,No,No,No,No,Yes,Month-to-Month,No,Bank Withdrawal,74.4,0.0,0,Yes,2054,4,0-12
Male,21,Yes,0,1,1,No Offer,Yes,32.08,No,DSL,73,No,No,No,No,No,No,Yes,Yes,Month-to-Month,No,Credit Card,44.7,0.0,0,Yes,3700,4,0-12
Male,36,No,0,0,1,No Offer,Yes,10.41,No,DSL,17,No,No,No,No,No,No,No,Yes,Month-to-Month,Yes,Mailed Check,45.7,0.0,0,Yes,3571,3,0-12
Male,53,No,0,0,7,No Offer,Yes,9.14,No,No Internet Service,0,No,No,No,No,No,No,No,No,Month-to-Month,No,Bank Withdrawal,19.25,0.0,0,Yes,4489,1,0-12
Female,57,No,0,0,2,No Offer,Yes,48.34,Yes,Fiber Optic,28,No,No,No,No,Yes,Yes,Yes,Yes,Month-to-Month,Yes,Bank Withdrawal,96.0,0.0,0,Yes,3391,7,0-12
Female,30,No,0,0,1,Offer E,Yes,15.44,No,Fiber Optic,51,No,No,No,No,Yes,Yes,Yes,No,Month-to-Month,No,Bank Withdrawal,90.55,0.0,60,Yes,2627,5,0-12
Male,30,No,0,0,71,Offer A,Yes,49.42,Yes,Fiber Optic,53,Yes,No,Yes,Yes,Yes,Yes,Yes,Yes,Two Year,Yes,Bank Withdrawal,108.05,0.0,0,Yes,5200,10,49-72
Male,51,No,0,0,1,Offer E,Yes,45.66,No,Fiber Optic,28,No,No,No,No,No,No,No,Yes,Month-to-Month,Yes,Bank Withdrawal,69.9,0.0,0,Yes,5367,3,0-12
Male,41,No,0,0,1,Offer E,Yes,5.43,Yes,Fiber Optic,18,No,No,No,No,No,Yes,Yes,Yes,Month-to-Month,Yes,Bank Withdrawal,86.6,0.0,0,Yes,5228,6,0-12
Female,28,No,0,0,35,Offer C,Yes,45.14,Yes,Fiber Optic,41,No,Yes,No,Yes,No,No,Yes,No,Month-to-Month,No,Credit Card,85.3,23.89,130,Yes,2455,6,25-48
Female,61,No,0,0,34,Offer C,Yes,4.66,No,Fiber Optic,21,No,No,No,No,No,No,No,Yes,Month-to-Month,Yes,Credit Card,70.0,11.0,0,Yes,2318,3,25-48
Female,46,No,0,0,7,Offer E,Yes,48.36,No,Fiber Optic,15,No,No,Yes,No,Yes,Yes,Yes,Yes,Month-to-Month,Yes,Bank Withdrawal,95.35,34.29,0,Yes,3077,7,0-12
Female,33,No,0,0,18,No Offer,Yes,34.21,Yes,Fiber Optic,19,No,No,No,Yes,No,Yes,Yes,Yes,Month-to-Month,Yes,Bank Withdrawal,90.1,48.26,0,Yes,4260,7,13-24
Female,26,No,0,0,2,No Offer,Yes,30.73,No,Fiber Optic,39,No,No,No,No,No,No,Yes,Yes,Month-to-Month,No,Bank Withdrawal,68.95,0.0,0,Yes,5225,4,0-12
Male,39,Yes,0,1,32,Offer C,Yes,33.57,Yes,Fiber Optic,26,Yes,No,No,No,Yes,Yes,Yes,No,Month-to-Month,Yes,Credit Card,99.55,35.82,110,Yes,5026,7,25-48
Male,53,Yes,0,1,18,No Offer,Yes,2.86,No,DSL,22,No,No,Yes,No,No,Yes,Yes,Yes,Month-to-Month,No,Bank Withdrawal,57.45,15.73,0,Yes,2989,6,13-24
Male,27,Yes,0,1,12,No Offer,Yes,27.82,No,DSL,26,No,No,No,No,No,Yes,Yes,Yes,One Year,No,Credit Card,53.65,0.0,0,Yes,2595,5,0-12
Male,62,Yes,0,1,26,Offer C,Yes,35.9,Yes,Cable,26,No,No,No,No,Yes,No,No,Yes,Month-to-Month,Yes,Bank Withdrawal,83.75,0.0,0,Yes,2404,5,25-48
Male,44,Yes,0,1,38,No Offer,Yes,35.61,No,Fiber Optic,13,Yes,Yes,No,No,No,No,No,No,Month-to-Month,Yes,Bank Withdrawal,79.45,9.36,40,Yes,2405,4,25-48
Male,37,Yes,0,1,32,No Offer,Yes,5.99,No,Fiber Optic,5,No,No,No,No,No,No,No,Yes,Month-to-Month,Yes,Bank Withdrawal,69.75,19.67,0,Yes,2356,3,25-48
Female,50,No,0,0,1,Offer E,Yes,6.08,No,No Internet Service,0,No,No,No,No,No,No,No,No,Month-to-Month,No,Mailed Check,19.65,0.0,0,Yes,5881,1,0-12
Female,55,No,0,0,5,Offer E,No,0.0,No,DSL,2,No,No,Yes,No,No,Yes,Yes,Yes,Month-to-Month,No,Bank Withdrawal,39.5,39.27,0,Yes,2863,5,0-12
Male,58,Yes,0,1,40,Offer B,Yes,16.33,Yes,Fiber Optic,23,No,No,No,No,Yes,Yes,Yes,Yes,Month-to-Month,Yes,Bank Withdrawal,97.1,41.85,0,Yes,3099,7,25-48
Female,26,No,0,0,5,Offer E,Yes,43.99,No,Fiber Optic,42,No,No,No,No,No,Yes,Yes,No,Month-to-Month,Yes,Bank Withdrawal,80.0,40.0,10,Yes,3937,4,0-12
Female,40,No,0,0,10,No Offer,Yes,45.69,No,Fiber Optic,18,Yes,No,No,No,Yes,No,No,Yes,Month-to-Month,Yes,Mailed Check,84.7,12.81,0,Yes,5686,5,0-12
Male,49,Yes,0,1,2,Offer E,Yes,8.86,No,Fiber Optic,23,No,No,No,No,Yes,Yes,Yes,Yes,Month-to-Month,Yes,Bank Withdrawal,89.55,0.0,0,Yes,3851,6,0-12
Male,21,No,0,0,23,No Offer,Yes,38.69,Yes,Cable,69,No,No,No,Yes,Yes,No,Yes,Yes,Month-to-Month,Yes,Bank Withdrawal,90.6,4.73,0,Yes,4359,7,13-24
Female,64,No,0,0,23,No Offer,Yes,3.55,Yes,Fiber Optic,4,Yes,No,No,No,Yes,No,No,Yes,Month-to-Month,Yes,Bank Withdrawal,90.05,27.38,0,Yes,4650,6,13-24
Male,54,Yes,0,1,49,Offer B,Yes,20.48,Yes,Fiber Optic,22,No,Yes,No,No,Yes,Yes,Yes,Yes,Month-to-Month,Yes,Bank Withdrawal,99.05,14.24,0,Yes,5157,8,49-72
Female,46,No,0,0,2,No Offer,Yes,26.44,No,Fiber Optic,24,No,No,No,No,No,No,No,Yes,Month-to-Month,No,Bank Withdrawal,69.75,0.0,0,Yes,5667,3,0-12
Female,42,No,0,0,2,Offer E,Yes,14.7,No,DSL,13,No,Yes,No,No,No,No,No,No,Month-to-Month,Yes,Credit Card,49.05,0.0,40,Yes,2960,3,0-12
Male,32,No,0,0,7,Offer E,Yes,9.25,Yes,Fiber Optic,29,No,No,Yes,No,Yes,Yes,Yes,Yes,Month-to-Month,Yes,Bank Withdrawal,98.05,0.0,0,Yes,2561,8,0-12
Female,23,No,0,0,41,Offer B,Yes,21.56,Yes,Fiber Optic,59,Yes,Yes,Yes,Yes,Yes,Yes,Yes,Yes,Month-to-Month,Yes,Bank Withdrawal,114.5,0.0,0,Yes,3038,11,25-48
Male,51,No,0,0,2,Offer E,Yes,17.33,No,Fiber Optic,14,No,No,No,No,No,Yes,Yes,Yes,Month-to-Month,Yes,Bank Withdrawal,80.95,0.0,0,Yes,3533,5,0-12
Male,63,Yes,0,1,25,No Offer,Yes,35.27,No,Fiber Optic,4,No,No,No,No,Yes,Yes,Yes,No,One Year,Yes,Bank Withdrawal,90.4,0.0,140,Yes,5801,5,25-48
Male,21,Yes,0,1,3,Offer E,Yes,29.29,No,Cable,52,No,Yes,Yes,No,No,No,Yes,Yes,Month-to-Month,Yes,Mailed Check,56.15,0.0,0,Yes,2539,6,0-12
Female,59,No,0,0,4,Offer E,Yes,39.68,No,Fiber Optic,18,Yes,No,Yes,Yes,No,Yes,Yes,Yes,Month-to-Month,Yes,Bank Withdrawal,94.4,0.0,0,Yes,4249,8,0-12
Female,62,Yes,0,0,37,No Offer,Yes,37.49,Yes,Fiber Optic,29,No,No,Yes,No,No,No,No,Yes,Month-to-Month,Yes,Credit Card,78.95,0.0,0,Yes,3982,5,25-48
Female,27,No,0,0,19,No Offer,No,0.0,No,DSL,48,No,No,No,No,Yes,Yes,Yes,Yes,One Year,Yes,Credit Card,44.85,0.0,0,Yes,5182,5,13-24
Male,23,No,0,0,7,Offer E,Yes,21.58,No,Fiber Optic,71,No,No,Yes,No,No,No,Yes,No,Month-to-Month,No,Mailed Check,74.65,0.0,10,Yes,3331,4,0-12
Female,51,Yes,0,1,14,Offer D,Yes,20.4,Yes,DSL,30,Yes,No,No,No,Yes,No,No,Yes,Month-to-Month,Yes,Bank Withdrawal,64.7,0.0,0,Yes,4049,6,13-24
Male,38,No,0,0,1,No Offer,No,0.0,No,DSL,26,No,No,No,No,No,Yes,Yes,Yes,Month-to-Month,Yes,Bank Withdrawal,35.55,0.0,0,Yes,3958,4,0-12
Female,32,No,0,0,2,Offer E,Yes,38.51,Yes,Fiber Optic,25,No,No,No,No,Yes,Yes,Yes,Yes,Month-to-Month,Yes,Bank Withdrawal,95.15,0.0,0,Yes,2414,7,0-12
Male,54,Yes,0,4,13,Offer D,Yes,45.6,No,Fiber Optic,11,No,No,Yes,No,Yes,Yes,Yes,Yes,Month-to-Month,Yes,Mailed Check,96.65,0.0,0,Yes,5295,7,13-24
Male,41,No,0,0,1,Offer E,No,0.0,No,DSL,6,No,Yes,No,No,No,No,No,No,Month-to-Month,Yes,Mailed Check,31.35,0.0,80,Yes,3605,2,0-12
Female,57,No,0,0,12,Offer D,Yes,14.38,Yes,Fiber Optic,6,No,Yes,No,No,Yes,No,No,Yes,Month-to-Month,Yes,Bank Withdrawal,89.75,0.0,0,Yes,5671,6,0-12
Male,33,Yes,0,9,60,Offer B,Yes,47.4,No,Cable,29,No,Yes,No,No,Yes,Yes,Yes,Yes,One Year,Yes,Bank Withdrawal,94.4,0.0,0,Yes,4990,7,49-72
Male,32,No,0,0,1,Offer E,Yes,31.77,No,No Internet Service,0,No,No,No,No,No,No,No,No,Month-to-Month,Yes,Bank Withdrawal,19.85,0.0,0,Yes,3874,1,0-12
Female,55,No,0,0,6,Offer E,Yes,20.36,Yes,Fiber Optic,10,No,Yes,Yes,Yes,Yes,Yes,Yes,Yes,Month-to-Month,Yes,Credit Card,109.9,0.0,0,Yes,5750,10,0-12
Male,42,No,0,0,15,Offer D,Yes,45.92,No,Fiber Optic,12,No,No,Yes,Yes,Yes,Yes,Yes,Yes,Month-to-Month,Yes,Bank Withdrawal,101.35,0.0,0,Yes,3025,8,13-24
Female,19,No,0,0,1,Offer E,Yes,33.48,Yes,Cable,59,No,No,No,No,No,Yes,Yes,No,Month-to-Month,Yes,Bank Withdrawal,60.15,0.0,20,Yes,4611,5,0-12
Male,31,No,0,0,7,Offer E,Yes,35.91,Yes,Fiber Optic,27,No,No,Yes,No,Yes,No,No,Yes,Month-to-Month,Yes,Bank Withdrawal,90.45,0.0,0,Yes,5356,6,0-12
Male,48,Yes,0,1,53,Offer B,Yes,15.77,No,Fiber Optic,9,No,Yes,No,No,Yes,Yes,Yes,Yes,One Year,Yes,Bank Withdrawal,94.25,0.0,0,Yes,5414,7,49-72
Male,26,No,0,0,1,Offer E,Yes,1.84,Yes,Fiber Optic,76,No,No,No,No,No,No,Yes,Yes,Month-to-Month,Yes,Bank Withdrawal,74.9,0.0,0,Yes,2548,5,0-12
Female,34,No,0,0,1,Offer E,Yes,32.92,No,Fiber Optic,3,No,No,No,No,Yes,No,No,Yes,Month-to-Month,Yes,Bank Withdrawal,80.25,0.0,0,Yes,2502,4,0-12
Male,58,Yes,0,1,17,Offer D,Yes,44.97,No,Fiber Optic,11,No,No,No,No,No,No,No,Yes,Month-to-Month,Yes,Bank Withdrawal,69.0,0.0,0,Yes,3368,3,13-24
Female,62,Yes,0,1,11,Offer D,Yes,15.69,Yes,DSL,12,No,No,No,Yes,No,Yes,Yes,Yes,Month-to-Month,Yes,Bank Withdrawal,66.35,0.0,0,Yes,2860,7,0-12
Male,58,No,0,0,19,Offer D,Yes,20.41,Yes,Fiber Optic,11,No,No,No,No,No,Yes,Yes,No,Month-to-Month,Yes,Bank Withdrawal,86.0,0.0,30,Yes,4857,5,13-24
Female,37,Yes,0,1,3,Offer E,Yes,48.38,No,Fiber Optic,14,No,No,No,No,No,Yes,Yes,Yes,Month-to-Month,Yes,Bank Withdrawal,80.3,0.0,0,Yes,3212,5,0-12
Male,40,No,0,0,24,No Offer,Yes,35.93,Yes,Fiber Optic,5,No,Yes,No,No,Yes,No,No,Yes,Month-to-Month,Yes,Credit Card,90.55,0.0,0,Yes,5927,6,13-24
Female,30,No,0,0,2,No Offer,Yes,26.87,Yes,Fiber Optic,52,No,No,No,No,No,No,No,Yes,Month-to-Month,Yes,Bank Withdrawal,75.9,0.0,0,Yes,2101,4,0-12
Male,47,Yes,0,1,1,No Offer,Yes,14.9,No,DSL,6,No,No,No,No,No,No,No,Yes,Month-to-Month,Yes,Credit Card,45.85,0.0,0,Yes,3706,3,0-12
Female,36,Yes,0,1,16,Offer D,No,0.0,No,DSL,29,No,No,No,Yes,Yes,Yes,Yes,Yes,Month-to-Month,Yes,Bank Withdrawal,49.95,0.0,0,Yes,4840,6,13-24
Male,36,Yes,0,1,34,No Offer,Yes,13.45,No,Fiber Optic,12,No,No,No,No,Yes,No,No,Yes,Month-to-Month,No,Bank Withdrawal,78.3,0.0,0,Yes,2777,4,25-48
Male,44,No,0,0,3,No Offer,Yes,38.38,Yes,Fiber Optic,23,No,No,No,No,No,No,No,No,Month-to-Month,Yes,Bank Withdrawal,76.95,0.0,10,Yes,4428,3,0-12
Male,49,No,0,0,1,No Offer,Yes,34.37,No,DSL,28,No,No,No,No,No,No,No,Yes,Month-to-Month,No,Bank Withdrawal,45.3,0.0,0,Yes,4568,3,0-12
Female,47,No,0,0,15,Offer D,Yes,33.14,No,No Internet Service,0,No,No,No,No,No,No,No,No,Month-to-Month,No,Bank Withdrawal,19.4,0.0,0,Yes,5379,1,13-24
Female,46,No,0,0,11,Offer D,Yes,22.36,Yes,Cable,3,No,No,No,Yes,Yes,No,No,Yes,Month-to-Month,No,Bank Withdrawal,90.15,0.0,0,Yes,5250,6,0-12
Male,23,No,0,0,1,No Offer,Yes,48.03,No,Cable,73,No,No,No,No,No,No,Yes,Yes,Month-to-Month,No,Credit Card,45.05,0.0,0,Yes,4094,4,0-12
Female,53,No,0,0,1,No Offer,Yes,14.48,No,Fiber Optic,26,No,Yes,No,No,No,No,No,Yes,Month-to-Month,No,Bank Withdrawal,75.8,0.0,0,Yes,3940,4,0-12
Female,54,No,0,0,7,No Offer,Yes,19.21,No,Fiber Optic,16,No,No,No,No,No,Yes,Yes,No,Month-to-Month,Yes,Bank Withdrawal,79.3,0.0,10,Yes,3830,4,0-12
Female,53,No,0,0,2,No Offer,No,0.0,No,DSL,18,No,No,No,Yes,No,No,No,Yes,Month-to-Month,Yes,Bank Withdrawal,30.9,0.0,0,Yes,2860,3,0-12
Male,43,Yes,0,1,59,Offer B,Yes,22.71,Yes,Fiber Optic,26,Yes,Yes,Yes,No,Yes,Yes,Yes,Yes,One Year,Yes,Bank Withdrawal,110.15,0.0,0,Yes,4601,10,49-72
Male,20,Yes,0,1,8,No Offer,Yes,5.34,No,Fiber Optic,42,Yes,No,No,No,No,No,Yes,Yes,Month-to-Month,No,Bank Withdrawal,75.0,0.0,0,Yes,2587,5,0-12
Male,35,No,0,0,6,No Offer,Yes,41.16,No,Cable,10,No,No,No,No,No,No,No,No,Month-to-Month,No,Bank Withdrawal,44.75,0.0,10,Yes,2087,2,0-12
Female,41,Yes,0,1,11,Offer D,Yes,24.83,No,DSL,30,No,No,No,No,No,No,No,Yes,Month-to-Month,Yes,Bank Withdrawal,44.05,0.0,0,Yes,3200,3,0-12
Female,30,No,0,0,70,Offer A,Yes,10.21,Yes,Fiber Optic,52,Yes,Yes,Yes,Yes,Yes,Yes,Yes,Yes,One Year,No,Credit Card,115.55,0.0,0,Yes,4838,11,49-72
Female,27,No,0,0,18,No Offer,Yes,24.4,Yes,Fiber Optic,71,No,No,No,No,Yes,No,Yes,Yes,Month-to-Month,Yes,Bank Withdrawal,85.2,0.0,0,Yes,3326,6,13-24
Female,35,Yes,0,1,34,No Offer,Yes,43.33,Yes,Fiber Optic,16,No,No,No,No,Yes,Yes,Yes,Yes,Month-to-Month,Yes,Bank Withdrawal,97.65,0.0,0,Yes,3979,7,25-48
Male,54,Yes,0,1,47,Offer B,Yes,7.62,Yes,Fiber Optic,20,No,Yes,Yes,Yes,Yes,Yes,Yes,No,Month-to-Month,Yes,Bank Withdrawal,109.55,0.0,0,Yes,5863,9,25-48
Female,50,Yes,0,1,39,No Offer,Yes,35.32,Yes,Fiber Optic,30,No,Yes,Yes,Yes,No,No,No,Yes,One Year,Yes,Bank Withdrawal,89.55,0.0,0,Yes,3849,7,25-48
Male,42,No,0,0,1,Offer E,Yes,48.96,No,No Internet Service,0,No,No,No,No,No,No,No,No,Month-to-Month,Yes,Credit Card,19.45,0.0,0,Yes,5687,1,0-12
Female,34,Yes,0,0,4,Offer E,Yes,12.43,No,No Internet Service,0,No,No,No,No,No,No,No,No,Month-to-Month,No,Credit Card,20.35,0.0,0,Yes,4133,1,0-12
Male,33,Yes,0,1,59,Offer B,Yes,10.76,Yes,Fiber Optic,5,No,No,Yes,No,Yes,Yes,Yes,Yes,One Year,Yes,Bank Withdrawal,99.5,0.0,0,Yes,6098,8,49-72
Male,44,No,0,0,2,No Offer,Yes,17.25,No,Cable,3,No,No,No,No,No,No,No,No,Month-to-Month,Yes,Credit Card,45.0,0.0,30,Yes,5704,2,0-12
Male,35,No,0,0,1,Offer E,Yes,40.51,No,No Internet Service,0,No,No,No,No,No,No,No,No,Month-to-Month,No,Credit Card,20.15,0.0,0,Yes,4103,1,0-12
Male,28,Yes,0,0,66,Offer A,Yes,7.28,Yes,Fiber Optic,51,No,Yes,Yes,No,Yes,Yes,Yes,Yes,Month-to-Month,Yes,Credit Card,105.0,0.0,0,Yes,5723,9,49-72
Male,58,No,0,0,3,Offer E,Yes,2.88,No,DSL,17,No,No,No,No,Yes,No,No,Yes,Month-to-Month,Yes,Credit Card,54.7,0.0,0,Yes,3335,4,0-12
Female,49,Yes,0,1,14,No Offer,Yes,29.18,Yes,Fiber Optic,19,No,No,Yes,No,No,Yes,Yes,Yes,Month-to-Month,Yes,Bank Withdrawal,87.25,0.0,0,Yes,4786,7,13-24
Male,38,Yes,0,1,10,No Offer,Yes,11.3,No,Fiber Optic,4,No,No,No,No,Yes,No,No,Yes,Month-to-Month,Yes,Bank Withdrawal,79.95,0.0,0,Yes,5640,4,0-12
Female,47,No,0,0,18,No Offer,Yes,12.67,Yes,Fiber Optic,23,No,No,No,Yes,Yes,No,No,Yes,Month-to-Month,Yes,Bank Withdrawal,88.35,0.0,0,Yes,5727,6,13-24
Female,34,No,0,0,9,Offer E,Yes,10.07,Yes,Fiber Optic,26,No,No,No,No,Yes,Yes,Yes,No,Month-to-Month,Yes,Bank Withdrawal,94.75,0.0,30,Yes,2893,6,0-12
Male,28,No,0,0,4,Offer E,Yes,42.06,Yes,Fiber Optic,58,No,Yes,No,No,No,No,Yes,Yes,Month-to-Month,No,Bank Withdrawal,78.45,0.0,0,Yes,5048,6,0-12
Male,43,No,0,0,4,No Offer,Yes,13.02,No,Fiber Optic,15,No,No,No,No,No,No,No,Yes,Month-to-Month,Yes,Bank Withdrawal,70.2,0.0,0,Yes,5094,3,0-12
Male,23,Yes,0,1,59,Offer B,No,0.0,No,DSL,69,No,Yes,No,No,No,Yes,Yes,Yes,Month-to-Month,Yes,Bank Withdrawal,41.05,0.0,0,Yes,4324,5,49-72
Male,63,Yes,0,1,10,No Offer,Yes,30.1,Yes,Cable,29,No,No,No,No,Yes,No,No,Yes,Month-to-Month,Yes,Bank Withdrawal,85.6,0.0,0,Yes,5146,5,0-12
Male,39,No,0,0,5,No Offer,Yes,45.25,No,DSL,22,No,No,Yes,No,Yes,Yes,Yes,No,One Year,Yes,Credit Card,70.0,0.0,10,Yes,2673,6,0-12
Female,51,No,0,0,1,No Offer,Yes,43.49,Yes,Cable,4,No,No,No,No,No,No,No,Yes,Month-to-Month,Yes,Bank Withdrawal,49.95,0.0,0,Yes,2041,4,0-12
Female,19,Yes,0,1,22,No Offer,Yes,32.11,No,Fiber Optic,52,No,No,No,No,No,No,No,Yes,Month-to-Month,Yes,Bank Withdrawal,69.25,0.0,0,Yes,2159,3,13-24
Male,34,Yes,0,1,41,No Offer,Yes,15.91,Yes,DSL,29,No,No,Yes,No,Yes,Yes,Yes,Yes,One Year,Yes,Bank Withdrawal,73.0,0.0,0,Yes,2041,8,25-48
Female,39,No,0,0,64,No Offer,Yes,28.13,Yes,Fiber Optic,18,No,No,Yes,No,Yes,Yes,Yes,Yes,One Year,Yes,Credit Card,100.05,0.0,0,Yes,5452,8,49-72
Female,27,No,0,0,18,No Offer,No,0.0,No,DSL,85,No,No,No,No,No,Yes,Yes,No,Month-to-Month,Yes,Bank Withdrawal,35.0,0.0,70,Yes,2649,3,13-24
Female,20,No,0,0,1,No Offer,Yes,35.01,Yes,Fiber Optic,52,No,No,No,No,No,No,No,Yes,Month-to-Month,No,Bank Withdrawal,76.0,0.0,0,Yes,2567,4,0-12
Female,36,Yes,0,1,15,No Offer,Yes,28.3,No,Cable,28,No,No,Yes,No,Yes,No,No,Yes,Month-to-Month,Yes,Bank Withdrawal,84.3,0.0,0,Yes,4003,5,13-24
Male,62,Yes,0,1,15,No Offer,Yes,40.7,Yes,Fiber Optic,29,No,No,Yes,No,Yes,Yes,Yes,Yes,Month-to-Month,Yes,Bank Withdrawal,101.1,0.0,0,Yes,2055,8,13-24
Male,37,No,0,0,1,No Offer,Yes,28.25,Yes,Cable,9,No,No,No,No,No,No,No,Yes,Month-to-Month,Yes,Bank Withdrawal,50.45,0.0,0,Yes,2928,4,0-12
Male,20,No,0,0,12,No Offer,Yes,28.16,Yes,Fiber Optic,42,No,No,No,Yes,Yes,Yes,Yes,No,Month-to-Month,Yes,Credit Card,99.95,0.0,120,Yes,5598,7,0-12
Female,50,No,0,0,2,No Offer,Yes,39.62,Yes,Fiber Optic,7,No,No,Yes,No,Yes,No,No,Yes,Month-to-Month,Yes,Bank Withdrawal,91.4,0.0,0,Yes,5100,6,0-12
Male,28,No,0,0,4,No Offer,Yes,42.33,Yes,Fiber Optic,76,No,No,No,Yes,No,No,Yes,Yes,Month-to-Month,No,Credit Card,80.8,0.0,0,Yes,5436,6,0-12
Female,61,Yes,0,1,16,No Offer,Yes,37.83,Yes,Cable,26,No,Yes,No,No,Yes,Yes,Yes,Yes,Month-to-Month,Yes,Bank Withdrawal,100.0,0.0,0,Yes,3794,8,13-24
Male,53,No,0,0,1,No Offer,Yes,15.91,No,No Internet Service,0,No,No,No,No,No,No,No,No,Month-to-Month,No,Bank Withdrawal,20.55,0.0,0,Yes,5636,1,0-12
Male,30,No,0,0,5,No Offer,Yes,36.52,Yes,Fiber Optic,27,No,Yes,Yes,No,No,No,No,Yes,Month-to-Month,Yes,Bank Withdrawal,85.3,0.0,0,Yes,2264,6,0-12
Female,19,No,0,0,4,No Offer,Yes,41.12,No,Fiber Optic,42,No,No,No,No,No,No,Yes,No,Month-to-Month,No,Bank Withdrawal,70.4,0.0,70,Yes,4494,3,0-12
Male,27,No,0,0,37,No Offer,Yes,30.72,Yes,Fiber Optic,42,No,No,No,Yes,Yes,Yes,Yes,Yes,Month-to-Month,No,Bank Withdrawal,98.8,0.0,0,Yes,3066,8,25-48
Male,36,Yes,0,1,13,No Offer,Yes,2.92,Yes,Fiber Optic,21,No,No,No,No,No,No,No,Yes,Month-to-Month,Yes,Credit Card,74.4,0.0,0,Yes,3687,4,13-24
Female,35,No,0,0,24,No Offer,Yes,37.69,Yes,Fiber Optic,18,No,No,Yes,No,Yes,Yes,Yes,Yes,Month-to-Month,Yes,Bank Withdrawal,98.75,0.0,0,Yes,4016,8,13-24
Male,52,Yes,0,1,61,No Offer,Yes,46.95,Yes,Cable,21,Yes,Yes,No,No,Yes,Yes,Yes,Yes,One Year,Yes,Bank Withdrawal,106.0,0.0,0,Yes,4334,9,49-72
Male,21,No,0,0,41,No Offer,Yes,47.74,Yes,Fiber Optic,48,No,Yes,Yes,No,Yes,Yes,Yes,Yes,Month-to-Month,Yes,Bank Withdrawal,104.7,0.0,0,Yes,3316,9,25-48
Female,47,No,0,0,2,Offer E,Yes,42.55,No,DSL,30,No,Yes,No,Yes,No,No,No,Yes,Month-to-Month,Yes,Credit Card,55.05,0.0,0,Yes,5855,5,0-12
Female,44,Yes,0,1,8,Offer E,Yes,46.13,No,No Internet Service,0,No,No,No,No,No,No,No,No,One Year,Yes,Credit Card,19.75,0.0,0,Yes,2247,1,0-12
Male,62,No,0,0,17,No Offer,Yes,30.61,No,Fiber Optic,7,No,No,Yes,No,No,No,No,Yes,Month-to-Month,Yes,Bank Withdrawal,76.65,0.0,0,Yes,3182,4,13-24
Female,49,No,0,0,2,Offer E,No,0.0,No,DSL,21,Yes,Yes,No,No,No,Yes,Yes,Yes,Month-to-Month,Yes,Bank Withdrawal,42.6,0.0,0,Yes,4648,6,0-12
Female,45,No,0,0,29,No Offer,Yes,1.02,No,DSL,19,Yes,Yes,Yes,No,No,Yes,Yes,Yes,Month-to-Month,Yes,Bank Withdrawal,68.85,0.0,0,Yes,5449,8,25-48
Male,51,Yes,0,1,2,No Offer,Yes,46.92,No,Fiber Optic,7,No,No,Yes,Yes,No,Yes,Yes,Yes,Month-to-Month,No,Credit Card,90.0,0.0,0,Yes,3902,7,0-12
Female,42,No,0,0,14,Offer D,Yes,18.74,No,Cable,20,No,No,Yes,No,No,No,No,Yes,Month-to-Month,No,Bank Withdrawal,75.35,0.0,0,Yes,4995,4,13-24
Male,56,No,0,0,8,Offer E,Yes,3.27,Yes,Fiber Optic,6,No,Yes,No,No,Yes,Yes,Yes,Yes,Month-to-Month,No,Bank Withdrawal,100.85,0.0,0,Yes,3849,8,0-12
Female,55,Yes,0,1,5,Offer E,Yes,17.08,No,Fiber Optic,10,No,No,No,No,No,No,No,Yes,Month-to-Month,No,Bank Withdrawal,69.95,0.0,0,Yes,2969,3,0-12
Female,50,Yes,0,1,63,No Offer,Yes,1.93,Yes,Fiber Optic,21,No,Yes,Yes,No,Yes,Yes,Yes,No,One Year,Yes,Bank Withdrawal,107.5,0.0,60,Yes,6144,8,49-72
Male,58,No,0,0,1,Offer E,Yes,44.75,No,Cable,12,No,No,No,No,No,No,No,Yes,Month-to-Month,Yes,Credit Card,45.85,0.0,0,Yes,5930,3,0-12
Female,44,Yes,0,1,53,No Offer,Yes,30.09,No,Fiber Optic,11,Yes,Yes,Yes,No,Yes,Yes,Yes,Yes,One Year,Yes,Bank Withdrawal,106.1,0.0,0,Yes,4471,9,49-72
Female,20,No,0,0,1,Offer E,Yes,17.23,No,Fiber Optic,52,No,Yes,No,Yes,Yes,No,Yes,Yes,Month-to-Month,No,Bank Withdrawal,91.7,0.0,0,Yes,4319,7,0-12
Female,39,No,0,0,16,Offer D,Yes,18.99,Yes,Fiber Optic,30,No,Yes,Yes,No,No,Yes,Yes,Yes,Month-to-Month,Yes,Credit Card,95.6,0.0,0,Yes,5915,8,13-24
Male,59,No,0,0,1,Offer E,Yes,30.07,Yes,Fiber Optic,26,No,No,No,No,No,No,No,Yes,Month-to-Month,Yes,Bank Withdrawal,74.95,0.0,0,Yes,2591,4,0-12
Male,62,No,0,0,66,Offer A,Yes,25.82,No,Cable,26,No,Yes,Yes,No,Yes,Yes,Yes,Yes,Month-to-Month,No,Bank Withdrawal,99.5,0.0,0,Yes,4001,8,49-72
Female,38,Yes,0,1,17,Offer D,Yes,5.4,No,Fiber Optic,8,No,No,Yes,Yes,Yes,Yes,Yes,Yes,One Year,No,Bank Withdrawal,98.6,0.0,0,Yes,5160,8,13-24
Female,54,No,0,0,7,Offer E,Yes,2.24,No,DSL,22,No,No,No,Yes,Yes,No,No,Yes,Month-to-Month,Yes,Credit Card,59.5,0.0,0,Yes,4661,5,0-12
Female,53,Yes,0,1,42,No Offer,Yes,34.02,No,Fiber Optic,18,No,No,No,No,Yes,No,No,Yes,Month-to-Month,Yes,Credit Card,77.95,0.0,0,Yes,5396,4,25-48
Male,33,No,0,0,30,No Offer,Yes,30.06,No,Fiber Optic,19,No,No,No,No,Yes,Yes,Yes,Yes,Month-to-Month,Yes,Bank Withdrawal,90.25,0.0,0,Yes,5654,6,25-48
Female,51,No,0,0,15,Offer D,Yes,47.57,Yes,DSL,26,Yes,No,No,No,No,Yes,Yes,Yes,Month-to-Month,Yes,Bank Withdrawal,64.65,0.0,0,Yes,4780,7,13-24
Male,34,Yes,0,1,67,Offer A,Yes,28.4,Yes,Cable,10,No,Yes,Yes,No,No,No,No,Yes,One Year,No,Bank Withdrawal,87.4,0.0,0,Yes,4421,6,49-72
Female,32,No,0,0,35,No Offer,Yes,19.07,Yes,Fiber Optic,17,No,No,No,No,Yes,No,No,Yes,Month-to-Month,Yes,Bank Withdrawal,86.45,0.0,0,Yes,5874,5,25-48
Female,21,Yes,0,1,56,No Offer,Yes,19.16,Yes,Fiber Optic,48,No,Yes,No,No,Yes,Yes,Yes,No,One Year,Yes,Bank Withdrawal,98.25,0.0,150,Yes,4886,7,49-72
Female,46,Yes,0,1,9,Offer E,Yes,31.75,No,Fiber Optic,25,No,No,Yes,No,No,No,No,Yes,Month-to-Month,Yes,Bank Withdrawal,75.75,0.0,0,Yes,5105,4,0-12
Male,55,No,0,0,48,No Offer,Yes,24.73,Yes,Fiber Optic,4,No,Yes,Yes,No,Yes,Yes,Yes,Yes,One Year,Yes,Credit Card,106.1,0.0,0,Yes,5898,9,25-48
Female,23,No,0,0,34,No Offer,Yes,7.99,Yes,Fiber Optic,76,Yes,Yes,Yes,No,Yes,Yes,Yes,Yes,Month-to-Month,Yes,Credit Card,109.8,0.0,0,Yes,3410,10,25-48
Male,61,Yes,0,1,11,Offer D,Yes,13.33,No,Fiber Optic,19,No,No,No,No,Yes,No,No,No,Month-to-Month,Yes,Bank Withdrawal,79.5,0.0,50,Yes,3469,3,0-12
Female,30,No,0,0,1,Offer E,Yes,34.47,Yes,Fiber Optic,59,No,No,No,No,No,Yes,Yes,Yes,Month-to-Month,No,Credit Card,85.8,0.0,0,Yes,2850,6,0-12
Female,19,Yes,0,1,3,Offer E,Yes,44.46,No,DSL,51,No,No,No,No,No,No,Yes,Yes,Month-to-Month,No,Credit Card,44.3,0.0,0,Yes,4903,4,0-12
Male,37,Yes,0,0,50,No Offer,Yes,20.88,Yes,Fiber Optic,13,Yes,No,Yes,No,Yes,Yes,Yes,Yes,Month-to-Month,No,Credit Card,105.95,0.0,0,Yes,5536,9,49-72
Male,32,No,0,0,5,Offer E,Yes,31.14,No,Fiber Optic,5,No,No,No,No,No,No,No,Yes,Month-to-Month,Yes,Bank Withdrawal,69.75,0.0,0,Yes,3965,3,0-12
Male,44,Yes,0,1,51,No Offer,Yes,21.08,Yes,Fiber Optic,9,No,No,No,No,Yes,Yes,Yes,Yes,Month-to-Month,Yes,Bank Withdrawal,94.65,0.0,0,Yes,4747,7,49-72
Female,57,No,0,0,46,No Offer,Yes,6.18,Yes,Cable,8,No,No,No,No,Yes,Yes,Yes,No,Month-to-Month,No,Bank Withdrawal,96.05,0.0,80,Yes,2712,6,25-48
Female,41,Yes,0,1,41,No Offer,Yes,5.01,Yes,Fiber Optic,10,Yes,Yes,Yes,Yes,Yes,Yes,Yes,Yes,Month-to-Month,Yes,Bank Withdrawal,113.6,0.0,0,Yes,4963,11,25-48
Female,37,No,0,0,29,No Offer,Yes,44.33,No,Fiber Optic,7,No,No,No,No,Yes,No,No,Yes,Month-to-Month,Yes,Bank Withdrawal,78.9,0.0,0,Yes,3249,4,25-48
Female,35,Yes,0,1,26,No Offer,Yes,22.33,Yes,DSL,13,No,Yes,No,Yes,No,No,No,Yes,Month-to-Month,Yes,Bank Withdrawal,60.05,0.0,0,Yes,2039,6,25-48
Female,31,No,0,0,1,Offer E,No,0.0,No,DSL,8,No,No,No,No,Yes,No,No,Yes,Month-to-Month,Yes,Bank Withdrawal,34.7,0.0,0,Yes,4476,3,0-12
Male,46,No,0,0,3,Offer E,Yes,14.28,Yes,Fiber Optic,21,No,No,No,No,No,Yes,Yes,Yes,Month-to-Month,Yes,Bank Withdrawal,85.3,0.0,0,Yes,4934,6,0-12
Female,41,Yes,0,1,66,Offer A,Yes,48.77,Yes,Fiber Optic,12,No,Yes,Yes,No,Yes,Yes,Yes,No,One Year,Yes,Credit Card,102.45,0.0,130,Yes,4688,8,49-72
Female,22,Yes,0,1,21,Offer D,Yes,38.52,Yes,Fiber Optic,59,Yes,No,Yes,No,Yes,Yes,Yes,Yes,Month-to-Month,Yes,Bank Withdrawal,104.4,0.0,0,Yes,5570,9,13-24
Male,59,No,0,0,1,No Offer,Yes,40.71,Yes,Fiber Optic,25,No,No,Yes,No,Yes,Yes,Yes,Yes,Month-to-Month,Yes,Bank Withdrawal,99.75,0.0,0,Yes,4214,8,0-12
Male,39,No,0,0,4,No Offer,Yes,28.89,No,DSL,3,No,No,Yes,Yes,Yes,Yes,Yes,Yes,Month-to-Month,Yes,Bank Withdrawal,74.4,0.0,0,Yes,3633,8,0-12
Female,23,No,0,0,9,No Offer,Yes,13.86,No,Fiber Optic,76,Yes,No,No,No,No,No,Yes,Yes,Month-to-Month,Yes,Credit Card,74.25,0.0,0,Yes,5393,5,0-12
Male,50,No,0,0,1,No Offer,Yes,22.05,Yes,Cable,28,No,No,No,No,Yes,No,No,Yes,Month-to-Month,Yes,Bank Withdrawal,59.85,0.0,0,Yes,4017,5,0-12
Male,54,No,0,0,9,No Offer,No,0.0,No,Cable,20,No,No,No,No,Yes,Yes,Yes,No,Month-to-Month,Yes,Bank Withdrawal,45.4,0.0,20,Yes,5028,4,0-12
Female,54,No,0,0,1,No Offer,Yes,32.45,No,No Internet Service,0,No,No,No,No,No,No,No,No,Month-to-Month,No,Credit Card,19.5,0.0,0,Yes,5211,1,0-12
Male,56,No,0,0,1,No Offer,Yes,45.5,No,Fiber Optic,12,No,No,No,No,No,No,No,Yes,Month-to-Month,Yes,Bank Withdrawal,69.9,0.0,0,Yes,3349,3,0-12
Female,50,No,0,0,2,No Offer,Yes,6.2,No,Fiber Optic,6,No,Yes,No,No,Yes,No,No,Yes,Month-to-Month,Yes,Bank Withdrawal,87.15,0.0,0,Yes,4149,5,0-12
Female,47,Yes,0,1,3,No Offer,Yes,38.09,Yes,Fiber Optic,30,No,No,No,No,No,Yes,Yes,Yes,Month-to-Month,Yes,Bank Withdrawal,84.75,0.0,0,Yes,2014,6,0-12
Male,40,No,0,0,14,Offer D,Yes,28.65,Yes,Cable,27,No,No,No,Yes,Yes,No,No,Yes,Month-to-Month,Yes,Bank Withdrawal,89.95,0.0,0,Yes,5463,6,13-24
Male,33,No,0,0,2,No Offer,Yes,48.66,No,Fiber Optic,21,No,No,No,No,Yes,No,No,Yes,Month-to-Month,No,Bank Withdrawal,79.0,0.0,0,Yes,5239,4,0-12
Female,39,No,0,0,18,Offer D,Yes,8.95,No,No Internet Service,0,No,No,No,No,No,No,No,No,One Year,No,Bank Withdrawal,20.15,0.0,0,Yes,4931,1,13-24
Male,60,No,0,0,1,No Offer,Yes,17.54,No,Fiber Optic,16,No,No,No,No,No,No,No,Yes,Month-to-Month,Yes,Bank Withdrawal,71.65,0.0,0,Yes,2377,3,0-12
Female,35,No,0,0,4,No Offer,Yes,37.66,No,No Internet Service,0,No,No,No,No,No,No,No,No,Month-to-Month,No,Credit Card,20.35,0.0,0,Yes,5984,1,0-12
Female,26,No,0,0,38,No Offer,Yes,17.66,No,Fiber Optic,41,No,Yes,Yes,Yes,No,No,Yes,Yes,Month-to-Month,Yes,Credit Card,84.25,0.0,0,Yes,2885,7,25-48
Female,32,No,0,0,12,Offer D,Yes,42.55,No,Fiber Optic,18,No,No,No,No,No,Yes,Yes,Yes,Month-to-Month,No,Bank Withdrawal,78.1,0.0,0,Yes,4741,5,0-12
Female,20,Yes,0,1,19,Offer D,Yes,21.71,Yes,Fiber Optic,47,No,No,Yes,No,No,Yes,Yes,No,Month-to-Month,No,Credit Card,89.65,0.0,80,Yes,3046,6,13-24
Female,35,No,0,0,10,Offer D,Yes,37.36,Yes,Fiber Optic,28,Yes,No,No,No,Yes,Yes,Yes,Yes,Month-to-Month,Yes,Bank Withdrawal,98.7,0.0,0,Yes,5561,8,0-12
Female,63,No,0,0,1,No Offer,Yes,7.26,No,Cable,9,No,No,Yes,No,No,No,No,Yes,Month-to-Month,No,Bank Withdrawal,76.35,0.0,0,Yes,5613,4,0-12
Female,51,No,0,0,23,Offer D,Yes,33.44,Yes,Fiber Optic,11,No,Yes,No,No,No,No,No,Yes,Month-to-Month,Yes,Bank Withdrawal,79.15,0.0,0,Yes,5216,5,13-24
Female,44,No,0,0,31,No Offer,Yes,33.38,Yes,Fiber Optic,27,No,No,No,No,Yes,No,No,Yes,Month-to-Month,Yes,Credit Card,86.55,0.0,0,Yes,4198,5,25-48
Male,47,No,0,0,19,Offer D,Yes,1.79,No,Fiber Optic,14,No,Yes,No,No,No,No,No,No,Month-to-Month,Yes,Credit Card,73.85,0.0,130,Yes,2251,3,13-24
Male,44,No,0,0,24,No Offer,Yes,24.76,No,Fiber Optic,2,No,No,No,Yes,Yes,Yes,Yes,Yes,Month-to-Month,Yes,Bank Withdrawal,96.0,0.0,0,Yes,3068,7,13-24
Male,57,No,0,0,1,No Offer,Yes,12.0,No,No Internet Service,0,No,No,No,No,No,No,No,No,Month-to-Month,No,Bank Withdrawal,20.05,0.0,0,Yes,4710,1,0-12
Male,53,Yes,0,0,65,No Offer,Yes,41.88,Yes,Fiber Optic,7,Yes,No,Yes,Yes,Yes,Yes,Yes,Yes,Two Year,No,Bank Withdrawal,108.65,0.0,0,Yes,6120,10,49-72
Male,28,No,0,0,10,Offer D,Yes,34.44,No,Cable,69,No,No,No,No,No,No,Yes,Yes,Month-to-Month,Yes,Bank Withdrawal,45.55,0.0,0,Yes,4097,4,0-12
Female,36,Yes,0,1,2,Offer E,No,0.0,No,DSL,12,No,No,No,No,No,Yes,Yes,No,Month-to-Month,Yes,Bank Withdrawal,35.1,0.0,10,Yes,2643,3,0-12
Male,47,No,0,0,1,Offer E,Yes,48.58,No,DSL,21,No,No,No,No,No,No,No,Yes,Month-to-Month,No,Credit Card,46.2,0.0,0,Yes,4167,3,0-12
Female,29,No,0,0,1,Offer E,Yes,30.92,No,DSL,69,No,No,No,No,No,No,Yes,Yes,Month-to-Month,No,Bank Withdrawal,45.15,0.0,0,Yes,5828,4,0-12
Female,31,Yes,0,1,19,Offer D,Yes,25.75,No,Fiber Optic,22,Yes,No,No,No,No,No,No,Yes,Month-to-Month,Yes,Bank Withdrawal,73.2,0.0,0,Yes,4718,4,13-24
Male,46,No,0,0,52,No Offer,Yes,48.13,No,Fiber Optic,12,No,Yes,No,No,No,Yes,Yes,No,Month-to-Month,Yes,Bank Withdrawal,85.35,0.0,90,Yes,6402,5,49-72
Female,23,No,0,0,1,Offer E,Yes,5.12,No,DSL,30,No,No,No,No,No,No,Yes,Yes,Month-to-Month,No,Credit Card,45.95,0.0,0,Yes,4888,4,0-12
Female,55,No,0,0,3,Offer E,Yes,46.36,No,Fiber Optic,4,No,Yes,No,No,Yes,No,No,Yes,Month-to-Month,No,Bank Withdrawal,83.75,0.0,0,Yes,4852,5,0-12
Male,38,No,0,0,1,No Offer,Yes,27.89,No,Fiber Optic,20,No,No,No,No,No,No,No,Yes,Month-to-Month,Yes,Bank Withdrawal,70.05,0.0,0,Yes,2699,3,0-12
Male,61,No,0,0,2,Offer E,Yes,43.47,Yes,Fiber Optic,30,No,No,No,No,No,Yes,Yes,Yes,Month-to-Month,Yes,Bank Withdrawal,86.0,0.0,0,Yes,4546,6,0-12
Female,35,No,0,0,16,Offer D,Yes,46.99,Yes,Fiber Optic,17,No,No,No,No,No,No,No,Yes,Month-to-Month,No,Bank Withdrawal,72.65,0.0,0,Yes,2850,4,13-24
Female,30,Yes,0,1,1,Offer E,Yes,16.66,No,No Internet Service,0,No,No,No,No,No,No,No,No,Month-to-Month,Yes,Bank Withdrawal,21.0,0.0,0,Yes,3753,1,0-12
Male,21,No,0,0,56,No Offer,Yes,25.41,Yes,Fiber Optic,51,No,Yes,No,Yes,No,Yes,Yes,Yes,Month-to-Month,Yes,Bank Withdrawal,94.45,0.0,0,Yes,4830,8,49-72
Female,54,No,0,0,44,No Offer,Yes,40.17,Yes,Fiber Optic,6,No,Yes,Yes,No,No,No,No,Yes,Month-to-Month,Yes,Bank Withdrawal,84.8,0.0,0,Yes,3997,6,25-48
Male,50,No,0,0,1,Offer E,Yes,6.95,No,DSL,11,No,No,Yes,No,No,No,No,Yes,Month-to-Month,No,Credit Card,50.9,0.0,0,Yes,5111,4,0-12
Male,27,Yes,0,1,49,No Offer,Yes,46.94,Yes,Fiber Optic,73,No,No,Yes,No,Yes,Yes,Yes,No,Month-to-Month,Yes,Bank Withdrawal,99.8,0.0,130,Yes,6088,7,49-72
Male,43,Yes,0,1,47,No Offer,Yes,37.74,Yes,Fiber Optic,7,No,No,Yes,Yes,Yes,Yes,Yes,Yes,Month-to-Month,Yes,Bank Withdrawal,107.35,0.0,0,Yes,3620,9,25-48
Female,45,Yes,0,1,31,No Offer,Yes,30.07,No,No Internet Service,0,No,No,No,No,No,No,No,No,Month-to-Month,Yes,Credit Card,19.55,0.0,0,Yes,2687,1,25-48
Female,60,No,0,0,3,Offer E,Yes,32.43,No,Fiber Optic,2,Yes,Yes,No,No,No,No,No,Yes,Month-to-Month,Yes,Bank Withdrawal,79.1,0.0,0,Yes,5339,5,0-12
Male,40,No,0,0,8,No Offer,No,0.0,No,DSL,16,No,No,No,No,No,No,No,Yes,Month-to-Month,No,Mailed Check,25.5,0.0,0,Yes,5578,2,0-12
Female,41,No,0,0,2,No Offer,Yes,5.11,No,Fiber Optic,6,No,No,No,No,No,Yes,Yes,Yes,Month-to-Month,No,Bank Withdrawal,80.75,0.0,0,Yes,2176,5,0-12
Male,29,Yes,0,0,65,No Offer,Yes,36.75,Yes,Fiber Optic,73,No,Yes,No,No,Yes,No,Yes,Yes,Month-to-Month,Yes,Bank Withdrawal,91.85,0.0,0,Yes,5530,7,49-72
Male,41,No,0,0,1,No Offer,Yes,32.82,No,Fiber Optic,21,No,Yes,No,No,No,No,No,No,Month-to-Month,Yes,Bank Withdrawal,75.35,0.0,10,Yes,5284,3,0-12
Male,55,No,0,0,1,No Offer,Yes,11.58,Yes,Fiber Optic,15,No,No,No,No,No,No,No,Yes,Month-to-Month,Yes,Bank Withdrawal,75.45,0.0,0,Yes,5518,4,0-12
Male,35,No,0,0,24,No Offer,Yes,14.39,No,DSL,28,Yes,No,No,No,No,No,No,Yes,Month-to-Month,Yes,Bank Withdrawal,49.55,0.0,0,Yes,5005,4,13-24
Male,51,No,0,0,69,Offer A,Yes,29.38,Yes,DSL,9,Yes,Yes,Yes,Yes,No,Yes,Yes,Yes,One Year,Yes,Credit Card,78.6,0.0,0,Yes,6230,10,49-72
Female,35,Yes,0,1,7,No Offer,Yes,11.58,No,Fiber Optic,27,No,No,No,No,Yes,No,No,Yes,Month-to-Month,Yes,Bank Withdrawal,81.1,0.0,0,Yes,3238,4,0-12
Male,39,Yes,0,1,11,Offer D,Yes,21.58,Yes,Fiber Optic,30,No,No,No,No,No,No,No,Yes,Month-to-Month,Yes,Bank Withdrawal,74.95,0.0,0,Yes,2044,4,0-12
Female,33,Yes,0,1,58,No Offer,Yes,3.51,Yes,Fiber Optic,28,No,No,Yes,Yes,Yes,Yes,Yes,No,Month-to-Month,Yes,Credit Card,102.1,0.0,100,Yes,4415,8,49-72
Female,64,Yes,0,1,14,Offer D,Yes,13.64,Yes,Fiber Optic,9,No,Yes,No,No,No,Yes,Yes,Yes,Month-to-Month,Yes,Bank Withdrawal,90.9,0.0,0,Yes,5148,7,13-24
Female,46,Yes,0,1,12,No Offer,No,0.0,No,DSL,27,No,Yes,No,No,No,No,No,Yes,Month-to-Month,No,Mailed Check,29.2,0.0,0,Yes,3747,3,0-12
Female,36,Yes,0,1,25,No Offer,Yes,24.64,No,Fiber Optic,5,No,Yes,Yes,No,Yes,No,No,Yes,Month-to-Month,Yes,Bank Withdrawal,89.15,0.0,0,Yes,5853,6,25-48
Female,37,Yes,0,3,1,No Offer,Yes,12.8,No,DSL,5,No,No,No,No,No,No,No,Yes,Month-to-Month,Yes,Bank Withdrawal,45.7,0.0,0,Yes,3187,3,0-12
Female,23,Yes,0,1,2,No Offer,No,0.0,No,Cable,51,No,No,No,No,Yes,Yes,Yes,Yes,Month-to-Month,No,Bank Withdrawal,44.6,0.0,0,Yes,5482,5,0-12
Male,48,No,0,0,23,No Offer,Yes,28.8,Yes,Cable,13,No,No,No,No,No,No,No,Yes,Month-to-Month,Yes,Bank Withdrawal,74.95,0.0,0,Yes,5897,4,13-24
Female,39,No,0,0,57,No Offer,Yes,17.55,No,Fiber Optic,15,No,No,Yes,No,Yes,Yes,Yes,Yes,Two Year,Yes,Bank Withdrawal,95.25,0.0,0,Yes,5789,7,49-72
Male,23,No,0,0,24,No Offer,Yes,27.97,Yes,Fiber Optic,58,No,No,Yes,No,Yes,No,Yes,Yes,Month-to-Month,Yes,Mailed Check,89.85,0.0,0,Yes,2050,7,13-24
Female,35,Yes,0,1,49,No Offer,Yes,26.37,Yes,Fiber Optic,19,No,Yes,No,No,Yes,Yes,Yes,Yes,One Year,No,Mailed Check,100.45,0.0,0,Yes,4235,8,49-72
Male,25,No,0,0,5,No Offer,Yes,22.01,Yes,Cable,85,No,No,No,No,No,No,Yes,Yes,Month-to-Month,No,Bank Withdrawal,47.15,0.0,0,Yes,2857,5,0-12
Male,58,No,0,0,2,No Offer,Yes,26.47,No,Fiber Optic,10,No,No,No,No,No,Yes,Yes,No,Month-to-Month,Yes,Bank Withdrawal,80.2,0.0,10,Yes,2384,4,0-12
Female,33,No,0,0,4,No Offer,Yes,32.46,Yes,Fiber Optic,3,No,No,Yes,Yes,No,No,No,Yes,Month-to-Month,Yes,Mailed Check,87.1,0.0,0,Yes,5587,6,0-12
Male,30,No,0,0,5,No Offer,Yes,46.88,Yes,Fiber Optic,59,No,No,No,No,No,No,No,Yes,Month-to-Month,Yes,Bank Withdrawal,75.9,0.0,0,Yes,3520,4,0-12
Female,29,Yes,0,1,47,No Offer,Yes,2.87,Yes,Fiber Optic,51,Yes,Yes,Yes,No,Yes,No,Yes,Yes,Month-to-Month,Yes,Bank Withdrawal,98.75,0.0,0,Yes,4622,9,25-48
Female,57,No,0,0,10,No Offer,Yes,17.65,Yes,Fiber Optic,20,No,No,No,No,No,Yes,Yes,Yes,Month-to-Month,No,Bank Withdrawal,86.45,0.0,0,Yes,5699,6,0-12
Female,28,No,0,0,1,No Offer,Yes,39.94,No,Cable,59,No,No,No,No,No,No,Yes,Yes,Month-to-Month,Yes,Mailed Check,45.3,0.0,0,Yes,3049,4,0-12
Male,61,Yes,0,4,67,Offer A,Yes,8.18,Yes,Fiber Optic,3,No,Yes,Yes,No,Yes,Yes,Yes,Yes,One Year,No,Bank Withdrawal,104.1,0.0,0,Yes,4857,9,49-72
Male,31,Yes,0,1,67,Offer A,Yes,30.75,No,Fiber Optic,5,Yes,Yes,No,No,No,Yes,Yes,Yes,One Year,Yes,Credit Card,90.6,0.0,0,Yes,4394,7,49-72
Female,21,Yes,0,1,15,No Offer,Yes,12.27,No,Fiber Optic,76,No,No,No,No,Yes,Yes,Yes,Yes,Month-to-Month,No,Bank Withdrawal,88.15,0.0,0,Yes,2524,6,13-24
Male,55,No,0,0,1,No Offer,Yes,13.27,No,No Internet Service,0,No,No,No,No,No,No,No,No,Month-to-Month,Yes,Mailed Check,20.2,0.0,0,Yes,4325,1,0-12
Female,47,Yes,0,1,26,No Offer,Yes,15.37,No,Fiber Optic,11,No,No,No,No,Yes,Yes,Yes,Yes,Month-to-Month,Yes,Bank Withdrawal,90.8,0.0,0,Yes,2641,6,25-48
Male,48,No,0,0,22,No Offer,Yes,19.19,Yes,Fiber Optic,17,No,Yes,No,No,No,No,No,Yes,Month-to-Month,Yes,Bank Withdrawal,79.35,0.0,0,Yes,4718,5,13-24
Male,26,Yes,0,1,47,Offer B,Yes,17.54,Yes,Fiber Optic,59,No,Yes,Yes,No,No,No,Yes,No,Month-to-Month,Yes,Bank Withdrawal,83.35,0.0,140,Yes,2516,6,25-48
Female,27,No,0,0,2,No Offer,Yes,24.83,Yes,Cable,52,No,No,No,No,No,No,Yes,Yes,Month-to-Month,Yes,Bank Withdrawal,49.4,0.0,0,Yes,5115,5,0-12
Female,27,Yes,0,1,22,No Offer,Yes,13.11,Yes,DSL,51,Yes,No,No,Yes,Yes,Yes,Yes,Yes,Month-to-Month,Yes,Bank Withdrawal,79.2,0.0,0,Yes,3410,9,13-24
Male,61,Yes,0,1,7,No Offer,Yes,5.13,No,DSL,4,No,No,Yes,No,No,No,No,Yes,Month-to-Month,No,Bank Withdrawal,48.7,0.0,0,Yes,2984,4,0-12
Female,29,No,0,0,1,No Offer,Yes,6.67,No,Fiber Optic,27,Yes,No,No,No,Yes,Yes,Yes,Yes,Month-to-Month,Yes,Bank Withdrawal,95.6,0.0,0,Yes,4091,7,0-12
Female,40,No,0,0,49,Offer B,Yes,35.87,Yes,DSL,30,Yes,Yes,No,No,No,No,No,Yes,Month-to-Month,Yes,Credit Card,59.75,0.0,0,Yes,6006,6,49-72
Female,43,No,0,0,1,No Offer,Yes,40.4,No,Cable,13,No,No,No,No,No,No,No,No,Month-to-Month,No,Bank Withdrawal,71.35,0.0,0,Yes,2619,2,0-12
Female,42,No,0,0,1,Offer E,Yes,21.59,No,No Internet Service,0,No,No,No,No,No,No,No,No,Month-to-Month,Yes,Mailed Check,20.15,0.0,0,Yes,4939,1,0-12
Male,35,No,0,0,1,Offer E,Yes,27.97,No,Fiber Optic,18,No,No,No,No,No,No,No,Yes,Month-to-Month,No,Bank Withdrawal,69.75,0.0,0,Yes,2901,3,0-12
Male,41,Yes,0,1,17,No Offer,Yes,16.61,No,Fiber Optic,3,No,No,No,No,Yes,No,No,Yes,Month-to-Month,No,Bank Withdrawal,80.85,0.0,0,Yes,5174,4,13-24
Female,47,No,0,0,4,Offer E,No,0.0,No,DSL,4,Yes,Yes,No,No,No,No,No,Yes,Month-to-Month,Yes,Bank Withdrawal,33.65,0.0,0,Yes,2563,4,0-12
Male,56,No,0,0,1,Offer E,Yes,3.13,No,Fiber Optic,5,No,No,No,No,Yes,No,No,Yes,Month-to-Month,Yes,Bank Withdrawal,79.95,0.0,0,Yes,4815,4,0-12
Female,58,No,0,0,1,Offer E,Yes,25.62,No,No Internet Service,0,No,No,No,No,No,No,No,No,Month-to-Month,No,Bank Withdrawal,19.3,0.0,0,Yes,3236,1,0-12
Female,55,Yes,0,1,37,No Offer,Yes,30.16,Yes,Fiber Optic,4,Yes,No,Yes,Yes,No,Yes,Yes,Yes,One Year,Yes,Bank Withdrawal,99.2,0.0,0,Yes,3599,9,25-48
Female,32,Yes,0,0,8,Offer E,Yes,26.41,Yes,Fiber Optic,16,No,No,No,No,No,Yes,Yes,Yes,Month-to-Month,Yes,Credit Card,85.2,0.0,0,Yes,2887,6,0-12
Female,40,No,0,0,3,No Offer,Yes,17.87,Yes,Fiber Optic,25,No,No,No,No,No,No,No,Yes,Month-to-Month,No,Bank Withdrawal,75.25,0.0,0,Yes,5898,4,0-12
Male,30,No,0,0,1,Offer E,Yes,25.39,Yes,DSL,52,No,No,Yes,No,No,No,No,Yes,Month-to-Month,No,Bank Withdrawal,54.35,0.0,0,Yes,4212,5,0-12
Male,37,Yes,0,1,5,Offer E,No,0.0,No,DSL,7,No,No,No,No,No,No,No,Yes,Month-to-Month,Yes,Bank Withdrawal,24.95,0.0,0,Yes,5865,2,0-12
Male,39,Yes,0,1,40,Offer B,No,0.0,No,DSL,21,Yes,Yes,Yes,No,No,No,No,Yes,One Year,Yes,Bank Withdrawal,42.35,0.0,0,Yes,5422,5,25-48
Male,38,No,0,0,1,Offer E,Yes,39.44,Yes,Fiber Optic,18,No,No,No,No,No,No,No,No,Month-to-Month,Yes,Bank Withdrawal,75.3,0.0,0,Yes,3596,3,0-12
Male,22,No,0,0,51,Offer B,Yes,44.77,Yes,Fiber Optic,58,Yes,Yes,No,No,Yes,No,Yes,Yes,One Year,Yes,Bank Withdrawal,94.8,0.0,0,Yes,5074,8,49-72
Female,63,Yes,0,1,33,No Offer,Yes,14.34,Yes,Fiber Optic,28,No,No,No,No,No,Yes,Yes,Yes,Month-to-Month,No,Credit Card,86.15,0.0,0,Yes,3336,6,25-48
Female,25,Yes,0,1,30,Offer C,Yes,4.82,Yes,Fiber Optic,41,No,No,No,No,No,Yes,Yes,Yes,Month-to-Month,Yes,Bank Withdrawal,85.0,0.0,0,Yes,3698,6,25-48
Female,29,No,0,0,2,Offer E,Yes,33.89,No,Fiber Optic,41,No,No,No,No,No,Yes,Yes,Yes,Month-to-Month,No,Bank Withdrawal,80.55,0.0,0,Yes,2856,5,0-12
Female,37,No,0,0,2,Offer E,Yes,24.31,No,Fiber Optic,16,No,No,Yes,No,No,No,No,Yes,Month-to-Month,Yes,Bank Withdrawal,75.8,0.0,0,Yes,5270,4,0-12
Female,45,No,0,0,30,Offer C,Yes,9.34,No,Fiber Optic,8,No,No,No,Yes,Yes,No,No,Yes,Month-to-Month,No,Bank Withdrawal,85.15,0.0,0,Yes,4417,5,25-48
Male,63,Yes,2,1,24,Offer C,Yes,17.27,Yes,DSL,18,Yes,No,No,No,No,No,No,Yes,Month-to-Month,No,Bank Withdrawal,54.75,0.0,0,Yes,5699,5,13-24
Male,60,No,0,0,1,Offer E,Yes,48.97,No,Fiber Optic,23,No,No,No,No,Yes,No,No,No,Month-to-Month,Yes,Bank Withdrawal,79.5,0.0,0,Yes,4490,3,0-12
Male,58,Yes,0,0,67,Offer A,Yes,29.24,Yes,Fiber Optic,21,Yes,Yes,Yes,No,Yes,Yes,Yes,Yes,One Year,Yes,Bank Withdrawal,111.3,0.0,0,Yes,4146,10,49-72
Female,63,Yes,0,1,7,Offer E,Yes,44.66,No,Fiber Optic,26,No,No,Yes,No,Yes,No,No,Yes,Month-to-Month,Yes,Bank Withdrawal,86.25,0.0,0,Yes,3344,5,0-12
Female,64,No,0,0,14,No Offer,Yes,29.3,No,Fiber Optic,26,No,Yes,No,No,No,Yes,Yes,No,Month-to-Month,Yes,Bank Withdrawal,86.3,0.0,10,Yes,3677,5,13-24
Female,56,No,0,0,28,Offer C,Yes,30.28,Yes,Fiber Optic,30,No,Yes,No,No,No,Yes,Yes,Yes,Month-to-Month,Yes,Bank Withdrawal,89.95,0.0,0,Yes,2468,7,25-48
Male,41,No,0,0,10,No Offer,Yes,27.28,No,Fiber Optic,27,No,No,No,No,No,No,No,Yes,Month-to-Month,Yes,Bank Withdrawal,70.0,0.0,0,Yes,3156,3,0-12
Female,53,No,0,0,34,Offer C,Yes,34.41,Yes,DSL,4,Yes,Yes,No,Yes,No,No,No,Yes,One Year,Yes,Mailed Check,64.4,0.0,0,Yes,5189,7,25-48
Female,52,Yes,0,1,1,No Offer,Yes,25.88,Yes,Fiber Optic,9,Yes,No,Yes,No,Yes,Yes,Yes,Yes,Month-to-Month,Yes,Bank Withdrawal,102.45,0.0,0,Yes,4811,9,0-12
Female,30,No,0,0,3,Offer E,Yes,40.67,No,Fiber Optic,58,No,No,Yes,Yes,No,No,No,Yes,Month-to-Month,No,Credit Card,80.1,0.0,0,Yes,4330,5,0-12
Female,51,No,0,0,2,Offer E,Yes,49.79,No,Fiber Optic,22,No,No,No,No,Yes,No,No,No,Month-to-Month,Yes,Bank Withdrawal,80.2,0.0,10,Yes,4381,3,0-12
Female,20,No,0,0,6,Offer E,Yes,20.26,No,Fiber Optic,26,Yes,Yes,Yes,Yes,No,Yes,Yes,Yes,Month-to-Month,Yes,Bank Withdrawal,98.15,0.0,0,Yes,3578,9,0-12
Male,60,No,0,0,12,No Offer,Yes,16.45,Yes,Cable,23,No,Yes,Yes,Yes,Yes,Yes,Yes,Yes,Month-to-Month,Yes,Mailed Check,112.95,0.0,0,Yes,3965,10,0-12
Female,43,No,0,0,1,Offer E,Yes,39.81,No,Fiber Optic,23,No,No,No,No,No,No,No,Yes,Month-to-Month,No,Mailed Check,70.9,0.0,0,Yes,4739,3,0-12
Male,28,Yes,0,1,23,No Offer,Yes,37.95,No,Fiber Optic,27,Yes,No,No,Yes,Yes,Yes,Yes,Yes,Month-to-Month,Yes,Bank Withdrawal,99.85,0.0,0,Yes,3425,8,13-24
Male,41,Yes,0,0,1,No Offer,Yes,36.44,Yes,Fiber Optic,16,No,No,No,No,No,No,No,Yes,Month-to-Month,Yes,Bank Withdrawal,74.5,0.0,0,Yes,5554,4,0-12
Male,60,No,0,0,65,Offer B,Yes,9.36,Yes,Fiber Optic,4,No,Yes,Yes,Yes,Yes,Yes,Yes,No,Month-to-Month,Yes,Bank Withdrawal,109.15,0.0,140,Yes,6001,9,49-72
Female,48,No,0,0,16,No Offer,Yes,47.45,Yes,DSL,30,No,No,Yes,No,No,Yes,Yes,Yes,Month-to-Month,Yes,Credit Card,65.2,0.0,0,Yes,4722,7,13-24
Male,42,No,0,0,1,Offer E,Yes,17.27,No,Fiber Optic,10,No,No,No,No,No,No,No,Yes,Month-to-Month,Yes,Mailed Check,71.55,0.0,0,Yes,5739,3,0-12
Male,27,Yes,0,1,53,Offer B,Yes,31.24,Yes,Fiber Optic,73,Yes,No,Yes,No,No,Yes,Yes,Yes,Month-to-Month,No,Bank Withdrawal,93.9,0.0,0,Yes,5543,8,49-72
Female,42,Yes,0,1,13,No Offer,No,0.0,No,DSL,8,No,No,Yes,No,Yes,Yes,Yes,Yes,Month-to-Month,Yes,Bank Withdrawal,48.75,0.0,0,Yes,2655,6,13-24
Female,63,No,0,0,4,Offer E,Yes,43.32,Yes,Fiber Optic,20,No,No,No,No,Yes,No,No,No,Month-to-Month,Yes,Bank Withdrawal,85.65,0.0,10,Yes,3223,4,0-12
Male,44,No,0,0,12,No Offer,Yes,25.19,Yes,Fiber Optic,12,No,Yes,Yes,No,Yes,Yes,Yes,Yes,Month-to-Month,Yes,Bank Withdrawal,106.7,0.0,0,Yes,2406,9,0-12
Male,46,No,0,0,1,Offer E,No,0.0,No,DSL,5,No,No,No,No,No,No,No,Yes,Month-to-Month,Yes,Bank Withdrawal,25.15,0.0,0,Yes,5386,2,0-12
Female,21,Yes,0,1,54,Offer B,Yes,2.18,Yes,Fiber Optic,71,No,Yes,Yes,Yes,Yes,Yes,Yes,Yes,One Year,No,Bank Withdrawal,110.35,0.0,0,Yes,6189,10,49-72
Female,24,Yes,0,1,48,Offer B,Yes,6.36,Yes,Fiber Optic,47,Yes,Yes,No,No,Yes,Yes,Yes,Yes,One Year,Yes,Credit Card,103.25,0.0,0,Yes,4736,9,25-48
Male,35,No,0,0,2,Offer E,Yes,13.73,No,DSL,11,Yes,No,No,No,No,No,No,Yes,Month-to-Month,Yes,Bank Withdrawal,47.8,0.0,0,Yes,4134,4,0-12
Female,49,No,0,0,29,Offer C,Yes,27.75,Yes,Fiber Optic,2,No,No,Yes,No,Yes,Yes,Yes,Yes,Month-to-Month,Yes,Credit Card,98.6,0.0,0,Yes,5144,8,25-48
Male,35,Yes,0,1,17,No Offer,Yes,13.68,No,Fiber Optic,11,No,No,No,No,No,No,No,Yes,Month-to-Month,Yes,Bank Withdrawal,70.4,0.0,0,Yes,4469,3,13-24
Female,49,No,1,0,1,Offer E,Yes,46.17,No,Cable,19,No,No,No,No,No,No,No,Yes,Month-to-Month,No,Mailed Check,45.95,0.0,0,Yes,4563,3,0-12
Female,45,No,0,0,1,Offer E,Yes,33.34,No,Fiber Optic,4,No,No,Yes,No,Yes,No,No,Yes,Month-to-Month,Yes,Credit Card,85.55,0.0,0,Yes,3967,5,0-12
Female,61,Yes,0,4,35,Offer C,Yes,10.43,No,Fiber Optic,4,No,No,No,No,No,No,No,No,Month-to-Month,Yes,Bank Withdrawal,70.3,0.0,80,Yes,5413,2,25-48
Female,22,Yes,0,1,33,Offer C,Yes,41.61,Yes,Fiber Optic,73,Yes,No,Yes,No,Yes,Yes,Yes,Yes,One Year,Yes,Mailed Check,103.7,0.0,0,Yes,4461,9,25-48
Male,23,No,0,0,1,No Offer,Yes,14.26,No,Fiber Optic,46,No,No,No,No,Yes,Yes,Yes,Yes,Month-to-Month,Yes,Bank Withdrawal,88.35,0.0,0,Yes,4254,6,0-12
Female,22,Yes,0,1,8,Offer E,Yes,38.83,No,Fiber Optic,76,No,No,Yes,No,Yes,Yes,Yes,Yes,Month-to-Month,Yes,Bank Withdrawal,94.2,0.0,0,Yes,2939,7,0-12
Female,62,No,0,0,5,Offer E,Yes,32.12,No,Fiber Optic,10,No,Yes,No,No,Yes,Yes,Yes,Yes,Month-to-Month,Yes,Bank Withdrawal,96.25,0.0,0,Yes,5056,7,0-12
Female,28,Yes,0,1,2,Offer E,Yes,9.76,No,Cable,27,No,No,No,No,No,No,No,Yes,Month-to-Month,Yes,Bank Withdrawal,70.7,0.0,0,Yes,4559,3,0-12
Female,55,Yes,0,1,42,Offer B,No,0.0,No,Cable,5,No,Yes,No,Yes,No,No,No,No,One Year,No,Mailed Check,33.55,0.0,50,Yes,2044,3,25-48
Female,38,No,0,0,57,No Offer,Yes,48.86,Yes,Fiber Optic,6,Yes,Yes,Yes,No,Yes,Yes,Yes,Yes,Two Year,Yes,Bank Withdrawal,112.95,0.0,0,Yes,4738,10,49-72
Male,54,No,0,0,1,Offer E,No,0.0,No,Cable,29,No,No,No,No,No,Yes,Yes,Yes,Month-to-Month,No,Bank Withdrawal,35.9,0.0,0,Yes,4747,4,0-12
Male,30,No,0,0,38,Offer C,Yes,31.27,Yes,Fiber Optic,85,No,No,Yes,No,Yes,Yes,Yes,Yes,Month-to-Month,Yes,Bank Withdrawal,99.25,0.0,0,Yes,5274,8,25-48
Female,26,No,0,0,8,Offer E,Yes,19.68,Yes,Fiber Optic,41,Yes,No,No,Yes,Yes,Yes,Yes,Yes,Month-to-Month,Yes,Bank Withdrawal,103.35,0.0,0,Yes,2363,9,0-12
Female,55,No,0,0,18,No Offer,Yes,13.65,Yes,Fiber Optic,5,No,Yes,No,No,Yes,No,No,Yes,Month-to-Month,Yes,Credit Card,90.0,0.0,0,Yes,2708,6,13-24
Male,58,Yes,0,1,28,Offer C,Yes,9.62,Yes,Fiber Optic,24,Yes,Yes,No,No,Yes,Yes,Yes,Yes,One Year,No,Bank Withdrawal,106.1,0.0,0,Yes,3770,9,25-48
Female,30,No,0,0,5,Offer E,Yes,10.11,No,Fiber Optic,69,No,Yes,No,Yes,No,Yes,Yes,Yes,Month-to-Month,Yes,Bank Withdrawal,89.35,0.0,0,Yes,4584,7,0-12
Female,32,No,0,0,1,No Offer,Yes,27.7,Yes,Fiber Optic,19,No,No,No,No,No,No,No,No,Month-to-Month,Yes,Bank Withdrawal,77.15,0.0,10,Yes,2756,3,0-12
Male,53,No,0,0,1,No Offer,No,0.0,No,DSL,9,No,No,No,No,No,Yes,Yes,Yes,Month-to-Month,Yes,Bank Withdrawal,35.25,0.0,0,Yes,2548,4,0-12
Male,26,Yes,0,4,4,No Offer,No,0.0,No,DSL,76,No,Yes,No,No,Yes,Yes,Yes,Yes,Month-to-Month,Yes,Bank Withdrawal,48.55,0.0,0,Yes,3955,6,0-12
Female,45,Yes,0,1,53,No Offer,Yes,41.74,Yes,Fiber Optic,24,No,Yes,No,No,Yes,Yes,Yes,Yes,Month-to-Month,Yes,Credit Card,98.4,0.0,0,Yes,6481,8,49-72
Female,44,No,0,0,14,No Offer,Yes,1.19,Yes,Fiber Optic,23,No,No,Yes,No,No,No,No,Yes,Month-to-Month,Yes,Bank Withdrawal,80.45,0.0,0,Yes,4155,5,13-24
Male,60,No,0,0,31,Offer C,Yes,1.53,No,DSL,6,No,No,Yes,Yes,No,No,No,No,Month-to-Month,Yes,Bank Withdrawal,55.25,0.0,10,Yes,2933,4,25-48
Male,28,Yes,0,1,13,No Offer,No,0.0,No,Cable,71,Yes,No,No,Yes,Yes,Yes,Yes,Yes,Month-to-Month,Yes,Bank Withdrawal,54.45,0.0,0,Yes,5212,7,13-24
Male,53,No,0,0,35,Offer C,Yes,25.04,Yes,Fiber Optic,21,No,No,No,No,No,No,No,Yes,Month-to-Month,No,Credit Card,75.35,0.0,0,Yes,2785,4,25-48
Male,55,No,0,0,2,No Offer,Yes,42.16,No,Cable,2,Yes,No,No,No,No,No,No,Yes,Month-to-Month,Yes,Bank Withdrawal,75.7,0.0,0,Yes,4676,4,0-12
Male,28,No,0,0,1,No Offer,Yes,21.8,Yes,Fiber Optic,42,No,No,No,No,No,No,No,Yes,Month-to-Month,Yes,Mailed Check,74.25,0.0,0,Yes,4750,4,0-12
Male,52,No,0,0,1,No Offer,Yes,3.14,No,No Internet Service,0,No,No,No,No,No,No,No,No,Month-to-Month,No,Mailed Check,19.4,0.0,0,Yes,4152,1,0-12
Female,46,No,0,0,9,No Offer,Yes,29.7,Yes,Fiber Optic,17,No,No,No,No,No,Yes,Yes,Yes,Month-to-Month,Yes,Bank Withdrawal,83.3,0.0,0,Yes,3520,6,0-12
Female,34,No,0,0,8,No Offer,Yes,36.39,No,Fiber Optic,7,No,No,No,No,Yes,No,No,Yes,Month-to-Month,Yes,Bank Withdrawal,80.1,0.0,0,Yes,5071,4,0-12
Male,62,No,0,0,25,Offer C,Yes,5.57,Yes,No Internet Service,0,No,No,No,No,No,No,No,No,One Year,No,Bank Withdrawal,25.3,0.0,0,Yes,3779,2,25-48
Male,46,No,0,0,13,No Offer,Yes,3.36,Yes,Fiber Optic,15,Yes,No,No,No,Yes,Yes,Yes,No,Month-to-Month,No,Mailed Check,98.15,0.0,40,Yes,5525,7,13-24
Male,48,No,0,0,46,No Offer,Yes,15.78,Yes,Fiber Optic,3,Yes,Yes,No,No,No,Yes,Yes,Yes,Month-to-Month,Yes,Bank Withdrawal,93.7,0.0,0,Yes,3378,8,25-48
Male,36,No,0,0,18,No Offer,Yes,12.5,Yes,DSL,5,No,No,Yes,Yes,Yes,Yes,Yes,Yes,One Year,Yes,Credit Card,82.0,0.0,0,Yes,3306,9,13-24
Male,59,Yes,0,1,60,No Offer,Yes,35.22,Yes,Fiber Optic,16,No,Yes,Yes,No,Yes,No,No,Yes,Month-to-Month,Yes,Bank Withdrawal,95.75,0.0,0,Yes,4129,7,49-72
Male,33,Yes,0,1,30,Offer C,Yes,10.5,Yes,Fiber Optic,22,No,No,No,No,Yes,Yes,Yes,Yes,Month-to-Month,Yes,Credit Card,94.05,0.0,0,Yes,4095,7,25-48
Female,44,No,0,0,1,No Offer,Yes,13.01,No,DSL,12,No,No,No,No,No,Yes,Yes,Yes,Month-to-Month,Yes,Mailed Check,54.75,0.0,0,Yes,2614,5,0-12
Female,56,No,0,0,1,No Offer,Yes,1.17,Yes,Fiber Optic,27,No,No,No,No,Yes,Yes,Yes,Yes,Month-to-Month,Yes,Bank Withdrawal,94.6,0.0,0,Yes,4033,7,0-12
Male,61,Yes,6,2,7,No Offer,No,0.0,No,Cable,30,Yes,No,No,Yes,No,No,No,Yes,Month-to-Month,Yes,Bank Withdrawal,34.5,0.0,0,Yes,3520,4,0-12
Male,44,Yes,0,1,61,No Offer,Yes,45.7,Yes,Fiber Optic,24,No,Yes,Yes,No,Yes,Yes,Yes,Yes,Month-to-Month,Yes,Bank Withdrawal,105.55,0.0,0,Yes,5011,9,49-72
Female,56,No,2,0,39,No Offer,No,0.0,No,DSL,24,No,No,Yes,No,No,No,No,No,Month-to-Month,No,Credit Card,30.1,0.0,150,Yes,3106,2,25-48
Male,36,Yes,0,1,10,Offer D,Yes,31.72,No,Fiber Optic,23,No,No,No,No,No,No,No,Yes,Month-to-Month,Yes,Bank Withdrawal,70.3,0.0,0,Yes,2162,3,0-12
Female,25,No,0,0,1,Offer E,Yes,1.23,Yes,Fiber Optic,69,No,Yes,No,No,No,No,No,Yes,Month-to-Month,Yes,Mailed Check,80.2,0.0,0,Yes,3056,5,0-12
Female,41,Yes,0,1,67,Offer A,Yes,30.94,Yes,Fiber Optic,11,Yes,No,No,Yes,No,Yes,Yes,Yes,One Year,Yes,Credit Card,94.35,0.0,0,Yes,4348,8,49-72
Male,61,Yes,1,5,6,Offer E,Yes,49.2,No,DSL,21,No,No,No,No,No,No,No,Yes,Month-to-Month,Yes,Bank Withdrawal,44.6,0.0,0,Yes,4525,3,0-12
Female,24,No,0,0,1,Offer E,Yes,5.36,No,No Internet Service,0,No,No,No,No,No,No,No,No,Month-to-Month,Yes,Credit Card,19.6,0.0,0,Yes,4205,1,0-12
Male,21,No,0,0,2,No Offer,Yes,36.06,No,Fiber Optic,85,No,No,No,No,No,No,No,Yes,Month-to-Month,No,Credit Card,70.7,0.0,0,Yes,5317,3,0-12
Male,21,Yes,0,1,1,Offer E,Yes,37.83,No,Fiber Optic,51,No,No,No,Yes,Yes,No,No,Yes,Month-to-Month,Yes,Bank Withdrawal,84.8,0.0,0,Yes,2627,5,0-12
Male,21,No,0,0,52,No Offer,Yes,49.29,No,Fiber Optic,51,No,Yes,Yes,Yes,Yes,Yes,Yes,Yes,One Year,Yes,Bank Withdrawal,105.0,0.0,0,Yes,4630,9,49-72
Male,62,No,0,0,22,Offer D,Yes,7.28,Yes,DSL,7,Yes,No,No,No,No,No,No,Yes,Month-to-Month,Yes,Bank Withdrawal,54.45,0.0,0,Yes,2445,5,13-24
Female,40,Yes,0,1,47,No Offer,Yes,44.26,No,Cable,23,No,No,Yes,No,No,Yes,Yes,Yes,Month-to-Month,Yes,Bank Withdrawal,85.3,0.0,0,Yes,3631,6,25-48
Female,51,No,0,0,33,No Offer,Yes,20.29,Yes,Fiber Optic,30,No,No,No,No,No,Yes,Yes,No,Month-to-Month,Yes,Bank Withdrawal,83.35,0.0,40,Yes,5456,5,25-48
Male,59,No,0,0,18,Offer D,No,0.0,No,DSL,26,No,Yes,Yes,No,No,No,No,Yes,Month-to-Month,Yes,Credit Card,33.5,0.0,0,Yes,5474,4,13-24
Male,64,No,0,0,24,No Offer,Yes,32.49,No,Fiber Optic,23,No,No,No,No,Yes,Yes,Yes,Yes,Month-to-Month,Yes,Bank Withdrawal,90.35,0.0,0,Yes,5546,6,13-24
Male,26,Yes,0,0,1,Offer E,Yes,23.06,No,Fiber Optic,52,No,No,No,No,Yes,Yes,Yes,Yes,Month-to-Month,Yes,Bank Withdrawal,90.75,0.0,0,Yes,5460,6,0-12
Female,64,No,0,0,4,Offer E,Yes,36.76,Yes,Fiber Optic,20,No,Yes,No,No,Yes,No,No,Yes,Month-to-Month,No,Credit Card,89.6,0.0,0,Yes,4689,6,0-12
Male,21,No,0,0,2,Offer E,No,0.0,No,DSL,51,No,No,Yes,No,Yes,Yes,Yes,Yes,Month-to-Month,Yes,Bank Withdrawal,49.25,0.0,0,Yes,5775,6,0-12
Male,43,No,3,0,1,No Offer,Yes,11.91,No,No Internet Service,0,No,No,No,No,No,No,No,No,Month-to-Month,No,Credit Card,19.75,0.0,0,Yes,2611,1,0-12
Female,64,No,0,0,19,Offer D,Yes,32.87,Yes,Fiber Optic,17,Yes,Yes,No,No,No,Yes,Yes,No,Month-to-Month,Yes,Bank Withdrawal,95.15,0.0,120,Yes,5830,7,13-24
Male,44,No,0,0,22,Offer D,Yes,10.33,Yes,Fiber Optic,19,Yes,No,No,No,Yes,Yes,Yes,Yes,Month-to-Month,Yes,Bank Withdrawal,101.35,0.0,0,Yes,4694,8,13-24
Female,46,No,0,0,4,No Offer,Yes,12.58,No,Fiber Optic,19,No,No,No,No,No,No,No,Yes,Month-to-Month,Yes,Credit Card,70.05,0.0,0,Yes,3600,3,0-12
Male,24,Yes,0,8,4,No Offer,Yes,48.64,Yes,Fiber Optic,30,No,No,No,No,No,No,No,Yes,Month-to-Month,Yes,Bank Withdrawal,74.65,0.0,0,Yes,4013,4,0-12
Male,60,No,0,0,4,No Offer,Yes,30.44,Yes,Cable,10,No,No,No,No,No,No,No,Yes,Month-to-Month,No,Credit Card,50.4,0.0,0,Yes,4399,4,0-12
Female,61,No,0,0,7,No Offer,Yes,40.32,Yes,Fiber Optic,18,Yes,No,No,No,No,No,No,Yes,Month-to-Month,Yes,Credit Card,79.65,0.0,0,Yes,4513,5,0-12
Male,55,Yes,0,1,5,No Offer,Yes,1.16,Yes,Fiber Optic,7,No,Yes,No,No,No,No,No,No,Month-to-Month,Yes,Bank Withdrawal,78.75,0.0,10,Yes,3401,4,0-12
Female,47,No,0,0,1,No Offer,Yes,46.49,Yes,DSL,14,No,No,No,No,No,No,No,Yes,Month-to-Month,Yes,Credit Card,50.1,0.0,0,Yes,4778,4,0-12
Male,19,Yes,0,1,2,Offer E,Yes,20.5,No,Fiber Optic,51,No,No,Yes,No,No,No,No,Yes,Month-to-Month,No,Bank Withdrawal,76.4,0.0,0,Yes,4340,4,0-12
Male,28,No,0,0,3,Offer E,Yes,32.76,No,Fiber Optic,73,No,No,Yes,Yes,Yes,Yes,Yes,Yes,Month-to-Month,Yes,Bank Withdrawal,98.7,0.0,0,Yes,3916,8,0-12
Female,37,Yes,0,1,28,No Offer,Yes,18.31,No,Fiber Optic,13,No,No,No,No,Yes,Yes,Yes,Yes,One Year,Yes,Bank Withdrawal,90.1,0.0,0,Yes,5958,6,25-48
Male,47,No,0,0,15,Offer D,Yes,3.15,Yes,DSL,26,No,No,No,No,No,No,No,No,Month-to-Month,No,Bank Withdrawal,51.55,0.0,20,Yes,2087,3,13-24
Male,44,No,0,0,5,Offer E,Yes,40.15,Yes,Fiber Optic,19,No,No,No,No,Yes,Yes,Yes,Yes,Month-to-Month,Yes,Bank Withdrawal,94.85,0.0,0,Yes,5701,7,0-12
Female,39,No,0,0,2,No Offer,Yes,14.07,Yes,Fiber Optic,6,No,No,No,No,No,Yes,Yes,Yes,Month-to-Month,Yes,Bank Withdrawal,85.7,0.0,0,Yes,2187,6,0-12
Female,58,No,0,0,1,Offer E,Yes,26.53,No,DSL,30,No,No,No,No,No,No,No,Yes,Month-to-Month,No,Credit Card,44.4,0.0,0,Yes,3204,3,0-12
Male,44,No,0,0,4,Offer E,No,0.0,No,Cable,20,No,No,No,No,Yes,Yes,Yes,No,Month-to-Month,Yes,Bank Withdrawal,44.55,0.0,10,Yes,5605,4,0-12
Male,41,Yes,3,1,31,No Offer,No,0.0,No,DSL,23,Yes,No,No,Yes,No,No,No,Yes,Month-to-Month,No,Bank Withdrawal,35.4,0.0,0,Yes,2067,4,25-48
Female,45,No,0,0,1,Offer E,Yes,32.33,Yes,Fiber Optic,9,No,No,No,No,Yes,Yes,Yes,Yes,Month-to-Month,No,Credit Card,95.65,0.0,0,Yes,3473,7,0-12
Female,19,No,0,0,1,No Offer,Yes,40.48,No,No Internet Service,0,No,No,No,No,No,No,No,No,Month-to-Month,No,Credit Card,20.95,0.0,0,Yes,4285,1,0-12
Female,54,No,0,0,15,Offer D,Yes,39.84,No,No Internet Service,0,No,No,No,No,No,No,No,No,Month-to-Month,No,Bank Withdrawal,19.75,0.0,0,Yes,2428,1,13-24
Male,42,Yes,0,1,17,Offer D,Yes,17.71,Yes,Fiber Optic,13,No,No,No,No,Yes,Yes,Yes,Yes,Month-to-Month,Yes,Bank Withdrawal,92.55,0.0,0,Yes,5775,7,13-24
Male,28,No,0,0,9,Offer E,Yes,49.14,Yes,Fiber Optic,58,No,No,No,No,Yes,No,No,Yes,Month-to-Month,Yes,Bank Withdrawal,85.35,0.0,0,Yes,2752,5,0-12
Female,48,No,0,0,25,No Offer,Yes,1.37,No,DSL,21,Yes,Yes,Yes,Yes,Yes,No,No,Yes,One Year,No,Credit Card,74.3,0.0,0,Yes,5175,8,25-48
Female,34,No,0,0,4,Offer E,Yes,5.63,No,Fiber Optic,18,No,No,Yes,Yes,Yes,Yes,Yes,Yes,Month-to-Month,Yes,Bank Withdrawal,98.1,0.0,0,Yes,2895,8,0-12
Female,63,No,0,0,50,No Offer,Yes,27.7,Yes,Fiber Optic,28,Yes,Yes,No,Yes,Yes,Yes,Yes,Yes,Two Year,Yes,Bank Withdrawal,109.65,0.0,0,Yes,5855,10,49-72
Male,32,No,0,0,3,Offer E,Yes,11.94,Yes,Cable,30,No,No,Yes,No,Yes,Yes,Yes,No,Month-to-Month,Yes,Bank Withdrawal,100.95,0.0,10,Yes,5351,7,0-12
Male,25,No,0,0,10,Offer D,Yes,40.22,No,Fiber Optic,41,No,No,Yes,No,Yes,Yes,Yes,Yes,Month-to-Month,Yes,Bank Withdrawal,94.9,0.0,0,Yes,2832,7,0-12
Male,53,Yes,0,1,9,Offer E,No,0.0,No,DSL,15,No,No,No,No,No,No,No,Yes,One Year,No,Bank Withdrawal,24.1,0.0,0,Yes,3195,2,0-12
Male,23,Yes,0,1,66,Offer A,Yes,20.07,Yes,Fiber Optic,85,No,Yes,No,Yes,Yes,Yes,Yes,Yes,One Year,Yes,Bank Withdrawal,104.05,0.0,0,Yes,5504,9,49-72
Male,33,No,0,0,3,Offer E,Yes,49.4,No,Fiber Optic,10,No,No,Yes,Yes,Yes,No,No,Yes,Month-to-Month,Yes,Credit Card,88.35,0.0,0,Yes,5202,6,0-12
Male,43,Yes,0,1,29,No Offer,Yes,40.49,No,Fiber Optic,15,Yes,No,No,No,Yes,Yes,Yes,Yes,Month-to-Month,No,Credit Card,94.65,0.0,0,Yes,5150,7,25-48
Female,42,Yes,3,1,41,No Offer,Yes,45.26,Yes,Cable,56,Yes,Yes,Yes,Yes,No,Yes,Yes,Yes,Month-to-Month,No,Credit Card,79.9,0.0,0,Yes,4734,10,25-48
Female,24,No,0,0,1,Offer E,Yes,26.12,No,No Internet Service,0,No,No,No,No,No,No,No,No,Month-to-Month,No,Credit Card,20.5,0.0,0,Yes,3820,1,0-12
Female,44,No,0,0,1,Offer E,Yes,44.94,No,Fiber Optic,16,No,No,No,No,No,Yes,Yes,Yes,Month-to-Month,Yes,Bank Withdrawal,81.95,0.0,0,Yes,5622,5,0-12
Male,39,Yes,0,1,7,Offer E,Yes,14.75,No,Fiber Optic,28,No,No,No,No,No,No,No,No,Month-to-Month,Yes,Bank Withdrawal,69.35,0.0,10,Yes,4292,2,0-12
Female,53,No,0,0,6,No Offer,Yes,11.81,No,Fiber Optic,24,No,No,No,No,Yes,Yes,Yes,Yes,Month-to-Month,Yes,Bank Withdrawal,91.1,0.0,0,Yes,2266,6,0-12
Male,20,Yes,0,1,14,Offer D,Yes,7.26,Yes,Fiber Optic,42,No,No,No,No,Yes,No,No,Yes,Month-to-Month,Yes,Bank Withdrawal,86.1,0.0,0,Yes,2177,5,13-24
Male,41,No,0,0,25,No Offer,Yes,34.88,Yes,Fiber Optic,8,No,No,No,No,Yes,Yes,Yes,Yes,Month-to-Month,Yes,Bank Withdrawal,94.7,0.0,0,Yes,5641,7,25-48
Male,40,Yes,0,1,22,Offer D,Yes,16.2,Yes,Fiber Optic,17,No,No,No,No,No,Yes,Yes,Yes,Month-to-Month,Yes,Bank Withdrawal,85.1,0.0,0,Yes,5248,6,13-24
Female,63,Yes,0,1,61,No Offer,Yes,49.33,Yes,Fiber Optic,7,No,Yes,No,No,Yes,Yes,Yes,Yes,Month-to-Month,Yes,Bank Withdrawal,99.15,0.0,0,Yes,5612,8,49-72
Male,31,No,0,0,1,No Offer,Yes,13.84,No,DSL,26,No,No,No,No,No,No,No,No,Month-to-Month,Yes,Credit Card,45.05,0.0,70,Yes,2644,2,0-12
Female,39,No,0,0,1,No Offer,Yes,33.88,No,Fiber Optic,26,No,No,No,No,No,Yes,Yes,Yes,Month-to-Month,Yes,Bank Withdrawal,79.7,0.0,0,Yes,2066,5,0-12
Male,46,No,0,0,22,Offer D,Yes,49.43,Yes,Cable,17,Yes,Yes,No,No,No,No,No,Yes,Month-to-Month,No,Bank Withdrawal,59.0,0.0,0,Yes,2195,6,13-24
Female,51,No,0,0,48,No Offer,Yes,33.91,No,DSL,13,Yes,No,Yes,Yes,No,No,No,Yes,One Year,Yes,Credit Card,60.35,0.0,0,Yes,2681,6,25-48
Male,52,No,0,0,25,No Offer,Yes,24.91,No,Fiber Optic,18,No,No,No,No,No,No,No,No,Month-to-Month,No,Credit Card,70.95,0.0,20,Yes,4881,2,25-48
Male,35,Yes,0,1,20,Offer D,Yes,18.05,No,Fiber Optic,5,No,No,No,No,Yes,Yes,Yes,Yes,Month-to-Month,Yes,Credit Card,89.0,0.0,0,Yes,4594,6,13-24
Male,51,Yes,0,1,18,No Offer,Yes,11.3,Yes,Fiber Optic,16,Yes,No,No,No,Yes,Yes,Yes,Yes,Month-to-Month,Yes,Bank Withdrawal,99.4,0.0,0,Yes,2421,8,13-24
Female,50,No,0,0,1,No Offer,Yes,3.84,No,Fiber Optic,2,No,No,Yes,No,No,No,No,Yes,Month-to-Month,No,Bank Withdrawal,73.5,0.0,0,Yes,4378,4,0-12
Male,45,No,0,0,9,No Offer,Yes,19.22,Yes,Fiber Optic,10,No,No,No,No,Yes,Yes,Yes,Yes,Month-to-Month,Yes,Bank Withdrawal,95.5,0.0,0,Yes,5007,7,0-12
Female,47,Yes,0,1,28,No Offer,Yes,37.66,No,Fiber Optic,20,Yes,No,No,No,Yes,Yes,Yes,Yes,Month-to-Month,Yes,Credit Card,92.35,0.0,0,Yes,2990,7,25-48
Male,20,No,0,0,11,No Offer,Yes,5.4,No,Fiber Optic,41,No,Yes,No,No,No,No,No,Yes,Month-to-Month,Yes,Bank Withdrawal,74.55,0.0,0,Yes,4601,4,0-12
Female,57,Yes,0,3,20,No Offer,Yes,28.79,Yes,Fiber Optic,16,No,Yes,Yes,No,Yes,Yes,Yes,Yes,Month-to-Month,Yes,Bank Withdrawal,105.85,0.0,0,Yes,4223,9,13-24
Female,35,No,0,0,7,No Offer,Yes,18.1,Yes,Fiber Optic,15,No,No,No,No,No,No,No,Yes,Month-to-Month,No,Credit Card,75.45,0.0,0,Yes,2872,4,0-12
Male,60,No,0,0,7,No Offer,Yes,15.51,Yes,Fiber Optic,23,No,No,No,No,Yes,Yes,Yes,Yes,Month-to-Month,Yes,Bank Withdrawal,93.85,0.0,0,Yes,3506,7,0-12
Male,51,No,0,0,22,No Offer,Yes,35.93,Yes,Fiber Optic,17,Yes,No,No,No,Yes,Yes,Yes,Yes,Month-to-Month,Yes,Bank Withdrawal,100.75,0.0,0,Yes,4152,8,13-24
Female,43,Yes,1,1,3,No Offer,No,0.0,No,DSL,19,No,No,No,Yes,No,No,No,No,Month-to-Month,Yes,Credit Card,31.0,0.0,20,Yes,5122,2,0-12
Male,38,No,0,0,51,No Offer,Yes,5.62,Yes,Fiber Optic,16,No,No,Yes,No,No,No,No,Yes,Month-to-Month,No,Credit Card,80.0,0.0,0,Yes,4769,5,49-72
Female,32,Yes,0,1,62,No Offer,Yes,48.58,No,Fiber Optic,13,No,Yes,Yes,No,Yes,Yes,Yes,Yes,Month-to-Month,Yes,Bank Withdrawal,100.15,0.0,0,Yes,4120,8,49-72
Male,52,No,0,0,28,No Offer,Yes,35.52,Yes,Fiber Optic,26,Yes,Yes,No,No,No,Yes,Yes,Yes,Month-to-Month,Yes,Credit Card,94.5,0.0,0,Yes,5433,8,25-48
Male,42,No,0,0,10,No Offer,No,0.0,No,DSL,30,No,No,No,No,No,Yes,Yes,Yes,Month-to-Month,Yes,Credit Card,33.9,0.0,0,Yes,2529,4,0-12
Male,41,No,0,0,12,No Offer,Yes,12.36,Yes,Fiber Optic,23,No,No,No,No,Yes,No,No,Yes,Month-to-Month,Yes,Bank Withdrawal,84.45,0.0,0,Yes,3330,5,0-12
Male,35,No,0,0,27,No Offer,Yes,24.72,Yes,Fiber Optic,29,No,No,No,Yes,No,No,No,Yes,Month-to-Month,Yes,Bank Withdrawal,79.5,0.0,0,Yes,2518,5,25-48
Male,44,Yes,0,1,1,No Offer,Yes,32.35,No,Fiber Optic,18,No,No,No,No,Yes,Yes,Yes,Yes,Month-to-Month,No,Mailed Check,89.15,0.0,0,Yes,3123,6,0-12
Female,45,No,0,0,3,No Offer,Yes,25.96,No,DSL,7,No,No,No,No,No,Yes,Yes,Yes,Month-to-Month,Yes,Bank Withdrawal,55.3,0.0,0,Yes,3190,5,0-12
Female,32,Yes,1,1,22,No Offer,Yes,5.26,No,DSL,19,No,Yes,No,Yes,No,No,No,No,Month-to-Month,No,Bank Withdrawal,55.15,0.0,30,Yes,5115,4,13-24
Female,34,Yes,0,1,16,No Offer,Yes,6.82,Yes,Fiber Optic,7,No,No,No,No,Yes,No,No,Yes,Month-to-Month,Yes,Bank Withdrawal,84.95,0.0,0,Yes,3075,5,13-24
Male,30,No,0,0,5,No Offer,No,0.0,No,Cable,59,Yes,Yes,Yes,Yes,No,No,No,Yes,Month-to-Month,Yes,Mailed Check,43.25,0.0,0,Yes,5824,6,0-12
Male,60,Yes,0,1,23,No Offer,Yes,5.8,Yes,DSL,12,No,No,No,No,No,No,No,Yes,One Year,Yes,Credit Card,48.35,0.0,0,Yes,4580,4,13-24
Male,59,No,0,0,1,No Offer,Yes,4.04,No,Fiber Optic,6,No,No,No,No,Yes,No,No,Yes,Month-to-Month,Yes,Bank Withdrawal,79.55,0.0,0,Yes,5593,4,0-12
Male,31,No,0,0,1,No Offer,Yes,6.89,Yes,Fiber Optic,12,No,No,No,No,Yes,No,No,Yes,Month-to-Month,No,Bank Withdrawal,84.5,0.0,0,Yes,4340,5,0-12
Male,57,Yes,0,1,71,Offer A,Yes,5.76,Yes,Fiber Optic,11,No,Yes,Yes,Yes,Yes,Yes,Yes,No,Two Year,Yes,Credit Card,108.6,0.0,20,Yes,4982,9,49-72
Male,57,No,0,0,46,No Offer,No,0.0,No,DSL,26,No,Yes,No,No,No,No,No,Yes,Month-to-Month,No,Bank Withdrawal,30.3,0.0,0,Yes,2243,3,25-48
Female,32,No,0,0,1,No Offer,Yes,38.31,No,Cable,26,No,No,No,No,No,No,No,Yes,Month-to-Month,Yes,Credit Card,45.4,0.0,0,Yes,2168,3,0-12
Female,53,Yes,0,1,32,No Offer,Yes,37.48,No,Fiber Optic,13,No,Yes,No,No,No,Yes,Yes,Yes,Month-to-Month,No,Bank Withdrawal,84.15,0.0,0,Yes,4017,6,25-48
Female,41,No,0,0,3,Offer E,Yes,24.63,No,No Internet Service,0,No,No,No,No,No,No,No,No,Month-to-Month,No,Bank Withdrawal,19.75,0.0,0,Yes,2647,1,0-12
Female,62,No,0,0,5,Offer E,Yes,43.51,No,Fiber Optic,17,No,No,No,Yes,No,Yes,Yes,Yes,Month-to-Month,Yes,Credit Card,85.4,0.0,0,Yes,3716,6,0-12
Male,62,No,0,0,49,No Offer,Yes,19.08,Yes,Fiber Optic,24,No,No,No,No,No,No,No,No,Month-to-Month,No,Credit Card,75.2,0.0,20,Yes,5283,3,49-72
Female,50,No,0,0,17,No Offer,Yes,24.31,Yes,DSL,21,No,No,Yes,No,No,No,No,Yes,One Year,Yes,Mailed Check,55.85,0.0,0,Yes,5472,5,13-24
Male,53,No,0,0,6,No Offer,Yes,21.97,No,Fiber Optic,9,No,Yes,No,No,No,Yes,Yes,Yes,Month-to-Month,Yes,Bank Withdrawal,84.4,0.0,0,Yes,4539,6,0-12
Female,44,No,0,0,6,Offer E,Yes,17.18,No,DSL,22,Yes,Yes,No,No,No,No,No,Yes,Month-to-Month,No,Bank Withdrawal,56.25,0.0,0,Yes,4110,5,0-12
Female,51,No,0,0,4,Offer E,Yes,10.64,No,DSL,23,No,Yes,No,No,Yes,Yes,Yes,Yes,Month-to-Month,Yes,Bank Withdrawal,68.65,0.0,0,Yes,5274,7,0-12
Male,48,No,0,0,4,Offer E,Yes,42.8,No,Fiber Optic,28,No,No,No,No,Yes,No,No,No,Month-to-Month,No,Bank Withdrawal,77.85,0.0,10,Yes,2140,3,0-12
Male,50,No,0,0,3,Offer E,Yes,13.83,Yes,Fiber Optic,14,No,Yes,Yes,No,Yes,Yes,Yes,Yes,Month-to-Month,Yes,Bank Withdrawal,105.35,0.0,0,Yes,3662,9,0-12
Female,48,No,0,0,8,Offer E,Yes,45.59,Yes,Fiber Optic,8,No,No,No,No,Yes,No,No,Yes,Month-to-Month,Yes,Bank Withdrawal,87.05,0.0,0,Yes,2545,5,0-12
Male,22,No,0,0,1,No Offer,Yes,14.58,No,DSL,73,No,No,No,No,Yes,No,No,Yes,Month-to-Month,Yes,Mailed Check,53.5,0.0,0,Yes,5094,4,0-12
Female,35,No,0,0,1,No Offer,No,0.0,No,Cable,28,No,No,No,No,No,No,No,Yes,Month-to-Month,Yes,Mailed Check,25.1,0.0,0,Yes,4769,2,0-12
Female,21,No,0,0,5,No Offer,Yes,3.61,No,DSL,69,Yes,No,No,Yes,No,No,No,Yes,Month-to-Month,No,Bank Withdrawal,54.2,0.0,0,Yes,5476,5,0-12
Male,47,Yes,0,1,72,No Offer,Yes,3.07,Yes,Fiber Optic,23,No,Yes,Yes,No,Yes,Yes,Yes,Yes,Two Year,Yes,Bank Withdrawal,103.4,0.0,0,Yes,5055,9,49-72
Female,60,No,0,0,13,No Offer,Yes,21.88,Yes,Fiber Optic,4,No,Yes,Yes,No,No,No,No,Yes,Month-to-Month,Yes,Bank Withdrawal,84.45,0.0,0,Yes,5801,6,13-24
Female,53,No,0,0,29,No Offer,No,0.0,No,DSL,7,No,Yes,No,No,No,No,No,Yes,Month-to-Month,Yes,Bank Withdrawal,30.6,0.0,0,Yes,3615,3,25-48
Female,51,No,0,0,17,No Offer,Yes,7.66,No,Fiber Optic,17,No,No,No,No,No,No,No,No,Month-to-Month,Yes,Bank Withdrawal,70.0,0.0,80,Yes,4390,2,13-24
Female,37,No,0,0,1,No Offer,Yes,26.41,No,Cable,26,No,No,No,No,No,No,No,Yes,Month-to-Month,Yes,Bank Withdrawal,45.3,0.0,0,Yes,2293,3,0-12
Male,64,No,0,0,2,No Offer,No,0.0,No,Cable,11,No,No,No,Yes,No,No,No,Yes,Month-to-Month,No,Bank Withdrawal,29.85,0.0,0,Yes,4268,3,0-12
Male,40,No,0,0,1,No Offer,Yes,9.66,No,No Internet Service,0,No,No,No,No,No,No,No,No,Month-to-Month,No,Mailed Check,19.8,0.0,0,Yes,5600,1,0-12
Female,36,No,0,0,4,No Offer,Yes,24.09,No,Fiber Optic,17,No,Yes,No,No,No,No,No,Yes,Month-to-Month,Yes,Bank Withdrawal,76.65,0.0,0,Yes,4580,4,0-12
Female,45,Yes,0,1,5,No Offer,Yes,9.23,No,Fiber Optic,25,No,Yes,No,Yes,Yes,Yes,Yes,Yes,Month-to-Month,Yes,Mailed Check,99.15,0.0,0,Yes,2283,8,0-12
Male,57,No,0,0,9,Offer E,Yes,2.88,No,DSL,26,No,No,No,No,No,No,No,No,Month-to-Month,No,Mailed Check,44.95,0.0,10,Yes,5023,2,0-12
Male,53,Yes,0,1,18,No Offer,Yes,19.05,No,DSL,26,No,No,Yes,No,No,No,No,Yes,Month-to-Month,Yes,Mailed Check,49.55,0.0,0,Yes,2815,4,13-24
Male,55,No,0,0,25,No Offer,Yes,5.27,No,Fiber Optic,4,No,Yes,No,No,Yes,Yes,Yes,Yes,Month-to-Month,Yes,Bank Withdrawal,95.9,0.0,0,Yes,2241,7,25-48
Male,40,Yes,0,1,52,No Offer,Yes,38.37,No,Fiber Optic,14,Yes,No,No,No,Yes,No,No,Yes,Month-to-Month,No,Bank Withdrawal,84.1,0.0,0,Yes,6216,5,49-72
Female,48,No,0,0,8,No Offer,Yes,37.79,No,Cable,25,Yes,No,No,No,No,No,No,No,Month-to-Month,Yes,Bank Withdrawal,49.85,13.01,10,Yes,2269,3,0-12
Female,22,Yes,0,1,22,No Offer,Yes,35.04,No,DSL,76,No,Yes,No,No,Yes,Yes,Yes,Yes,One Year,Yes,Bank Withdrawal,69.5,49.57,0,Yes,5922,7,13-24
Male,47,Yes,0,1,54,No Offer,Yes,35.46,Yes,Fiber Optic,23,No,Yes,Yes,No,Yes,Yes,Yes,Yes,Month-to-Month,Yes,Bank Withdrawal,104.3,11.45,0,Yes,4019,9,49-72
Female,49,No,0,0,1,Offer E,Yes,16.15,Yes,Fiber Optic,12,No,No,No,No,Yes,Yes,Yes,Yes,Month-to-Month,Yes,Bank Withdrawal,93.85,0.0,0,Yes,3014,7,0-12
Female,47,Yes,2,1,1,Offer E,Yes,9.73,No,DSL,29,No,No,Yes,No,No,No,No,Yes,Month-to-Month,No,Mailed Check,50.45,0.0,0,Yes,2426,4,0-12
Female,33,No,0,0,7,Offer E,Yes,48.82,Yes,Cable,19,No,No,No,Yes,Yes,Yes,Yes,Yes,Month-to-Month,Yes,Bank Withdrawal,74.65,28.35,0,Yes,4612,8,0-12
Female,53,No,0,0,12,No Offer,Yes,12.75,Yes,Fiber Optic,24,No,No,No,No,Yes,Yes,Yes,No,Month-to-Month,Yes,Bank Withdrawal,94.2,7.39,120,Yes,3975,6,0-12
Female,59,Yes,0,2,54,No Offer,Yes,8.83,Yes,Fiber Optic,21,Yes,Yes,No,No,Yes,Yes,Yes,Yes,One Year,No,Bank Withdrawal,106.55,0.0,0,Yes,4893,9,49-72
Male,33,No,0,0,1,Offer E,Yes,16.81,No,No Internet Service,0,No,No,No,No,No,No,No,No,Month-to-Month,No,Credit Card,20.1,0.0,0,Yes,5747,1,0-12
Female,45,Yes,0,0,23,No Offer,Yes,38.81,No,Fiber Optic,28,No,Yes,Yes,Yes,No,No,No,Yes,Month-to-Month,No,Bank Withdrawal,83.8,0.0,0,Yes,5737,6,13-24
Male,25,No,0,0,3,Offer E,Yes,22.77,No,DSL,51,No,No,No,No,Yes,No,Yes,Yes,Month-to-Month,No,Credit Card,55.15,0.0,0,Yes,5698,5,0-12
Male,46,No,0,0,31,No Offer,Yes,34.38,No,Fiber Optic,20,No,Yes,No,Yes,No,No,No,No,Month-to-Month,Yes,Bank Withdrawal,78.45,0.0,40,Yes,3091,4,25-48
Female,39,Yes,0,1,34,No Offer,Yes,40.78,Yes,Fiber Optic,4,No,No,Yes,No,Yes,No,No,Yes,Month-to-Month,No,Bank Withdrawal,87.45,0.0,0,Yes,3358,6,25-48
Male,36,Yes,0,1,29,No Offer,Yes,11.24,No,Fiber Optic,16,No,No,No,No,No,No,No,Yes,Month-to-Month,Yes,Bank Withdrawal,70.75,0.0,0,Yes,2663,3,25-48
Male,31,No,0,0,1,Offer E,Yes,9.81,Yes,Fiber Optic,28,Yes,No,No,No,No,No,No,Yes,Month-to-Month,Yes,Bank Withdrawal,81.7,0.0,0,Yes,5574,5,0-12
Male,37,No,0,0,33,No Offer,Yes,28.84,No,Fiber Optic,23,No,No,No,No,No,No,No,Yes,Month-to-Month,No,Bank Withdrawal,68.25,0.0,0,Yes,5647,3,25-48
Female,41,No,0,0,4,Offer E,Yes,36.91,No,Fiber Optic,23,No,No,No,No,No,Yes,Yes,Yes,Month-to-Month,Yes,Bank Withdrawal,79.15,0.0,0,Yes,5762,5,0-12
Male,29,Yes,0,1,19,No Offer,Yes,5.93,Yes,Fiber Optic,51,No,No,No,Yes,Yes,Yes,Yes,Yes,One Year,Yes,Bank Withdrawal,100.95,0.0,0,Yes,4072,8,13-24
Female,46,Yes,0,1,1,Offer E,Yes,16.55,No,Fiber Optic,19,No,No,No,No,No,No,No,Yes,Month-to-Month,Yes,Credit Card,69.1,0.0,0,Yes,4779,3,0-12
Male,53,No,0,0,31,No Offer,Yes,9.27,Yes,Fiber Optic,30,No,Yes,Yes,No,Yes,Yes,Yes,Yes,One Year,Yes,Bank Withdrawal,103.45,0.0,0,Yes,5387,9,25-48
Female,31,No,0,0,4,No Offer,Yes,30.95,Yes,Fiber Optic,26,No,Yes,No,No,No,No,No,Yes,Month-to-Month,No,Bank Withdrawal,77.95,0.0,0,Yes,5365,5,0-12
Male,46,No,0,0,10,Offer D,No,0.0,No,DSL,30,No,No,Yes,No,No,No,No,No,Month-to-Month,No,Credit Card,29.5,0.0,40,Yes,3797,2,0-12
Female,64,No,0,0,2,No Offer,Yes,26.93,No,DSL,10,Yes,No,No,No,Yes,Yes,Yes,Yes,Month-to-Month,Yes,Bank Withdrawal,70.75,0.0,0,Yes,3257,7,0-12
Male,19,No,0,0,4,No Offer,Yes,6.91,Yes,Fiber Optic,53,No,No,No,No,No,Yes,Yes,Yes,Month-to-Month,Yes,Bank Withdrawal,85.65,0.0,0,Yes,2330,6,0-12
Male,39,No,0,0,1,No Offer,Yes,48.22,No,DSL,21,No,No,No,No,No,No,No,Yes,Month-to-Month,No,Credit Card,46.3,0.0,0,Yes,3017,3,0-12
Female,63,No,0,0,41,No Offer,Yes,10.43,Yes,Fiber Optic,22,No,Yes,Yes,No,Yes,Yes,Yes,No,Month-to-Month,Yes,Bank Withdrawal,106.3,0.0,130,Yes,5383,8,25-48
Female,36,No,0,0,12,Offer D,Yes,17.46,No,Fiber Optic,9,No,No,Yes,Yes,No,Yes,Yes,Yes,Month-to-Month,Yes,Bank Withdrawal,89.4,0.0,0,Yes,5047,7,0-12
Male,28,No,0,0,10,Offer D,Yes,29.24,Yes,Fiber Optic,85,No,No,No,No,No,No,Yes,Yes,Month-to-Month,Yes,Credit Card,74.15,0.0,0,Yes,4231,5,0-12
Female,43,Yes,0,1,11,Offer D,Yes,31.08,Yes,Fiber Optic,26,No,No,Yes,No,Yes,Yes,Yes,Yes,Month-to-Month,Yes,Bank Withdrawal,99.5,0.0,0,Yes,5286,8,0-12
Male,44,No,0,0,1,No Offer,Yes,8.77,No,DSL,10,No,No,No,No,No,No,No,Yes,Month-to-Month,Yes,Credit Card,44.15,0.0,0,Yes,4773,3,0-12
Female,36,No,0,0,16,Offer D,Yes,6.86,No,DSL,8,No,Yes,No,Yes,No,No,No,No,Month-to-Month,Yes,Credit Card,53.9,0.0,40,Yes,5091,4,13-24
Female,22,No,0,0,1,No Offer,Yes,31.03,Yes,Fiber Optic,27,No,No,No,No,No,Yes,Yes,Yes,Month-to-Month,Yes,Credit Card,85.45,0.0,0,Yes,2318,6,0-12
Female,36,Yes,1,1,4,No Offer,Yes,12.88,Yes,Cable,22,No,No,No,No,No,No,No,Yes,Month-to-Month,No,Credit Card,50.85,0.0,0,Yes,5386,4,0-12
Female,40,No,3,0,1,No Offer,Yes,13.58,No,DSL,24,No,No,Yes,No,No,Yes,Yes,Yes,Month-to-Month,No,Bank Withdrawal,59.2,0.0,0,Yes,5020,6,0-12
Male,42,No,0,0,13,Offer D,Yes,35.4,No,Fiber Optic,18,No,No,Yes,No,Yes,No,No,Yes,Month-to-Month,Yes,Bank Withdrawal,83.2,0.0,0,Yes,4028,5,13-24
Female,19,No,0,0,1,No Offer,Yes,44.36,No,DSL,58,Yes,Yes,No,No,No,No,Yes,Yes,Month-to-Month,Yes,Bank Withdrawal,54.9,0.0,0,Yes,2833,6,0-12
Female,57,Yes,0,1,21,Offer D,Yes,1.21,Yes,Fiber Optic,16,Yes,No,Yes,No,Yes,Yes,Yes,Yes,Month-to-Month,Yes,Bank Withdrawal,103.9,0.0,0,Yes,3769,9,13-24
Female,35,Yes,3,1,11,Offer D,Yes,29.01,No,No Internet Service,0,No,No,No,No,No,No,No,No,Month-to-Month,Yes,Credit Card,19.25,0.0,0,Yes,5638,1,0-12
Male,33,Yes,0,4,6,No Offer,Yes,21.23,Yes,Fiber Optic,13,No,No,No,No,No,No,No,Yes,Month-to-Month,Yes,Bank Withdrawal,75.5,0.0,0,Yes,5838,4,0-12
Female,25,Yes,0,5,4,No Offer,Yes,48.48,No,Fiber Optic,58,No,No,Yes,No,No,No,Yes,Yes,Month-to-Month,Yes,Bank Withdrawal,73.75,0.0,0,Yes,5026,5,0-12
Male,39,No,0,0,12,Offer D,Yes,44.71,Yes,Cable,25,No,No,No,No,Yes,Yes,Yes,Yes,Month-to-Month,Yes,Bank Withdrawal,96.05,0.0,0,Yes,2577,7,0-12
Female,30,No,0,0,4,No Offer,Yes,48.32,Yes,Fiber Optic,51,No,Yes,No,No,No,Yes,Yes,No,Month-to-Month,Yes,Bank Withdrawal,88.95,0.0,40,Yes,5948,6,0-12
Female,42,No,0,0,4,No Offer,Yes,9.81,No,DSL,30,No,Yes,No,No,No,No,No,Yes,Month-to-Month,No,Credit Card,50.7,0.0,0,Yes,4930,4,0-12
Male,23,No,0,0,3,No Offer,Yes,47.68,No,DSL,82,No,No,No,No,Yes,No,Yes,Yes,Month-to-Month,No,Credit Card,53.4,0.0,0,Yes,2755,5,0-12
Female,42,Yes,0,1,68,No Offer,Yes,44.24,Yes,Fiber Optic,5,No,No,No,No,Yes,No,No,Yes,One Year,Yes,Bank Withdrawal,83.0,0.0,0,Yes,4714,5,49-72
Male,47,No,2,0,1,No Offer,Yes,11.86,No,Cable,13,Yes,No,No,No,No,No,No,Yes,Month-to-Month,No,Credit Card,50.6,0.0,0,Yes,3677,4,0-12
Male,55,No,0,0,10,Offer D,Yes,12.78,No,Fiber Optic,2,No,No,No,No,Yes,Yes,Yes,Yes,Month-to-Month,Yes,Bank Withdrawal,89.5,0.0,0,Yes,4206,6,0-12
Male,50,No,0,0,1,No Offer,Yes,22.86,No,Fiber Optic,25,No,No,No,No,No,No,No,No,Month-to-Month,Yes,Bank Withdrawal,69.8,0.0,10,Yes,4154,2,0-12
Male,44,Yes,0,1,24,No Offer,Yes,34.62,Yes,Fiber Optic,23,No,No,Yes,No,Yes,Yes,Yes,Yes,Month-to-Month,Yes,Bank Withdrawal,101.05,0.0,0,Yes,4766,8,13-24
Male,53,Yes,0,1,18,Offer D,Yes,31.49,Yes,Fiber Optic,20,No,No,No,No,Yes,Yes,Yes,Yes,Month-to-Month,Yes,Bank Withdrawal,94.7,0.0,0,Yes,2206,7,13-24
Male,44,Yes,1,4,4,No Offer,Yes,27.24,No,DSL,21,No,No,No,Yes,No,Yes,Yes,Yes,Month-to-Month,No,Credit Card,61.45,0.0,0,Yes,2131,6,0-12
Male,20,No,0,0,1,Offer E,Yes,7.15,No,Fiber Optic,48,No,No,No,No,Yes,Yes,Yes,Yes,Month-to-Month,Yes,Bank Withdrawal,90.55,0.0,0,Yes,3898,6,0-12
Female,58,No,0,0,26,No Offer,Yes,38.09,No,Fiber Optic,22,No,No,No,No,Yes,Yes,Yes,No,Month-to-Month,Yes,Bank Withdrawal,88.8,0.0,50,Yes,4910,5,25-48
Male,23,No,0,0,7,Offer E,Yes,18.83,Yes,Fiber Optic,26,No,No,No,No,No,Yes,Yes,Yes,Month-to-Month,Yes,Credit Card,85.2,0.0,0,Yes,3905,6,0-12
Male,54,Yes,0,1,42,No Offer,Yes,2.41,Yes,Fiber Optic,21,No,No,Yes,Yes,Yes,Yes,Yes,Yes,Month-to-Month,Yes,Bank Withdrawal,106.15,0.0,0,Yes,2265,9,25-48
Female,36,No,0,0,4,Offer E,Yes,39.9,No,Cable,20,No,No,No,No,No,No,No,Yes,Month-to-Month,Yes,Credit Card,45.3,0.0,0,Yes,3443,3,0-12
Male,37,No,0,0,2,No Offer,Yes,2.96,Yes,Fiber Optic,15,No,No,No,No,No,No,No,Yes,Month-to-Month,Yes,Credit Card,73.25,0.0,0,Yes,2919,4,0-12
Male,47,Yes,1,1,8,Offer E,Yes,3.85,No,DSL,20,No,No,Yes,No,No,No,No,Yes,Month-to-Month,Yes,Bank Withdrawal,51.05,0.0,0,Yes,3758,4,0-12
Female,63,Yes,0,1,9,Offer E,Yes,14.21,Yes,Fiber Optic,5,No,No,No,No,Yes,No,No,No,Month-to-Month,Yes,Bank Withdrawal,85.35,0.0,50,Yes,2445,4,0-12
Male,63,No,0,0,43,No Offer,Yes,34.0,No,Fiber Optic,11,Yes,No,No,No,No,No,No,Yes,Month-to-Month,Yes,Bank Withdrawal,75.2,0.0,0,Yes,4673,4,25-48
Female,54,No,0,0,1,Offer E,Yes,15.51,No,No Internet Service,0,No,No,No,No,No,No,No,No,Month-to-Month,No,Credit Card,20.9,0.0,0,Yes,5527,1,0-12
Male,23,No,0,0,3,Offer E,Yes,48.84,No,DSL,41,No,No,No,No,No,No,Yes,Yes,Month-to-Month,Yes,Bank Withdrawal,43.3,0.0,0,Yes,4849,4,0-12
Male,38,Yes,0,1,70,No Offer,Yes,39.63,No,Fiber Optic,26,Yes,Yes,Yes,Yes,Yes,Yes,Yes,Yes,One Year,Yes,Bank Withdrawal,109.5,0.0,0,Yes,6136,10,49-72
Male,63,Yes,0,1,1,Offer E,Yes,44.73,Yes,Fiber Optic,3,No,No,No,No,No,No,No,Yes,Month-to-Month,Yes,Bank Withdrawal,74.6,0.0,0,Yes,5861,4,0-12
Male,35,No,0,0,16,Offer D,Yes,5.74,No,No Internet Service,0,No,No,No,No,No,No,No,No,Month-to-Month,Yes,Credit Card,19.7,0.0,0,Yes,3438,1,13-24
Female,25,No,0,0,15,Offer D,Yes,36.34,No,DSL,48,No,No,Yes,No,No,Yes,Yes,Yes,Month-to-Month,Yes,Bank Withdrawal,59.45,0.0,0,Yes,5129,6,13-24
Female,23,No,0,0,46,No Offer,Yes,43.04,No,Fiber Optic,71,Yes,Yes,No,Yes,Yes,Yes,Yes,Yes,One Year,Yes,Bank Withdrawal,105.2,0.0,0,Yes,3322,9,25-48
Male,59,No,0,0,8,No Offer,Yes,35.53,No,Cable,5,No,No,No,No,No,No,No,Yes,Month-to-Month,Yes,Credit Card,45.15,0.0,0,Yes,3721,3,0-12
Male,62,Yes,0,1,31,No Offer,Yes,2.12,Yes,Fiber Optic,17,No,Yes,Yes,No,Yes,No,No,No,Month-to-Month,No,Bank Withdrawal,93.8,0.0,50,Yes,4115,6,25-48
Male,45,No,0,0,32,No Offer,Yes,25.21,No,Fiber Optic,26,No,No,No,Yes,Yes,Yes,Yes,Yes,Month-to-Month,Yes,Bank Withdrawal,96.2,0.0,0,Yes,3606,7,25-48
Female,20,No,0,0,1,Offer E,Yes,21.72,No,Fiber Optic,52,No,No,No,No,No,Yes,Yes,Yes,Month-to-Month,Yes,Bank Withdrawal,79.6,0.0,0,Yes,3108,5,0-12
Male,49,No,0,0,20,Offer D,Yes,1.36,Yes,Fiber Optic,25,No,No,No,No,Yes,No,No,Yes,Month-to-Month,Yes,Bank Withdrawal,85.25,0.0,0,Yes,2414,5,13-24
Male,34,No,0,0,26,No Offer,Yes,24.16,Yes,Fiber Optic,22,No,No,No,Yes,No,No,No,Yes,Month-to-Month,Yes,Bank Withdrawal,80.5,0.0,0,Yes,2729,5,25-48
Male,61,No,0,0,1,Offer E,Yes,43.03,No,DSL,3,No,Yes,No,No,No,No,No,Yes,Month-to-Month,Yes,Bank Withdrawal,50.75,0.0,0,Yes,5355,4,0-12
Female,57,Yes,0,1,14,Offer D,Yes,7.62,No,Fiber Optic,3,No,Yes,No,Yes,No,Yes,Yes,No,Month-to-Month,Yes,Credit Card,89.65,0.0,120,Yes,2504,6,13-24
Male,25,No,0,0,36,No Offer,Yes,26.51,No,Cable,85,No,Yes,No,Yes,No,Yes,Yes,Yes,One Year,Yes,Credit Card,65.4,0.0,0,Yes,5220,7,25-48
Female,50,No,2,0,9,No Offer,Yes,35.49,No,Cable,11,No,No,Yes,Yes,Yes,Yes,Yes,Yes,Month-to-Month,Yes,Credit Card,72.9,0.0,0,Yes,3585,8,0-12
Male,25,No,0,0,5,No Offer,No,0.0,No,Cable,59,Yes,No,Yes,Yes,No,No,Yes,Yes,Month-to-Month,No,Credit Card,40.0,0.0,0,Yes,3125,6,0-12
Female,40,No,0,0,2,No Offer,Yes,36.81,No,Fiber Optic,16,Yes,Yes,No,Yes,No,No,No,Yes,Month-to-Month,Yes,Bank Withdrawal,86.25,0.0,0,Yes,3529,6,0-12
Female,43,No,0,0,1,No Offer,Yes,36.99,No,Cable,22,No,No,No,No,No,No,No,Yes,Month-to-Month,Yes,Bank Withdrawal,45.65,0.0,0,Yes,4689,3,0-12
Male,30,No,0,0,8,No Offer,Yes,13.04,No,Fiber Optic,85,No,No,No,No,No,No,No,No,Month-to-Month,Yes,Credit Card,70.1,0.0,10,Yes,2899,2,0-12
Female,19,No,0,0,3,No Offer,Yes,1.24,No,DSL,52,Yes,Yes,No,No,No,No,Yes,Yes,Month-to-Month,No,Bank Withdrawal,55.35,0.0,0,Yes,5787,6,0-12
Male,34,No,0,0,2,No Offer,Yes,19.52,No,Cable,16,No,No,No,No,No,No,No,Yes,Month-to-Month,No,Credit Card,45.85,0.0,0,Yes,3843,3,0-12
Male,64,No,0,0,39,Offer C,Yes,36.17,Yes,Fiber Optic,5,No,No,No,No,No,No,No,Yes,Month-to-Month,No,Bank Withdrawal,75.25,0.0,0,Yes,4696,4,25-48
Female,24,No,0,0,12,Offer D,Yes,30.54,Yes,Fiber Optic,47,No,No,Yes,No,Yes,Yes,Yes,Yes,Month-to-Month,Yes,Bank Withdrawal,100.15,0.0,0,Yes,3682,8,0-12
Female,53,Yes,3,0,2,No Offer,No,0.0,No,DSL,52,No,No,No,No,No,No,No,Yes,Month-to-Month,Yes,Credit Card,24.4,0.0,0,Yes,2635,2,0-12
Female,36,No,0,0,4,No Offer,Yes,2.01,No,No Internet Service,0,No,No,No,No,No,No,No,No,Month-to-Month,No,Bank Withdrawal,20.95,0.0,0,Yes,5822,1,0-12
Male,37,No,0,0,9,No Offer,Yes,8.91,No,No Internet Service,0,No,No,No,No,No,No,No,No,Month-to-Month,No,Credit Card,20.25,0.0,0,Yes,3361,1,0-12
Female,38,No,0,0,9,No Offer,Yes,15.62,No,DSL,2,No,No,No,No,No,No,No,Yes,Month-to-Month,No,Bank Withdrawal,45.15,0.0,0,Yes,3757,3,0-12
Female,59,Yes,0,1,50,No Offer,Yes,35.33,Yes,Fiber Optic,17,No,No,No,No,Yes,No,No,Yes,Month-to-Month,Yes,Bank Withdrawal,84.4,0.0,0,Yes,5135,5,49-72
Female,36,No,0,0,1,No Offer,Yes,5.94,Yes,Fiber Optic,8,No,No,No,No,No,No,No,Yes,Month-to-Month,Yes,Bank Withdrawal,75.1,0.0,0,Yes,4335,4,0-12
Female,50,Yes,0,1,54,No Offer,Yes,42.1,Yes,DSL,12,No,No,No,No,Yes,Yes,Yes,Yes,One Year,Yes,Credit Card,70.15,0.0,0,Yes,4596,7,49-72
Male,64,No,0,0,42,No Offer,Yes,18.79,Yes,Fiber Optic,16,No,Yes,No,No,Yes,Yes,Yes,Yes,Month-to-Month,Yes,Bank Withdrawal,101.75,0.0,0,Yes,5545,8,25-48
Female,41,No,0,0,1,Offer E,Yes,22.11,No,DSL,18,No,No,No,No,No,No,No,No,Month-to-Month,No,Bank Withdrawal,45.8,0.0,10,Yes,5973,2,0-12
Male,63,No,0,0,1,Offer E,Yes,40.83,No,No Internet Service,0,No,No,No,No,No,No,No,No,Month-to-Month,Yes,Credit Card,20.1,0.0,0,Yes,4933,1,0-12
Male,64,Yes,0,2,9,Offer E,No,0.0,No,DSL,26,No,No,No,Yes,Yes,No,No,Yes,Month-to-Month,No,Mailed Check,40.65,0.0,0,Yes,4800,4,0-12
Male,62,No,0,0,1,Offer E,Yes,38.66,No,Fiber Optic,18,No,No,No,No,No,No,No,Yes,Month-to-Month,Yes,Bank Withdrawal,69.1,0.0,0,Yes,5795,3,0-12
Female,25,No,0,0,13,Offer D,Yes,6.03,Yes,Fiber Optic,48,No,No,No,No,No,No,Yes,Yes,Month-to-Month,Yes,Mailed Check,75.0,0.0,0,Yes,2189,5,13-24
Male,56,Yes,0,1,19,No Offer,Yes,43.95,No,Fiber Optic,20,No,Yes,No,Yes,Yes,Yes,Yes,Yes,One Year,No,Bank Withdrawal,100.0,0.0,0,Yes,2608,8,13-24
Female,25,No,0,0,24,Offer C,No,0.0,No,DSL,52,No,Yes,Yes,No,Yes,Yes,Yes,Yes,Month-to-Month,Yes,Credit Card,54.15,0.0,0,Yes,5153,7,13-24
Female,59,Yes,0,1,67,No Offer,Yes,32.15,Yes,Fiber Optic,28,Yes,No,Yes,Yes,Yes,Yes,Yes,Yes,Two Year,Yes,Credit Card,108.75,0.0,0,Yes,5516,10,49-72
Female,59,Yes,0,1,6,Offer E,Yes,6.94,No,DSL,28,No,No,No,Yes,No,No,No,Yes,Month-to-Month,Yes,Bank Withdrawal,49.15,0.0,0,Yes,5271,4,0-12
Male,30,No,3,0,20,No Offer,Yes,22.78,No,No Internet Service,0,No,No,No,No,No,No,No,No,Month-to-Month,Yes,Bank Withdrawal,19.4,0.0,0,Yes,3785,1,13-24
Female,36,Yes,0,1,11,No Offer,Yes,7.89,Yes,Fiber Optic,10,No,Yes,No,No,Yes,Yes,Yes,Yes,Month-to-Month,Yes,Bank Withdrawal,102.0,0.0,0,Yes,5750,8,0-12
Female,60,No,0,0,2,Offer E,Yes,24.71,No,No Internet Service,0,No,No,No,No,No,No,No,No,Month-to-Month,No,Mailed Check,20.65,0.0,0,Yes,3845,1,0-12
Female,23,No,0,0,1,Offer E,Yes,30.6,No,Fiber Optic,27,No,No,No,No,No,No,Yes,Yes,Month-to-Month,Yes,Mailed Check,70.8,0.0,0,Yes,3901,4,0-12
Male,37,No,0,0,16,No Offer,Yes,11.96,Yes,Fiber Optic,18,No,No,No,Yes,No,Yes,Yes,Yes,Month-to-Month,Yes,Credit Card,89.05,0.0,0,Yes,5953,7,13-24
Female,48,No,0,0,3,Offer E,Yes,9.95,Yes,Fiber Optic,13,No,No,No,No,Yes,Yes,Yes,Yes,Month-to-Month,Yes,Bank Withdrawal,96.6,0.0,0,Yes,3260,7,0-12
Female,47,Yes,0,1,57,No Offer,Yes,40.13,Yes,Fiber Optic,25,No,Yes,Yes,No,Yes,Yes,Yes,Yes,Month-to-Month,Yes,Credit Card,104.5,0.0,0,Yes,4471,9,49-72
Female,54,No,0,0,5,Offer E,Yes,37.1,Yes,Cable,2,No,No,No,No,No,No,No,No,Month-to-Month,Yes,Mailed Check,50.6,0.0,20,Yes,2353,3,0-12
Male,40,No,1,0,4,Offer E,Yes,26.04,No,DSL,27,Yes,No,No,No,No,No,No,Yes,Month-to-Month,No,Bank Withdrawal,49.35,0.0,0,Yes,5858,4,0-12
Male,22,No,0,0,7,Offer E,Yes,12.05,No,Fiber Optic,69,No,Yes,No,No,Yes,Yes,Yes,Yes,Month-to-Month,Yes,Bank Withdrawal,94.25,0.0,0,Yes,5267,7,0-12
Female,64,Yes,0,1,1,Offer E,Yes,21.65,No,Fiber Optic,13,No,No,No,No,No,No,No,Yes,Month-to-Month,Yes,Bank Withdrawal,68.95,0.0,0,Yes,5644,3,0-12
Male,62,No,0,0,4,No Offer,Yes,42.44,Yes,Fiber Optic,29,No,No,No,No,No,No,No,Yes,Month-to-Month,Yes,Bank Withdrawal,76.05,0.0,0,Yes,3685,4,0-12
Male,44,No,0,0,1,No Offer,No,0.0,No,Cable,2,No,No,No,No,No,No,No,Yes,Month-to-Month,Yes,Mailed Check,24.45,0.0,0,Yes,2121,2,0-12
Male,35,No,0,0,7,No Offer,Yes,36.84,Yes,Fiber Optic,17,No,No,Yes,No,Yes,No,No,No,Month-to-Month,Yes,Credit Card,89.35,0.0,60,Yes,4154,5,0-12
Male,60,Yes,0,3,4,No Offer,Yes,32.43,No,Fiber Optic,13,No,No,No,No,Yes,No,No,Yes,Month-to-Month,Yes,Bank Withdrawal,80.35,0.0,0,Yes,4167,4,0-12
Male,24,No,0,0,1,No Offer,Yes,31.34,No,Fiber Optic,52,No,No,No,No,Yes,No,Yes,Yes,Month-to-Month,Yes,Bank Withdrawal,79.05,0.0,0,Yes,3555,5,0-12
Male,42,Yes,0,1,1,No Offer,Yes,12.04,No,Cable,5,Yes,No,No,No,Yes,Yes,Yes,Yes,Month-to-Month,Yes,Bank Withdrawal,95.0,0.0,0,Yes,4489,7,0-12
Female,29,No,0,0,1,No Offer,No,0.0,No,DSL,73,No,No,No,No,No,No,Yes,Yes,Month-to-Month,No,Mailed Check,25.2,0.0,0,Yes,3196,3,0-12
Male,34,Yes,0,1,54,No Offer,Yes,42.09,No,Fiber Optic,9,Yes,Yes,Yes,Yes,Yes,Yes,Yes,Yes,Two Year,No,Bank Withdrawal,109.75,0.0,0,Yes,6274,10,49-72
Male,56,No,0,0,2,No Offer,Yes,15.79,No,No Internet Service,0,No,No,No,No,No,No,No,No,One Year,No,Credit Card,19.3,0.0,0,Yes,2279,1,0-12
Female,33,No,0,0,15,No Offer,Yes,9.71,Yes,DSL,26,No,No,No,No,No,No,No,Yes,Month-to-Month,Yes,Bank Withdrawal,49.1,0.0,0,Yes,5209,4,13-24
Female,29,No,0,0,31,Offer C,Yes,31.14,Yes,Cable,52,Yes,No,Yes,Yes,No,No,No,No,Month-to-Month,No,Credit Card,65.25,0.0,120,Yes,4403,6,25-48
Male,46,Yes,0,9,61,Offer B,Yes,26.94,Yes,Fiber Optic,11,No,Yes,No,Yes,Yes,No,No,Yes,Two Year,Yes,Bank Withdrawal,94.1,0.0,0,Yes,6295,7,49-72
Male,51,Yes,0,2,24,Offer C,Yes,3.0,Yes,Fiber Optic,15,No,Yes,Yes,No,Yes,Yes,Yes,Yes,Month-to-Month,Yes,Bank Withdrawal,104.65,0.0,0,Yes,4734,9,13-24
Female,44,No,0,0,3,No Offer,Yes,35.54,Yes,Fiber Optic,27,No,No,No,No,No,No,No,Yes,Month-to-Month,Yes,Bank Withdrawal,74.25,0.0,0,Yes,3207,4,0-12
Male,57,Yes,0,1,4,No Offer,Yes,28.22,Yes,Fiber Optic,10,No,Yes,No,No,Yes,Yes,Yes,Yes,Month-to-Month,Yes,Bank Withdrawal,100.2,0.0,0,Yes,2650,8,0-12
Female,46,Yes,0,1,57,Offer B,Yes,36.65,No,DSL,7,Yes,No,No,No,Yes,Yes,Yes,Yes,One Year,Yes,Bank Withdrawal,70.1,0.0,0,Yes,4669,7,49-72
Female,29,No,0,0,4,No Offer,Yes,43.45,No,Fiber Optic,52,No,Yes,Yes,Yes,Yes,Yes,Yes,Yes,One Year,Yes,Bank Withdrawal,105.65,0.0,0,Yes,4663,9,0-12
Female,27,No,0,0,35,Offer C,Yes,8.8,Yes,Cable,46,Yes,No,Yes,Yes,Yes,Yes,Yes,No,One Year,Yes,Credit Card,85.95,0.0,0,Yes,3833,9,25-48
Male,50,No,0,0,4,Offer E,Yes,33.65,No,Fiber Optic,30,No,No,Yes,No,No,No,No,Yes,Month-to-Month,Yes,Bank Withdrawal,73.9,0.0,0,Yes,4479,4,0-12
Female,39,Yes,0,1,58,Offer B,Yes,27.99,Yes,Fiber Optic,24,Yes,Yes,Yes,No,Yes,Yes,Yes,Yes,Two Year,Yes,Bank Withdrawal,109.45,0.0,0,Yes,6424,10,49-72
Female,21,No,0,0,30,Offer C,Yes,11.73,Yes,Fiber Optic,82,No,Yes,No,No,Yes,Yes,Yes,Yes,Month-to-Month,Yes,Bank Withdrawal,100.2,0.0,0,Yes,3598,8,25-48
Female,32,Yes,0,1,21,No Offer,Yes,5.07,No,Fiber Optic,26,No,Yes,No,No,No,No,No,Yes,Month-to-Month,Yes,Bank Withdrawal,74.05,0.0,0,Yes,5630,4,13-24
Male,57,No,0,0,3,Offer E,Yes,21.86,Yes,Fiber Optic,6,No,No,Yes,No,Yes,Yes,Yes,Yes,Month-to-Month,Yes,Bank Withdrawal,101.55,0.0,0,Yes,4480,8,0-12
Female,30,Yes,0,1,21,No Offer,No,0.0,No,Cable,69,Yes,No,Yes,No,Yes,Yes,Yes,No,One Year,Yes,Bank Withdrawal,55.95,0.0,10,Yes,5531,6,13-24
Male,36,No,0,0,1,No Offer,Yes,24.24,No,DSL,28,No,No,No,No,No,No,No,Yes,Month-to-Month,No,Bank Withdrawal,45.75,0.0,0,Yes,3531,3,0-12
Male,41,No,0,0,11,No Offer,Yes,25.24,No,Fiber Optic,29,No,Yes,No,No,No,No,No,Yes,Month-to-Month,No,Bank Withdrawal,74.95,0.0,0,Yes,4251,4,0-12
Female,53,No,0,0,1,Offer E,Yes,4.67,No,Fiber Optic,11,No,No,No,No,No,Yes,Yes,Yes,Month-to-Month,No,Credit Card,80.15,0.0,0,Yes,3947,5,0-12
Female,57,Yes,0,1,72,No Offer,Yes,31.13,Yes,Fiber Optic,11,No,Yes,Yes,Yes,Yes,Yes,Yes,Yes,One Year,Yes,Bank Withdrawal,109.25,0.0,0,Yes,4261,10,49-72
Female,20,No,0,0,3,Offer E,No,0.0,No,DSL,30,No,No,No,No,Yes,No,No,Yes,Month-to-Month,No,Credit Card,35.2,0.0,0,Yes,5450,3,0-12
Female,55,Yes,0,1,1,Offer E,Yes,28.04,No,Fiber Optic,30,No,No,No,No,Yes,No,No,Yes,Month-to-Month,No,Bank Withdrawal,78.8,0.0,0,Yes,5075,4,0-12
Female,42,No,0,0,47,Offer B,Yes,35.97,Yes,Fiber Optic,25,No,Yes,Yes,No,Yes,Yes,Yes,No,Month-to-Month,Yes,Bank Withdrawal,106.4,0.0,0,Yes,4804,8,25-48
Male,31,No,0,0,18,No Offer,Yes,20.86,No,DSL,3,Yes,No,No,No,No,No,No,Yes,Month-to-Month,No,Bank Withdrawal,49.4,0.0,0,Yes,4028,4,13-24
Male,63,Yes,0,1,20,No Offer,Yes,49.69,No,Fiber Optic,10,No,No,No,No,Yes,Yes,Yes,Yes,Month-to-Month,Yes,Bank Withdrawal,90.2,0.0,0,Yes,2058,6,13-24
Female,42,No,0,0,6,Offer E,Yes,43.8,Yes,Fiber Optic,5,No,No,No,No,Yes,Yes,Yes,Yes,Month-to-Month,Yes,Bank Withdrawal,93.55,0.0,0,Yes,5617,7,0-12
Male,64,No,0,0,1,No Offer,Yes,14.91,No,Fiber Optic,21,No,No,No,No,No,Yes,Yes,Yes,Month-to-Month,Yes,Credit Card,80.85,0.0,0,Yes,3096,5,0-12
Female,41,Yes,0,1,48,Offer B,Yes,23.95,Yes,Fiber Optic,30,No,No,No,No,No,Yes,Yes,Yes,One Year,Yes,Mailed Check,82.05,0.0,0,Yes,3365,6,25-48
Male,41,Yes,0,1,3,Offer E,Yes,37.61,No,No Internet Service,0,No,No,No,No,No,No,No,No,Month-to-Month,Yes,Credit Card,20.55,0.0,0,Yes,4115,1,0-12
Female,41,No,0,0,1,Offer E,Yes,46.09,No,Fiber Optic,10,No,No,No,No,No,Yes,Yes,Yes,Month-to-Month,No,Bank Withdrawal,78.65,0.0,0,Yes,2728,5,0-12
Male,47,No,0,0,1,Offer E,Yes,4.02,No,Cable,11,No,No,No,No,No,No,No,Yes,Month-to-Month,Yes,Bank Withdrawal,42.9,0.0,0,Yes,4895,3,0-12
Female,26,No,0,0,3,Offer E,No,0.0,No,Cable,52,Yes,No,No,Yes,No,No,No,Yes,Month-to-Month,No,Mailed Check,34.25,0.0,0,Yes,2802,4,0-12
Female,30,No,0,0,9,Offer E,No,0.0,No,Cable,48,Yes,No,Yes,Yes,Yes,Yes,Yes,Yes,Month-to-Month,No,Mailed Check,58.5,0.0,0,Yes,3032,8,0-12
Female,23,Yes,0,1,6,Offer E,Yes,27.44,Yes,Fiber Optic,58,No,Yes,Yes,No,Yes,Yes,Yes,Yes,Month-to-Month,Yes,Bank Withdrawal,105.3,0.0,0,Yes,4163,9,0-12
Male,32,Yes,0,1,16,No Offer,Yes,17.96,Yes,Fiber Optic,30,No,No,No,No,No,No,No,Yes,Month-to-Month,Yes,Bank Withdrawal,73.85,0.0,0,Yes,3226,4,13-24
Female,61,No,0,0,25,Offer C,Yes,19.75,Yes,No Internet Service,0,No,No,No,No,No,No,No,No,Two Year,No,Credit Card,24.75,0.0,0,Yes,4931,2,25-48
Female,31,No,0,0,4,Offer E,No,0.0,No,DSL,9,No,No,No,No,No,No,No,Yes,Month-to-Month,Yes,Bank Withdrawal,24.45,0.0,0,Yes,4909,2,0-12
Male,33,No,0,0,28,Offer C,Yes,30.48,Yes,Fiber Optic,13,No,Yes,Yes,No,Yes,Yes,Yes,No,Month-to-Month,Yes,Bank Withdrawal,105.7,0.0,80,Yes,2464,8,25-48
Male,64,No,0,0,1,Offer E,No,0.0,No,DSL,7,No,No,No,No,No,No,No,Yes,Month-to-Month,Yes,Bank Withdrawal,24.25,0.0,0,Yes,2846,2,0-12
Female,48,No,0,0,11,No Offer,Yes,15.6,Yes,Fiber Optic,4,No,No,No,No,No,No,No,Yes,Month-to-Month,Yes,Bank Withdrawal,76.5,0.0,0,Yes,2291,4,0-12
Female,47,No,0,0,4,Offer E,Yes,7.39,Yes,Fiber Optic,4,No,Yes,No,Yes,No,Yes,Yes,Yes,Month-to-Month,Yes,Bank Withdrawal,93.5,0.0,0,Yes,4554,8,0-12
Male,60,No,0,0,28,Offer C,Yes,44.28,No,Fiber Optic,5,Yes,No,No,No,No,No,No,Yes,Month-to-Month,Yes,Bank Withdrawal,74.9,0.0,0,Yes,5392,4,25-48
Male,21,No,0,0,1,No Offer,Yes,20.26,Yes,No Internet Service,0,No,No,No,No,No,No,No,No,Month-to-Month,Yes,Mailed Check,24.05,0.0,0,Yes,3162,2,0-12
Female,36,No,0,0,1,No Offer,Yes,30.96,No,DSL,5,No,Yes,No,No,No,No,No,Yes,Month-to-Month,No,Bank Withdrawal,50.55,0.0,0,Yes,3420,4,0-12
Male,56,No,0,0,14,No Offer,Yes,36.97,Yes,Fiber Optic,27,No,Yes,No,No,Yes,Yes,Yes,Yes,Month-to-Month,Yes,Bank Withdrawal,100.55,0.0,0,Yes,5224,8,13-24
Female,47,Yes,3,0,1,No Offer,Yes,34.57,No,No Internet Service,0,No,No,No,No,No,No,No,No,Month-to-Month,Yes,Mailed Check,20.5,0.0,0,Yes,2398,1,0-12
Male,51,No,0,0,4,No Offer,Yes,7.26,No,Fiber Optic,29,No,No,Yes,No,No,No,No,Yes,Month-to-Month,Yes,Bank Withdrawal,74.8,0.0,0,Yes,5882,4,0-12
Female,44,Yes,0,1,20,No Offer,No,0.0,No,DSL,10,No,No,No,No,No,No,No,Yes,Month-to-Month,Yes,Bank Withdrawal,24.45,0.0,0,Yes,3298,2,13-24
Female,27,No,0,0,14,No Offer,Yes,36.25,No,Fiber Optic,52,No,No,No,No,No,No,No,Yes,Month-to-Month,Yes,Credit Card,71.0,0.0,0,Yes,3228,3,13-24
Female,56,No,0,0,3,No Offer,No,0.0,No,Cable,25,No,Yes,No,No,Yes,Yes,Yes,Yes,Month-to-Month,Yes,Bank Withdrawal,50.6,0.0,0,Yes,4800,6,0-12
Female,64,Yes,0,1,40,Offer B,Yes,2.03,Yes,Fiber Optic,19,No,No,Yes,Yes,No,No,No,Yes,Month-to-Month,Yes,Bank Withdrawal,84.85,0.0,0,Yes,5764,6,25-48
Female,21,Yes,2,1,2,No Offer,Yes,27.27,No,DSL,51,No,No,No,No,Yes,Yes,Yes,Yes,Month-to-Month,No,Credit Card,65.7,0.0,0,Yes,4265,6,0-12
Female,53,No,0,0,1,No Offer,Yes,41.39,No,Fiber Optic,3,No,No,No,No,No,No,No,Yes,Month-to-Month,No,Bank Withdrawal,70.5,0.0,0,Yes,4123,3,0-12
Female,34,No,0,0,10,No Offer,Yes,43.26,Yes,Fiber Optic,21,No,Yes,Yes,No,No,Yes,Yes,Yes,Month-to-Month,Yes,Bank Withdrawal,94.85,0.0,0,Yes,3074,8,0-12
Male,21,No,0,0,1,No Offer,Yes,29.33,No,No Internet Service,0,No,No,No,No,No,No,No,No,Month-to-Month,No,Credit Card,19.75,0.0,0,Yes,4851,1,0-12
Male,42,Yes,1,1,14,No Offer,Yes,45.6,No,Cable,19,Yes,Yes,No,No,Yes,No,No,Yes,Month-to-Month,Yes,Bank Withdrawal,65.45,0.0,0,Yes,2881,6,13-24
Male,49,Yes,0,1,22,No Offer,Yes,19.8,No,Cable,17,Yes,No,Yes,Yes,Yes,No,No,Yes,One Year,Yes,Bank Withdrawal,67.5,0.0,0,Yes,3378,7,13-24
Female,25,No,0,0,1,No Offer,Yes,14.19,No,Fiber Optic,59,No,No,No,No,No,No,Yes,Yes,Month-to-Month,Yes,Bank Withdrawal,69.6,0.0,0,Yes,2412,4,0-12
Male,61,Yes,0,1,49,Offer B,Yes,39.55,Yes,Cable,10,Yes,No,Yes,Yes,Yes,Yes,Yes,Yes,One Year,No,Bank Withdrawal,84.35,0.0,0,Yes,6452,10,49-72
Female,20,No,0,0,1,No Offer,Yes,29.41,No,Fiber Optic,59,No,No,No,No,Yes,No,Yes,No,Month-to-Month,No,Bank Withdrawal,78.05,0.0,10,Yes,3458,4,0-12
Male,63,No,0,0,7,No Offer,Yes,38.07,Yes,Fiber Optic,28,No,No,No,No,No,No,No,Yes,Month-to-Month,No,Bank Withdrawal,73.6,0.0,0,Yes,2679,4,0-12
Female,55,No,0,0,9,Offer E,Yes,16.48,Yes,Fiber Optic,12,No,No,No,No,No,No,No,Yes,Month-to-Month,Yes,Bank Withdrawal,74.75,0.0,0,Yes,5003,4,0-12
Male,38,No,0,0,1,Offer E,Yes,45.49,No,No Internet Service,0,No,No,No,No,No,No,No,No,Month-to-Month,Yes,Credit Card,20.2,0.0,0,Yes,5355,1,0-12
Male,22,No,0,0,2,Offer E,No,0.0,No,Cable,73,No,No,No,No,No,No,Yes,Yes,Month-to-Month,Yes,Bank Withdrawal,25.05,0.0,0,Yes,4810,3,0-12
Male,23,No,0,0,57,Offer B,No,0.0,No,DSL,59,No,Yes,No,No,Yes,No,Yes,No,Month-to-Month,Yes,Bank Withdrawal,39.3,0.0,80,Yes,4917,4,49-72
Female,64,No,0,0,1,Offer E,Yes,10.71,No,No Internet Service,0,No,No,No,No,No,No,No,No,Month-to-Month,Yes,Credit Card,20.25,0.0,0,Yes,2783,1,0-12
Female,30,No,0,0,13,No Offer,No,0.0,No,DSL,53,No,No,No,No,No,No,No,Yes,Month-to-Month,Yes,Bank Withdrawal,23.9,0.0,0,Yes,2967,2,13-24
Female,48,No,0,0,1,Offer E,Yes,22.97,No,Fiber Optic,23,No,No,Yes,No,Yes,No,No,Yes,Month-to-Month,Yes,Bank Withdrawal,85.45,0.0,0,Yes,4931,5,0-12
Female,22,No,0,0,63,Offer B,Yes,8.38,Yes,Fiber Optic,59,No,Yes,No,No,Yes,Yes,Yes,Yes,One Year,No,Bank Withdrawal,99.9,0.0,0,Yes,4776,8,49-72
Male,64,No,0,0,25,Offer C,Yes,8.31,Yes,Fiber Optic,22,No,No,No,No,No,Yes,Yes,Yes,Month-to-Month,Yes,Bank Withdrawal,84.8,0.0,0,Yes,4203,6,25-48
Male,48,Yes,0,1,35,Offer C,Yes,48.47,Yes,Fiber Optic,12,No,No,No,No,No,No,No,Yes,Month-to-Month,Yes,Bank Withdrawal,75.2,0.0,0,Yes,4639,4,25-48
Male,44,Yes,0,1,71,No Offer,No,0.0,No,Cable,25,No,Yes,No,No,Yes,Yes,Yes,No,Two Year,No,Bank Withdrawal,49.35,0.0,100,Yes,4879,5,49-72
Male,49,No,0,0,6,No Offer,Yes,6.32,Yes,Fiber Optic,11,No,No,No,No,No,No,No,Yes,Month-to-Month,Yes,Bank Withdrawal,74.9,0.0,0,Yes,4160,4,0-12
Female,43,No,0,0,15,No Offer,Yes,16.82,No,Fiber Optic,26,No,Yes,Yes,No,Yes,Yes,Yes,Yes,Month-to-Month,Yes,Bank Withdrawal,101.25,0.0,0,Yes,3968,8,13-24
Male,59,No,0,0,9,Offer E,Yes,49.74,No,No Internet Service,0,No,No,No,No,No,No,No,No,Month-to-Month,Yes,Credit Card,18.95,0.0,0,Yes,5403,1,0-12
Female,31,No,0,0,37,No Offer,No,0.0,No,DSL,10,No,No,No,Yes,No,No,No,Yes,Month-to-Month,No,Credit Card,28.6,0.0,0,Yes,4429,3,25-48
Female,60,Yes,0,5,11,No Offer,Yes,26.88,Yes,Fiber Optic,19,Yes,No,No,Yes,Yes,No,No,Yes,Month-to-Month,Yes,Credit Card,96.2,0.0,0,Yes,3101,7,0-12
Male,21,Yes,0,1,55,Offer B,Yes,10.61,Yes,Fiber Optic,76,No,No,Yes,Yes,Yes,Yes,Yes,Yes,One Year,Yes,Bank Withdrawal,104.15,0.0,0,Yes,4369,9,49-72
Female,41,No,0,0,1,Offer E,Yes,31.68,No,Fiber Optic,22,No,No,No,No,Yes,Yes,Yes,Yes,Month-to-Month,No,Bank Withdrawal,90.6,0.0,0,Yes,2540,6,0-12
Female,51,No,0,0,6,Offer E,Yes,21.91,No,DSL,12,No,No,No,Yes,No,No,No,Yes,Month-to-Month,Yes,Bank Withdrawal,50.8,0.0,0,Yes,4713,4,0-12
Male,42,No,0,0,4,Offer E,Yes,12.24,Yes,Fiber Optic,11,No,Yes,No,No,No,Yes,Yes,No,Month-to-Month,Yes,Bank Withdrawal,90.05,0.0,30,Yes,3212,6,0-12
Female,61,Yes,0,1,3,Offer E,Yes,44.34,Yes,Fiber Optic,29,No,No,No,No,No,No,No,Yes,Month-to-Month,Yes,Bank Withdrawal,75.85,0.0,0,Yes,4062,4,0-12
Male,39,Yes,0,1,1,Offer E,Yes,30.62,No,Fiber Optic,11,No,No,No,No,No,No,No,Yes,Month-to-Month,Yes,Bank Withdrawal,68.5,0.0,0,Yes,5753,3,0-12
Male,30,No,0,0,11,No Offer,Yes,38.88,No,Fiber Optic,30,Yes,No,No,No,No,No,No,Yes,Month-to-Month,Yes,Bank Withdrawal,73.5,0.0,0,Yes,4509,4,0-12
Female,29,No,0,0,1,Offer E,Yes,13.04,No,Fiber Optic,46,No,No,No,No,No,No,No,Yes,Month-to-Month,Yes,Credit Card,69.95,0.0,0,Yes,5341,3,0-12
Male,52,No,0,0,5,No Offer,Yes,14.26,No,DSL,26,No,No,Yes,No,Yes,Yes,Yes,Yes,Month-to-Month,Yes,Bank Withdrawal,70.05,0.0,0,Yes,4944,7,0-12
Male,59,No,0,0,8,No Offer,Yes,23.89,Yes,Fiber Optic,14,No,Yes,Yes,No,Yes,No,No,Yes,Month-to-Month,Yes,Bank Withdrawal,94.0,0.0,0,Yes,2632,7,0-12
Female,21,Yes,3,1,22,Offer D,Yes,42.98,No,DSL,30,Yes,Yes,Yes,No,No,No,No,No,Month-to-Month,No,Credit Card,61.15,0.0,80,Yes,4626,5,13-24
Male,37,Yes,0,0,29,No Offer,Yes,28.37,Yes,Fiber Optic,12,Yes,Yes,No,No,No,No,No,Yes,Month-to-Month,Yes,Bank Withdrawal,84.45,0.0,0,Yes,2651,6,25-48
Male,20,Yes,0,1,13,Offer D,Yes,41.22,Yes,Cable,82,No,No,Yes,No,Yes,Yes,Yes,Yes,One Year,Yes,Credit Card,75.3,0.0,0,Yes,4800,8,13-24
Female,38,No,0,0,3,Offer E,Yes,13.28,No,No Internet Service,0,No,No,No,No,No,No,No,No,Month-to-Month,Yes,Credit Card,19.6,0.0,0,Yes,5000,1,0-12
Male,63,No,0,0,62,Offer B,Yes,8.08,Yes,Fiber Optic,21,Yes,Yes,No,Yes,No,Yes,Yes,No,One Year,No,Bank Withdrawal,102.0,0.0,110,Yes,5090,8,49-72
Male,62,Yes,0,1,17,Offer D,Yes,12.06,Yes,Fiber Optic,9,Yes,Yes,Yes,No,No,No,No,Yes,Month-to-Month,No,Credit Card,90.2,0.0,0,Yes,2026,7,13-24
Male,19,Yes,0,1,56,Offer B,Yes,13.2,Yes,No Internet Service,0,No,No,No,No,No,No,No,No,Two Year,Yes,Credit Card,25.15,0.0,0,Yes,6484,2,49-72
Female,58,No,0,0,31,No Offer,Yes,16.63,Yes,Fiber Optic,12,No,No,No,Yes,No,No,No,Yes,Month-to-Month,Yes,Credit Card,79.85,0.0,0,Yes,2554,5,25-48
Female,26,No,0,0,2,Offer E,Yes,21.28,No,Cable,26,No,Yes,No,No,No,No,No,Yes,Month-to-Month,Yes,Credit Card,49.6,0.0,0,Yes,3599,4,0-12
Male,53,No,0,0,3,No Offer,Yes,43.72,Yes,Fiber Optic,21,No,No,Yes,No,No,Yes,Yes,Yes,Month-to-Month,No,Bank Withdrawal,91.85,0.0,0,Yes,2704,7,0-12
Female,42,Yes,2,1,1,No Offer,No,0.0,No,DSL,12,No,No,No,Yes,Yes,No,No,No,Month-to-Month,No,Bank Withdrawal,40.1,0.0,10,Yes,5434,3,0-12
Female,57,No,0,0,14,Offer D,Yes,10.3,No,Fiber Optic,29,No,No,No,No,Yes,Yes,Yes,Yes,Month-to-Month,Yes,Credit Card,89.8,0.0,0,Yes,4107,6,13-24
Female,28,Yes,2,1,35,No Offer,Yes,25.27,Yes,DSL,82,Yes,No,Yes,Yes,Yes,No,No,Yes,Month-to-Month,No,Bank Withdrawal,72.25,0.0,0,Yes,5898,8,25-48
Female,36,No,0,0,7,No Offer,No,0.0,No,DSL,19,No,Yes,No,No,No,Yes,Yes,Yes,Month-to-Month,Yes,Credit Card,40.1,0.0,0,Yes,4414,5,0-12
Female,58,No,0,0,1,No Offer,Yes,32.13,No,Fiber Optic,15,No,No,No,No,Yes,No,No,No,Month-to-Month,No,Bank Withdrawal,79.55,0.0,10,Yes,5082,3,0-12
Female,44,No,0,0,32,No Offer,Yes,40.26,Yes,Fiber Optic,14,No,No,No,No,Yes,No,No,Yes,One Year,No,Bank Withdrawal,84.05,0.0,0,Yes,3553,5,25-48
Male,44,No,0,0,1,No Offer,Yes,16.06,No,Fiber Optic,3,No,No,No,No,Yes,Yes,Yes,Yes,Month-to-Month,Yes,Bank Withdrawal,89.1,0.0,0,Yes,2905,6,0-12
Female,57,Yes,0,1,17,Offer D,Yes,25.79,Yes,Cable,12,Yes,No,Yes,No,Yes,No,No,Yes,Month-to-Month,No,Bank Withdrawal,94.4,0.0,0,Yes,4103,7,13-24
Male,59,No,0,0,19,Offer D,Yes,20.26,No,Fiber Optic,25,No,Yes,Yes,No,No,No,No,Yes,Month-to-Month,Yes,Bank Withdrawal,78.25,0.0,0,Yes,3666,5,13-24
Female,35,No,0,0,1,No Offer,Yes,34.79,No,No Internet Service,0,No,No,No,No,No,No,No,No,Month-to-Month,Yes,Credit Card,19.1,0.0,0,Yes,5890,1,0-12
Female,26,No,0,0,1,No Offer,Yes,35.25,No,Fiber Optic,30,No,No,Yes,No,No,No,No,Yes,Month-to-Month,Yes,Bank Withdrawal,74.9,0.0,0,Yes,5919,4,0-12
Male,36,No,0,0,3,No Offer,No,0.0,No,DSL,18,No,No,No,No,No,No,No,Yes,Month-to-Month,No,Bank Withdrawal,24.75,0.0,0,Yes,3503,2,0-12
Female,25,Yes,0,1,2,No Offer,Yes,28.86,No,Fiber Optic,26,No,Yes,Yes,No,No,No,No,Yes,Month-to-Month,No,Bank Withdrawal,79.7,0.0,0,Yes,3039,5,0-12
Male,28,Yes,0,1,55,Offer B,Yes,8.8,No,DSL,48,Yes,Yes,No,Yes,No,No,No,No,Two Year,No,Bank Withdrawal,57.55,0.0,60,Yes,5463,5,49-72
Female,50,Yes,0,3,21,Offer D,Yes,42.22,Yes,Fiber Optic,29,No,No,No,No,No,Yes,Yes,Yes,Month-to-Month,Yes,Bank Withdrawal,86.5,0.0,0,Yes,2036,6,13-24
Female,42,Yes,0,1,69,No Offer,Yes,37.2,Yes,Fiber Optic,27,No,Yes,Yes,No,Yes,Yes,Yes,Yes,Month-to-Month,Yes,Bank Withdrawal,103.95,0.0,0,Yes,4283,9,49-72
Male,27,No,0,0,39,No Offer,No,0.0,No,Cable,48,Yes,Yes,No,Yes,Yes,No,No,Yes,Month-to-Month,Yes,Credit Card,48.95,0.0,0,Yes,3080,6,25-48
Male,47,Yes,0,1,6,No Offer,Yes,26.91,No,Fiber Optic,6,No,Yes,No,No,No,Yes,Yes,Yes,Month-to-Month,Yes,Credit Card,83.55,0.0,0,Yes,4242,6,0-12
Male,42,No,0,0,1,No Offer,Yes,42.87,No,Fiber Optic,8,No,No,No,No,No,No,No,No,Month-to-Month,Yes,Credit Card,70.45,0.0,10,Yes,3525,2,0-12
Male,31,Yes,0,1,58,Offer B,Yes,17.22,No,Cable,21,Yes,Yes,Yes,No,No,No,No,Yes,One Year,No,Credit Card,60.3,0.0,0,Yes,4026,6,49-72
Male,56,No,3,0,1,No Offer,No,0.0,No,DSL,57,No,No,No,No,No,No,No,Yes,Month-to-Month,No,Bank Withdrawal,24.75,0.0,0,Yes,3001,2,0-12
Male,34,Yes,0,1,19,Offer D,Yes,28.04,Yes,Fiber Optic,22,No,No,Yes,Yes,Yes,Yes,Yes,Yes,Month-to-Month,No,Bank Withdrawal,103.3,0.0,0,Yes,2349,9,13-24
Male,39,No,0,0,3,No Offer,Yes,31.88,No,Fiber Optic,7,No,No,No,No,Yes,No,No,Yes,Month-to-Month,Yes,Bank Withdrawal,78.5,0.0,0,Yes,3567,4,0-12
Female,24,No,0,0,3,Offer E,Yes,25.75,No,No Internet Service,0,No,No,No,No,No,No,No,No,Month-to-Month,No,Credit Card,19.85,0.0,0,Yes,3398,1,0-12
Male,29,No,0,0,15,Offer D,Yes,14.79,Yes,DSL,59,No,Yes,No,Yes,No,No,No,Yes,Month-to-Month,Yes,Credit Card,58.6,0.0,0,Yes,2003,6,13-24
Male,35,Yes,0,1,10,Offer D,Yes,1.09,Yes,Fiber Optic,18,No,No,Yes,No,Yes,Yes,Yes,Yes,Month-to-Month,Yes,Bank Withdrawal,98.5,0.0,0,Yes,4501,8,0-12
Female,39,No,0,0,1,Offer E,Yes,23.7,No,Cable,17,No,No,Yes,No,No,No,No,Yes,Month-to-Month,Yes,Mailed Check,50.45,0.0,0,Yes,2806,4,0-12
Male,25,Yes,0,1,38,No Offer,Yes,49.7,Yes,Fiber Optic,30,No,Yes,Yes,No,Yes,No,No,Yes,Month-to-Month,Yes,Bank Withdrawal,94.65,0.0,0,Yes,3498,7,25-48
Female,45,No,0,0,1,Offer E,Yes,20.23,Yes,Fiber Optic,17,No,Yes,No,No,Yes,Yes,Yes,Yes,Month-to-Month,Yes,Credit Card,100.25,0.0,0,Yes,5797,8,0-12
Female,44,No,0,0,16,Offer D,Yes,17.8,Yes,Fiber Optic,5,No,No,Yes,No,No,Yes,Yes,No,Month-to-Month,Yes,Bank Withdrawal,88.45,0.0,140,Yes,5186,6,13-24
Male,51,No,0,0,1,Offer E,Yes,12.13,No,Fiber Optic,19,No,No,No,No,No,No,No,Yes,Month-to-Month,Yes,Bank Withdrawal,69.85,0.0,0,Yes,4548,3,0-12
Male,44,No,0,0,12,Offer D,Yes,18.38,No,Fiber Optic,3,Yes,No,Yes,No,No,No,No,Yes,Month-to-Month,No,Bank Withdrawal,81.7,0.0,0,Yes,2850,5,0-12
Male,27,No,0,0,4,Offer E,Yes,43.06,No,Fiber Optic,46,No,No,No,No,No,Yes,Yes,Yes,Month-to-Month,Yes,Bank Withdrawal,79.9,0.0,0,Yes,4669,5,0-12
Female,22,No,0,0,15,Offer D,Yes,45.84,Yes,No Internet Service,0,No,No,No,No,No,No,No,No,Month-to-Month,Yes,Credit Card,25.4,0.0,0,Yes,2853,2,13-24
Female,21,No,0,0,1,Offer E,Yes,15.73,No,No Internet Service,0,No,No,No,No,No,No,No,No,Month-to-Month,No,Mailed Check,20.9,0.0,0,Yes,5421,1,0-12
Female,47,Yes,0,1,1,Offer E,Yes,33.46,No,Fiber Optic,12,No,No,No,No,No,No,No,No,Month-to-Month,Yes,Mailed Check,69.4,0.0,10,Yes,2404,2,0-12
Female,62,No,0,0,7,Offer E,Yes,46.79,Yes,Fiber Optic,25,No,No,No,No,No,No,No,Yes,Month-to-Month,Yes,Bank Withdrawal,74.9,0.0,0,Yes,5159,4,0-12
Female,58,No,0,0,1,Offer E,Yes,46.17,No,Fiber Optic,30,No,No,No,No,No,No,No,Yes,Month-to-Month,Yes,Bank Withdrawal,70.1,0.0,0,Yes,2007,3,0-12
Female,34,No,0,0,12,Offer D,Yes,35.8,Yes,Fiber Optic,25,Yes,No,No,No,No,No,No,Yes,Month-to-Month,Yes,Bank Withdrawal,78.3,0.0,0,Yes,3545,5,0-12
Male,40,No,0,0,55,Offer B,Yes,47.38,Yes,Fiber Optic,29,No,No,No,No,Yes,Yes,Yes,Yes,Month-to-Month,Yes,Bank Withdrawal,96.8,0.0,0,Yes,4089,7,49-72
Female,57,No,0,0,17,Offer D,Yes,21.82,Yes,Fiber Optic,23,Yes,Yes,No,No,Yes,No,No,Yes,Month-to-Month,Yes,Bank Withdrawal,94.4,0.0,0,Yes,2825,7,13-24
Female,27,No,0,0,1,No Offer,Yes,1.63,No,Fiber Optic,59,No,Yes,No,No,Yes,No,No,No,Month-to-Month,No,Bank Withdrawal,84.3,0.0,10,Yes,2172,4,0-12
Male,52,Yes,3,1,1,No Offer,Yes,8.03,No,No Internet Service,0,No,No,No,No,No,No,No,No,Month-to-Month,No,Bank Withdrawal,19.95,0.0,0,Yes,4860,1,0-12
Male,33,Yes,0,1,23,Offer D,Yes,19.2,Yes,Fiber Optic,7,Yes,Yes,Yes,No,Yes,No,No,Yes,Month-to-Month,Yes,Bank Withdrawal,99.25,0.0,0,Yes,5338,8,13-24
Female,39,No,0,0,39,No Offer,Yes,24.45,No,Fiber Optic,27,No,No,Yes,Yes,No,No,No,Yes,Two Year,Yes,Bank Withdrawal,80.45,0.0,0,Yes,2224,5,25-48
Male,30,Yes,0,1,9,No Offer,Yes,31.67,Yes,Cable,59,No,No,Yes,No,No,No,No,No,Month-to-Month,Yes,Bank Withdrawal,79.35,0.0,10,Yes,4533,4,0-12
Female,42,No,0,0,15,Offer D,Yes,42.83,Yes,Fiber Optic,21,No,Yes,No,No,No,No,No,Yes,Month-to-Month,Yes,Bank Withdrawal,79.75,0.0,0,Yes,2813,5,13-24
Female,64,Yes,0,1,30,No Offer,Yes,39.74,Yes,Fiber Optic,22,No,No,Yes,No,Yes,Yes,Yes,Yes,Month-to-Month,Yes,Bank Withdrawal,100.05,0.0,0,Yes,4664,8,25-48
Male,64,No,0,0,1,No Offer,Yes,45.86,No,Fiber Optic,27,No,No,No,No,No,No,No,Yes,Month-to-Month,Yes,Bank Withdrawal,69.35,0.0,0,Yes,5796,3,0-12
Female,20,No,0,0,3,No Offer,Yes,10.6,No,Fiber Optic,73,No,No,No,Yes,No,Yes,Yes,Yes,Month-to-Month,No,Bank Withdrawal,85.8,0.0,0,Yes,5641,6,0-12
Male,49,Yes,0,0,67,No Offer,Yes,42.77,Yes,DSL,3,Yes,No,Yes,No,Yes,Yes,Yes,Yes,Two Year,Yes,Bank Withdrawal,79.7,0.0,0,Yes,6289,9,49-72
Male,25,Yes,0,1,1,No Offer,Yes,43.67,No,Fiber Optic,73,No,No,No,No,Yes,No,Yes,No,Month-to-Month,Yes,Bank Withdrawal,80.55,0.0,0,Yes,4273,4,0-12
Female,28,Yes,0,1,12,No Offer,Yes,40.63,Yes,Fiber Optic,59,No,Yes,Yes,No,No,No,Yes,Yes,Month-to-Month,Yes,Bank Withdrawal,84.5,0.0,0,Yes,4154,7,0-12
Female,25,No,0,0,22,No Offer,Yes,29.07,No,Fiber Optic,52,No,Yes,No,No,No,Yes,Yes,Yes,Month-to-Month,Yes,Mailed Check,84.3,0.0,0,Yes,5313,6,13-24
Male,58,No,0,0,2,No Offer,Yes,11.75,No,Fiber Optic,4,No,No,No,No,No,No,No,Yes,Month-to-Month,Yes,Bank Withdrawal,67.75,0.0,0,Yes,2299,3,0-12
Female,60,No,0,0,10,No Offer,Yes,49.7,Yes,Fiber Optic,10,No,Yes,No,No,No,No,No,Yes,Month-to-Month,Yes,Bank Withdrawal,80.05,0.0,0,Yes,3740,5,0-12
Male,30,No,0,0,1,No Offer,Yes,46.77,No,No Internet Service,0,No,No,No,No,No,No,No,No,Month-to-Month,No,Mailed Check,20.0,0.0,0,Yes,3657,1,0-12
Female,32,No,0,0,22,No Offer,Yes,3.95,No,DSL,30,Yes,No,No,No,No,No,No,No,Month-to-Month,Yes,Credit Card,48.8,0.0,20,Yes,2270,3,13-24
Female,52,Yes,0,1,21,No Offer,Yes,16.67,No,Fiber Optic,3,No,Yes,Yes,Yes,Yes,Yes,Yes,Yes,Month-to-Month,Yes,Bank Withdrawal,102.8,0.0,0,Yes,3123,9,13-24
Female,26,No,0,0,6,No Offer,Yes,5.16,No,Fiber Optic,59,No,No,Yes,Yes,Yes,Yes,Yes,Yes,Month-to-Month,Yes,Mailed Check,99.95,0.0,0,Yes,3722,8,0-12
Male,31,Yes,0,1,72,No Offer,Yes,34.87,Yes,Fiber Optic,8,Yes,Yes,Yes,Yes,Yes,Yes,Yes,Yes,One Year,Yes,Bank Withdrawal,117.8,0.0,0,Yes,4432,11,49-72
Male,33,Yes,0,1,3,No Offer,Yes,43.27,Yes,Fiber Optic,17,No,No,No,Yes,No,No,No,Yes,Month-to-Month,Yes,Bank Withdrawal,79.65,0.0,0,Yes,5036,5,0-12
Male,44,No,0,0,8,No Offer,Yes,19.49,No,Fiber Optic,10,No,No,Yes,No,Yes,Yes,Yes,No,Month-to-Month,Yes,Bank Withdrawal,94.7,0.0,80,Yes,5811,6,0-12
Male,33,No,0,0,5,No Offer,Yes,3.25,Yes,Fiber Optic,25,No,No,Yes,No,Yes,No,No,Yes,Month-to-Month,Yes,Bank Withdrawal,92.5,0.0,0,Yes,2810,6,0-12
Female,54,Yes,2,1,1,No Offer,Yes,28.73,No,No Internet Service,0,No,No,No,No,No,No,No,No,Month-to-Month,No,Mailed Check,19.45,0.0,0,Yes,2865,1,0-12
Female,32,No,0,0,2,No Offer,Yes,41.37,Yes,Fiber Optic,28,No,No,No,No,No,No,No,Yes,Month-to-Month,Yes,Bank Withdrawal,75.55,0.0,0,Yes,4320,4,0-12
Male,38,Yes,0,1,1,No Offer,Yes,38.8,No,Fiber Optic,4,No,No,No,No,No,No,No,Yes,Month-to-Month,Yes,Bank Withdrawal,70.0,0.0,0,Yes,2485,3,0-12
Male,56,Yes,0,1,65,Offer B,Yes,40.47,No,DSL,30,Yes,No,No,Yes,Yes,Yes,Yes,Yes,Two Year,Yes,Bank Withdrawal,74.8,0.0,0,Yes,5207,8,49-72
Female,46,Yes,0,1,33,No Offer,Yes,11.32,Yes,Fiber Optic,12,No,Yes,Yes,No,Yes,Yes,Yes,Yes,Month-to-Month,Yes,Bank Withdrawal,104.4,0.0,0,Yes,3185,9,25-48
Female,21,No,0,0,15,No Offer,Yes,20.03,No,Fiber Optic,59,Yes,No,No,No,Yes,No,Yes,No,Month-to-Month,No,Bank Withdrawal,86.2,0.0,100,Yes,5829,5,13-24
Female,57,Yes,2,1,30,No Offer,No,0.0,No,DSL,12,No,No,No,Yes,Yes,Yes,Yes,Yes,Month-to-Month,No,Credit Card,51.2,0.0,0,Yes,4568,6,25-48
Female,23,No,0,0,2,No Offer,Yes,28.02,No,No Internet Service,0,No,No,No,No,No,No,No,No,Month-to-Month,No,Mailed Check,19.5,0.0,0,Yes,2484,1,0-12
Female,37,No,0,0,2,No Offer,Yes,38.28,Yes,Fiber Optic,18,No,No,No,No,No,No,No,Yes,Month-to-Month,No,Credit Card,74.9,0.0,0,Yes,2078,4,0-12
Female,59,No,0,0,25,No Offer,Yes,36.24,Yes,Fiber Optic,3,No,Yes,No,No,Yes,Yes,Yes,Yes,Month-to-Month,Yes,Bank Withdrawal,100.25,0.0,0,Yes,2195,8,25-48
Male,56,No,0,0,43,Offer B,Yes,39.37,Yes,Fiber Optic,23,No,No,No,Yes,Yes,Yes,Yes,No,One Year,Yes,Bank Withdrawal,100.0,0.0,140,Yes,4760,7,25-48
Male,58,Yes,0,5,10,No Offer,Yes,43.28,No,Fiber Optic,12,No,Yes,No,Yes,Yes,Yes,Yes,Yes,Month-to-Month,Yes,Bank Withdrawal,99.85,0.0,0,Yes,4243,8,0-12
Female,34,No,0,0,2,No Offer,Yes,42.89,Yes,Fiber Optic,13,No,No,No,No,Yes,Yes,Yes,Yes,Month-to-Month,Yes,Bank Withdrawal,94.2,0.0,0,Yes,5299,7,0-12
Male,50,No,0,0,69,No Offer,Yes,2.52,No,Fiber Optic,24,No,Yes,Yes,Yes,Yes,Yes,Yes,Yes,One Year,Yes,Bank Withdrawal,104.05,0.0,0,Yes,4254,9,49-72
Male,52,Yes,0,7,22,No Offer,Yes,37.8,No,Fiber Optic,15,No,No,Yes,No,Yes,Yes,Yes,Yes,Month-to-Month,Yes,Credit Card,94.7,0.0,0,Yes,5615,7,13-24
Female,63,No,0,0,1,Offer E,Yes,48.31,No,Cable,22,No,No,No,No,No,No,No,Yes,Month-to-Month,Yes,Mailed Check,44.45,0.0,0,Yes,4879,3,0-12
Male,46,No,0,0,36,No Offer,Yes,24.66,Yes,Fiber Optic,22,No,No,No,No,No,Yes,Yes,Yes,Month-to-Month,Yes,Bank Withdrawal,84.9,0.0,0,Yes,2455,6,25-48
Male,41,No,0,0,1,Offer E,Yes,23.16,No,No Internet Service,0,No,No,No,No,No,No,No,No,Month-to-Month,No,Mailed Check,20.25,0.0,0,Yes,2959,1,0-12
Male,56,No,0,0,1,No Offer,Yes,4.8,No,Fiber Optic,11,No,Yes,No,No,No,No,No,Yes,Month-to-Month,Yes,Bank Withdrawal,74.35,0.0,0,Yes,5633,4,0-12
Male,58,No,0,0,1,Offer E,Yes,47.83,Yes,DSL,12,No,No,Yes,Yes,No,No,No,No,Month-to-Month,No,Mailed Check,62.05,0.0,10,Yes,2937,5,0-12
Male,42,Yes,0,1,39,No Offer,Yes,35.7,No,DSL,9,Yes,No,Yes,Yes,Yes,Yes,Yes,Yes,One Year,No,Credit Card,80.0,0.0,0,Yes,2704,9,25-48
Male,43,No,0,0,5,Offer E,Yes,38.89,Yes,Fiber Optic,8,No,Yes,Yes,No,Yes,Yes,Yes,Yes,Month-to-Month,No,Mailed Check,104.1,0.0,0,Yes,3131,9,0-12
Male,30,No,0,0,2,Offer E,Yes,17.22,Yes,Fiber Optic,30,No,No,No,No,No,No,No,Yes,Month-to-Month,Yes,Bank Withdrawal,76.5,0.0,0,Yes,5944,4,0-12
Male,47,No,0,0,5,Offer E,Yes,7.31,No,DSL,18,No,No,No,Yes,No,No,No,Yes,Month-to-Month,Yes,Bank Withdrawal,49.2,0.0,0,Yes,4336,4,0-12
Male,42,No,0,0,11,No Offer,Yes,30.91,Yes,No Internet Service,0,No,No,No,No,No,No,No,No,Month-to-Month,No,Credit Card,23.15,0.0,0,Yes,5671,2,0-12
Female,22,Yes,0,1,4,Offer E,Yes,44.28,No,Fiber Optic,59,No,No,No,No,No,Yes,Yes,No,Month-to-Month,No,Bank Withdrawal,80.85,0.0,40,Yes,2961,4,0-12
Male,26,No,0,0,1,Offer E,Yes,23.63,Yes,Cable,85,No,Yes,No,Yes,No,No,No,Yes,Month-to-Month,No,Mailed Check,60.1,0.0,0,Yes,5654,6,0-12
Male,62,No,0,0,1,Offer E,Yes,23.96,No,Fiber Optic,22,No,No,No,No,Yes,No,No,Yes,Month-to-Month,Yes,Bank Withdrawal,78.95,0.0,0,Yes,2038,4,0-12
Male,56,No,0,0,2,Offer E,Yes,6.47,No,DSL,21,No,No,No,No,No,No,No,Yes,Month-to-Month,Yes,Bank Withdrawal,45.15,0.0,0,Yes,2699,3,0-12
Female,28,No,0,0,3,Offer E,Yes,46.6,No,Fiber Optic,76,No,No,No,No,Yes,No,No,Yes,Month-to-Month,Yes,Bank Withdrawal,79.4,0.0,0,Yes,2448,4,0-12
Male,38,No,0,0,44,Offer B,No,0.0,No,Cable,4,No,Yes,Yes,No,Yes,Yes,Yes,Yes,One Year,Yes,Credit Card,53.95,0.0,0,Yes,3051,7,25-48
Female,63,Yes,0,0,24,No Offer,Yes,44.96,No,Fiber Optic,28,No,Yes,Yes,No,Yes,Yes,Yes,Yes,Month-to-Month,Yes,Credit Card,99.3,0.0,0,Yes,4811,8,13-24
Male,58,No,0,0,18,No Offer,Yes,38.87,Yes,Fiber Optic,7,No,Yes,No,No,No,No,No,No,Month-to-Month,Yes,Bank Withdrawal,80.65,0.0,30,Yes,3788,4,13-24
Female,41,No,0,0,1,Offer E,Yes,10.19,No,Fiber Optic,9,No,No,No,No,No,No,No,Yes,Month-to-Month,No,Mailed Check,71.1,0.0,0,Yes,5824,3,0-12
Female,25,Yes,0,1,53,Offer B,Yes,37.85,No,No Internet Service,0,No,No,No,No,No,No,No,No,One Year,No,Bank Withdrawal,20.8,0.0,0,Yes,4166,1,49-72
Female,48,No,0,0,4,No Offer,Yes,15.07,No,Cable,16,No,No,No,No,No,No,No,Yes,Month-to-Month,Yes,Mailed Check,46.0,0.0,0,Yes,5246,3,0-12
Female,27,No,0,0,9,No Offer,Yes,24.81,No,Cable,69,No,Yes,No,Yes,Yes,No,No,No,Month-to-Month,No,Mailed Check,66.25,0.0,10,Yes,5515,5,0-12
Female,60,No,0,0,22,No Offer,Yes,12.19,Yes,Fiber Optic,23,No,No,No,Yes,Yes,No,No,Yes,Month-to-Month,Yes,Bank Withdrawal,90.0,0.0,0,Yes,4739,6,13-24
Male,39,No,0,0,38,No Offer,Yes,33.71,No,Fiber Optic,17,No,No,No,No,No,No,No,Yes,One Year,Yes,Bank Withdrawal,70.45,0.0,0,Yes,5437,3,25-48
Male,62,No,0,0,53,Offer B,Yes,26.21,No,No Internet Service,0,No,No,No,No,No,No,No,No,Two Year,No,Bank Withdrawal,19.75,0.0,0,Yes,6265,1,49-72
Male,49,No,0,0,1,No Offer,Yes,31.16,No,DSL,11,Yes,No,No,Yes,No,No,No,Yes,Month-to-Month,Yes,Bank Withdrawal,53.95,0.0,0,Yes,2771,5,0-12
Female,40,No,0,0,16,No Offer,Yes,12.92,No,Fiber Optic,12,No,No,No,No,Yes,No,No,No,Month-to-Month,Yes,Bank Withdrawal,81.0,0.0,0,Yes,2335,3,13-24
Female,34,Yes,0,1,1,No Offer,Yes,11.08,No,Fiber Optic,13,No,No,No,No,No,No,No,Yes,Month-to-Month,Yes,Bank Withdrawal,69.8,0.0,0,Yes,2123,3,0-12
Female,44,No,0,0,5,No Offer,Yes,46.45,Yes,Fiber Optic,10,No,No,No,No,Yes,Yes,Yes,Yes,Month-to-Month,Yes,Mailed Check,93.9,0.0,0,Yes,5435,7,0-12
Female,39,Yes,0,1,31,No Offer,Yes,38.67,Yes,Cable,13,No,Yes,No,No,No,Yes,Yes,No,Month-to-Month,Yes,Bank Withdrawal,91.15,0.0,0,Yes,5219,6,25-48
Female,45,No,0,0,2,No Offer,Yes,15.33,No,Fiber Optic,26,No,No,No,No,No,No,No,Yes,Month-to-Month,Yes,Bank Withdrawal,70.95,0.0,0,Yes,5390,3,0-12
Female,26,Yes,0,1,37,No Offer,Yes,36.29,Yes,Fiber Optic,27,No,No,Yes,No,Yes,Yes,Yes,Yes,Month-to-Month,Yes,Bank Withdrawal,99.5,0.0,0,Yes,4233,8,25-48
Female,26,No,0,0,38,No Offer,Yes,36.18,No,Fiber Optic,48,Yes,Yes,Yes,No,No,No,Yes,Yes,Month-to-Month,Yes,Credit Card,83.9,0.0,0,Yes,2157,7,25-48
Male,37,No,0,0,10,No Offer,Yes,8.38,No,Fiber Optic,2,Yes,Yes,Yes,No,Yes,Yes,Yes,Yes,Month-to-Month,Yes,Bank Withdrawal,104.4,0.0,0,Yes,5035,9,0-12
Male,46,No,0,0,2,No Offer,Yes,24.9,No,DSL,11,No,No,No,No,No,No,No,No,Month-to-Month,No,Mailed Check,44.65,0.0,10,Yes,4655,2,0-12
Female,62,No,0,0,3,No Offer,No,0.0,No,DSL,27,No,No,No,No,No,No,No,Yes,Month-to-Month,No,Bank Withdrawal,25.25,0.0,0,Yes,2088,2,0-12
Female,21,No,0,0,4,No Offer,Yes,41.72,Yes,Fiber Optic,69,No,Yes,Yes,No,No,No,Yes,Yes,Month-to-Month,No,Bank Withdrawal,84.05,0.0,0,Yes,5552,7,0-12
Female,23,No,0,0,1,Offer E,Yes,44.11,No,Fiber Optic,69,No,Yes,No,No,No,No,Yes,Yes,Month-to-Month,Yes,Bank Withdrawal,74.7,0.0,0,Yes,4692,5,0-12
Female,25,No,0,0,5,Offer E,Yes,1.49,Yes,Fiber Optic,51,No,Yes,No,No,Yes,No,Yes,Yes,Month-to-Month,Yes,Bank Withdrawal,90.8,0.0,0,Yes,5090,7,0-12
Female,59,No,0,0,30,No Offer,Yes,43.01,No,Cable,4,Yes,Yes,Yes,Yes,Yes,Yes,Yes,No,One Year,No,Bank Withdrawal,85.35,0.0,20,Yes,2313,9,25-48
Female,47,No,0,0,1,Offer E,No,0.0,No,Cable,2,No,No,No,No,Yes,No,No,Yes,Month-to-Month,Yes,Bank Withdrawal,35.75,0.0,0,Yes,3351,3,0-12
Male,54,Yes,0,1,17,No Offer,Yes,19.19,No,Fiber Optic,22,Yes,No,Yes,No,Yes,No,No,Yes,Month-to-Month,Yes,Bank Withdrawal,89.4,0.0,0,Yes,2544,6,13-24
Male,33,No,0,0,3,Offer E,Yes,15.12,No,No Internet Service,0,No,No,No,No,No,No,No,No,Month-to-Month,Yes,Mailed Check,19.8,0.0,0,Yes,4323,1,0-12
Male,55,Yes,3,1,4,Offer E,Yes,8.58,Yes,DSL,57,No,No,No,No,No,No,No,Yes,Month-to-Month,Yes,Bank Withdrawal,50.9,0.0,0,Yes,5691,4,0-12
Male,25,No,0,0,4,Offer E,Yes,21.62,No,Fiber Optic,59,No,No,No,No,Yes,No,Yes,No,Month-to-Month,Yes,Bank Withdrawal,81.0,0.0,50,Yes,3591,4,0-12
Male,55,No,0,0,26,No Offer,Yes,40.17,Yes,Fiber Optic,27,No,No,Yes,No,Yes,Yes,Yes,Yes,Month-to-Month,Yes,Bank Withdrawal,98.35,0.0,0,Yes,4997,8,25-48
Male,20,No,0,0,5,No Offer,No,0.0,No,DSL,59,No,Yes,No,No,Yes,Yes,Yes,Yes,Month-to-Month,Yes,Mailed Check,51.0,0.0,0,Yes,4630,6,0-12
Female,55,Yes,0,1,4,Offer E,Yes,21.81,Yes,Fiber Optic,14,No,Yes,No,No,Yes,No,No,Yes,Month-to-Month,Yes,Bank Withdrawal,91.65,0.0,0,Yes,2140,6,0-12
Male,47,No,0,0,1,Offer E,Yes,1.13,No,Fiber Optic,6,No,No,No,No,Yes,Yes,Yes,Yes,Month-to-Month,Yes,Bank Withdrawal,90.85,0.0,0,Yes,5086,6,0-12
Male,62,No,0,0,1,Offer E,Yes,38.53,No,Fiber Optic,20,No,No,No,No,No,No,No,Yes,Month-to-Month,No,Mailed Check,69.4,0.0,0,Yes,2847,3,0-12
Female,55,Yes,1,1,1,Offer E,Yes,3.09,No,No Internet Service,0,No,No,No,No,No,No,No,No,Month-to-Month,Yes,Credit Card,20.15,0.0,0,Yes,4277,1,0-12
Female,48,No,0,0,26,No Offer,Yes,17.53,Yes,Fiber Optic,15,No,No,No,No,No,No,No,Yes,Month-to-Month,Yes,Bank Withdrawal,74.95,0.0,0,Yes,2934,4,25-48
Female,23,No,0,0,6,Offer E,No,0.0,No,DSL,71,No,No,Yes,No,Yes,Yes,Yes,Yes,Month-to-Month,Yes,Bank Withdrawal,47.95,0.0,0,Yes,2240,6,0-12
Female,57,No,0,0,3,Offer E,Yes,3.64,Yes,DSL,25,No,No,No,Yes,Yes,No,No,Yes,Month-to-Month,Yes,Bank Withdrawal,63.6,0.0,0,Yes,3155,6,0-12
Male,44,No,0,0,3,Offer E,No,0.0,No,DSL,21,No,Yes,No,Yes,No,No,No,Yes,Month-to-Month,Yes,Mailed Check,36.85,0.0,0,Yes,5825,4,0-12
Female,31,No,0,0,1,Offer E,Yes,4.41,No,DSL,30,No,No,No,No,No,No,No,Yes,Month-to-Month,Yes,Bank Withdrawal,44.1,0.0,0,Yes,5955,3,0-12
Male,38,No,0,0,14,Offer D,No,0.0,No,Cable,6,No,No,Yes,No,Yes,Yes,Yes,No,Month-to-Month,Yes,Bank Withdrawal,50.75,0.0,10,Yes,4883,5,13-24
Female,57,No,0,0,58,Offer B,Yes,14.99,No,Fiber Optic,12,Yes,Yes,Yes,No,Yes,Yes,Yes,Yes,One Year,Yes,Bank Withdrawal,106.45,0.0,0,Yes,5902,9,49-72
Female,23,No,0,0,18,Offer D,Yes,35.7,No,Fiber Optic,26,Yes,No,No,No,Yes,Yes,Yes,Yes,Month-to-Month,Yes,Bank Withdrawal,96.05,0.0,0,Yes,5581,7,13-24
Female,35,No,0,0,7,Offer E,Yes,18.99,Yes,Fiber Optic,23,No,No,No,No,No,No,No,Yes,Month-to-Month,Yes,Bank Withdrawal,75.1,0.0,0,Yes,5514,4,0-12
Male,55,No,0,0,19,Offer D,Yes,4.3,No,Cable,23,No,No,Yes,Yes,No,No,No,No,Month-to-Month,Yes,Credit Card,55.0,0.0,30,Yes,4539,4,13-24
Male,35,Yes,0,1,11,Offer D,Yes,9.14,Yes,Fiber Optic,19,No,No,No,No,No,No,No,Yes,Month-to-Month,Yes,Bank Withdrawal,74.35,0.0,0,Yes,5075,4,0-12
Female,35,Yes,0,1,39,No Offer,Yes,9.51,No,Fiber Optic,7,Yes,No,Yes,Yes,Yes,Yes,Yes,Yes,One Year,Yes,Credit Card,104.7,0.0,0,Yes,2371,9,25-48
Female,60,No,0,0,15,Offer D,Yes,40.66,Yes,DSL,8,Yes,No,No,No,No,No,No,Yes,Month-to-Month,Yes,Mailed Check,55.7,0.0,0,Yes,4519,5,13-24
Female,57,No,0,0,5,No Offer,Yes,6.17,No,No Internet Service,0,No,No,No,No,No,No,No,No,Month-to-Month,No,Credit Card,19.85,0.0,0,Yes,3799,1,0-12
Female,57,No,0,0,1,Offer E,Yes,15.92,No,Fiber Optic,11,No,No,No,No,No,No,No,Yes,Month-to-Month,Yes,Bank Withdrawal,70.3,0.0,0,Yes,5963,3,0-12
Male,53,No,0,0,6,Offer E,Yes,16.58,No,Fiber Optic,17,No,No,Yes,No,Yes,Yes,Yes,No,Month-to-Month,No,Mailed Check,94.5,0.0,10,Yes,3469,6,0-12
Female,56,No,0,0,2,Offer E,Yes,29.04,No,Fiber Optic,21,No,No,No,No,Yes,No,No,Yes,Month-to-Month,Yes,Mailed Check,79.65,0.0,0,Yes,5082,4,0-12
Female,48,No,0,0,1,No Offer,Yes,43.52,No,No Internet Service,0,No,No,No,No,No,No,No,No,Month-to-Month,Yes,Bank Withdrawal,20.2,0.0,0,Yes,3061,1,0-12
Male,30,Yes,0,0,66,No Offer,Yes,23.51,Yes,Fiber Optic,52,Yes,No,Yes,No,Yes,Yes,Yes,Yes,Two Year,Yes,Credit Card,106.05,0.0,0,Yes,5602,9,49-72
Female,54,No,0,0,36,No Offer,Yes,13.35,Yes,Fiber Optic,7,No,Yes,No,No,Yes,Yes,Yes,No,Month-to-Month,Yes,Bank Withdrawal,99.15,0.0,30,Yes,4188,7,25-48
Female,50,Yes,0,3,39,No Offer,No,0.0,No,DSL,13,Yes,No,Yes,No,Yes,Yes,Yes,Yes,Month-to-Month,No,Bank Withdrawal,55.9,0.0,0,Yes,5632,7,25-48
Male,25,No,0,0,21,Offer D,Yes,12.76,Yes,Fiber Optic,48,No,Yes,No,No,No,No,Yes,Yes,Month-to-Month,Yes,Bank Withdrawal,82.35,0.0,0,Yes,2902,6,13-24
Male,34,No,0,0,2,Offer E,No,0.0,No,DSL,8,No,Yes,Yes,Yes,No,No,No,Yes,Month-to-Month,Yes,Credit Card,40.4,0.0,0,Yes,3620,5,0-12
Female,42,No,0,0,4,Offer E,Yes,29.11,Yes,Fiber Optic,9,No,No,No,No,No,No,No,Yes,Month-to-Month,No,Bank Withdrawal,75.35,0.0,0,Yes,2220,4,0-12
Male,37,No,0,0,35,No Offer,Yes,25.51,No,Fiber Optic,16,No,No,Yes,No,Yes,No,No,Yes,One Year,Yes,Bank Withdrawal,85.15,0.0,0,Yes,5928,5,25-48
Female,48,Yes,0,5,33,No Offer,Yes,20.02,No,Fiber Optic,27,No,No,Yes,No,Yes,Yes,Yes,Yes,One Year,Yes,Bank Withdrawal,93.8,0.0,0,Yes,5080,7,25-48
Male,49,No,0,0,45,Offer B,Yes,25.4,No,No Internet Service,0,No,No,No,No,No,No,No,No,One Year,Yes,Bank Withdrawal,20.4,0.0,0,Yes,5398,1,25-48
Male,47,No,0,0,6,Offer E,No,0.0,No,DSL,14,No,Yes,No,No,No,No,No,Yes,Month-to-Month,Yes,Credit Card,30.5,0.0,0,Yes,4667,3,0-12
Female,62,No,3,0,11,Offer D,Yes,33.06,No,No Internet Service,0,No,No,No,No,No,No,No,No,Month-to-Month,No,Credit Card,20.1,0.0,0,Yes,4500,1,0-12
Female,53,No,0,0,1,Offer E,Yes,26.06,No,Fiber Optic,3,No,No,Yes,No,No,No,No,Yes,Month-to-Month,No,Bank Withdrawal,75.3,0.0,0,Yes,2176,4,0-12
Female,62,No,0,0,7,Offer E,Yes,48.22,No,No Internet Service,0,No,No,No,No,No,No,No,No,Month-to-Month,No,Mailed Check,20.05,0.0,0,Yes,5595,1,0-12
Male,40,No,0,0,1,Offer E,Yes,29.63,No,Fiber Optic,15,No,No,No,No,No,No,No,Yes,Month-to-Month,No,Bank Withdrawal,70.4,0.0,0,Yes,4238,3,0-12
Male,24,Yes,0,4,7,Offer E,Yes,36.14,No,DSL,85,Yes,No,No,No,No,No,Yes,Yes,One Year,Yes,Bank Withdrawal,49.75,0.0,0,Yes,5651,5,0-12
Female,64,Yes,0,1,11,Offer D,Yes,25.67,Yes,Fiber Optic,18,No,No,No,No,Yes,Yes,Yes,Yes,Month-to-Month,Yes,Bank Withdrawal,94.0,0.0,0,Yes,2120,7,0-12
Male,53,No,0,0,67,No Offer,Yes,22.66,Yes,Fiber Optic,27,Yes,Yes,Yes,Yes,Yes,Yes,Yes,Yes,One Year,Yes,Bank Withdrawal,118.35,0.0,0,Yes,6255,11,49-72
Male,55,No,0,0,8,Offer E,No,0.0,No,Cable,4,Yes,No,No,No,No,No,No,No,Month-to-Month,Yes,Bank Withdrawal,30.45,0.0,0,Yes,4549,2,0-12
Female,19,Yes,0,4,44,No Offer,Yes,11.24,Yes,Fiber Optic,59,No,No,No,No,Yes,Yes,Yes,Yes,Month-to-Month,Yes,Bank Withdrawal,96.1,0.0,0,Yes,5606,7,25-48
Female,38,Yes,0,1,17,Offer D,Yes,4.91,Yes,Fiber Optic,15,Yes,No,Yes,No,Yes,Yes,Yes,Yes,Month-to-Month,Yes,Bank Withdrawal,104.2,0.0,0,Yes,2365,9,13-24
Male,39,No,0,0,9,No Offer,Yes,20.34,No,Fiber Optic,7,No,No,No,No,No,Yes,Yes,Yes,Month-to-Month,Yes,Bank Withdrawal,80.8,0.0,0,Yes,3890,5,0-12
Female,21,No,0,0,7,No Offer,Yes,39.21,No,Fiber Optic,42,No,No,No,No,Yes,No,Yes,No,Month-to-Month,Yes,Mailed Check,80.3,0.0,10,Yes,3949,4,0-12
Male,48,No,0,0,3,No Offer,Yes,35.64,No,Cable,6,No,No,No,Yes,Yes,Yes,Yes,Yes,Month-to-Month,Yes,Bank Withdrawal,69.35,0.0,0,Yes,3520,7,0-12
Male,39,No,0,0,22,Offer D,Yes,39.58,No,Fiber Optic,12,No,Yes,Yes,No,Yes,No,No,Yes,Month-to-Month,Yes,Bank Withdrawal,89.4,0.0,0,Yes,5438,6,13-24
Male,61,Yes,0,1,53,No Offer,No,0.0,No,DSL,13,No,Yes,Yes,Yes,Yes,Yes,Yes,Yes,One Year,Yes,Bank Withdrawal,60.45,0.0,0,Yes,5650,8,49-72
Female,58,Yes,0,1,8,No Offer,Yes,29.0,Yes,Fiber Optic,30,No,No,No,No,No,Yes,Yes,Yes,Month-to-Month,Yes,Bank Withdrawal,84.9,0.0,0,Yes,2656,6,0-12
Female,27,Yes,0,1,2,No Offer,Yes,8.5,No,Fiber Optic,59,No,Yes,No,No,No,No,Yes,Yes,Month-to-Month,Yes,Bank Withdrawal,73.55,0.0,0,Yes,5799,5,0-12
Female,24,Yes,0,1,8,No Offer,Yes,11.35,No,No Internet Service,0,No,No,No,No,No,No,No,No,Month-to-Month,No,Bank Withdrawal,20.15,0.0,0,Yes,4785,1,0-12
Female,31,Yes,0,1,48,No Offer,No,0.0,No,DSL,22,No,Yes,Yes,No,No,No,No,Yes,One Year,No,Mailed Check,34.7,0.0,0,Yes,5995,4,25-48
Female,47,Yes,0,1,8,No Offer,Yes,16.88,No,Fiber Optic,6,No,Yes,Yes,No,Yes,Yes,Yes,Yes,Month-to-Month,No,Bank Withdrawal,101.15,0.0,0,Yes,2750,8,0-12
Male,20,No,0,0,20,Offer D,Yes,5.54,Yes,Fiber Optic,59,No,No,Yes,No,Yes,No,No,Yes,Month-to-Month,Yes,Bank Withdrawal,88.7,0.0,0,Yes,4115,6,13-24
Female,44,No,0,0,2,No Offer,Yes,8.32,No,Fiber Optic,16,No,No,No,No,Yes,No,No,Yes,Month-to-Month,Yes,Bank Withdrawal,79.75,0.0,0,Yes,5172,4,0-12
Female,48,No,0,0,27,No Offer,Yes,11.09,Yes,Fiber Optic,6,No,No,No,No,Yes,Yes,Yes,Yes,Month-to-Month,Yes,Mailed Check,94.55,0.0,0,Yes,4464,7,25-48
Male,63,Yes,0,1,52,No Offer,Yes,46.59,Yes,Fiber Optic,26,No,No,Yes,Yes,No,Yes,Yes,No,Two Year,Yes,Bank Withdrawal,96.25,0.0,120,Yes,4751,7,49-72
Male,52,No,0,0,69,Offer A,Yes,20.44,Yes,Fiber Optic,3,No,Yes,No,Yes,Yes,Yes,Yes,Yes,One Year,Yes,Bank Withdrawal,104.7,0.0,0,Yes,6350,9,49-72
Male,20,No,1,0,40,No Offer,Yes,8.08,No,DSL,76,Yes,Yes,No,No,No,No,No,Yes,Month-to-Month,Yes,Mailed Check,55.25,0.0,0,Yes,2810,5,25-48
Female,53,No,0,0,6,No Offer,Yes,1.15,Yes,Fiber Optic,3,No,Yes,No,No,Yes,No,No,Yes,Month-to-Month,Yes,Bank Withdrawal,90.1,0.0,0,Yes,5656,6,0-12
Male,60,No,0,0,11,Offer D,Yes,15.03,Yes,DSL,13,No,No,Yes,No,No,No,No,Yes,Month-to-Month,No,Bank Withdrawal,53.75,0.0,0,Yes,3407,5,0-12
Female,43,No,0,0,6,No Offer,Yes,2.6,No,Fiber Optic,22,No,No,No,No,Yes,Yes,Yes,Yes,Month-to-Month,No,Bank Withdrawal,89.3,0.0,0,Yes,5800,6,0-12
Female,21,Yes,0,5,3,No Offer,Yes,23.26,Yes,Fiber Optic,42,No,No,No,No,Yes,Yes,Yes,No,Month-to-Month,Yes,Bank Withdrawal,95.2,0.0,20,Yes,4176,6,0-12
Male,51,Yes,0,1,8,No Offer,Yes,47.91,No,Fiber Optic,23,Yes,No,No,No,No,No,No,Yes,Month-to-Month,Yes,Bank Withdrawal,74.5,0.0,0,Yes,3683,4,0-12
Female,57,No,0,0,1,No Offer,Yes,22.48,No,Fiber Optic,5,No,No,No,No,Yes,No,No,Yes,Month-to-Month,Yes,Bank Withdrawal,79.65,0.0,0,Yes,2119,4,0-12
Female,53,Yes,0,1,1,No Offer,Yes,39.79,No,Fiber Optic,7,No,No,No,No,Yes,No,No,Yes,Month-to-Month,Yes,Mailed Check,80.05,0.0,0,Yes,2943,4,0-12
Male,25,Yes,0,1,29,No Offer,Yes,4.0,Yes,Fiber Optic,48,No,No,Yes,No,No,Yes,Yes,Yes,Month-to-Month,Yes,Bank Withdrawal,89.2,0.0,0,Yes,5292,7,25-48
Male,59,Yes,0,1,19,No Offer,Yes,14.09,Yes,Fiber Optic,25,No,No,No,No,No,Yes,Yes,No,Month-to-Month,Yes,Bank Withdrawal,83.65,0.0,130,Yes,3427,5,13-24
Female,62,Yes,0,1,6,No Offer,Yes,31.7,No,No Internet Service,0,No,No,No,No,No,No,No,No,Month-to-Month,No,Bank Withdrawal,19.5,0.0,0,Yes,5579,1,0-12
Male,58,No,0,0,1,No Offer,Yes,6.44,No,DSL,4,No,No,No,Yes,No,No,No,Yes,Month-to-Month,No,Mailed Check,51.25,0.0,0,Yes,2180,4,0-12
Male,31,No,0,0,1,Offer E,Yes,11.73,No,DSL,24,No,No,No,No,No,No,No,Yes,Month-to-Month,Yes,Bank Withdrawal,45.6,0.0,0,Yes,3037,3,0-12
Female,49,No,0,0,6,Offer E,Yes,48.89,No,DSL,22,No,No,No,Yes,No,No,No,Yes,Month-to-Month,Yes,Bank Withdrawal,49.65,0.0,0,Yes,4248,4,0-12
Male,59,Yes,3,1,15,No Offer,Yes,31.14,No,No Internet Service,0,No,No,No,No,No,No,No,No,Month-to-Month,Yes,Bank Withdrawal,20.0,0.0,0,Yes,4672,1,13-24
Female,19,Yes,0,1,25,Offer C,No,0.0,No,Cable,82,No,No,No,No,Yes,No,No,Yes,Month-to-Month,Yes,Bank Withdrawal,34.0,0.0,0,Yes,5024,3,25-48
Female,52,Yes,0,1,13,No Offer,Yes,17.83,No,Fiber Optic,10,No,No,No,No,Yes,Yes,Yes,Yes,Month-to-Month,No,Bank Withdrawal,88.35,0.0,0,Yes,3740,6,13-24
Female,38,Yes,0,1,49,No Offer,Yes,6.45,Yes,Fiber Optic,10,No,Yes,Yes,Yes,Yes,Yes,Yes,Yes,Two Year,Yes,Bank Withdrawal,107.95,0.0,0,Yes,5785,10,49-72
Female,26,No,0,0,37,Offer C,Yes,3.27,No,Cable,71,No,No,No,No,Yes,Yes,Yes,Yes,Month-to-Month,Yes,Bank Withdrawal,64.75,0.0,0,Yes,5554,6,25-48
Male,49,No,0,0,26,Offer C,Yes,6.24,No,Fiber Optic,25,No,Yes,Yes,No,Yes,No,No,Yes,Month-to-Month,No,Bank Withdrawal,89.8,0.0,0,Yes,3452,6,25-48
Female,61,No,0,0,12,No Offer,Yes,34.81,No,Fiber Optic,16,No,No,Yes,No,Yes,Yes,Yes,Yes,One Year,No,Mailed Check,95.5,0.0,0,Yes,3538,7,0-12
Male,64,Yes,0,3,5,Offer E,Yes,36.88,Yes,Fiber Optic,8,Yes,No,Yes,No,No,No,No,Yes,Month-to-Month,Yes,Bank Withdrawal,84.5,0.0,0,Yes,5141,6,0-12
Male,26,No,0,0,18,No Offer,Yes,28.59,Yes,Fiber Optic,26,No,No,Yes,No,No,Yes,Yes,Yes,Month-to-Month,Yes,Credit Card,90.7,0.0,0,Yes,2931,7,13-24
Female,20,No,0,0,54,No Offer,Yes,43.47,Yes,Fiber Optic,82,Yes,No,Yes,No,Yes,Yes,Yes,Yes,One Year,Yes,Bank Withdrawal,103.95,0.0,0,Yes,6117,9,49-72
Female,39,No,0,0,10,No Offer,Yes,5.63,Yes,Fiber Optic,26,No,No,No,No,No,No,No,Yes,Month-to-Month,Yes,Bank Withdrawal,74.75,0.0,0,Yes,5578,4,0-12
Female,20,No,0,0,1,No Offer,Yes,22.82,No,Cable,27,No,No,No,Yes,No,No,No,Yes,Month-to-Month,Yes,Bank Withdrawal,50.8,0.0,0,Yes,4535,4,0-12
Male,42,No,0,0,2,Offer E,Yes,39.03,No,Fiber Optic,30,No,No,No,No,Yes,No,No,No,Month-to-Month,Yes,Bank Withdrawal,80.25,0.0,10,Yes,5055,3,0-12
Male,62,Yes,0,1,32,Offer C,Yes,22.57,Yes,Fiber Optic,11,No,No,Yes,No,No,No,No,Yes,Month-to-Month,Yes,Bank Withdrawal,78.9,0.0,0,Yes,5949,5,25-48
Male,22,No,0,0,36,Offer C,Yes,43.97,Yes,Fiber Optic,42,No,No,No,No,No,Yes,Yes,Yes,Month-to-Month,Yes,Bank Withdrawal,84.75,0.0,0,Yes,5272,6,25-48
Male,38,No,0,0,53,No Offer,Yes,16.43,Yes,Fiber Optic,29,No,No,No,No,Yes,No,No,Yes,Month-to-Month,No,Bank Withdrawal,85.45,0.0,0,Yes,4753,5,49-72
Male,46,Yes,1,4,1,Offer E,Yes,45.77,No,No Internet Service,0,No,No,No,No,No,No,No,No,Month-to-Month,No,Mailed Check,19.9,0.0,0,Yes,5441,1,0-12
Female,48,No,0,0,1,No Offer,Yes,27.12,No,Fiber Optic,23,No,No,No,No,No,No,No,Yes,Month-to-Month,Yes,Bank Withdrawal,70.6,0.0,0,Yes,4063,3,0-12
Female,61,No,0,0,5,Offer E,Yes,20.2,No,Fiber Optic,23,No,No,No,No,Yes,No,No,No,Month-to-Month,Yes,Credit Card,81.0,0.0,10,Yes,3718,3,0-12
Male,61,No,0,0,6,Offer E,Yes,39.32,No,Fiber Optic,12,No,Yes,No,No,Yes,No,No,Yes,Month-to-Month,Yes,Bank Withdrawal,84.85,0.0,0,Yes,3420,5,0-12
Male,30,No,0,0,64,No Offer,Yes,24.23,Yes,Fiber Optic,73,No,Yes,No,Yes,Yes,Yes,Yes,Yes,One Year,Yes,Credit Card,105.65,0.0,0,Yes,4870,9,49-72
Male,40,No,0,0,13,No Offer,Yes,12.54,No,Fiber Optic,20,No,No,No,No,No,Yes,Yes,Yes,Month-to-Month,Yes,Bank Withdrawal,80.85,0.0,0,Yes,5964,5,13-24
Female,62,Yes,0,3,9,Offer E,Yes,26.51,No,Fiber Optic,18,No,No,No,No,Yes,Yes,Yes,Yes,Month-to-Month,No,Bank Withdrawal,89.45,0.0,0,Yes,4971,6,0-12
Male,49,No,0,0,10,No Offer,Yes,33.75,Yes,DSL,11,No,No,No,No,Yes,Yes,Yes,No,Month-to-Month,Yes,Credit Card,72.15,0.0,80,Yes,2457,6,0-12
Female,39,No,0,0,2,Offer E,Yes,41.64,No,DSL,25,No,No,Yes,Yes,Yes,Yes,Yes,Yes,Month-to-Month,No,Bank Withdrawal,76.4,0.0,0,Yes,3005,8,0-12
Male,35,Yes,0,0,9,Offer E,Yes,19.18,No,Fiber Optic,27,No,Yes,Yes,No,No,No,No,Yes,Month-to-Month,Yes,Bank Withdrawal,79.9,0.0,0,Yes,4748,5,0-12
Female,57,Yes,0,1,70,Offer A,Yes,42.67,Yes,DSL,24,Yes,No,Yes,Yes,No,No,No,Yes,Two Year,No,Credit Card,65.3,0.0,0,Yes,5591,7,49-72
Male,43,No,0,0,1,Offer E,Yes,17.25,No,No Internet Service,0,No,No,No,No,No,No,No,No,Month-to-Month,No,Mailed Check,19.65,0.0,0,Yes,5717,1,0-12
Male,25,No,0,0,1,No Offer,Yes,22.3,Yes,Fiber Optic,51,No,No,No,No,Yes,No,No,No,Month-to-Month,Yes,Mailed Check,84.65,0.0,40,Yes,4261,4,0-12
Female,46,No,0,0,13,No Offer,No,0.0,No,Cable,16,No,Yes,No,No,No,No,No,Yes,Month-to-Month,Yes,Bank Withdrawal,31.05,0.0,0,Yes,5131,3,13-24
Male,56,No,0,0,7,No Offer,Yes,34.49,No,Cable,22,Yes,No,No,No,No,No,No,Yes,Month-to-Month,Yes,Mailed Check,51.0,0.0,0,Yes,3736,4,0-12
Female,27,Yes,3,0,1,No Offer,Yes,40.42,No,Cable,59,No,No,No,No,No,No,No,Yes,Month-to-Month,Yes,Bank Withdrawal,44.35,0.0,0,Yes,4599,3,0-12
Female,31,No,0,0,7,No Offer,Yes,28.92,No,Fiber Optic,16,No,No,No,No,Yes,No,No,Yes,Month-to-Month,Yes,Bank Withdrawal,79.7,0.0,0,Yes,3109,4,0-12
Male,43,No,2,0,54,No Offer,Yes,6.7,Yes,Cable,16,No,Yes,No,No,No,No,No,Yes,Month-to-Month,Yes,Credit Card,55.0,0.0,0,Yes,5282,5,49-72
Male,33,Yes,0,3,33,Offer C,Yes,33.32,No,DSL,4,No,No,Yes,Yes,Yes,Yes,Yes,Yes,One Year,Yes,Mailed Check,73.9,0.0,0,Yes,5374,8,25-48
Female,38,Yes,0,5,55,No Offer,Yes,19.41,Yes,Fiber Optic,4,No,No,Yes,No,No,No,No,Yes,Month-to-Month,Yes,Bank Withdrawal,77.75,0.0,0,Yes,4398,5,49-72
Female,35,No,0,0,8,No Offer,Yes,32.31,No,Fiber Optic,6,Yes,No,No,No,Yes,No,No,Yes,Month-to-Month,No,Bank Withdrawal,84.95,0.0,0,Yes,4437,5,0-12
Male,40,No,0,0,11,No Offer,Yes,44.94,No,Fiber Optic,25,No,No,No,Yes,No,No,No,Yes,Month-to-Month,Yes,Bank Withdrawal,73.85,0.0,0,Yes,3634,4,0-12
Male,57,Yes,0,2,49,No Offer,No,0.0,No,DSL,5,No,Yes,No,No,Yes,Yes,Yes,No,One Year,Yes,Bank Withdrawal,51.8,0.0,50,Yes,5375,5,49-72
Female,56,No,1,0,5,No Offer,Yes,23.89,No,DSL,14,No,No,No,No,No,No,No,Yes,Month-to-Month,No,Mailed Check,46.0,0.0,0,Yes,4846,3,0-12
Male,39,No,0,0,4,No Offer,Yes,9.98,Yes,DSL,13,No,No,No,No,No,No,No,Yes,Month-to-Month,No,Credit Card,51.75,0.0,0,Yes,3865,4,0-12
Male,52,Yes,0,1,30,Offer C,Yes,28.85,Yes,Fiber Optic,6,Yes,Yes,No,No,Yes,No,No,No,Month-to-Month,Yes,Bank Withdrawal,94.4,0.0,80,Yes,2792,6,25-48
Female,34,No,0,0,1,No Offer,Yes,2.24,No,Fiber Optic,6,No,No,No,No,No,No,No,Yes,Month-to-Month,Yes,Mailed Check,70.15,0.0,0,Yes,3208,3,0-12
Male,43,No,0,0,9,No Offer,No,0.0,No,DSL,9,No,No,No,No,Yes,No,No,Yes,Month-to-Month,Yes,Credit Card,34.7,0.0,0,Yes,5352,3,0-12
Female,53,No,0,0,1,No Offer,Yes,22.86,No,Fiber Optic,24,No,No,No,No,No,Yes,Yes,Yes,Month-to-Month,Yes,Bank Withdrawal,81.1,0.0,0,Yes,2075,5,0-12
Female,25,Yes,2,1,1,No Offer,Yes,37.92,No,No Internet Service,0,No,No,No,No,No,No,No,No,Month-to-Month,No,Credit Card,20.55,0.0,0,Yes,3797,1,0-12
Female,39,No,0,0,61,No Offer,Yes,41.23,Yes,Fiber Optic,28,No,No,Yes,Yes,Yes,Yes,Yes,Yes,Two Year,Yes,Bank Withdrawal,106.6,0.0,0,Yes,4183,9,49-72
Male,47,Yes,0,7,59,No Offer,Yes,49.31,Yes,Fiber Optic,21,Yes,Yes,Yes,Yes,Yes,No,No,No,Month-to-Month,Yes,Bank Withdrawal,106.75,0.0,40,Yes,4508,8,49-72
Female,56,No,0,0,3,No Offer,Yes,16.15,No,Fiber Optic,13,No,No,No,No,Yes,Yes,Yes,Yes,Month-to-Month,Yes,Bank Withdrawal,89.45,0.0,0,Yes,3591,6,0-12
Female,40,No,0,0,3,No Offer,Yes,30.18,No,Fiber Optic,7,No,Yes,No,Yes,Yes,Yes,Yes,Yes,Month-to-Month,Yes,Bank Withdrawal,97.9,0.0,0,Yes,4330,8,0-12
Male,62,No,0,0,1,No Offer,Yes,48.22,No,Cable,22,No,No,No,No,No,Yes,Yes,Yes,Month-to-Month,Yes,Credit Card,55.7,0.0,0,Yes,4629,5,0-12
Male,61,No,0,0,13,No Offer,Yes,30.88,No,Fiber Optic,3,No,Yes,Yes,No,No,No,No,Yes,Month-to-Month,Yes,Bank Withdrawal,79.8,0.0,0,Yes,5067,5,13-24
Female,46,Yes,0,1,18,No Offer,No,0.0,No,Cable,30,No,No,Yes,No,Yes,No,No,Yes,Month-to-Month,Yes,Bank Withdrawal,39.05,0.0,0,Yes,2601,4,13-24
Female,61,No,0,0,1,No Offer,Yes,1.59,No,Cable,14,No,No,No,No,Yes,No,No,Yes,Month-to-Month,Yes,Credit Card,53.55,0.0,0,Yes,2326,4,0-12
Female,38,Yes,0,1,70,Offer A,Yes,5.48,Yes,Fiber Optic,14,Yes,Yes,Yes,Yes,No,No,No,Yes,Two Year,No,Bank Withdrawal,93.9,0.0,0,Yes,6173,8,49-72
Male,48,Yes,0,1,68,Offer A,Yes,23.67,Yes,Fiber Optic,22,Yes,Yes,Yes,Yes,Yes,Yes,Yes,Yes,Two Year,Yes,Bank Withdrawal,113.15,0.0,0,Yes,4610,11,49-72
Male,42,Yes,0,3,11,Offer D,Yes,11.5,Yes,Fiber Optic,27,No,Yes,No,No,No,No,No,Yes,Month-to-Month,Yes,Bank Withdrawal,80.5,0.0,0,Yes,5119,5,0-12
Male,61,No,0,0,1,No Offer,Yes,49.2,No,No Internet Service,0,No,No,No,No,No,No,No,No,Month-to-Month,Yes,Credit Card,19.3,0.0,0,Yes,4266,1,0-12
Male,60,No,0,0,1,No Offer,Yes,4.18,No,DSL,8,No,No,Yes,No,No,No,No,No,Month-to-Month,Yes,Credit Card,49.65,0.0,40,Yes,5338,3,0-12
Female,52,No,0,0,46,No Offer,Yes,45.2,No,DSL,17,No,No,Yes,Yes,No,No,No,Yes,Two Year,No,Credit Card,54.35,0.0,0,Yes,2793,5,25-48
Male,32,No,0,0,4,No Offer,Yes,49.14,No,Fiber Optic,15,No,No,No,No,Yes,Yes,Yes,Yes,Month-to-Month,Yes,Bank Withdrawal,88.45,0.0,0,Yes,2456,6,0-12
Male,54,Yes,0,1,9,No Offer,Yes,17.47,No,Fiber Optic,6,No,Yes,Yes,Yes,Yes,No,No,Yes,Month-to-Month,Yes,Credit Card,94.85,0.0,0,Yes,3016,7,0-12
Male,49,Yes,0,9,7,No Offer,Yes,35.42,No,Fiber Optic,3,No,No,No,No,No,No,No,Yes,Month-to-Month,Yes,Bank Withdrawal,69.95,0.0,0,Yes,3296,3,0-12
Female,22,No,0,0,1,Offer E,Yes,6.54,No,Cable,52,Yes,No,No,No,No,No,No,Yes,Month-to-Month,Yes,Credit Card,48.6,0.0,0,Yes,4207,4,0-12
Male,29,Yes,0,1,29,Offer C,Yes,26.03,Yes,Fiber Optic,47,No,Yes,No,No,No,No,No,Yes,Month-to-Month,Yes,Bank Withdrawal,80.15,0.0,0,Yes,5189,5,25-48
Female,30,No,0,0,3,Offer E,Yes,47.51,Yes,Fiber Optic,85,No,No,No,No,No,No,No,Yes,Month-to-Month,Yes,Bank Withdrawal,75.5,0.0,0,Yes,5948,4,0-12
Male,28,No,0,0,1,Offer E,Yes,10.98,No,No Internet Service,0,No,No,No,No,No,No,No,No,Month-to-Month,Yes,Bank Withdrawal,20.2,0.0,0,Yes,5394,1,0-12
Female,39,Yes,0,1,3,Offer E,Yes,35.18,Yes,Fiber Optic,13,No,No,No,No,No,No,No,Yes,Month-to-Month,Yes,Credit Card,74.75,0.0,0,Yes,3972,4,0-12
Male,49,No,0,0,23,Offer D,Yes,16.28,Yes,Fiber Optic,2,No,No,Yes,Yes,Yes,Yes,Yes,Yes,Month-to-Month,Yes,Credit Card,104.05,0.0,0,Yes,5963,9,13-24
Female,28,No,0,0,13,Offer D,Yes,17.02,Yes,Fiber Optic,41,Yes,Yes,No,No,Yes,No,No,Yes,Month-to-Month,Yes,Bank Withdrawal,96.65,0.0,0,Yes,2110,7,13-24
Female,52,No,0,0,39,Offer C,Yes,34.74,Yes,Fiber Optic,28,No,Yes,Yes,No,Yes,Yes,Yes,Yes,Month-to-Month,Yes,Bank Withdrawal,103.45,0.0,0,Yes,4811,9,25-48
Female,33,Yes,1,1,1,No Offer,Yes,7.49,No,No Internet Service,0,No,No,No,No,No,No,No,No,Month-to-Month,Yes,Bank Withdrawal,19.9,0.0,0,Yes,4633,1,0-12
Male,53,Yes,0,1,14,Offer D,No,0.0,No,DSL,12,No,No,No,No,Yes,Yes,Yes,Yes,Month-to-Month,No,Bank Withdrawal,46.35,0.0,0,Yes,5360,5,13-24
Male,62,No,0,0,1,No Offer,Yes,17.61,No,No Internet Service,0,No,No,No,No,No,No,No,No,Month-to-Month,No,Bank Withdrawal,19.95,0.0,0,Yes,2051,1,0-12
Male,40,No,0,0,1,No Offer,Yes,19.32,No,Fiber Optic,22,No,No,No,No,No,Yes,Yes,Yes,Month-to-Month,No,Bank Withdrawal,79.6,0.0,0,Yes,2199,5,0-12
Male,23,No,0,0,1,No Offer,Yes,44.56,No,Fiber Optic,27,No,No,No,Yes,No,No,No,Yes,Month-to-Month,Yes,Bank Withdrawal,75.9,0.0,0,Yes,3389,4,0-12
Male,53,Yes,0,1,1,No Offer,Yes,35.15,No,Fiber Optic,14,No,No,Yes,No,No,No,No,No,Month-to-Month,No,Bank Withdrawal,76.2,0.0,50,Yes,5973,3,0-12
Male,35,No,7,0,1,No Offer,Yes,12.81,No,No Internet Service,0,No,No,No,No,No,No,No,No,Month-to-Month,No,Credit Card,19.25,0.0,0,Yes,5437,1,0-12
Female,58,Yes,0,1,42,No Offer,Yes,10.73,Yes,Fiber Optic,22,No,No,Yes,Yes,No,No,No,Yes,Month-to-Month,Yes,Bank Withdrawal,84.3,0.0,0,Yes,2514,6,25-48
Female,63,No,0,0,7,No Offer,Yes,26.09,No,Fiber Optic,2,No,No,No,No,Yes,No,No,Yes,Month-to-Month,Yes,Bank Withdrawal,79.0,0.0,0,Yes,3735,4,0-12
Female,27,No,0,0,1,Offer E,Yes,23.0,No,Fiber Optic,59,No,No,No,No,No,No,No,Yes,Month-to-Month,Yes,Bank Withdrawal,70.25,0.0,0,Yes,4133,3,0-12
Female,31,Yes,2,1,17,Offer D,Yes,18.26,Yes,No Internet Service,0,No,No,No,No,No,No,No,No,Month-to-Month,No,Credit Card,24.1,0.0,0,Yes,4648,2,13-24
Female,64,No,2,0,1,Offer E,Yes,43.48,No,DSL,16,Yes,Yes,No,Yes,No,No,No,No,Month-to-Month,Yes,Bank Withdrawal,60.0,0.0,10,Yes,4531,5,0-12
Male,47,No,0,0,8,Offer E,Yes,24.76,Yes,Fiber Optic,2,No,No,No,No,No,Yes,Yes,Yes,Month-to-Month,Yes,Bank Withdrawal,86.55,0.0,0,Yes,4193,6,0-12
Female,35,No,0,0,39,Offer C,No,0.0,No,DSL,4,No,No,Yes,No,Yes,Yes,Yes,Yes,Month-to-Month,Yes,Bank Withdrawal,50.75,0.0,0,Yes,4119,6,25-48
Male,48,Yes,0,1,22,Offer D,Yes,27.24,No,DSL,21,Yes,No,No,Yes,No,No,No,Yes,Month-to-Month,Yes,Bank Withdrawal,54.2,0.0,0,Yes,5102,5,13-24
Female,21,Yes,0,1,70,Offer A,Yes,41.88,Yes,Fiber Optic,59,No,Yes,Yes,Yes,Yes,Yes,Yes,No,One Year,Yes,Bank Withdrawal,109.5,0.0,150,Yes,4191,9,49-72
Male,45,Yes,0,1,21,Offer D,Yes,42.65,Yes,Fiber Optic,3,No,Yes,Yes,No,Yes,Yes,Yes,Yes,Month-to-Month,No,Bank Withdrawal,104.4,0.0,0,Yes,3796,9,13-24
Female,39,No,0,0,1,Offer E,Yes,9.05,No,Fiber Optic,21,No,Yes,No,No,No,No,No,Yes,Month-to-Month,Yes,Bank Withdrawal,75.7,0.0,0,Yes,4884,4,0-12
Female,21,Yes,0,4,4,Offer E,Yes,9.98,Yes,Fiber Optic,51,No,Yes,No,No,Yes,Yes,Yes,Yes,Month-to-Month,Yes,Bank Withdrawal,97.95,0.0,0,Yes,2570,8,0-12
Male,22,No,0,0,32,Offer C,Yes,27.69,Yes,Fiber Optic,73,Yes,Yes,No,Yes,Yes,Yes,Yes,Yes,Month-to-Month,Yes,Credit Card,108.15,0.0,0,Yes,2541,10,25-48
Male,45,No,0,0,6,No Offer,Yes,6.4,No,Fiber Optic,26,No,No,No,No,Yes,No,No,No,Month-to-Month,Yes,Credit Card,80.5,0.0,10,Yes,2181,3,0-12
Male,23,No,0,0,1,No Offer,Yes,35.28,No,Fiber Optic,51,No,No,No,No,No,No,Yes,Yes,Month-to-Month,Yes,Credit Card,71.35,0.0,0,Yes,5730,4,0-12
Female,42,No,0,0,13,Offer D,Yes,8.59,Yes,Fiber Optic,15,No,Yes,Yes,Yes,No,No,No,Yes,Month-to-Month,No,Bank Withdrawal,89.4,0.0,0,Yes,2226,7,13-24
Male,56,No,0,0,1,Offer E,Yes,47.26,No,No Internet Service,0,No,No,No,No,No,No,No,No,Month-to-Month,No,Credit Card,20.6,0.0,0,Yes,3618,1,0-12
Male,54,No,0,0,19,Offer D,Yes,2.19,Yes,Fiber Optic,18,No,Yes,No,No,Yes,Yes,Yes,Yes,Month-to-Month,Yes,Bank Withdrawal,99.95,0.0,0,Yes,3670,8,13-24
Female,46,No,0,0,10,Offer D,Yes,49.5,Yes,Fiber Optic,19,No,Yes,No,No,No,No,No,Yes,Month-to-Month,Yes,Credit Card,81.0,0.0,0,Yes,2946,5,0-12
Female,53,No,0,0,1,Offer E,Yes,42.09,No,Fiber Optic,9,No,No,No,No,No,No,No,Yes,Month-to-Month,Yes,Credit Card,70.15,0.0,0,Yes,5773,3,0-12
Female,29,No,0,0,39,Offer C,Yes,4.48,No,Fiber Optic,71,Yes,No,Yes,Yes,Yes,No,Yes,Yes,One Year,Yes,Bank Withdrawal,95.55,0.0,0,Yes,2767,8,25-48
Female,42,No,0,0,36,No Offer,Yes,27.72,No,Fiber Optic,24,No,No,Yes,Yes,No,Yes,Yes,Yes,Month-to-Month,Yes,Bank Withdrawal,87.55,0.0,0,Yes,2558,7,25-48
Female,26,No,0,0,5,Offer E,Yes,34.49,Yes,Fiber Optic,46,No,No,No,No,Yes,No,Yes,Yes,Month-to-Month,Yes,Bank Withdrawal,85.2,0.0,0,Yes,4109,6,0-12
Female,28,No,0,0,13,Offer D,No,0.0,No,Cable,53,No,No,No,No,No,Yes,Yes,Yes,Month-to-Month,Yes,Bank Withdrawal,35.1,0.0,0,Yes,3104,4,13-24
Male,33,Yes,0,0,5,Offer E,Yes,25.11,Yes,Fiber Optic,26,No,Yes,No,No,No,No,No,Yes,Month-to-Month,Yes,Bank Withdrawal,81.3,0.0,0,Yes,3819,5,0-12
Female,31,No,5,0,2,No Offer,Yes,29.81,No,No Internet Service,0,No,No,No,No,No,No,No,No,Month-to-Month,Yes,Bank Withdrawal,19.6,0.0,0,Yes,2843,1,0-12
Female,29,Yes,0,1,17,No Offer,Yes,47.76,Yes,Fiber Optic,26,No,No,No,No,No,Yes,Yes,Yes,Month-to-Month,Yes,Bank Withdrawal,85.45,0.0,0,Yes,3670,6,13-24
Male,57,Yes,0,1,1,Offer E,Yes,18.84,No,Fiber Optic,19,No,No,No,No,No,No,No,Yes,Month-to-Month,Yes,Bank Withdrawal,71.0,0.0,0,Yes,4207,3,0-12
Male,29,No,3,0,1,Offer E,Yes,7.14,No,DSL,52,No,No,No,No,No,No,Yes,Yes,Month-to-Month,Yes,Bank Withdrawal,44.4,0.0,0,Yes,4067,4,0-12
Female,30,Yes,0,2,1,Offer E,Yes,23.63,No,Fiber Optic,52,No,No,No,No,Yes,No,No,Yes,Month-to-Month,Yes,Bank Withdrawal,79.35,0.0,0,Yes,3492,4,0-12
Female,53,No,0,0,9,Offer E,Yes,1.34,No,Fiber Optic,9,No,No,No,No,Yes,Yes,Yes,Yes,Month-to-Month,Yes,Bank Withdrawal,90.8,0.0,0,Yes,2578,6,0-12
Male,47,Yes,0,1,20,No Offer,Yes,16.49,No,Fiber Optic,8,No,No,No,No,No,No,No,Yes,Month-to-Month,Yes,Bank Withdrawal,70.45,0.0,0,Yes,4773,3,13-24
Female,63,No,0,0,3,Offer E,Yes,5.2,Yes,Fiber Optic,23,No,No,No,No,No,No,No,No,Month-to-Month,Yes,Bank Withdrawal,75.8,0.0,10,Yes,5475,3,0-12
Female,31,Yes,0,7,17,No Offer,Yes,17.91,Yes,Fiber Optic,9,No,No,Yes,No,Yes,No,No,Yes,Month-to-Month,No,Bank Withdrawal,88.25,0.0,0,Yes,4041,6,13-24
Female,31,No,0,0,2,Offer E,Yes,37.76,No,Fiber Optic,10,No,No,No,No,No,No,No,Yes,Month-to-Month,No,Bank Withdrawal,70.0,0.0,0,Yes,2928,3,0-12
Female,63,No,0,0,21,No Offer,Yes,9.06,Yes,Fiber Optic,10,No,No,No,No,Yes,Yes,Yes,Yes,Month-to-Month,Yes,Bank Withdrawal,97.35,0.0,0,Yes,4321,7,13-24
Male,34,Yes,1,1,5,Offer E,Yes,40.05,Yes,No Internet Service,0,No,No,No,No,No,No,No,No,Month-to-Month,Yes,Bank Withdrawal,25.9,0.0,0,Yes,2102,2,0-12
Male,43,No,0,0,24,No Offer,Yes,8.99,Yes,DSL,5,Yes,No,No,No,No,No,No,No,Month-to-Month,Yes,Bank Withdrawal,55.65,0.0,60,Yes,4126,4,13-24
Female,52,No,0,0,1,Offer E,Yes,49.24,No,Fiber Optic,8,No,No,No,No,No,No,No,Yes,Month-to-Month,Yes,Bank Withdrawal,69.65,0.0,0,Yes,2418,3,0-12
Female,41,No,0,0,10,No Offer,Yes,45.21,Yes,Fiber Optic,3,No,No,Yes,No,Yes,Yes,Yes,Yes,Month-to-Month,Yes,Bank Withdrawal,100.6,0.0,0,Yes,4001,8,0-12
Female,44,No,0,0,53,No Offer,Yes,29.8,Yes,Fiber Optic,4,Yes,No,Yes,No,Yes,Yes,Yes,Yes,One Year,Yes,Credit Card,106.95,0.0,0,Yes,5550,9,49-72
Male,46,No,0,0,3,Offer E,No,0.0,No,Cable,3,No,Yes,No,No,No,No,No,Yes,Month-to-Month,Yes,Bank Withdrawal,29.6,0.0,0,Yes,2734,3,0-12
Female,53,Yes,0,2,49,No Offer,Yes,49.63,Yes,Fiber Optic,9,No,No,No,No,Yes,Yes,Yes,Yes,Month-to-Month,Yes,Bank Withdrawal,95.6,0.0,0,Yes,5732,7,49-72
Male,39,No,0,0,11,No Offer,No,0.0,No,DSL,5,No,No,Yes,No,Yes,No,No,Yes,One Year,Yes,Bank Withdrawal,41.6,0.0,0,Yes,3119,4,0-12
Male,34,No,0,0,45,Offer B,Yes,14.12,Yes,Fiber Optic,3,No,Yes,No,No,Yes,Yes,Yes,Yes,Month-to-Month,Yes,Credit Card,100.85,0.0,0,Yes,4898,8,25-48
Male,52,Yes,1,1,37,No Offer,No,0.0,No,DSL,23,Yes,Yes,Yes,No,No,No,No,Yes,Month-to-Month,No,Bank Withdrawal,40.2,0.0,0,Yes,3627,5,25-48
Male,55,Yes,0,1,49,Offer B,Yes,39.6,Yes,Fiber Optic,20,No,No,No,No,Yes,No,No,Yes,Month-to-Month,No,Bank Withdrawal,84.5,0.0,0,Yes,4639,5,49-72
Male,45,No,0,0,1,Offer E,Yes,11.25,No,No Internet Service,0,No,No,No,No,No,No,No,No,Month-to-Month,No,Credit Card,20.2,0.0,0,Yes,5418,1,0-12
Male,43,Yes,0,1,5,No Offer,Yes,39.36,No,Fiber Optic,24,No,No,Yes,No,Yes,Yes,Yes,Yes,Month-to-Month,Yes,Bank Withdrawal,94.45,0.0,0,Yes,4580,7,0-12
Female,51,Yes,0,1,9,No Offer,No,0.0,No,DSL,10,No,No,Yes,No,Yes,Yes,Yes,No,Month-to-Month,Yes,Bank Withdrawal,48.75,0.0,10,Yes,4359,5,0-12
Male,25,No,0,0,1,No Offer,Yes,36.07,No,Fiber Optic,41,No,No,Yes,No,Yes,No,Yes,Yes,Month-to-Month,Yes,Bank Withdrawal,84.85,0.0,0,Yes,3086,6,0-12
Male,42,No,0,0,12,No Offer,Yes,7.97,No,Cable,10,Yes,No,No,Yes,No,No,No,Yes,Month-to-Month,No,Credit Card,56.65,0.0,0,Yes,3043,5,0-12
Female,22,No,0,0,42,Offer B,Yes,5.75,No,DSL,53,Yes,Yes,Yes,Yes,No,Yes,Yes,Yes,One Year,No,Credit Card,73.9,0.0,0,Yes,2774,9,25-48
Female,21,Yes,0,1,33,No Offer,Yes,35.31,Yes,No Internet Service,0,No,No,No,No,No,No,No,No,Two Year,Yes,Credit Card,24.5,35.05,0,Yes,5194,2,25-48
Female,54,No,0,0,31,No Offer,Yes,6.33,Yes,Fiber Optic,11,No,No,Yes,No,No,Yes,Yes,Yes,Month-to-Month,Yes,Bank Withdrawal,89.9,41.18,0,Yes,2031,7,25-48
Male,50,Yes,0,1,42,Offer B,Yes,34.65,Yes,Fiber Optic,9,No,Yes,Yes,Yes,No,Yes,Yes,No,Month-to-Month,Yes,Bank Withdrawal,99.45,30.46,140,Yes,4624,8,25-48
Female,57,No,0,0,12,No Offer,Yes,42.58,Yes,DSL,22,No,No,No,Yes,Yes,Yes,Yes,Yes,One Year,No,Credit Card,74.05,48.61,0,Yes,4149,8,0-12
Male,25,Yes,0,1,7,No Offer,Yes,19.23,No,Fiber Optic,52,No,Yes,No,Yes,Yes,No,No,Yes,Month-to-Month,Yes,Bank Withdrawal,89.75,26.02,0,Yes,3807,6,0-12
Male,27,Yes,0,1,14,No Offer,Yes,21.3,Yes,Fiber Optic,42,No,No,No,No,No,Yes,Yes,Yes,Month-to-Month,Yes,Bank Withdrawal,85.15,38.48,0,Yes,4550,6,13-24
Male,27,No,0,0,16,No Offer,Yes,20.44,No,Fiber Optic,59,Yes,No,No,No,Yes,Yes,Yes,No,Month-to-Month,Yes,Bank Withdrawal,94.25,0.0,140,Yes,2827,6,13-24
Male,24,Yes,0,1,65,Offer B,Yes,26.75,Yes,Cable,51,Yes,Yes,Yes,No,No,Yes,Yes,Yes,One Year,No,Credit Card,72.45,14.23,0,Yes,4415,9,49-72
Female,26,No,0,0,42,Offer B,Yes,33.46,Yes,Fiber Optic,52,Yes,No,Yes,No,Yes,Yes,Yes,Yes,Month-to-Month,Yes,Bank Withdrawal,105.2,40.15,0,Yes,2317,9,25-48
Male,34,Yes,0,3,6,No Offer,Yes,8.59,Yes,Fiber Optic,28,No,No,No,No,Yes,No,No,Yes,Month-to-Month,Yes,Bank Withdrawal,82.85,48.95,0,Yes,4458,5,0-12
Female,54,Yes,0,1,5,No Offer,Yes,7.0,No,Fiber Optic,23,No,Yes,No,No,No,Yes,Yes,Yes,Month-to-Month,Yes,Bank Withdrawal,83.6,24.44,0,Yes,4565,6,0-12
Male,24,No,0,0,68,Offer A,Yes,21.74,Yes,Fiber Optic,73,No,Yes,Yes,Yes,Yes,Yes,Yes,Yes,One Year,No,Bank Withdrawal,108.45,9.68,0,Yes,4454,10,49-72
Female,33,Yes,0,1,3,No Offer,Yes,31.61,Yes,Fiber Optic,20,No,Yes,No,No,No,Yes,Yes,No,Month-to-Month,Yes,Credit Card,91.5,0.0,10,Yes,5646,6,0-12
Male,57,Yes,0,3,12,No Offer,Yes,18.26,No,Fiber Optic,18,Yes,No,No,Yes,No,No,No,Yes,Month-to-Month,No,Bank Withdrawal,80.85,23.72,0,Yes,4306,5,0-12
Female,64,No,0,0,43,Offer B,No,0.0,No,DSL,12,No,No,Yes,No,Yes,Yes,Yes,Yes,Month-to-Month,Yes,Bank Withdrawal,49.05,20.29,0,Yes,4044,6,25-48
Female,21,Yes,0,1,70,Offer A,Yes,16.78,Yes,Fiber Optic,48,Yes,Yes,Yes,Yes,Yes,Yes,Yes,Yes,Two Year,Yes,Bank Withdrawal,114.2,48.54,0,Yes,5947,11,49-72
Female,56,No,0,0,1,No Offer,Yes,26.0,No,Fiber Optic,8,No,No,No,No,No,No,No,Yes,Month-to-Month,No,Mailed Check,70.75,0.0,0,Yes,3963,3,0-12
Male,19,No,0,0,3,No Offer,No,0.0,No,DSL,26,No,No,Yes,No,Yes,No,No,Yes,Month-to-Month,Yes,Mailed Check,40.15,0.0,0,Yes,4710,4,0-12
Female,39,Yes,0,3,36,No Offer,Yes,24.51,Yes,Fiber Optic,27,No,Yes,Yes,No,Yes,No,No,Yes,Month-to-Month,Yes,Bank Withdrawal,97.35,4.96,0,Yes,4544,7,25-48
Male,34,No,0,0,1,No Offer,No,0.0,No,DSL,18,No,No,No,No,Yes,Yes,Yes,Yes,Month-to-Month,Yes,Mailed Check,45.3,0.0,0,Yes,4954,5,0-12
Male,61,No,0,0,2,No Offer,Yes,26.05,No,Fiber Optic,2,No,No,Yes,No,Yes,Yes,Yes,Yes,Month-to-Month,No,Bank Withdrawal,94.95,0.0,0,Yes,4493,7,0-12
Female,33,No,1,0,12,No Offer,Yes,5.16,No,DSL,16,No,No,No,No,No,No,No,No,Month-to-Month,Yes,Bank Withdrawal,44.55,18.21,0,Yes,4162,2,0-12
Male,55,Yes,0,3,1,Offer E,No,0.0,No,DSL,21,No,No,No,No,No,No,No,Yes,Month-to-Month,Yes,Bank Withdrawal,23.45,0.0,0,Yes,4517,2,0-12
Male,30,No,0,0,1,Offer E,No,0.0,No,Cable,69,Yes,No,No,No,No,No,No,Yes,Month-to-Month,No,Mailed Check,29.7,0.0,0,Yes,3383,3,0-12
Female,21,Yes,0,4,59,Offer B,Yes,9.23,Yes,Fiber Optic,48,No,Yes,No,No,Yes,Yes,Yes,Yes,Month-to-Month,No,Bank Withdrawal,101.1,0.0,0,Yes,4160,8,49-72
Female,51,No,0,0,3,Offer E,Yes,22.56,Yes,Cable,3,No,No,No,No,No,No,No,Yes,Month-to-Month,Yes,Mailed Check,50.65,0.0,0,Yes,2876,4,0-12
Female,37,No,0,0,1,Offer E,Yes,13.01,No,Cable,4,No,No,No,No,No,Yes,Yes,Yes,Month-to-Month,Yes,Bank Withdrawal,55.4,0.0,0,Yes,2294,5,0-12
Female,20,No,0,0,52,Offer B,Yes,33.69,Yes,Fiber Optic,52,Yes,Yes,No,Yes,Yes,Yes,Yes,Yes,One Year,Yes,Credit Card,111.25,1.27,0,Yes,4861,10,49-72
Male,19,No,0,0,2,Offer E,Yes,5.33,No,Cable,52,Yes,No,Yes,No,No,No,No,Yes,Month-to-Month,Yes,Mailed Check,55.1,0.0,0,Yes,4235,5,0-12
Male,36,Yes,0,1,13,No Offer,Yes,30.55,Yes,Fiber Optic,28,No,No,Yes,No,Yes,Yes,Yes,Yes,Month-to-Month,Yes,Credit Card,102.25,0.0,0,Yes,2003,8,13-24
Female,34,No,0,0,5,Offer E,Yes,24.32,No,Cable,22,Yes,No,No,Yes,No,No,No,No,Month-to-Month,No,Credit Card,53.85,22.96,10,Yes,5435,4,0-12
Female,30,Yes,0,2,42,Offer B,Yes,10.79,Yes,Cable,41,No,No,No,No,No,No,No,Yes,Month-to-Month,Yes,Bank Withdrawal,50.25,28.49,0,Yes,4873,4,25-48
Female,35,No,0,0,25,No Offer,Yes,48.42,No,Fiber Optic,8,No,Yes,Yes,No,Yes,Yes,Yes,Yes,Month-to-Month,Yes,Bank Withdrawal,99.5,19.5,0,Yes,5932,8,25-48
Female,49,No,0,0,9,No Offer,Yes,24.52,No,Fiber Optic,9,No,No,No,No,No,No,No,Yes,Month-to-Month,No,Bank Withdrawal,71.0,8.35,0,Yes,2236,3,0-12
Female,40,No,0,0,16,No Offer,Yes,40.76,No,Fiber Optic,7,No,Yes,Yes,No,No,Yes,Yes,Yes,Month-to-Month,Yes,Credit Card,93.2,35.7,0,Yes,5497,7,13-24
Male,53,Yes,0,0,5,Offer E,Yes,31.76,No,No Internet Service,0,No,No,No,No,No,No,No,No,Month-to-Month,No,Mailed Check,19.35,0.0,0,Yes,3864,1,0-12
Male,29,No,0,0,3,Offer E,Yes,32.01,No,No Internet Service,0,No,No,No,No,No,No,No,No,Month-to-Month,No,Mailed Check,19.85,0.0,0,Yes,2158,1,0-12
Female,51,Yes,0,4,31,No Offer,Yes,3.73,Yes,Fiber Optic,13,No,No,Yes,Yes,Yes,Yes,Yes,Yes,Month-to-Month,Yes,Bank Withdrawal,104.2,17.01,0,Yes,5000,9,25-48
Male,49,No,0,0,1,Offer E,Yes,19.98,No,Fiber Optic,5,No,No,No,No,No,Yes,Yes,Yes,Month-to-Month,Yes,Bank Withdrawal,79.25,0.0,0,Yes,5533,5,0-12
Female,30,No,0,0,1,Offer E,Yes,41.78,No,DSL,59,No,No,No,No,No,No,No,Yes,Month-to-Month,Yes,Bank Withdrawal,44.9,0.0,0,Yes,2632,3,0-12
Male,42,Yes,0,1,10,No Offer,Yes,22.03,No,Fiber Optic,19,No,No,No,No,No,No,No,Yes,Month-to-Month,Yes,Bank Withdrawal,70.1,34.69,0,Yes,2457,3,0-12
Male,27,No,0,0,4,Offer E,No,0.0,No,DSL,48,No,No,Yes,No,No,No,Yes,Yes,Month-to-Month,Yes,Bank Withdrawal,29.65,0.0,0,Yes,4207,4,0-12
Male,47,No,0,0,43,Offer B,Yes,49.13,Yes,Fiber Optic,25,No,Yes,No,No,No,No,No,Yes,Month-to-Month,Yes,Bank Withdrawal,77.85,0.0,0,Yes,5107,5,25-48
Male,64,No,0,0,4,Offer E,Yes,40.15,No,DSL,19,No,No,No,No,No,Yes,Yes,No,Month-to-Month,No,Bank Withdrawal,54.3,0.0,80,Yes,5834,4,0-12
Male,42,Yes,0,1,47,Offer B,Yes,19.02,Yes,Fiber Optic,17,Yes,No,Yes,Yes,Yes,Yes,Yes,Yes,One Year,Yes,Credit Card,110.85,4.93,0,Yes,3344,10,25-48
Male,24,No,0,0,1,No Offer,Yes,35.77,No,Fiber Optic,69,No,No,No,No,No,Yes,Yes,Yes,Month-to-Month,No,Bank Withdrawal,80.5,0.0,0,Yes,2734,5,0-12
Male,20,No,0,0,4,Offer E,Yes,29.98,Yes,Fiber Optic,71,No,No,No,No,No,No,Yes,Yes,Month-to-Month,Yes,Bank Withdrawal,72.2,0.0,0,Yes,5668,5,0-12
Male,36,No,0,0,17,Offer D,Yes,46.6,No,Cable,2,No,No,No,Yes,No,No,No,Yes,Month-to-Month,No,Mailed Check,51.5,35.34,0,Yes,5659,4,13-24
Male,34,Yes,0,1,21,Offer D,Yes,17.57,Yes,Cable,14,Yes,Yes,No,Yes,Yes,No,No,No,One Year,No,Mailed Check,77.5,18.39,80,Yes,5353,7,13-24
Male,37,Yes,0,1,42,Offer B,Yes,18.26,Yes,Fiber Optic,29,No,Yes,Yes,No,Yes,No,No,Yes,Month-to-Month,Yes,Bank Withdrawal,95.25,27.3,0,Yes,2075,7,25-48
Female,38,Yes,0,1,5,Offer E,Yes,1.12,No,Fiber Optic,22,No,No,No,Yes,Yes,No,No,Yes,Month-to-Month,Yes,Bank Withdrawal,85.75,44.16,0,Yes,3608,5,0-12
Female,25,Yes,0,1,7,Offer E,Yes,8.95,No,Fiber Optic,73,No,No,No,No,No,No,Yes,Yes,Month-to-Month,Yes,Bank Withdrawal,69.0,0.0,0,Yes,5672,4,0-12
Male,27,No,0,0,2,Offer E,Yes,29.69,No,Cable,52,No,No,No,No,No,No,Yes,No,Month-to-Month,No,Bank Withdrawal,46.05,0.0,10,Yes,4662,3,0-12
Female,54,No,0,0,5,No Offer,Yes,28.2,Yes,Fiber Optic,29,No,No,Yes,No,Yes,Yes,Yes,Yes,Month-to-Month,Yes,Bank Withdrawal,100.5,0.0,0,Yes,5180,8,0-12
Male,48,No,0,0,1,Offer E,Yes,27.58,No,Fiber Optic,16,No,No,No,No,No,No,No,Yes,Month-to-Month,No,Bank Withdrawal,69.95,0.0,0,Yes,5066,3,0-12
Male,59,No,0,0,1,Offer E,Yes,7.99,Yes,Fiber Optic,30,No,No,No,No,Yes,Yes,Yes,Yes,Month-to-Month,Yes,Bank Withdrawal,93.3,0.0,0,Yes,2578,7,0-12
Male,47,No,0,0,3,Offer E,Yes,40.79,No,DSL,29,No,No,Yes,No,No,No,No,No,Month-to-Month,Yes,Bank Withdrawal,49.15,0.0,10,Yes,5598,3,0-12
Female,62,No,0,0,1,Offer E,No,0.0,No,DSL,22,No,No,No,No,No,Yes,Yes,Yes,Month-to-Month,No,Mailed Check,35.05,0.0,0,Yes,3706,4,0-12
Female,43,No,0,0,1,No Offer,Yes,17.37,No,Fiber Optic,25,No,No,No,No,No,No,No,Yes,Month-to-Month,Yes,Bank Withdrawal,70.1,0.0,0,Yes,3706,3,0-12
Male,62,No,0,0,2,No Offer,Yes,32.03,No,No Internet Service,0,No,No,No,No,No,No,No,No,Month-to-Month,No,Mailed Check,20.35,0.0,0,Yes,5627,1,0-12
Female,29,No,0,0,3,No Offer,Yes,33.39,No,Fiber Optic,59,Yes,No,Yes,No,Yes,Yes,Yes,No,Month-to-Month,Yes,Credit Card,99.0,0.0,10,Yes,5236,7,0-12
Male,36,No,0,0,26,No Offer,Yes,14.3,Yes,Fiber Optic,20,No,No,No,No,No,Yes,Yes,Yes,Month-to-Month,Yes,Bank Withdrawal,83.95,0.0,0,Yes,5869,6,25-48
Male,25,No,0,0,67,Offer A,Yes,33.88,Yes,Fiber Optic,71,Yes,Yes,Yes,Yes,Yes,Yes,Yes,Yes,Two Year,No,Credit Card,116.2,0.0,0,Yes,4495,11,49-72
Female,55,Yes,0,2,71,Offer A,Yes,40.52,Yes,Fiber Optic,17,No,No,No,No,Yes,Yes,Yes,Yes,Two Year,Yes,Bank Withdrawal,93.7,0.0,0,Yes,4296,7,49-72
Male,42,No,0,0,1,No Offer,Yes,1.91,No,No Internet Service,0,No,No,No,No,No,No,No,No,Month-to-Month,No,Mailed Check,19.7,0.0,0,Yes,5707,1,0-12
Female,20,No,0,0,5,No Offer,Yes,35.22,Yes,Fiber Optic,58,No,No,No,No,No,No,Yes,Yes,Month-to-Month,No,Bank Withdrawal,75.55,0.0,0,Yes,4600,5,0-12
Female,40,No,0,0,9,No Offer,Yes,22.88,No,Fiber Optic,23,No,No,No,No,Yes,No,No,Yes,Month-to-Month,Yes,Bank Withdrawal,77.65,0.0,0,Yes,3847,4,0-12
Male,31,No,0,0,54,Offer B,Yes,49.98,No,Fiber Optic,26,Yes,Yes,No,Yes,Yes,Yes,Yes,Yes,One Year,Yes,Credit Card,105.4,0.0,0,Yes,4406,9,49-72
Male,63,No,0,0,2,No Offer,Yes,37.43,No,Fiber Optic,18,No,No,Yes,No,Yes,Yes,Yes,Yes,Month-to-Month,Yes,Bank Withdrawal,95.85,0.0,0,Yes,3790,7,0-12
Male,64,No,0,0,1,No Offer,Yes,24.48,Yes,Fiber Optic,24,No,Yes,No,No,No,No,No,Yes,Month-to-Month,Yes,Bank Withdrawal,79.15,0.0,0,Yes,4243,5,0-12
Female,42,Yes,0,1,30,No Offer,Yes,15.36,No,No Internet Service,0,No,No,No,No,No,No,No,No,Month-to-Month,No,Bank Withdrawal,19.65,0.0,0,Yes,2486,1,25-48
Female,61,No,0,0,4,No Offer,Yes,27.57,No,Fiber Optic,27,No,No,No,No,Yes,No,No,Yes,Month-to-Month,Yes,Bank Withdrawal,79.0,0.0,0,Yes,2085,4,0-12
Female,30,Yes,0,1,17,Offer D,Yes,41.95,No,Fiber Optic,51,Yes,No,No,Yes,Yes,No,No,Yes,Month-to-Month,No,Bank Withdrawal,91.85,0.0,0,Yes,5643,6,13-24
Male,34,No,1,0,1,No Offer,Yes,39.6,No,DSL,17,No,No,No,Yes,No,No,No,Yes,Month-to-Month,Yes,Mailed Check,49.9,0.0,0,Yes,3113,4,0-12
Female,54,No,0,0,13,Offer D,Yes,6.78,Yes,Fiber Optic,26,Yes,No,No,No,Yes,Yes,Yes,Yes,Month-to-Month,Yes,Bank Withdrawal,100.35,34.09,0,Yes,2008,8,13-24
Male,28,Yes,0,1,50,Offer B,Yes,34.14,Yes,Fiber Optic,69,No,Yes,No,Yes,Yes,Yes,Yes,Yes,Month-to-Month,No,Bank Withdrawal,103.7,36.61,0,Yes,5897,9,49-72
Male,39,Yes,0,5,65,Offer B,Yes,49.33,Yes,Fiber Optic,16,Yes,Yes,Yes,No,No,No,No,Yes,One Year,No,Bank Withdrawal,89.75,18.72,0,Yes,6110,7,49-72
Female,44,No,0,0,1,Offer E,Yes,26.37,No,No Internet Service,0,No,No,No,No,No,No,No,No,Month-to-Month,Yes,Mailed Check,20.3,0.0,0,Yes,3830,1,0-12
Female,41,No,0,0,45,Offer B,Yes,14.12,Yes,Fiber Optic,24,No,Yes,No,No,Yes,No,No,Yes,Month-to-Month,Yes,Credit Card,89.3,44.63,0,Yes,4880,6,25-48
Female,31,No,0,0,1,Offer E,Yes,39.66,No,Fiber Optic,8,No,Yes,No,No,No,No,No,Yes,Month-to-Month,Yes,Credit Card,74.3,0.0,0,Yes,5996,4,0-12
Male,49,No,0,0,1,Offer E,No,0.0,No,Cable,19,No,Yes,No,Yes,No,Yes,Yes,Yes,Month-to-Month,Yes,Mailed Check,44.65,0.0,0,Yes,3704,6,0-12
Male,40,Yes,0,5,13,Offer D,Yes,29.92,No,Fiber Optic,21,Yes,No,No,No,No,Yes,Yes,Yes,Month-to-Month,No,Bank Withdrawal,84.05,23.97,0,Yes,4745,6,13-24
Male,54,No,0,0,10,Offer D,Yes,17.07,Yes,Fiber Optic,3,No,Yes,No,No,No,No,No,No,Month-to-Month,Yes,Bank Withdrawal,80.7,38.42,50,Yes,3492,4,0-12
Male,28,No,0,0,4,Offer E,Yes,26.16,Yes,Fiber Optic,85,No,Yes,No,No,Yes,Yes,Yes,Yes,Month-to-Month,Yes,Bank Withdrawal,101.7,1.48,0,Yes,2777,8,0-12
Female,31,No,0,0,1,Offer E,Yes,22.12,No,No Internet Service,0,No,No,No,No,No,No,No,No,Month-to-Month,No,Mailed Check,20.4,0.0,0,Yes,3663,1,0-12
Male,36,Yes,0,1,41,Offer B,Yes,45.03,Yes,Fiber Optic,10,No,No,Yes,Yes,Yes,Yes,Yes,Yes,One Year,Yes,Bank Withdrawal,102.6,2.93,0,Yes,2098,9,25-48
Male,60,Yes,0,3,71,Offer A,Yes,47.34,Yes,Fiber Optic,12,No,Yes,Yes,No,Yes,Yes,Yes,Yes,Two Year,Yes,Bank Withdrawal,106.0,0.0,0,Yes,4072,9,49-72
Female,43,No,2,0,3,Offer E,Yes,26.04,No,Cable,16,Yes,No,No,Yes,No,No,No,Yes,Month-to-Month,Yes,Mailed Check,55.1,0.0,0,Yes,4412,5,0-12
Male,58,No,0,0,69,Offer A,Yes,26.88,Yes,Fiber Optic,11,No,No,Yes,Yes,Yes,Yes,Yes,Yes,Two Year,Yes,Bank Withdrawal,106.5,0.0,0,Yes,4859,9,49-72
Female,51,Yes,0,1,32,No Offer,Yes,46.92,Yes,Fiber Optic,9,No,No,Yes,No,No,Yes,Yes,No,Month-to-Month,Yes,Bank Withdrawal,91.05,0.0,70,Yes,3590,6,25-48
Female,51,Yes,0,1,72,Offer A,No,0.0,No,Cable,15,No,Yes,Yes,No,Yes,Yes,Yes,Yes,Two Year,Yes,Bank Withdrawal,54.2,0.0,0,Yes,4481,7,49-72
Female,50,No,0,0,6,No Offer,Yes,39.36,No,Fiber Optic,5,No,No,No,No,No,No,No,Yes,Month-to-Month,Yes,Mailed Check,69.25,0.0,0,Yes,5816,3,0-12
Male,35,No,0,0,1,No Offer,Yes,39.58,No,DSL,28,No,No,Yes,No,No,No,No,Yes,Month-to-Month,Yes,Bank Withdrawal,50.5,0.0,0,Yes,2077,4,0-12
Male,37,No,0,0,31,No Offer,Yes,6.71,Yes,DSL,3,No,Yes,No,Yes,Yes,Yes,Yes,Yes,One Year,Yes,Mailed Check,79.45,0.0,0,Yes,2872,9,25-48
Male,34,No,0,0,58,Offer B,Yes,41.14,Yes,Fiber Optic,25,No,No,Yes,Yes,Yes,Yes,Yes,No,One Year,Yes,Bank Withdrawal,104.65,0.0,40,Yes,5411,8,49-72
Male,41,No,0,0,44,No Offer,Yes,42.92,No,Fiber Optic,23,No,Yes,No,Yes,Yes,Yes,Yes,Yes,Month-to-Month,No,Bank Withdrawal,100.55,0.0,0,Yes,3486,8,25-48
Male,34,No,0,0,2,No Offer,Yes,16.76,No,Fiber Optic,27,No,Yes,No,No,Yes,Yes,Yes,Yes,Month-to-Month,No,Bank Withdrawal,95.65,0.0,0,Yes,5332,7,0-12
Female,49,No,0,0,1,No Offer,Yes,18.34,No,Fiber Optic,6,No,No,Yes,No,Yes,Yes,Yes,Yes,Month-to-Month,No,Bank Withdrawal,94.4,0.0,0,Yes,5764,7,0-12
Female,47,No,0,0,1,No Offer,Yes,32.74,No,DSL,26,No,No,No,No,Yes,No,No,Yes,Month-to-Month,Yes,Credit Card,55.0,0.0,0,Yes,3809,4,0-12
Male,32,No,0,0,1,No Offer,Yes,10.38,Yes,Fiber Optic,7,No,No,Yes,No,Yes,Yes,Yes,Yes,Month-to-Month,Yes,Bank Withdrawal,101.45,0.0,0,Yes,4390,8,0-12
Female,39,Yes,0,1,5,No Offer,Yes,14.9,Yes,DSL,4,No,No,Yes,Yes,Yes,No,No,No,Month-to-Month,No,Bank Withdrawal,67.95,0.0,20,Yes,3889,6,0-12
Female,41,No,0,0,1,No Offer,Yes,8.31,No,Fiber Optic,27,No,No,No,No,No,No,No,Yes,Month-to-Month,Yes,Bank Withdrawal,69.5,0.0,0,Yes,3365,3,0-12
Male,53,No,0,0,1,No Offer,Yes,40.49,No,No Internet Service,0,No,No,No,No,No,No,No,No,Month-to-Month,Yes,Mailed Check,18.85,0.0,0,Yes,4132,1,0-12
Female,44,No,0,0,1,No Offer,Yes,23.72,No,Fiber Optic,19,No,No,No,No,No,No,No,Yes,Month-to-Month,Yes,Bank Withdrawal,69.2,0.0,0,Yes,4073,3,0-12
Male,30,No,0,0,1,Offer E,Yes,28.7,No,Fiber Optic,69,No,No,No,No,No,No,No,Yes,Month-to-Month,Yes,Bank Withdrawal,69.65,0.0,0,Yes,5258,3,0-12
Female,64,No,0,0,1,Offer E,Yes,33.41,No,Fiber Optic,28,No,Yes,Yes,No,No,No,No,Yes,Month-to-Month,Yes,Bank Withdrawal,82.3,0.0,0,Yes,4278,5,0-12
Male,33,No,0,0,3,Offer E,Yes,49.76,No,Fiber Optic,3,No,No,No,No,Yes,No,No,No,Month-to-Month,No,Bank Withdrawal,79.25,0.0,10,Yes,4183,3,0-12
Female,27,No,0,0,13,Offer D,Yes,35.96,Yes,Fiber Optic,42,No,No,No,No,No,Yes,Yes,Yes,Month-to-Month,Yes,Bank Withdrawal,84.6,0.0,0,Yes,2659,6,13-24
Female,37,Yes,0,1,58,No Offer,Yes,3.65,Yes,Fiber Optic,20,Yes,Yes,No,No,No,Yes,Yes,Yes,Month-to-Month,Yes,Bank Withdrawal,93.4,0.0,0,Yes,5989,8,49-72
Female,25,Yes,0,1,42,No Offer,Yes,6.84,Yes,Fiber Optic,27,No,No,No,No,Yes,Yes,Yes,Yes,Month-to-Month,Yes,Bank Withdrawal,94.2,0.0,0,Yes,5458,7,25-48
Female,53,No,0,0,29,No Offer,No,0.0,No,Cable,22,No,No,No,No,No,No,No,Yes,Month-to-Month,Yes,Credit Card,25.1,0.0,0,Yes,2796,2,25-48
Male,22,No,2,0,1,No Offer,Yes,34.4,No,Cable,52,No,No,Yes,No,No,No,Yes,Yes,Month-to-Month,No,Bank Withdrawal,48.95,0.0,0,Yes,3913,5,0-12
Male,59,No,0,0,1,No Offer,Yes,28.37,No,DSL,7,No,No,No,No,No,No,No,No,Month-to-Month,No,Bank Withdrawal,45.3,0.0,30,Yes,5774,2,0-12
Male,58,No,0,0,2,Offer E,Yes,14.14,No,Fiber Optic,28,No,No,Yes,No,No,Yes,Yes,Yes,Month-to-Month,Yes,Bank Withdrawal,85.85,0.0,0,Yes,3273,6,0-12
Male,54,No,0,0,10,Offer D,Yes,35.63,Yes,Fiber Optic,18,No,No,No,No,Yes,Yes,Yes,Yes,Month-to-Month,No,Bank Withdrawal,95.2,0.0,0,Yes,4922,7,0-12
Male,42,No,0,0,49,No Offer,Yes,18.97,Yes,Fiber Optic,3,No,No,No,Yes,Yes,Yes,Yes,Yes,One Year,Yes,Bank Withdrawal,100.6,0.0,0,Yes,5585,8,49-72
Male,49,Yes,1,1,6,Offer E,Yes,1.86,No,DSL,19,No,Yes,Yes,No,No,No,No,Yes,Month-to-Month,Yes,Mailed Check,55.3,0.0,0,Yes,3878,5,0-12
Male,26,No,0,0,35,No Offer,Yes,39.84,No,Fiber Optic,48,No,Yes,Yes,No,Yes,Yes,Yes,Yes,One Year,Yes,Bank Withdrawal,102.35,0.0,0,Yes,2473,8,25-48
Male,51,Yes,0,1,70,Offer A,Yes,17.17,Yes,Fiber Optic,20,Yes,Yes,Yes,Yes,Yes,Yes,Yes,No,One Year,No,Credit Card,115.65,0.0,10,Yes,5563,10,49-72
Male,46,No,0,0,2,Offer E,Yes,16.14,No,Fiber Optic,2,No,No,Yes,Yes,No,No,No,Yes,Month-to-Month,Yes,Bank Withdrawal,79.85,0.0,0,Yes,3280,5,0-12
Male,29,No,0,0,15,Offer D,Yes,44.86,Yes,Fiber Optic,52,No,No,No,No,No,No,Yes,Yes,Month-to-Month,Yes,Mailed Check,76.0,0.0,0,Yes,4938,5,13-24
Female,31,No,0,0,9,Offer E,Yes,36.43,No,DSL,16,Yes,Yes,No,No,Yes,Yes,Yes,Yes,Month-to-Month,Yes,Bank Withdrawal,74.65,0.0,0,Yes,5900,8,0-12
Female,49,No,0,0,1,No Offer,Yes,26.14,No,DSL,22,No,No,No,No,No,Yes,Yes,Yes,Month-to-Month,Yes,Bank Withdrawal,56.25,0.0,0,Yes,3065,5,0-12
Male,27,Yes,0,1,21,Offer D,Yes,21.83,Yes,Fiber Optic,59,No,No,Yes,Yes,Yes,Yes,Yes,Yes,Month-to-Month,Yes,Bank Withdrawal,106.1,0.0,0,Yes,3584,9,13-24
Female,62,No,0,0,1,Offer E,Yes,12.4,No,Fiber Optic,28,No,No,No,No,No,No,No,Yes,Month-to-Month,No,Bank Withdrawal,68.65,0.0,0,Yes,3052,3,0-12
Male,24,No,0,0,16,Offer D,Yes,21.04,No,No Internet Service,0,No,No,No,No,No,No,No,No,Month-to-Month,No,Bank Withdrawal,20.25,0.0,0,Yes,4327,1,13-24
Male,39,Yes,0,1,15,Offer D,Yes,34.63,Yes,Fiber Optic,15,No,No,No,No,No,No,No,Yes,Month-to-Month,Yes,Bank Withdrawal,74.9,0.0,0,Yes,2510,4,13-24
Female,51,No,0,0,1,Offer E,Yes,27.05,No,Fiber Optic,23,No,No,No,No,No,No,No,Yes,Month-to-Month,Yes,Bank Withdrawal,70.85,0.0,0,Yes,2874,3,0-12
Male,56,No,0,0,2,Offer E,Yes,37.72,No,Fiber Optic,27,No,No,No,No,No,No,No,Yes,Month-to-Month,Yes,Credit Card,69.8,0.0,0,Yes,2320,3,0-12
Male,30,Yes,0,1,55,No Offer,No,0.0,No,DSL,42,No,No,Yes,Yes,Yes,Yes,Yes,No,Month-to-Month,Yes,Bank Withdrawal,54.55,0.0,50,Yes,6041,6,49-72
Female,57,No,0,0,7,Offer E,Yes,23.35,No,DSL,6,No,No,No,Yes,Yes,Yes,Yes,Yes,Month-to-Month,Yes,Credit Card,70.75,0.0,0,Yes,2248,7,0-12
Female,26,Yes,0,1,13,No Offer,Yes,43.56,Yes,Fiber Optic,52,No,Yes,Yes,No,Yes,No,No,Yes,Month-to-Month,No,Bank Withdrawal,94.1,0.0,0,Yes,2973,7,13-24
Female,46,Yes,2,1,3,Offer E,No,0.0,No,Cable,15,Yes,No,No,No,No,No,No,Yes,Month-to-Month,No,Credit Card,29.7,0.0,0,Yes,2613,3,0-12
Female,60,Yes,0,1,38,No Offer,Yes,19.08,Yes,Fiber Optic,4,No,No,Yes,Yes,Yes,Yes,Yes,Yes,Month-to-Month,Yes,Bank Withdrawal,105.0,0.0,0,Yes,2341,9,25-48
Male,20,No,3,0,1,No Offer,No,0.0,No,Cable,51,No,No,No,No,No,No,No,No,Month-to-Month,Yes,Bank Withdrawal,25.3,0.0,10,Yes,5421,1,0-12
Male,22,No,0,0,22,No Offer,Yes,33.53,No,DSL,59,No,Yes,No,Yes,No,No,No,Yes,One Year,Yes,Credit Card,55.15,0.0,0,Yes,5866,5,13-24
Male,25,No,0,0,1,No Offer,Yes,4.11,No,No Internet Service,0,No,No,No,No,No,No,No,No,Month-to-Month,Yes,Mailed Check,20.1,0.0,0,Yes,4389,1,0-12
Male,49,Yes,0,0,1,No Offer,Yes,4.99,No,Fiber Optic,28,No,No,No,No,No,No,No,Yes,Month-to-Month,Yes,Mailed Check,69.9,0.0,0,Yes,2100,3,0-12
Male,39,No,0,0,43,No Offer,Yes,49.64,Yes,Fiber Optic,27,No,Yes,No,No,Yes,Yes,Yes,Yes,Month-to-Month,Yes,Bank Withdrawal,101.4,0.0,0,Yes,3370,8,25-48
Male,34,No,0,0,1,No Offer,Yes,41.77,No,Fiber Optic,15,No,No,No,No,No,Yes,Yes,Yes,Month-to-Month,Yes,Bank Withdrawal,80.8,0.0,0,Yes,4424,5,0-12
Male,44,No,0,0,2,No Offer,Yes,37.29,Yes,Cable,20,No,No,No,No,No,Yes,Yes,Yes,Month-to-Month,No,Bank Withdrawal,62.05,0.0,0,Yes,5344,6,0-12
Female,19,Yes,0,1,34,No Offer,Yes,41.32,Yes,Cable,71,Yes,Yes,No,Yes,No,No,No,Yes,Month-to-Month,No,Bank Withdrawal,62.65,0.0,0,Yes,3918,7,25-48
Female,33,No,0,0,1,No Offer,Yes,13.61,Yes,Fiber Optic,25,No,No,No,No,No,No,No,Yes,Month-to-Month,Yes,Bank Withdrawal,74.5,0.0,0,Yes,2016,4,0-12
Female,31,Yes,0,1,10,No Offer,Yes,32.07,Yes,Fiber Optic,22,No,Yes,Yes,No,Yes,Yes,Yes,Yes,Month-to-Month,Yes,Credit Card,102.1,0.0,0,Yes,3596,9,0-12
Female,21,No,0,0,16,No Offer,Yes,14.26,No,DSL,53,Yes,No,No,No,No,No,No,Yes,Month-to-Month,Yes,Bank Withdrawal,50.15,0.0,0,Yes,4254,4,13-24
Female,62,Yes,0,1,7,No Offer,Yes,22.61,Yes,Fiber Optic,11,No,No,No,No,Yes,No,No,No,Month-to-Month,Yes,Bank Withdrawal,86.5,0.0,20,Yes,3887,4,0-12
Male,54,Yes,0,1,1,No Offer,Yes,2.2,No,Fiber Optic,30,No,No,No,No,No,No,No,Yes,Month-to-Month,Yes,Bank Withdrawal,69.15,0.0,0,Yes,4179,3,0-12
Female,40,No,0,0,9,No Offer,Yes,45.41,No,Fiber Optic,23,No,No,No,No,No,Yes,Yes,Yes,Month-to-Month,Yes,Bank Withdrawal,79.55,0.0,0,Yes,3246,5,0-12
Female,47,No,0,0,48,No Offer,Yes,29.54,No,Fiber Optic,29,No,Yes,Yes,Yes,Yes,No,No,Yes,Two Year,Yes,Credit Card,95.5,0.0,0,Yes,2459,7,25-48
Female,28,No,0,0,2,No Offer,No,0.0,No,DSL,48,No,No,No,No,Yes,Yes,Yes,No,Month-to-Month,Yes,Bank Withdrawal,45.25,0.0,10,Yes,4566,4,0-12
Female,55,Yes,0,1,3,No Offer,Yes,16.29,Yes,Fiber Optic,24,No,No,No,No,No,No,No,Yes,Month-to-Month,Yes,Credit Card,74.1,0.0,0,Yes,5657,4,0-12
Male,27,No,0,0,3,No Offer,Yes,34.49,Yes,Fiber Optic,52,No,No,No,No,No,No,Yes,Yes,Month-to-Month,No,Credit Card,75.0,0.0,0,Yes,3190,5,0-12
Male,50,No,0,0,12,No Offer,Yes,46.58,No,DSL,26,No,No,No,Yes,No,No,No,No,Month-to-Month,No,Bank Withdrawal,50.25,0.0,120,Yes,3624,3,0-12
Female,46,No,0,0,12,No Offer,Yes,25.54,No,Fiber Optic,27,No,No,Yes,No,Yes,Yes,Yes,Yes,Month-to-Month,Yes,Bank Withdrawal,96.0,0.0,0,Yes,5239,7,0-12
Female,38,No,0,0,54,No Offer,Yes,41.83,Yes,Fiber Optic,9,No,No,No,Yes,Yes,Yes,Yes,Yes,Month-to-Month,Yes,Bank Withdrawal,100.1,0.0,0,Yes,5763,8,49-72
Female,38,Yes,3,5,4,No Offer,Yes,42.71,No,DSL,56,No,Yes,No,Yes,No,No,No,Yes,Month-to-Month,No,Credit Card,56.5,0.0,0,Yes,5758,5,0-12
Male,51,Yes,0,1,51,No Offer,No,0.0,No,DSL,2,Yes,Yes,Yes,No,Yes,Yes,Yes,Yes,One Year,No,Bank Withdrawal,59.3,0.0,0,Yes,5633,8,49-72
Male,44,No,2,0,4,No Offer,Yes,9.77,No,Cable,16,Yes,No,No,No,No,No,No,No,Month-to-Month,Yes,Bank Withdrawal,49.4,0.0,10,Yes,4455,3,0-12
Male,60,No,0,0,35,No Offer,Yes,48.93,No,Cable,14,No,No,No,No,Yes,No,No,Yes,Month-to-Month,No,Credit Card,55.0,0.0,0,Yes,2220,4,25-48
Female,51,No,0,0,1,No Offer,Yes,10.08,No,Fiber Optic,18,No,No,No,No,No,No,No,Yes,Month-to-Month,Yes,Bank Withdrawal,69.2,0.0,0,Yes,2637,3,0-12
Male,46,No,0,0,38,No Offer,Yes,46.21,No,Cable,14,No,No,Yes,Yes,No,Yes,Yes,Yes,One Year,Yes,Credit Card,62.3,0.0,0,Yes,3818,7,25-48
Male,53,No,0,0,3,Offer E,Yes,39.38,No,Fiber Optic,23,No,No,No,No,No,No,No,Yes,Month-to-Month,No,Bank Withdrawal,69.65,0.0,0,Yes,2421,3,0-12
Male,44,No,0,0,61,No Offer,Yes,7.82,Yes,Fiber Optic,11,Yes,No,Yes,Yes,Yes,Yes,Yes,Yes,Two Year,Yes,Credit Card,111.6,0.0,0,Yes,4495,10,49-72
Female,43,No,0,0,11,No Offer,Yes,19.01,No,DSL,8,Yes,No,No,No,No,No,No,No,Month-to-Month,No,Credit Card,48.55,0.0,130,Yes,4444,3,0-12
Female,62,No,0,0,1,Offer E,Yes,48.25,No,No Internet Service,0,No,No,No,No,No,No,No,No,Month-to-Month,Yes,Credit Card,20.2,0.0,0,Yes,4197,1,0-12
Male,50,No,0,0,19,No Offer,No,0.0,No,DSL,21,No,No,Yes,No,Yes,No,No,Yes,Month-to-Month,Yes,Bank Withdrawal,39.65,0.0,0,Yes,2933,4,13-24
Male,57,No,0,0,56,No Offer,Yes,2.58,Yes,No Internet Service,0,No,No,No,No,No,No,No,No,One Year,No,Bank Withdrawal,24.9,0.0,0,Yes,5327,2,49-72
Male,62,Yes,3,1,2,No Offer,Yes,5.67,Yes,DSL,53,Yes,No,No,No,No,No,No,Yes,Month-to-Month,No,Credit Card,56.7,0.0,0,Yes,5560,5,0-12
Female,59,Yes,0,3,14,No Offer,Yes,5.63,No,Fiber Optic,23,Yes,Yes,No,Yes,Yes,Yes,Yes,Yes,One Year,No,Credit Card,105.95,0.0,0,Yes,5887,9,13-24
Male,56,No,0,0,15,No Offer,No,0.0,No,DSL,29,No,No,No,Yes,No,No,No,No,Month-to-Month,Yes,Bank Withdrawal,29.7,0.0,90,Yes,5518,2,13-24
Male,40,Yes,0,1,1,Offer E,No,0.0,No,DSL,20,No,No,Yes,No,Yes,Yes,Yes,Yes,Month-to-Month,Yes,Bank Withdrawal,50.35,0.0,0,Yes,4526,6,0-12
Female,61,Yes,0,5,64,No Offer,No,0.0,No,DSL,27,Yes,No,Yes,Yes,No,Yes,Yes,Yes,Two Year,No,Bank Withdrawal,47.85,0.0,0,Yes,6347,7,49-72
Male,32,No,0,0,1,Offer E,Yes,5.67,No,Fiber Optic,7,No,No,No,No,No,No,No,Yes,Month-to-Month,Yes,Bank Withdrawal,70.3,0.0,0,Yes,4512,3,0-12
Female,34,No,0,0,18,No Offer,Yes,36.49,Yes,Fiber Optic,3,No,No,No,Yes,Yes,Yes,Yes,Yes,Month-to-Month,Yes,Bank Withdrawal,99.85,0.0,0,Yes,3068,8,13-24
Male,22,No,0,0,7,Offer E,Yes,30.61,Yes,Fiber Optic,59,No,No,No,No,No,Yes,Yes,Yes,Month-to-Month,Yes,Bank Withdrawal,86.8,0.0,0,Yes,3780,6,0-12
Male,31,No,0,0,13,No Offer,Yes,24.14,Yes,Fiber Optic,21,No,No,No,Yes,Yes,Yes,Yes,Yes,Month-to-Month,Yes,Credit Card,99.0,0.0,0,Yes,3493,8,13-24
Female,45,No,0,0,11,No Offer,Yes,48.64,Yes,Fiber Optic,28,No,No,Yes,No,Yes,Yes,Yes,Yes,Month-to-Month,Yes,Bank Withdrawal,100.75,0.0,0,Yes,2229,8,0-12
Female,58,Yes,0,1,9,Offer E,Yes,22.0,Yes,Fiber Optic,7,Yes,Yes,Yes,No,No,No,No,Yes,Month-to-Month,No,Bank Withdrawal,91.75,0.0,0,Yes,4176,7,0-12
Female,56,No,0,0,1,Offer E,Yes,5.1,Yes,Fiber Optic,10,No,No,Yes,No,No,No,No,Yes,Month-to-Month,Yes,Credit Card,79.55,0.0,0,Yes,5571,5,0-12
Female,56,No,0,0,54,No Offer,Yes,46.74,Yes,Fiber Optic,16,No,Yes,Yes,Yes,Yes,Yes,Yes,No,Month-to-Month,No,Bank Withdrawal,111.1,0.0,50,Yes,5527,9,49-72
Female,36,Yes,0,1,25,No Offer,Yes,23.24,Yes,Fiber Optic,25,No,No,Yes,No,No,Yes,Yes,Yes,Month-to-Month,Yes,Bank Withdrawal,89.1,0.0,0,Yes,4793,7,25-48
Female,22,No,0,0,37,No Offer,Yes,24.04,Yes,Fiber Optic,59,No,Yes,Yes,No,Yes,Yes,Yes,Yes,Month-to-Month,Yes,Bank Withdrawal,101.9,0.0,0,Yes,4437,9,25-48
Female,61,Yes,1,1,14,No Offer,Yes,9.13,Yes,Fiber Optic,12,No,No,No,Yes,Yes,No,No,Yes,Month-to-Month,Yes,Bank Withdrawal,91.65,0.0,0,Yes,4304,6,13-24
Male,56,No,0,0,1,No Offer,Yes,5.59,Yes,Fiber Optic,2,No,No,No,No,Yes,Yes,Yes,Yes,Month-to-Month,Yes,Bank Withdrawal,95.45,0.0,0,Yes,5962,7,0-12
Male,54,No,0,0,13,Offer D,Yes,5.43,No,Fiber Optic,26,No,No,No,No,Yes,Yes,Yes,No,Month-to-Month,Yes,Bank Withdrawal,91.1,0.0,80,Yes,5347,5,13-24
Female,60,Yes,0,1,45,No Offer,Yes,42.04,No,Cable,26,No,Yes,No,Yes,No,No,No,Yes,One Year,Yes,Credit Card,54.15,0.0,0,Yes,2761,5,25-48
Female,64,No,0,0,1,No Offer,Yes,21.52,No,Fiber Optic,25,No,No,No,No,No,No,No,Yes,Month-to-Month,No,Bank Withdrawal,69.7,0.0,0,Yes,4620,3,0-12
Female,58,No,0,0,6,Offer E,Yes,47.92,No,Fiber Optic,25,No,No,No,No,Yes,Yes,Yes,Yes,Month-to-Month,Yes,Bank Withdrawal,89.5,0.0,0,Yes,2898,6,0-12
Male,61,Yes,0,1,3,Offer E,No,0.0,No,Cable,13,No,No,No,No,No,Yes,Yes,Yes,Month-to-Month,Yes,Bank Withdrawal,35.15,0.0,0,Yes,2987,4,0-12
Male,27,No,1,0,12,Offer D,Yes,14.96,Yes,Fiber Optic,59,No,No,No,No,No,No,Yes,Yes,Month-to-Month,Yes,Credit Card,73.75,0.0,0,Yes,2010,5,0-12
Female,55,Yes,3,1,6,Offer E,Yes,14.51,No,Cable,20,Yes,Yes,No,No,No,No,No,No,Month-to-Month,No,Credit Card,55.9,0.0,30,Yes,4914,4,0-12
Female,55,No,0,0,1,Offer E,Yes,34.48,No,Cable,9,No,No,No,No,No,No,No,Yes,Month-to-Month,No,Credit Card,43.95,0.0,0,Yes,3238,3,0-12
Male,27,No,0,0,1,Offer E,Yes,11.06,No,DSL,58,No,No,No,No,No,No,Yes,Yes,Month-to-Month,Yes,Bank Withdrawal,45.1,0.0,0,Yes,4884,4,0-12
Female,25,No,0,0,41,No Offer,Yes,40.78,No,Fiber Optic,41,No,No,No,No,No,No,Yes,Yes,Month-to-Month,No,Bank Withdrawal,70.25,0.0,0,Yes,3407,4,25-48
Male,40,No,3,0,9,Offer E,Yes,41.02,No,DSL,27,No,No,No,No,Yes,No,No,Yes,Month-to-Month,No,Bank Withdrawal,55.35,0.0,0,Yes,2688,4,0-12
Female,47,Yes,0,1,33,No Offer,Yes,15.66,No,Fiber Optic,24,Yes,No,Yes,Yes,Yes,Yes,Yes,No,One Year,Yes,Bank Withdrawal,103.75,0.0,100,Yes,3824,8,25-48
Male,57,No,0,0,1,No Offer,Yes,22.03,No,Fiber Optic,26,No,No,No,No,No,No,No,Yes,Month-to-Month,Yes,Bank Withdrawal,69.35,0.0,0,Yes,2843,3,0-12
Female,22,No,0,0,56,No Offer,Yes,35.59,No,Fiber Optic,69,No,Yes,No,No,No,No,Yes,Yes,Month-to-Month,Yes,Bank Withdrawal,73.85,0.0,0,Yes,5276,5,49-72
Female,33,Yes,0,1,3,No Offer,Yes,15.02,Yes,Fiber Optic,29,No,No,No,No,No,No,No,Yes,Month-to-Month,Yes,Credit Card,75.15,0.0,0,Yes,2270,4,0-12
Male,27,No,0,0,1,No Offer,Yes,46.21,No,Fiber Optic,58,No,No,No,No,No,No,Yes,Yes,Month-to-Month,Yes,Bank Withdrawal,69.6,0.0,0,Yes,2072,4,0-12
Male,57,Yes,1,1,5,No Offer,Yes,11.54,Yes,Fiber Optic,19,No,Yes,No,No,No,No,No,Yes,Month-to-Month,Yes,Bank Withdrawal,80.15,0.0,0,Yes,5124,5,0-12
Female,37,Yes,1,1,1,No Offer,No,0.0,No,DSL,19,Yes,No,No,No,No,No,No,Yes,Month-to-Month,No,Bank Withdrawal,30.5,0.0,0,Yes,5171,3,0-12
Male,34,Yes,0,1,70,Offer A,Yes,29.59,Yes,Fiber Optic,3,No,Yes,No,No,Yes,Yes,Yes,No,Two Year,No,Bank Withdrawal,98.3,0.0,20,Yes,4794,7,49-72
Female,20,No,0,0,48,No Offer,Yes,5.19,Yes,Fiber Optic,47,No,Yes,Yes,No,Yes,Yes,Yes,Yes,Month-to-Month,Yes,Bank Withdrawal,107.4,0.0,0,Yes,4956,9,25-48
Female,55,Yes,0,1,24,No Offer,Yes,17.73,Yes,Fiber Optic,29,No,No,No,No,No,No,No,Yes,Month-to-Month,Yes,Credit Card,75.4,0.0,0,Yes,2325,4,13-24
Male,22,No,0,0,1,No Offer,Yes,19.85,No,No Internet Service,0,No,No,No,No,No,No,No,No,Month-to-Month,No,Credit Card,20.5,0.0,0,Yes,3731,1,0-12
Male,52,No,0,0,4,No Offer,Yes,47.82,Yes,Fiber Optic,13,No,No,No,No,No,No,No,Yes,Month-to-Month,Yes,Bank Withdrawal,74.35,0.0,0,Yes,3622,4,0-12
Female,63,Yes,0,1,30,No Offer,Yes,7.01,Yes,Fiber Optic,24,No,Yes,No,Yes,Yes,No,No,Yes,Month-to-Month,Yes,Credit Card,94.1,0.0,0,Yes,5255,7,25-48
Female,53,No,0,0,8,No Offer,Yes,29.66,Yes,Fiber Optic,12,No,No,No,No,Yes,Yes,Yes,Yes,Month-to-Month,No,Bank Withdrawal,95.65,0.0,0,Yes,5335,7,0-12
Female,49,Yes,0,1,41,No Offer,Yes,32.02,No,DSL,28,No,Yes,No,Yes,No,Yes,Yes,Yes,One Year,Yes,Bank Withdrawal,66.5,0.0,0,Yes,2517,7,25-48
Male,29,No,0,0,3,No Offer,No,0.0,No,DSL,85,Yes,Yes,No,No,No,No,No,Yes,Month-to-Month,Yes,Credit Card,35.45,0.0,0,Yes,2095,4,0-12
Male,63,No,0,0,3,No Offer,Yes,46.57,No,Cable,16,No,Yes,No,No,No,No,No,Yes,Month-to-Month,Yes,Credit Card,49.9,0.0,0,Yes,5585,4,0-12
Male,51,No,0,0,40,No Offer,Yes,37.69,Yes,Fiber Optic,15,No,Yes,Yes,No,Yes,Yes,Yes,Yes,Month-to-Month,Yes,Credit Card,104.5,0.0,0,Yes,2832,9,25-48
Male,47,No,0,0,23,Offer D,Yes,18.7,Yes,Fiber Optic,24,No,No,Yes,No,No,No,No,Yes,Month-to-Month,Yes,Bank Withdrawal,81.0,0.0,0,Yes,5701,5,13-24
Female,28,No,0,0,4,No Offer,Yes,18.03,No,Cable,59,Yes,Yes,No,Yes,No,No,No,Yes,Month-to-Month,Yes,Credit Card,60.4,0.0,0,Yes,5730,6,0-12
Male,64,Yes,2,1,1,No Offer,Yes,37.68,No,Fiber Optic,26,No,No,No,No,No,No,No,Yes,Month-to-Month,Yes,Credit Card,70.65,0.0,0,Yes,3463,3,0-12
Male,44,No,0,0,12,Offer D,Yes,9.6,No,Cable,23,No,No,No,Yes,Yes,No,No,Yes,One Year,Yes,Bank Withdrawal,59.8,0.0,0,Yes,4581,5,0-12
Female,40,No,0,0,9,No Offer,Yes,41.92,No,Cable,29,No,No,No,No,No,No,No,Yes,Month-to-Month,Yes,Bank Withdrawal,44.2,0.0,0,Yes,2029,3,0-12
Female,28,No,0,0,67,Offer A,Yes,37.5,Yes,Fiber Optic,30,Yes,Yes,Yes,No,Yes,No,No,Yes,Month-to-Month,Yes,Credit Card,102.95,0.0,0,Yes,5620,8,49-72
Female,36,Yes,0,0,1,Offer E,No,0.0,No,DSL,10,No,Yes,No,No,No,No,No,Yes,Month-to-Month,Yes,Bank Withdrawal,29.85,0.0,0,No,3964,3,0-12
Male,46,No,0,0,34,No Offer,Yes,17.09,No,DSL,16,Yes,No,Yes,No,No,No,No,Yes,One Year,No,Mailed Check,56.95,0.0,0,No,3441,5,25-48
Male,53,No,0,0,45,No Offer,No,0.0,No,DSL,10,Yes,No,Yes,Yes,No,No,No,Yes,One Year,No,Bank Withdrawal,42.3,0.0,0,No,4307,5,25-48
Male,42,No,3,0,22,Offer D,Yes,29.54,Yes,Fiber Optic,53,No,Yes,No,No,Yes,No,No,Yes,Month-to-Month,Yes,Credit Card,89.1,0.0,0,No,4459,6,13-24
Female,42,No,0,0,10,Offer D,No,0.0,No,DSL,8,Yes,No,No,No,No,No,No,Yes,Month-to-Month,No,Mailed Check,29.75,0.0,0,No,2013,3,0-12
Male,48,No,0,0,62,Offer B,Yes,7.96,No,DSL,8,Yes,Yes,No,No,No,No,No,Yes,One Year,No,Bank Withdrawal,56.15,0.0,0,No,4529,5,49-72
Male,37,Yes,2,1,13,Offer D,Yes,29.68,No,DSL,22,Yes,No,No,No,No,No,No,No,Month-to-Month,Yes,Mailed Check,49.95,0.0,150,No,5764,3,13-24
Male,21,No,0,0,16,Offer D,Yes,32.62,No,No Internet Service,0,No,No,No,No,No,No,No,No,Two Year,No,Credit Card,18.95,0.0,0,No,4726,1,13-24
Male,39,Yes,0,7,58,Offer B,Yes,5.69,Yes,Fiber Optic,10,No,No,Yes,No,Yes,Yes,Yes,Yes,One Year,No,Credit Card,100.35,0.0,0,No,6432,8,49-72
Male,27,No,0,0,25,No Offer,Yes,10.4,No,Fiber Optic,48,Yes,No,Yes,Yes,Yes,Yes,Yes,Yes,Month-to-Month,Yes,Bank Withdrawal,105.5,0.0,0,No,5822,9,25-48
Female,48,Yes,0,7,69,Offer A,Yes,33.23,Yes,Fiber Optic,3,Yes,Yes,Yes,Yes,Yes,Yes,Yes,Yes,Two Year,No,Credit Card,113.25,0.0,0,No,5141,11,49-72
Female,57,No,0,0,52,Offer B,Yes,22.55,No,No Internet Service,0,No,No,No,No,No,No,No,No,One Year,No,Mailed Check,20.65,0.0,0,No,5186,1,49-72
Male,61,No,0,0,71,No Offer,Yes,14.67,Yes,Fiber Optic,7,Yes,No,Yes,No,Yes,Yes,Yes,Yes,Two Year,No,Bank Withdrawal,106.7,0.0,0,No,4479,9,49-72
Female,30,No,0,0,21,Offer D,Yes,6.49,No,Fiber Optic,73,No,Yes,Yes,No,No,Yes,Yes,No,Month-to-Month,Yes,Bank Withdrawal,90.05,0.0,30,No,5982,6,13-24
Male,45,Yes,0,10,12,Offer D,Yes,11.04,No,No Internet Service,0,No,No,No,No,No,No,No,No,One Year,No,Bank Withdrawal,19.8,0.0,0,No,5279,1,0-12
Female,25,Yes,0,1,58,Offer B,Yes,48.98,Yes,Cable,76,No,Yes,No,Yes,No,No,No,Yes,Two Year,Yes,Credit Card,59.9,0.0,0,No,6407,6,49-72
Male,42,Yes,2,3,49,Offer B,Yes,5.29,No,Cable,30,Yes,Yes,No,Yes,No,No,No,Yes,Month-to-Month,No,Credit Card,59.6,0.0,0,No,4986,6,49-72
Female,25,No,0,0,30,No Offer,Yes,19.41,No,Cable,27,Yes,Yes,No,No,No,No,No,Yes,Month-to-Month,Yes,Bank Withdrawal,55.3,0.0,0,No,2725,5,25-48
Male,36,Yes,0,9,72,No Offer,Yes,10.92,Yes,DSL,28,Yes,Yes,Yes,Yes,Yes,Yes,Yes,Yes,Two Year,Yes,Credit Card,90.25,0.0,0,No,5974,11,49-72
Female,46,Yes,0,5,27,No Offer,Yes,40.21,No,DSL,13,Yes,Yes,Yes,Yes,No,No,No,Yes,One Year,No,Credit Card,66.15,0.0,0,No,3213,7,25-48
Male,35,No,0,0,1,Offer E,Yes,24.48,No,No Internet Service,0,No,No,No,No,No,No,No,No,Month-to-Month,No,Bank Withdrawal,20.2,0.0,0,No,5526,1,0-12
Female,60,Yes,0,7,72,No Offer,Yes,23.66,Yes,Fiber Optic,26,Yes,Yes,No,Yes,Yes,No,No,Yes,Two Year,No,Bank Withdrawal,99.9,0.0,0,No,5915,8,49-72
Female,19,No,0,0,46,Offer B,Yes,42.44,No,Fiber Optic,69,No,No,Yes,No,No,No,No,Yes,Month-to-Month,Yes,Credit Card,74.8,0.0,0,No,3395,4,25-48
Male,53,Yes,0,6,10,Offer D,Yes,26.17,No,DSL,7,No,Yes,No,No,No,No,No,Yes,One Year,No,Credit Card,49.55,0.0,0,No,2392,4,0-12
Female,52,Yes,0,8,70,No Offer,Yes,29.38,Yes,DSL,23,Yes,Yes,No,No,Yes,No,No,No,Two Year,Yes,Credit Card,69.2,0.0,80,No,4715,6,49-72
Female,28,Yes,0,8,17,Offer D,Yes,8.74,No,No Internet Service,0,No,No,No,No,No,No,No,No,One Year,No,Credit Card,20.75,0.0,0,No,3646,1,13-24
Female,36,No,0,0,63,Offer B,Yes,12.82,Yes,DSL,17,Yes,Yes,Yes,Yes,Yes,No,No,Yes,Two Year,Yes,Credit Card,79.85,0.0,0,No,4595,9,49-72
Female,42,Yes,0,1,13,Offer D,Yes,11.79,Yes,DSL,29,Yes,Yes,No,Yes,Yes,No,No,Yes,Month-to-Month,Yes,Bank Withdrawal,76.2,0.0,0,No,2569,8,13-24
Female,49,No,0,0,49,Offer B,Yes,27.2,Yes,Fiber Optic,24,No,No,No,No,No,Yes,Yes,Yes,Month-to-Month,Yes,Bank Withdrawal,84.5,0.0,0,No,6434,6,49-72
Male,22,No,0,0,2,No Offer,Yes,40.75,No,DSL,71,No,Yes,No,No,No,No,No,Yes,Month-to-Month,No,Credit Card,49.25,0.0,0,No,3805,4,0-12
Male,23,No,0,0,52,Offer B,Yes,29.16,Yes,Cable,73,Yes,No,No,Yes,Yes,Yes,Yes,Yes,Two Year,Yes,Credit Card,79.75,0.0,0,No,4142,9,49-72
Female,64,Yes,0,7,69,No Offer,Yes,39.88,Yes,Cable,17,Yes,No,Yes,Yes,No,No,No,No,Two Year,Yes,Credit Card,64.15,0.0,40,No,5128,6,49-72
Female,44,Yes,0,2,63,Offer B,Yes,1.43,Yes,Fiber Optic,16,Yes,No,No,No,Yes,Yes,Yes,Yes,One Year,Yes,Credit Card,99.65,0.0,0,No,4572,8,49-72
Female,61,Yes,0,10,34,No Offer,Yes,25.21,Yes,No Internet Service,0,No,No,No,No,No,No,No,No,Two Year,No,Credit Card,24.95,0.0,0,No,5408,2,25-48
Female,40,No,0,0,72,No Offer,Yes,9.47,Yes,Fiber Optic,21,No,No,Yes,Yes,Yes,Yes,Yes,No,Two Year,Yes,Credit Card,107.5,0.0,60,No,4708,8,49-72
Female,34,Yes,0,3,47,Offer B,Yes,38.15,Yes,Fiber Optic,14,No,No,Yes,No,Yes,Yes,Yes,Yes,Month-to-Month,Yes,Bank Withdrawal,100.5,0.0,0,No,4488,8,25-48
Male,27,No,0,0,60,Offer B,Yes,42.88,Yes,Fiber Optic,52,No,Yes,No,No,Yes,No,No,Yes,Month-to-Month,Yes,Bank Withdrawal,89.9,0.0,0,No,6292,6,49-72
Male,36,Yes,0,7,72,Offer A,No,0.0,No,Cable,17,Yes,Yes,Yes,No,No,No,No,Yes,Two Year,No,Bank Withdrawal,42.1,0.0,0,No,6091,5,49-72
Female,43,Yes,0,2,18,Offer D,Yes,44.97,No,Cable,7,No,No,Yes,Yes,No,No,No,Yes,One Year,Yes,Credit Card,54.4,0.0,0,No,4948,5,13-24
Female,53,No,0,0,3,Offer E,Yes,38.99,No,DSL,20,No,Yes,No,Yes,Yes,Yes,Yes,Yes,Month-to-Month,Yes,Bank Withdrawal,75.3,0.0,0,No,5387,8,0-12
Male,32,Yes,0,8,47,Offer B,Yes,39.52,Yes,Fiber Optic,30,No,Yes,No,No,No,No,No,Yes,One Year,Yes,Bank Withdrawal,78.9,0.0,0,No,3817,5,25-48
Female,61,No,0,0,31,No Offer,Yes,25.57,No,DSL,27,No,Yes,Yes,Yes,Yes,Yes,Yes,No,Two Year,No,Credit Card,79.2,0.0,70,No,4984,8,25-48
Female,37,Yes,0,5,50,Offer B,Yes,26.95,No,No Internet Service,0,No,No,No,No,No,No,No,No,Two Year,No,Bank Withdrawal,20.15,0.0,0,No,5849,1,49-72
Male,29,No,0,0,10,No Offer,Yes,48.38,No,Fiber Optic,42,Yes,No,Yes,No,No,No,No,Yes,Month-to-Month,Yes,Credit Card,79.85,0.0,0,No,5983,5,0-12
Male,39,No,0,0,1,No Offer,Yes,25.77,No,Cable,5,No,No,No,Yes,No,No,No,Yes,Month-to-Month,No,Credit Card,49.05,0.0,0,No,3178,4,0-12
Female,24,Yes,0,3,52,Offer B,Yes,5.65,No,No Internet Service,0,No,No,No,No,No,No,No,No,One Year,Yes,Bank Withdrawal,20.4,0.0,0,No,5482,1,49-72
Male,40,Yes,0,4,62,Offer B,Yes,48.73,Yes,No Internet Service,0,No,No,No,No,No,No,No,No,Two Year,Yes,Bank Withdrawal,24.25,0.0,0,No,4444,2,49-72
Female,51,No,3,0,3,Offer E,Yes,39.55,No,DSL,56,Yes,No,No,Yes,No,Yes,Yes,No,Month-to-Month,Yes,Bank Withdrawal,64.5,0.0,60,No,5613,6,0-12
Female,50,No,0,0,46,Offer B,Yes,2.03,No,Cable,7,No,No,No,No,No,Yes,Yes,Yes,One Year,No,Credit Card,55.65,0.0,0,No,2867,5,25-48
Female,62,Yes,1,1,8,Offer E,Yes,38.78,No,DSL,18,Yes,Yes,No,No,No,No,No,Yes,Month-to-Month,No,Credit Card,54.65,0.0,0,No,5614,5,0-12
Female,48,Yes,0,4,45,Offer B,Yes,22.49,Yes,No Internet Service,0,No,No,No,No,No,No,No,No,One Year,Yes,Credit Card,25.9,0.0,0,No,5741,2,25-48
Female,23,Yes,1,1,11,No Offer,No,0.0,No,Cable,41,Yes,No,No,No,Yes,Yes,Yes,Yes,Month-to-Month,No,Bank Withdrawal,50.55,0.0,0,No,3443,6,0-12
Female,38,No,0,0,42,Offer B,Yes,40.15,No,Fiber Optic,28,No,Yes,Yes,Yes,Yes,Yes,Yes,No,Month-to-Month,Yes,Bank Withdrawal,103.8,0.0,110,No,4005,8,25-48
Female,31,Yes,0,10,49,No Offer,Yes,2.82,No,No Internet Service,0,No,No,No,No,No,No,No,No,Two Year,Yes,Bank Withdrawal,20.15,0.0,0,No,5422,1,49-72
Male,30,No,0,0,9,Offer E,Yes,4.81,Yes,Fiber Optic,69,No,Yes,No,No,Yes,Yes,Yes,Yes,Month-to-Month,Yes,Credit Card,99.3,0.0,0,No,3540,8,0-12
Female,51,Yes,0,1,35,Offer C,Yes,24.53,No,DSL,30,Yes,No,No,No,Yes,No,No,Yes,One Year,Yes,Bank Withdrawal,62.15,0.0,0,No,5255,5,25-48
Female,24,Yes,0,10,48,No Offer,Yes,37.96,No,No Internet Service,0,No,No,No,No,No,No,No,No,Two Year,No,Bank Withdrawal,20.65,0.0,0,No,4124,1,25-48
Female,56,Yes,0,1,46,No Offer,Yes,30.47,No,No Internet Service,0,No,No,No,No,No,No,No,No,Two Year,Yes,Credit Card,19.95,0.0,0,No,5480,1,25-48
Male,47,Yes,0,4,29,Offer C,No,0.0,No,DSL,22,No,No,No,No,Yes,No,No,Yes,Month-to-Month,No,Credit Card,33.75,0.0,0,No,3664,3,25-48
Male,32,Yes,3,5,30,Offer C,Yes,6.19,No,Fiber Optic,21,No,Yes,Yes,No,No,No,No,No,Month-to-Month,No,Bank Withdrawal,82.05,0.0,120,No,5036,4,25-48
Male,57,Yes,0,0,66,Offer A,Yes,6.22,Yes,DSL,26,Yes,No,Yes,Yes,Yes,Yes,Yes,Yes,Two Year,Yes,Credit Card,84.0,0.0,0,No,5825,10,49-72
Female,50,No,0,0,65,No Offer,Yes,41.78,Yes,Fiber Optic,14,Yes,Yes,Yes,No,Yes,Yes,Yes,Yes,Month-to-Month,Yes,Credit Card,111.05,0.0,0,No,5261,10,49-72
Male,52,No,0,0,72,Offer A,Yes,24.53,Yes,Fiber Optic,12,No,Yes,Yes,No,Yes,Yes,Yes,Yes,Two Year,Yes,Bank Withdrawal,100.9,0.0,0,No,5781,9,49-72
Male,50,Yes,0,1,71,Offer A,Yes,4.85,Yes,DSL,26,Yes,Yes,No,Yes,No,No,No,Yes,One Year,Yes,Credit Card,66.85,0.0,0,No,4117,7,49-72
Male,62,No,0,0,52,No Offer,Yes,28.3,No,No Internet Service,0,No,No,No,No,No,No,No,No,Two Year,No,Bank Withdrawal,21.0,0.0,0,No,4158,1,49-72
Male,19,No,0,0,1,Offer E,Yes,41.1,No,No Internet Service,0,No,No,No,No,No,No,No,No,Month-to-Month,No,Credit Card,20.2,0.0,0,No,2710,1,0-12
Female,38,Yes,2,1,1,Offer E,Yes,16.44,No,No Internet Service,0,No,No,No,No,No,No,No,No,Month-to-Month,No,Bank Withdrawal,19.45,0.0,0,No,5612,1,0-12
Male,34,No,0,0,38,Offer C,Yes,3.95,Yes,Fiber Optic,21,No,No,Yes,Yes,Yes,No,No,Yes,One Year,No,Bank Withdrawal,95.0,0.0,0,No,4741,7,25-48
Male,35,No,0,0,5,Offer E,No,0.0,No,DSL,21,No,No,No,No,No,No,No,Yes,Month-to-Month,No,Credit Card,24.3,0.0,0,No,4015,2,0-12
Female,25,Yes,0,1,72,Offer A,Yes,25.82,Yes,Fiber Optic,59,Yes,Yes,No,No,Yes,Yes,Yes,Yes,One Year,Yes,Bank Withdrawal,104.15,0.0,0,No,4594,9,49-72
Female,60,No,0,0,32,Offer C,No,0.0,No,DSL,18,Yes,No,No,No,No,No,No,Yes,One Year,No,Credit Card,30.15,0.0,0,No,3585,3,25-48
Male,50,No,0,0,43,No Offer,Yes,41.22,Yes,Fiber Optic,7,No,No,No,No,Yes,Yes,Yes,Yes,One Year,No,Credit Card,94.35,0.0,0,No,5845,7,25-48
Male,38,Yes,0,1,72,Offer A,Yes,49.5,No,No Internet Service,0,No,No,No,No,No,No,No,No,Two Year,No,Credit Card,19.4,0.0,0,No,5234,1,49-72
Female,35,No,0,0,52,No Offer,Yes,33.84,No,DSL,5,Yes,No,Yes,Yes,No,No,No,Yes,One Year,No,Credit Card,57.95,0.0,0,No,6078,6,49-72
Female,36,No,0,0,43,No Offer,Yes,26.55,No,Fiber Optic,12,No,Yes,Yes,No,Yes,No,No,Yes,Month-to-Month,Yes,Bank Withdrawal,91.65,0.0,0,No,3826,6,25-48
Female,48,Yes,0,1,64,No Offer,No,0.0,No,DSL,30,No,Yes,No,Yes,Yes,Yes,Yes,Yes,Two Year,Yes,Bank Withdrawal,54.6,0.0,0,No,4850,7,49-72
Male,38,Yes,2,1,3,Offer E,Yes,33.3,No,Fiber Optic,12,Yes,Yes,No,No,Yes,No,No,Yes,Month-to-Month,No,Bank Withdrawal,89.85,0.0,0,No,4648,6,0-12
Female,61,No,0,0,36,Offer C,No,0.0,No,Cable,27,Yes,No,No,No,No,No,No,Yes,Two Year,No,Bank Withdrawal,31.05,0.0,0,No,4871,3,25-48
Female,53,No,0,0,41,No Offer,Yes,31.62,No,No Internet Service,0,No,No,No,No,No,No,No,No,Two Year,No,Credit Card,20.65,0.0,0,No,5918,1,25-48
Male,33,Yes,1,1,27,Offer C,Yes,48.17,Yes,Fiber Optic,15,No,Yes,No,Yes,No,No,No,No,Month-to-Month,Yes,Credit Card,85.2,0.0,30,No,3796,5,25-48
Female,27,Yes,0,1,56,No Offer,Yes,42.37,Yes,Fiber Optic,71,No,No,Yes,No,Yes,Yes,Yes,Yes,One Year,Yes,Credit Card,99.8,0.0,0,No,4606,8,49-72
Female,31,No,0,0,6,Offer E,Yes,7.72,No,No Internet Service,0,No,No,No,No,No,No,No,No,Month-to-Month,No,Credit Card,20.7,0.0,0,No,5346,1,0-12
Female,20,Yes,2,1,7,No Offer,Yes,25.64,No,DSL,71,Yes,No,No,No,No,No,No,Yes,Month-to-Month,No,Credit Card,50.7,0.0,0,No,3097,4,0-12
Female,27,Yes,1,1,4,No Offer,Yes,39.89,No,No Internet Service,0,No,No,No,No,No,No,No,No,Month-to-Month,No,Credit Card,20.85,0.0,0,No,3172,1,0-12
Male,59,No,0,0,33,Offer C,Yes,47.64,No,Fiber Optic,18,Yes,No,No,Yes,Yes,No,No,Yes,Two Year,Yes,Bank Withdrawal,88.95,0.0,0,No,5087,6,25-48
Male,46,Yes,0,1,72,Offer A,Yes,1.86,Yes,No Internet Service,0,No,No,No,No,No,No,No,No,Two Year,Yes,Bank Withdrawal,23.55,0.0,0,No,5901,2,49-72
Male,45,No,0,0,1,No Offer,Yes,15.77,No,No Internet Service,0,No,No,No,No,No,No,No,No,Month-to-Month,No,Credit Card,19.75,0.0,0,No,2484,1,0-12
Female,49,No,0,0,13,No Offer,Yes,29.21,Yes,Fiber Optic,22,No,No,No,No,No,Yes,Yes,Yes,Month-to-Month,Yes,Bank Withdrawal,85.95,0.0,0,No,5886,6,13-24
Male,60,No,0,0,67,Offer A,Yes,32.58,No,DSL,8,No,No,No,Yes,No,No,No,Yes,Two Year,No,Bank Withdrawal,50.55,0.0,0,No,6064,4,49-72
Female,42,No,0,0,43,No Offer,Yes,25.53,Yes,No Internet Service,0,No,No,No,No,No,No,No,No,Two Year,Yes,Credit Card,25.7,0.0,0,No,2017,2,25-48
Female,37,No,0,0,23,No Offer,Yes,24.04,No,Fiber Optic,22,Yes,No,No,No,No,No,No,Yes,Month-to-Month,Yes,Bank Withdrawal,75.0,0.0,0,No,2221,4,13-24
Female,23,Yes,0,1,64,No Offer,Yes,36.24,No,No Internet Service,0,No,No,No,No,No,No,No,No,Two Year,No,Credit Card,20.2,0.0,0,No,4557,1,49-72
Male,58,No,0,0,57,No Offer,Yes,5.71,No,No Internet Service,0,No,No,No,No,No,No,No,No,Two Year,Yes,Credit Card,19.6,0.0,0,No,4393,1,49-72
Female,35,Yes,0,2,61,No Offer,Yes,17.49,Yes,Fiber Optic,21,No,Yes,No,No,Yes,Yes,Yes,Yes,Two Year,Yes,Bank Withdrawal,101.05,0.0,0,No,6311,8,49-72
Male,34,No,0,0,64,No Offer,Yes,30.27,Yes,Fiber Optic,12,Yes,Yes,No,No,No,No,No,Yes,One Year,Yes,Credit Card,84.3,0.0,0,No,5044,6,49-72
Female,56,Yes,0,5,65,No Offer,Yes,13.2,Yes,Fiber Optic,13,Yes,Yes,No,Yes,Yes,No,No,Yes,Two Year,Yes,Credit Card,99.05,0.0,0,No,5878,8,49-72
Male,42,No,0,0,3,No Offer,Yes,35.65,No,No Internet Service,0,No,No,No,No,No,No,No,No,One Year,No,Credit Card,19.6,0.0,0,No,2543,1,0-12
Male,52,No,0,0,30,Offer C,Yes,27.88,No,Cable,6,No,Yes,Yes,No,Yes,No,No,No,One Year,No,Credit Card,64.5,0.0,0,No,4320,5,25-48
Male,50,Yes,1,1,15,No Offer,Yes,8.44,No,Cable,21,No,Yes,Yes,Yes,No,Yes,Yes,Yes,Month-to-Month,Yes,Credit Card,69.5,0.0,0,No,3128,8,13-24
Female,33,Yes,1,1,8,No Offer,Yes,29.94,No,Cable,17,No,No,No,Yes,Yes,Yes,Yes,Yes,Month-to-Month,Yes,Bank Withdrawal,68.55,0.0,0,No,3123,7,0-12
Female,27,Yes,0,4,70,Offer A,Yes,5.77,Yes,Fiber Optic,48,Yes,Yes,Yes,No,Yes,Yes,Yes,Yes,One Year,Yes,Credit Card,108.15,0.0,0,No,5192,10,49-72
Male,51,Yes,0,2,62,No Offer,Yes,43.2,No,DSL,23,Yes,Yes,Yes,Yes,Yes,Yes,Yes,Yes,Two Year,No,Bank Withdrawal,86.1,0.0,0,No,5769,10,49-72
Female,29,Yes,3,9,6,No Offer,Yes,5.52,No,No Internet Service,0,No,No,No,No,No,No,No,No,Month-to-Month,No,Credit Card,19.7,0.0,0,No,4293,1,0-12
Female,33,Yes,1,7,14,No Offer,Yes,40.22,No,Fiber Optic,19,No,No,No,No,No,Yes,Yes,Yes,Month-to-Month,Yes,Bank Withdrawal,80.9,0.0,0,No,2563,5,13-24
Female,23,No,0,0,22,No Offer,Yes,19.2,Yes,Fiber Optic,41,No,No,No,No,Yes,No,No,No,Month-to-Month,Yes,Bank Withdrawal,84.15,0.0,60,No,3549,4,13-24
Male,37,Yes,0,3,22,No Offer,Yes,48.06,No,No Internet Service,0,No,No,No,No,No,No,No,No,One Year,No,Credit Card,20.15,0.0,0,No,2173,1,13-24
Male,38,Yes,0,9,16,No Offer,Yes,23.31,No,DSL,27,Yes,No,Yes,No,Yes,No,No,Yes,Two Year,No,Credit Card,64.25,0.0,0,No,5511,6,13-24
Male,44,No,0,0,10,No Offer,Yes,32.1,Yes,No Internet Service,0,No,No,No,No,No,No,No,No,Two Year,No,Bank Withdrawal,25.7,0.0,0,No,3611,2,0-12
Female,63,No,1,0,13,No Offer,Yes,27.04,No,DSL,10,Yes,Yes,No,No,No,No,No,Yes,Month-to-Month,Yes,Bank Withdrawal,56.0,0.0,0,No,5156,5,13-24
Female,54,No,0,0,2,No Offer,Yes,15.67,No,Fiber Optic,8,No,No,No,No,No,No,No,Yes,Month-to-Month,Yes,Bank Withdrawal,69.7,0.0,0,No,3056,3,0-12
Male,35,No,0,0,53,No Offer,Yes,6.54,Yes,DSL,4,No,Yes,Yes,Yes,No,Yes,Yes,Yes,Two Year,Yes,Bank Withdrawal,73.9,0.0,0,No,5644,9,49-72
Female,21,Yes,0,7,11,No Offer,Yes,1.92,No,No Internet Service,0,No,No,No,No,No,No,No,No,One Year,No,Credit Card,20.6,0.0,0,No,4047,1,0-12
Male,40,Yes,0,3,69,Offer A,Yes,30.86,No,No Internet Service,0,No,No,No,No,No,No,No,No,Two Year,No,Credit Card,19.9,0.0,0,No,5570,1,49-72
Male,39,Yes,0,7,72,Offer A,Yes,6.05,Yes,Cable,30,Yes,Yes,Yes,Yes,Yes,Yes,Yes,Yes,Two Year,Yes,Bank Withdrawal,89.05,0.0,0,No,6212,11,49-72
Female,59,Yes,2,3,16,Offer D,Yes,45.54,No,No Internet Service,0,No,No,No,No,No,No,No,No,Month-to-Month,No,Bank Withdrawal,20.4,0.0,0,No,3990,1,13-24
Male,61,Yes,0,6,43,No Offer,Yes,15.2,No,Fiber Optic,21,Yes,No,Yes,Yes,No,No,No,Yes,One Year,Yes,Bank Withdrawal,84.25,0.0,0,No,4382,6,25-48
Male,48,Yes,0,3,14,Offer D,Yes,5.17,No,Cable,25,No,Yes,Yes,Yes,Yes,Yes,Yes,Yes,Two Year,No,Credit Card,81.95,0.0,0,No,2564,9,13-24
Female,61,No,0,0,32,Offer C,Yes,35.97,No,No Internet Service,0,No,No,No,No,No,No,No,No,One Year,No,Bank Withdrawal,20.55,0.0,0,No,5358,1,25-48
Female,49,Yes,0,5,34,Offer C,Yes,11.52,Yes,No Internet Service,0,No,No,No,No,No,No,No,No,Month-to-Month,No,Bank Withdrawal,24.7,0.0,0,No,3421,2,25-48
Female,19,Yes,3,6,15,Offer D,Yes,4.19,Yes,Fiber Optic,59,No,Yes,Yes,No,Yes,Yes,Yes,Yes,Month-to-Month,Yes,Bank Withdrawal,105.35,0.0,0,No,2721,9,13-24
Male,22,Yes,0,3,61,No Offer,Yes,19.27,No,No Internet Service,0,No,No,No,No,No,No,No,No,One Year,Yes,Credit Card,20.55,0.0,0,No,5110,1,49-72
Female,25,No,0,0,1,No Offer,Yes,47.36,No,Cable,41,No,No,No,No,No,No,No,Yes,Month-to-Month,No,Credit Card,45.3,0.0,0,No,3575,3,0-12
Male,35,Yes,0,7,33,Offer C,Yes,48.85,No,Cable,30,Yes,No,Yes,No,Yes,Yes,Yes,Yes,One Year,No,Credit Card,74.75,0.0,0,No,5344,8,25-48
Male,45,No,0,0,20,Offer D,Yes,3.94,No,DSL,18,No,Yes,No,No,No,No,No,Yes,Month-to-Month,Yes,Credit Card,51.8,0.0,0,No,2764,4,13-24
Male,19,No,0,0,3,No Offer,No,0.0,No,DSL,59,No,No,No,Yes,No,No,No,Yes,Month-to-Month,No,Bank Withdrawal,30.4,0.0,0,No,3108,3,0-12
Female,61,No,0,0,13,Offer D,Yes,33.13,No,No Internet Service,0,No,No,No,No,No,No,No,No,One Year,No,Bank Withdrawal,19.65,0.0,0,No,2024,1,13-24
Female,62,Yes,0,5,40,No Offer,Yes,48.29,Yes,DSL,23,No,Yes,No,No,No,No,No,Yes,Month-to-Month,No,Credit Card,56.6,0.0,0,No,3359,5,25-48
Male,24,Yes,0,5,43,Offer B,Yes,48.1,Yes,DSL,51,Yes,No,No,Yes,No,Yes,Yes,Yes,One Year,Yes,Credit Card,71.9,0.0,0,No,4106,8,25-48
Female,38,Yes,0,9,69,Offer A,Yes,5.27,No,No Internet Service,0,No,No,No,No,No,No,No,No,Two Year,No,Bank Withdrawal,19.75,0.0,0,No,5325,1,49-72
Female,42,Yes,0,7,72,Offer A,Yes,18.66,Yes,Fiber Optic,3,Yes,Yes,Yes,No,Yes,Yes,Yes,Yes,Two Year,No,Credit Card,109.7,0.0,0,No,5945,10,49-72
Male,33,Yes,0,3,59,Offer B,Yes,25.57,No,No Internet Service,0,No,No,No,No,No,No,No,No,Two Year,No,Credit Card,19.3,0.0,0,No,4149,1,49-72
Female,32,Yes,0,0,20,Offer D,Yes,28.57,No,Fiber Optic,15,Yes,Yes,No,Yes,Yes,No,No,Yes,Month-to-Month,Yes,Bank Withdrawal,96.55,0.0,0,No,4382,7,13-24
Male,19,Yes,3,1,24,Offer C,Yes,1.14,Yes,No Internet Service,0,No,No,No,No,No,No,No,No,Two Year,Yes,Bank Withdrawal,24.1,0.0,0,No,4634,2,13-24
Male,19,No,0,0,59,Offer B,Yes,48.12,Yes,Fiber Optic,51,No,Yes,Yes,Yes,Yes,Yes,Yes,Yes,Month-to-Month,Yes,Bank Withdrawal,111.35,0.0,0,No,6047,10,49-72
Male,42,Yes,3,2,72,Offer A,Yes,11.66,Yes,Fiber Optic,28,No,Yes,Yes,Yes,Yes,Yes,Yes,Yes,Two Year,Yes,Bank Withdrawal,112.25,0.0,0,No,4099,10,49-72
Male,29,No,1,0,1,No Offer,Yes,7.57,No,No Internet Service,0,No,No,No,No,No,No,No,No,Month-to-Month,No,Credit Card,20.75,0.0,0,No,3358,1,0-12
Female,55,Yes,0,0,27,Offer C,Yes,20.02,No,Fiber Optic,27,Yes,No,No,Yes,Yes,Yes,Yes,Yes,One Year,Yes,Credit Card,101.9,0.0,0,No,3795,8,25-48
Female,51,No,0,0,14,Offer D,Yes,1.69,No,Fiber Optic,21,No,Yes,No,Yes,No,No,No,Yes,Month-to-Month,Yes,Credit Card,80.05,0.0,0,No,4400,5,13-24
Male,55,Yes,3,3,71,Offer A,Yes,25.02,Yes,Fiber Optic,53,Yes,No,Yes,No,Yes,Yes,Yes,Yes,Two Year,No,Bank Withdrawal,105.55,0.0,0,No,5010,9,49-72
Male,55,No,3,0,13,Offer D,Yes,31.93,No,Fiber Optic,22,No,No,No,No,Yes,No,No,No,Month-to-Month,Yes,Credit Card,78.3,0.0,150,No,5566,3,13-24
Male,41,No,0,0,44,Offer B,Yes,1.7,No,Fiber Optic,28,No,No,No,No,No,No,No,Yes,Month-to-Month,No,Credit Card,68.85,0.0,0,No,2053,3,25-48
Female,64,No,0,0,33,Offer C,Yes,42.29,No,Fiber Optic,13,No,Yes,No,Yes,No,No,No,Yes,One Year,Yes,Bank Withdrawal,79.95,0.0,0,No,3118,5,25-48
Male,30,Yes,0,5,72,Offer A,No,0.0,No,Cable,47,Yes,Yes,Yes,Yes,No,Yes,Yes,Yes,Two Year,Yes,Credit Card,55.45,0.0,0,No,4556,8,49-72
Male,22,Yes,0,10,64,Offer B,Yes,40.49,No,Fiber Optic,69,No,Yes,Yes,Yes,Yes,Yes,Yes,Yes,One Year,Yes,Credit Card,102.45,0.0,0,No,6398,9,49-72
Female,40,No,0,0,1,No Offer,No,0.0,No,Cable,2,No,No,No,No,No,No,No,Yes,Month-to-Month,No,Bank Withdrawal,25.25,0.0,0,No,5858,2,0-12
Male,32,No,2,0,61,Offer B,Yes,15.02,No,No Internet Service,0,No,No,No,No,No,No,No,No,Two Year,No,Mailed Check,19.75,0.0,0,No,5411,1,49-72
Female,23,Yes,0,6,29,Offer C,Yes,27.72,No,No Internet Service,0,No,No,No,No,No,No,No,No,One Year,No,Bank Withdrawal,20.0,0.0,0,No,3800,1,25-48
Female,45,Yes,0,1,57,Offer B,No,0.0,No,Cable,22,Yes,Yes,Yes,No,Yes,Yes,Yes,Yes,Month-to-Month,Yes,Bank Withdrawal,58.75,0.0,0,No,4115,8,49-72
Male,46,Yes,0,11,72,Offer A,No,0.0,No,DSL,17,Yes,Yes,Yes,Yes,No,No,No,Yes,Two Year,No,Credit Card,45.25,0.0,0,No,5041,6,49-72
Male,38,Yes,0,1,66,No Offer,No,0.0,No,DSL,29,Yes,Yes,Yes,Yes,Yes,No,No,Yes,Two Year,Yes,Bank Withdrawal,56.6,0.0,0,No,5500,7,49-72
Male,51,Yes,0,8,65,Offer B,Yes,41.57,Yes,DSL,16,No,Yes,Yes,Yes,Yes,Yes,Yes,Yes,Two Year,Yes,Bank Withdrawal,84.2,0.0,0,No,5256,10,49-72
Female,24,No,0,0,8,No Offer,Yes,39.92,No,Fiber Optic,73,No,No,No,No,Yes,No,No,Yes,Month-to-Month,Yes,Bank Withdrawal,80.0,0.0,0,No,2165,4,0-12
Female,55,Yes,0,3,71,No Offer,Yes,32.13,Yes,No Internet Service,0,No,No,No,No,No,No,No,No,Two Year,No,Bank Withdrawal,24.75,0.0,0,No,4642,2,49-72
Male,32,Yes,0,8,1,No Offer,Yes,44.69,No,No Internet Service,0,No,No,No,No,No,No,No,No,One Year,Yes,Bank Withdrawal,20.2,0.0,0,No,4160,1,0-12
Female,53,No,0,0,12,Offer D,Yes,16.72,No,No Internet Service,0,No,No,No,No,No,No,No,No,One Year,Yes,Bank Withdrawal,19.35,0.0,0,No,4451,1,0-12
Male,28,No,0,0,24,Offer C,No,0.0,No,DSL,46,Yes,No,No,No,Yes,Yes,Yes,Yes,One Year,Yes,Mailed Check,50.6,0.0,0,No,4806,6,13-24
Female,26,Yes,0,2,31,No Offer,Yes,39.34,No,DSL,41,Yes,No,Yes,Yes,Yes,Yes,Yes,Yes,One Year,Yes,Mailed Check,81.15,0.0,0,No,5643,9,25-48
Male,62,No,0,0,30,No Offer,Yes,31.97,Yes,Fiber Optic,2,No,No,No,Yes,No,Yes,Yes,Yes,Month-to-Month,Yes,Credit Card,89.9,0.0,0,No,3233,7,25-48
Female,22,Yes,0,6,47,Offer B,Yes,29.15,Yes,DSL,52,Yes,Yes,No,Yes,Yes,Yes,Yes,No,Two Year,Yes,Credit Card,85.3,0.0,130,No,5698,9,25-48
Male,49,No,0,0,54,Offer B,Yes,17.76,Yes,Fiber Optic,4,Yes,Yes,No,Yes,Yes,Yes,Yes,Yes,Two Year,Yes,Credit Card,108.0,0.0,0,No,6370,10,49-72
Male,64,No,0,0,50,Offer B,Yes,40.83,No,Fiber Optic,21,Yes,Yes,No,Yes,No,Yes,Yes,Yes,Month-to-Month,Yes,Credit Card,93.5,0.0,0,No,6367,8,49-72
Female,62,No,0,0,72,No Offer,Yes,42.36,No,No Internet Service,0,No,No,No,No,No,No,No,No,Two Year,No,Credit Card,20.25,0.0,0,No,5733,1,49-72
Female,47,No,0,0,29,No Offer,Yes,4.53,Yes,No Internet Service,0,No,No,No,No,No,No,No,No,Month-to-Month,No,Bank Withdrawal,25.15,0.0,0,No,5491,2,25-48
Female,41,No,0,0,10,Offer D,No,0.0,No,Cable,29,No,No,No,Yes,No,No,No,Yes,Two Year,Yes,Mailed Check,29.6,0.0,0,No,3180,3,0-12
Male,42,Yes,0,5,18,Offer D,Yes,16.78,Yes,Fiber Optic,23,No,No,No,No,No,No,No,Yes,Month-to-Month,Yes,Bank Withdrawal,73.15,0.0,0,No,4283,4,13-24
Male,40,No,0,0,16,Offer D,Yes,40.17,No,No Internet Service,0,No,No,No,No,No,No,No,No,Two Year,No,Mailed Check,19.75,0.0,0,No,4272,1,13-24
Female,37,No,0,0,72,No Offer,Yes,8.29,Yes,Cable,13,No,Yes,Yes,Yes,Yes,Yes,Yes,Yes,Two Year,No,Bank Withdrawal,86.6,0.0,0,No,4530,10,49-72
Male,49,No,0,0,72,No Offer,Yes,35.11,Yes,Fiber Optic,22,No,Yes,Yes,Yes,Yes,Yes,Yes,Yes,Two Year,No,Bank Withdrawal,109.2,0.0,0,No,4551,10,49-72
Female,38,Yes,0,10,41,Offer B,Yes,25.16,No,DSL,11,Yes,No,No,Yes,Yes,Yes,Yes,Yes,One Year,Yes,Credit Card,74.7,0.0,0,No,5246,8,25-48
Male,35,No,0,0,41,Offer B,Yes,37.55,Yes,DSL,30,No,No,Yes,No,No,Yes,Yes,No,One Year,No,Mailed Check,65.0,0.0,140,No,5043,6,25-48
Male,28,No,0,0,42,Offer B,Yes,6.42,Yes,Fiber Optic,48,Yes,Yes,Yes,No,No,Yes,Yes,Yes,One Year,Yes,Bank Withdrawal,99.0,0.0,0,No,2887,9,25-48
Female,27,Yes,0,2,51,Offer B,Yes,21.07,No,Fiber Optic,46,Yes,Yes,Yes,No,Yes,No,No,Yes,One Year,Yes,Bank Withdrawal,93.5,0.0,0,No,5561,7,49-72
Male,56,No,0,0,32,No Offer,Yes,37.48,Yes,DSL,15,No,Yes,Yes,Yes,Yes,Yes,Yes,Yes,One Year,No,Credit Card,83.7,0.0,0,No,3945,10,25-48
Male,29,No,0,0,10,Offer D,Yes,1.98,No,No Internet Service,0,No,No,No,No,No,No,No,No,Month-to-Month,Yes,Credit Card,19.85,0.0,0,No,3768,1,0-12
Female,19,Yes,0,1,67,No Offer,No,0.0,No,DSL,52,No,Yes,Yes,Yes,Yes,Yes,Yes,Yes,Two Year,Yes,Bank Withdrawal,59.55,0.0,0,No,4478,8,49-72
Female,42,Yes,1,3,61,Offer B,Yes,20.01,Yes,Fiber Optic,12,Yes,Yes,Yes,Yes,Yes,Yes,Yes,Yes,Two Year,No,Credit Card,115.1,0.0,0,No,6090,11,49-72
Male,46,No,0,0,50,Offer B,Yes,19.8,Yes,Fiber Optic,21,Yes,Yes,Yes,Yes,Yes,Yes,Yes,No,One Year,No,Credit Card,114.35,0.0,10,No,5068,10,49-72
Female,35,No,0,0,31,No Offer,No,0.0,No,DSL,10,Yes,Yes,No,Yes,No,Yes,Yes,Yes,Two Year,Yes,Bank Withdrawal,49.85,0.0,0,No,2539,7,25-48
Female,57,Yes,0,1,45,Offer B,Yes,33.54,Yes,Fiber Optic,4,Yes,Yes,Yes,Yes,Yes,Yes,Yes,Yes,One Year,No,Mailed Check,113.3,0.0,0,No,4885,11,25-48
Female,62,Yes,0,1,61,Offer B,Yes,47.19,Yes,DSL,28,Yes,Yes,Yes,Yes,Yes,Yes,Yes,Yes,Two Year,No,Mailed Check,88.1,0.0,0,No,5152,11,49-72
Male,64,No,0,0,50,Offer B,Yes,47.16,Yes,No Internet Service,0,No,No,No,No,No,No,No,No,Two Year,No,Bank Withdrawal,24.9,0.0,0,No,4297,2,49-72
Female,30,Yes,0,1,71,No Offer,Yes,8.21,Yes,No Internet Service,0,No,No,No,No,No,No,No,No,Two Year,Yes,Credit Card,24.25,0.0,0,No,5409,2,49-72
Male,50,Yes,0,1,57,Offer B,Yes,49.29,No,Cable,22,Yes,Yes,No,Yes,No,No,No,Yes,Two Year,Yes,Bank Withdrawal,59.75,0.0,0,No,4012,6,49-72
Male,47,No,0,0,14,Offer D,No,0.0,No,DSL,4,No,No,Yes,Yes,Yes,Yes,Yes,Yes,Month-to-Month,Yes,Bank Withdrawal,55.0,0.0,0,No,4900,7,13-24
Female,24,No,0,0,5,No Offer,Yes,43.02,No,DSL,42,No,Yes,No,No,No,No,No,Yes,Month-to-Month,No,Bank Withdrawal,50.55,0.0,0,No,2739,4,0-12
Female,29,No,0,0,6,Offer E,Yes,6.98,No,Cable,30,Yes,Yes,No,No,No,No,No,No,Month-to-Month,No,Mailed Check,55.15,0.0,0,No,5377,4,0-12
Female,44,No,0,0,10,Offer D,Yes,45.56,No,DSL,17,No,Yes,No,No,No,No,No,Yes,Month-to-Month,No,Bank Withdrawal,51.2,0.0,0,No,5765,4,0-12
Female,21,No,1,0,1,Offer E,Yes,32.73,Yes,No Internet Service,0,No,No,No,No,No,No,No,No,Month-to-Month,No,Mailed Check,25.4,0.0,0,No,4556,2,0-12
Female,24,No,0,0,68,No Offer,Yes,5.3,Yes,DSL,59,Yes,No,No,No,No,No,No,Yes,Month-to-Month,No,Mailed Check,54.45,0.0,0,No,5310,5,49-72
Female,64,No,0,0,22,Offer D,Yes,19.72,Yes,Fiber Optic,5,No,No,No,No,No,No,No,Yes,One Year,Yes,Credit Card,76.0,0.0,0,No,2031,4,13-24
Female,35,No,0,0,20,Offer D,Yes,4.15,No,Cable,18,No,No,No,No,No,No,No,Yes,Month-to-Month,Yes,Bank Withdrawal,44.35,0.0,0,No,3460,3,13-24
Male,24,No,0,0,35,No Offer,Yes,38.38,No,DSL,82,Yes,Yes,Yes,No,No,No,No,Yes,One Year,No,Mailed Check,61.2,0.0,0,No,2075,6,25-48
Male,51,Yes,0,2,23,Offer D,Yes,16.63,No,Fiber Optic,22,No,Yes,Yes,Yes,No,No,No,No,One Year,No,Credit Card,86.8,0.0,90,No,3200,5,13-24
Female,43,No,0,0,12,No Offer,Yes,18.71,No,No Internet Service,0,No,No,No,No,No,No,No,No,Month-to-Month,No,Credit Card,19.7,0.0,0,No,5715,1,0-12
Male,44,No,0,0,1,Offer E,Yes,40.46,No,No Internet Service,0,No,No,No,No,No,No,No,No,Month-to-Month,No,Credit Card,20.25,0.0,0,No,5384,1,0-12
Female,38,Yes,1,6,71,No Offer,Yes,9.4,No,Fiber Optic,10,No,No,Yes,No,No,No,No,Yes,Two Year,No,Bank Withdrawal,76.05,0.0,0,No,5841,4,49-72
Male,32,Yes,3,5,40,Offer B,Yes,13.86,Yes,DSL,75,No,No,Yes,No,Yes,Yes,Yes,Yes,Month-to-Month,Yes,Bank Withdrawal,74.55,0.0,0,No,3718,8,25-48
Male,34,No,0,0,23,No Offer,Yes,46.4,No,Cable,23,No,No,No,No,Yes,Yes,Yes,No,One Year,Yes,Bank Withdrawal,64.9,0.0,130,No,3314,5,13-24
Male,55,No,0,0,4,No Offer,Yes,31.92,No,Fiber Optic,4,No,No,Yes,Yes,No,Yes,Yes,Yes,Month-to-Month,Yes,Bank Withdrawal,90.4,0.0,0,No,3314,7,0-12
Female,44,Yes,0,8,68,No Offer,No,0.0,No,DSL,15,No,Yes,Yes,Yes,Yes,Yes,Yes,Yes,Two Year,No,Credit Card,60.3,0.0,0,No,4864,8,49-72
Male,44,No,2,0,38,No Offer,Yes,1.27,Yes,Fiber Optic,13,No,Yes,No,No,No,No,No,Yes,Month-to-Month,Yes,Credit Card,81.85,0.0,0,No,3571,5,25-48
Male,42,Yes,3,1,52,Offer B,Yes,40.33,Yes,No Internet Service,0,No,No,No,No,No,No,No,No,Two Year,No,Credit Card,24.8,0.0,0,No,5320,2,49-72
Male,60,Yes,0,7,29,No Offer,Yes,32.46,No,DSL,7,No,No,Yes,Yes,Yes,Yes,Yes,Yes,Two Year,No,Credit Card,75.55,0.0,0,No,5625,8,25-48
Male,51,No,0,0,48,Offer B,Yes,2.53,Yes,Cable,6,Yes,No,Yes,No,Yes,Yes,Yes,No,One Year,Yes,Credit Card,78.75,0.0,40,No,2257,8,25-48
Female,34,No,0,0,1,Offer E,Yes,9.44,No,No Internet Service,0,No,No,No,No,No,No,No,No,Month-to-Month,Yes,Bank Withdrawal,19.25,0.0,0,No,4745,1,0-12
Female,40,No,0,0,22,No Offer,Yes,6.0,No,Fiber Optic,8,Yes,No,No,Yes,No,Yes,Yes,Yes,Month-to-Month,Yes,Bank Withdrawal,89.05,0.0,0,No,5479,7,13-24
Female,25,No,0,0,43,Offer B,Yes,24.85,Yes,Fiber Optic,26,Yes,Yes,Yes,Yes,Yes,Yes,Yes,Yes,Two Year,No,Credit Card,115.05,10.76,0,No,4115,11,25-48
Male,23,Yes,0,6,51,No Offer,Yes,26.73,Yes,Fiber Optic,41,Yes,Yes,No,Yes,Yes,Yes,Yes,Yes,One Year,No,Credit Card,110.05,20.28,0,No,5604,10,49-72
Male,49,No,0,0,71,No Offer,Yes,22.22,No,No Internet Service,0,No,No,No,No,No,No,No,No,Two Year,Yes,Credit Card,19.9,42.18,0,No,5308,1,49-72
Male,64,Yes,0,2,35,No Offer,Yes,23.85,Yes,Fiber Optic,10,No,No,No,Yes,Yes,No,No,No,Month-to-Month,Yes,Credit Card,91.5,40.79,90,No,3617,5,25-48
Female,63,Yes,0,3,72,No Offer,No,0.0,No,DSL,16,No,Yes,Yes,Yes,Yes,Yes,Yes,Yes,Two Year,Yes,Bank Withdrawal,60.0,25.67,0,No,5471,8,49-72
Male,40,No,0,0,1,Offer E,Yes,27.46,No,DSL,26,No,No,No,No,No,No,No,Yes,Month-to-Month,Yes,Bank Withdrawal,44.8,0.0,0,No,2269,3,0-12
Female,31,Yes,0,9,9,Offer E,Yes,30.07,No,DSL,30,Yes,No,No,No,No,No,No,Yes,One Year,No,Credit Card,48.6,20.45,0,No,4562,4,0-12
Male,62,No,0,0,69,No Offer,No,0.0,No,Cable,18,Yes,Yes,No,Yes,Yes,Yes,Yes,Yes,Two Year,Yes,Bank Withdrawal,60.05,41.21,0,No,5388,8,49-72
Female,30,Yes,0,0,52,No Offer,Yes,44.34,Yes,Fiber Optic,71,No,Yes,No,Yes,Yes,Yes,Yes,Yes,Month-to-Month,Yes,Credit Card,102.7,0.0,0,No,4044,9,49-72
Female,37,Yes,1,5,35,No Offer,Yes,9.04,No,No Internet Service,0,No,No,No,No,No,No,No,No,Two Year,Yes,Credit Card,19.85,2.29,0,No,4177,1,25-48
Female,31,No,0,0,8,Offer E,Yes,31.02,No,No Internet Service,0,No,No,No,No,No,No,No,No,One Year,Yes,Credit Card,19.2,0.0,0,No,5272,1,0-12
Male,31,No,0,0,46,No Offer,Yes,22.13,Yes,Fiber Optic,22,No,Yes,Yes,No,Yes,No,No,Yes,One Year,Yes,Credit Card,94.9,24.08,0,No,5316,7,25-48
Female,63,No,0,0,68,No Offer,Yes,21.82,Yes,DSL,2,Yes,Yes,Yes,Yes,Yes,Yes,Yes,Yes,Two Year,Yes,Bank Withdrawal,88.15,36.29,0,No,5531,11,49-72
Female,20,No,0,0,36,No Offer,Yes,19.64,No,Fiber Optic,71,No,Yes,No,No,Yes,Yes,Yes,Yes,Month-to-Month,Yes,Credit Card,94.8,30.26,0,No,2807,7,25-48
Female,59,Yes,0,3,71,No Offer,Yes,30.68,Yes,Cable,18,Yes,Yes,Yes,Yes,Yes,Yes,Yes,Yes,Two Year,No,Credit Card,85.75,4.6,0,No,4487,11,49-72
Female,22,Yes,1,6,66,No Offer,Yes,23.2,Yes,DSL,59,Yes,Yes,Yes,No,No,No,No,Yes,Month-to-Month,Yes,Bank Withdrawal,67.45,41.67,0,No,4172,7,49-72
Male,50,No,0,0,63,No Offer,Yes,35.35,No,No Internet Service,0,No,No,No,No,No,No,No,No,One Year,No,Credit Card,20.5,15.62,0,No,5997,1,49-72
Female,39,No,0,0,41,No Offer,Yes,6.61,No,No Internet Service,0,No,No,No,No,No,No,No,No,One Year,Yes,Credit Card,20.25,46.78,0,No,3972,1,25-48
Female,26,Yes,0,9,70,No Offer,Yes,23.52,No,No Internet Service,0,No,No,No,No,No,No,No,No,Two Year,No,Bank Withdrawal,19.45,14.49,0,No,5540,1,49-72
Female,47,No,0,0,23,No Offer,No,0.0,No,DSL,14,No,No,No,No,Yes,Yes,Yes,No,Month-to-Month,Yes,Bank Withdrawal,44.95,25.84,40,No,3248,4,13-24
Male,57,Yes,0,6,37,No Offer,Yes,4.5,Yes,DSL,9,Yes,No,Yes,Yes,No,No,No,Yes,Two Year,Yes,Credit Card,62.8,16.97,0,No,5229,7,25-48
Male,27,No,0,0,17,No Offer,Yes,13.02,No,Cable,73,No,No,No,No,No,No,No,Yes,One Year,No,Credit Card,44.6,0.0,0,No,2130,3,13-24
Male,29,Yes,0,5,64,No Offer,Yes,40.18,Yes,Fiber Optic,30,No,Yes,No,Yes,Yes,Yes,Yes,Yes,Two Year,Yes,Bank Withdrawal,105.25,23.67,0,No,5682,9,49-72
Male,62,Yes,0,1,42,No Offer,Yes,13.23,Yes,Fiber Optic,23,Yes,No,No,No,Yes,Yes,Yes,No,One Year,No,Bank Withdrawal,97.1,46.56,150,No,2170,7,25-48
Male,59,No,1,0,5,Offer E,Yes,12.22,No,No Internet Service,0,No,No,No,No,No,No,No,No,Month-to-Month,No,Credit Card,20.2,0.0,0,No,5169,1,0-12
Female,64,No,0,0,41,No Offer,Yes,10.26,No,Fiber Optic,2,No,Yes,No,Yes,Yes,Yes,Yes,Yes,Two Year,Yes,Bank Withdrawal,98.8,27.09,0,No,5584,8,25-48
Male,61,Yes,0,10,58,No Offer,Yes,18.37,No,DSL,18,No,No,Yes,No,No,No,No,Yes,One Year,No,Credit Card,50.3,10.23,0,No,5232,4,49-72
Female,34,No,0,0,47,No Offer,Yes,44.69,No,No Internet Service,0,No,No,No,No,No,No,No,No,Two Year,Yes,Credit Card,20.55,0.0,0,No,5404,1,25-48
Male,51,No,0,0,18,No Offer,Yes,26.84,No,Fiber Optic,20,No,No,No,Yes,No,No,No,Yes,Month-to-Month,Yes,Bank Withdrawal,75.9,15.57,0,No,4668,4,13-24
Male,25,Yes,0,5,23,No Offer,Yes,3.67,No,DSL,69,Yes,No,No,No,No,Yes,Yes,No,Month-to-Month,Yes,Bank Withdrawal,59.95,26.55,140,No,5379,5,13-24
Female,35,No,0,0,1,No Offer,Yes,22.37,No,No Internet Service,0,No,No,No,No,No,No,No,No,Month-to-Month,No,Credit Card,19.15,0.0,0,No,2577,1,0-12
Male,60,Yes,0,8,71,No Offer,Yes,34.72,Yes,Fiber Optic,10,No,No,Yes,No,Yes,Yes,Yes,Yes,One Year,Yes,Credit Card,98.65,0.0,0,No,5101,8,49-72
Male,47,Yes,1,2,72,No Offer,Yes,17.3,Yes,Fiber Optic,14,Yes,Yes,Yes,Yes,Yes,Yes,Yes,Yes,Two Year,Yes,Credit Card,112.6,0.0,0,No,6486,11,49-72
Male,63,Yes,0,2,33,No Offer,Yes,34.22,No,No Internet Service,0,No,No,No,No,No,No,No,No,One Year,No,Credit Card,20.6,0.0,0,No,5212,1,25-48
Male,44,No,0,0,24,No Offer,No,0.0,No,Cable,20,Yes,No,No,Yes,No,No,No,Yes,Two Year,No,Credit Card,35.75,0.0,0,No,5531,4,13-24
Female,45,Yes,0,9,56,No Offer,Yes,20.53,Yes,Fiber Optic,19,No,Yes,Yes,Yes,No,Yes,Yes,Yes,One Year,Yes,Credit Card,99.75,0.0,0,No,5926,9,49-72
Male,28,No,0,0,37,No Offer,Yes,21.84,No,Fiber Optic,41,No,Yes,No,No,Yes,Yes,Yes,Yes,Month-to-Month,Yes,Credit Card,96.1,0.0,0,No,2640,7,25-48
Female,29,No,0,0,43,No Offer,Yes,2.49,Yes,DSL,53,No,Yes,Yes,Yes,Yes,Yes,Yes,No,One Year,No,Credit Card,85.1,0.0,30,No,2319,9,25-48
Male,31,No,0,0,1,No Offer,No,0.0,No,DSL,13,No,No,No,No,No,No,No,Yes,Month-to-Month,No,Credit Card,25.35,0.0,0,No,4193,2,0-12
Female,52,No,0,0,61,No Offer,Yes,23.45,Yes,DSL,8,Yes,Yes,Yes,Yes,Yes,Yes,Yes,Yes,Two Year,No,Bank Withdrawal,89.65,0.0,0,No,6149,11,49-72
Male,41,No,0,0,17,No Offer,Yes,49.71,Yes,Fiber Optic,4,No,No,Yes,Yes,No,No,No,Yes,One Year,No,Bank Withdrawal,86.75,0.0,0,No,5863,6,13-24
Female,53,Yes,0,3,41,No Offer,Yes,13.23,No,Fiber Optic,16,No,Yes,Yes,Yes,No,No,No,Yes,One Year,Yes,Bank Withdrawal,86.2,0.0,0,No,5325,6,25-48
Male,59,No,0,0,48,No Offer,Yes,9.91,Yes,Fiber Optic,4,No,Yes,Yes,No,Yes,Yes,Yes,Yes,Two Year,Yes,Bank Withdrawal,108.1,0.0,0,No,5994,9,25-48
Female,51,No,0,0,42,No Offer,No,0.0,No,DSL,13,Yes,Yes,Yes,Yes,No,Yes,Yes,No,One Year,Yes,Bank Withdrawal,54.75,0.0,80,No,3179,7,25-48
Male,50,No,0,0,44,No Offer,Yes,44.92,Yes,Fiber Optic,16,No,No,Yes,No,No,Yes,Yes,Yes,Month-to-Month,Yes,Credit Card,90.4,0.0,0,No,4751,7,25-48
Male,62,No,2,0,1,No Offer,Yes,15.66,No,DSL,29,No,No,No,No,No,No,No,Yes,Month-to-Month,No,Bank Withdrawal,44.0,0.0,0,No,4020,3,0-12
Female,49,No,0,0,27,No Offer,Yes,35.17,Yes,Fiber Optic,24,No,No,No,No,Yes,Yes,Yes,Yes,Month-to-Month,Yes,Bank Withdrawal,95.6,0.0,0,No,2026,7,25-48
Female,47,No,0,0,19,No Offer,Yes,32.03,No,No Internet Service,0,No,No,No,No,No,No,No,No,Month-to-Month,No,Credit Card,19.9,0.0,0,No,3245,1,13-24
Female,61,No,0,0,66,No Offer,Yes,13.28,Yes,DSL,24,Yes,Yes,Yes,Yes,Yes,Yes,Yes,Yes,Two Year,Yes,Credit Card,90.05,0.0,0,No,5813,11,49-72
Female,44,Yes,0,10,23,No Offer,Yes,17.82,No,No Internet Service,0,No,No,No,No,No,No,No,No,One Year,No,Credit Card,20.05,0.0,0,No,3742,1,13-24
Female,46,No,0,0,32,No Offer,Yes,43.8,No,No Internet Service,0,No,No,No,No,No,No,No,No,One Year,No,Bank Withdrawal,19.75,0.0,0,No,4691,1,25-48
Female,52,No,0,0,11,No Offer,Yes,26.85,No,No Internet Service,0,No,No,No,No,No,No,No,No,One Year,No,Credit Card,20.05,0.0,0,No,5355,1,0-12
Female,49,Yes,0,9,68,No Offer,Yes,44.79,No,Cable,14,Yes,No,No,Yes,No,No,No,No,One Year,No,Bank Withdrawal,55.9,0.0,20,No,5160,4,49-72
Male,62,No,0,0,20,No Offer,Yes,27.11,No,No Internet Service,0,No,No,No,No,No,No,No,No,Two Year,Yes,Credit Card,19.7,0.0,0,No,2120,1,13-24
Male,39,No,0,0,72,Offer A,Yes,30.44,No,No Internet Service,0,No,No,No,No,No,No,No,No,Two Year,Yes,Credit Card,19.8,0.0,0,No,5368,1,49-72
Male,59,Yes,0,5,60,Offer B,Yes,5.43,Yes,Fiber Optic,29,Yes,No,Yes,No,Yes,No,No,Yes,One Year,Yes,Bank Withdrawal,95.4,0.0,0,No,4149,7,49-72
Female,55,Yes,0,9,46,Offer B,Yes,35.46,Yes,No Internet Service,0,No,No,No,No,No,No,No,No,One Year,Yes,Bank Withdrawal,24.45,0.0,0,No,2438,2,25-48
Female,62,Yes,0,3,29,No Offer,Yes,5.39,Yes,Fiber Optic,17,No,No,No,No,No,No,No,Yes,Month-to-Month,Yes,Bank Withdrawal,74.95,0.0,0,No,3483,4,25-48
Male,21,No,0,0,51,Offer B,Yes,1.51,Yes,Fiber Optic,52,No,Yes,Yes,Yes,No,No,No,No,Month-to-Month,Yes,Bank Withdrawal,87.35,0.0,0,No,4899,6,49-72
Female,58,Yes,1,6,16,Offer D,Yes,40.03,No,Fiber Optic,20,No,Yes,No,No,No,No,No,Yes,Month-to-Month,No,Bank Withdrawal,73.25,0.0,0,No,3624,4,13-24
Male,23,Yes,0,5,70,Offer A,Yes,45.24,Yes,Fiber Optic,42,No,Yes,Yes,Yes,No,Yes,Yes,Yes,Two Year,Yes,Bank Withdrawal,98.7,0.0,0,No,5582,9,49-72
Female,27,Yes,2,2,40,Offer B,Yes,33.44,Yes,No Internet Service,0,No,No,No,No,No,No,No,No,Two Year,Yes,Credit Card,24.8,0.0,0,No,3021,2,25-48
Female,41,Yes,3,6,5,No Offer,Yes,6.7,Yes,No Internet Service,0,No,No,No,No,No,No,No,No,Month-to-Month,Yes,Credit Card,24.3,0.0,0,No,3181,2,0-12
Female,61,No,0,0,7,No Offer,Yes,27.46,No,Fiber Optic,4,No,No,No,No,No,No,No,Yes,Month-to-Month,Yes,Bank Withdrawal,69.85,0.0,0,No,5501,3,0-12
Male,46,No,0,0,29,No Offer,Yes,49.92,Yes,Fiber Optic,23,No,Yes,Yes,Yes,No,Yes,Yes,No,One Year,No,Credit Card,100.55,0.0,100,No,3055,8,25-48
Male,54,Yes,0,10,44,Offer B,Yes,15.33,Yes,No Internet Service,0,No,No,No,No,No,No,No,No,One Year,No,Credit Card,25.7,0.0,0,No,3037,2,25-48
Female,31,No,0,0,10,Offer D,No,0.0,No,DSL,24,Yes,Yes,Yes,No,No,No,No,Yes,Month-to-Month,No,Bank Withdrawal,40.7,0.0,0,No,2164,5,0-12
Female,20,Yes,2,0,10,Offer D,Yes,6.5,Yes,Fiber Optic,76,No,No,No,No,No,Yes,Yes,Yes,Month-to-Month,No,Bank Withdrawal,85.95,0.0,0,No,4922,6,0-12
Male,27,No,0,0,18,Offer D,Yes,15.18,Yes,Fiber Optic,42,No,No,No,No,No,No,No,Yes,Month-to-Month,Yes,Bank Withdrawal,75.6,0.0,0,No,4030,4,13-24
Female,49,Yes,0,4,68,Offer A,Yes,41.46,Yes,DSL,30,Yes,No,No,Yes,No,No,No,No,One Year,No,Bank Withdrawal,58.25,0.0,140,No,4620,5,49-72
Female,56,Yes,0,5,72,Offer A,No,0.0,No,DSL,30,Yes,Yes,Yes,Yes,Yes,Yes,Yes,Yes,Two Year,Yes,Credit Card,65.2,0.0,0,No,5092,9,49-72
Male,30,No,0,0,2,No Offer,Yes,12.59,No,Cable,76,Yes,No,Yes,No,No,No,No,Yes,Month-to-Month,No,Bank Withdrawal,53.45,0.0,0,No,3477,5,0-12
Male,21,Yes,0,1,41,Offer B,Yes,35.46,No,No Internet Service,0,No,No,No,No,No,No,No,No,Two Year,Yes,Bank Withdrawal,19.75,0.0,0,No,2011,1,25-48
Female,46,No,0,0,26,No Offer,No,0.0,No,Cable,29,No,No,Yes,Yes,Yes,No,No,Yes,Month-to-Month,Yes,Credit Card,44.45,0.0,0,No,3080,5,25-48
Male,26,Yes,0,1,36,No Offer,Yes,12.61,No,No Internet Service,0,No,No,No,No,No,No,No,No,One Year,No,Bank Withdrawal,20.85,0.0,0,No,5744,1,25-48
Male,52,Yes,0,5,72,Offer A,Yes,30.75,Yes,Fiber Optic,3,Yes,Yes,Yes,Yes,Yes,Yes,Yes,Yes,Two Year,Yes,Credit Card,114.05,0.0,0,No,4842,11,49-72
Male,30,Yes,0,0,35,No Offer,Yes,24.83,Yes,Fiber Optic,51,No,No,No,Yes,No,Yes,Yes,No,Month-to-Month,Yes,Bank Withdrawal,89.85,0.0,20,No,4945,6,25-48
Male,59,No,0,0,1,No Offer,Yes,14.65,No,Cable,15,No,No,Yes,Yes,No,No,No,Yes,Month-to-Month,No,Credit Card,55.05,0.0,0,No,2962,5,0-12
Female,49,Yes,1,8,16,Offer D,Yes,46.45,Yes,Fiber Optic,12,Yes,No,Yes,Yes,Yes,Yes,Yes,Yes,Month-to-Month,Yes,Bank Withdrawal,112.95,0.0,0,No,2683,10,13-24
Female,63,Yes,0,7,54,Offer B,Yes,11.4,Yes,Fiber Optic,26,Yes,Yes,Yes,Yes,Yes,Yes,Yes,Yes,One Year,Yes,Credit Card,114.65,0.0,0,No,4488,11,49-72
Female,45,No,3,0,18,Offer D,Yes,42.45,Yes,DSL,28,Yes,No,No,No,No,Yes,Yes,Yes,Month-to-Month,No,Bank Withdrawal,64.8,0.0,0,No,2466,7,13-24
Female,59,Yes,0,8,36,No Offer,Yes,49.33,No,Fiber Optic,23,No,No,No,No,No,Yes,Yes,Yes,Month-to-Month,No,Bank Withdrawal,80.4,0.0,0,No,5544,5,25-48
Female,30,Yes,0,10,52,Offer B,Yes,5.32,Yes,No Internet Service,0,No,No,No,No,No,No,No,No,Two Year,Yes,Bank Withdrawal,25.05,0.0,0,No,5674,2,49-72
Male,26,Yes,3,4,8,No Offer,Yes,22.14,No,Fiber Optic,82,No,No,Yes,No,Yes,Yes,Yes,Yes,Month-to-Month,Yes,Bank Withdrawal,94.75,0.0,0,No,5505,7,0-12
Male,47,Yes,0,8,72,Offer A,Yes,27.25,No,Fiber Optic,19,Yes,Yes,No,Yes,Yes,Yes,Yes,Yes,Two Year,No,Bank Withdrawal,105.5,0.0,0,No,5534,9,49-72
Female,53,No,0,0,64,Offer B,Yes,4.03,Yes,No Internet Service,0,No,No,No,No,No,No,No,No,One Year,No,Mailed Check,24.7,0.0,0,No,5655,2,49-72
Male,34,Yes,0,10,60,Offer B,No,0.0,No,DSL,2,No,Yes,Yes,Yes,Yes,Yes,Yes,Yes,Month-to-Month,Yes,Bank Withdrawal,60.2,0.0,0,No,5359,8,49-72
Female,20,Yes,0,10,61,Offer B,Yes,20.09,Yes,No Internet Service,0,No,No,No,No,No,No,No,No,Two Year,No,Mailed Check,24.4,0.0,0,No,4900,2,49-72
Female,48,No,0,0,24,No Offer,Yes,38.79,Yes,Fiber Optic,4,No,Yes,Yes,No,Yes,Yes,Yes,No,Month-to-Month,Yes,Bank Withdrawal,104.15,0.0,40,No,5813,8,13-24
Male,35,Yes,0,1,28,No Offer,Yes,27.34,No,Fiber Optic,16,No,Yes,Yes,Yes,Yes,No,No,Yes,One Year,No,Bank Withdrawal,92.9,0.0,0,No,2037,7,25-48
Female,24,Yes,0,4,30,Offer C,Yes,15.94,No,DSL,53,No,Yes,Yes,Yes,Yes,Yes,Yes,Yes,Two Year,No,Bank Withdrawal,80.8,0.0,0,No,4274,9,25-48
Male,45,Yes,0,10,2,No Offer,Yes,34.38,No,No Internet Service,0,No,No,No,No,No,No,No,No,Month-to-Month,No,Mailed Check,20.0,0.0,0,No,4823,1,0-12
Male,61,No,0,0,1,No Offer,Yes,4.53,Yes,Fiber Optic,28,No,No,No,No,No,No,No,Yes,Month-to-Month,Yes,Bank Withdrawal,75.1,0.0,0,No,4120,4,0-12
Male,52,No,2,0,6,No Offer,Yes,15.5,No,No Internet Service,0,No,No,No,No,No,No,No,No,Month-to-Month,No,Mailed Check,19.65,0.0,0,No,2231,1,0-12
Female,23,Yes,0,8,24,Offer C,Yes,44.06,No,DSL,59,No,Yes,No,No,Yes,Yes,Yes,Yes,Month-to-Month,Yes,Bank Withdrawal,69.45,0.0,0,No,4208,7,13-24
Male,25,No,0,0,70,Offer A,No,0.0,No,DSL,59,No,No,No,Yes,No,Yes,Yes,Yes,Two Year,Yes,Mailed Check,40.05,0.0,0,No,5055,5,49-72
Male,32,Yes,0,2,72,Offer A,Yes,11.57,Yes,Fiber Optic,18,No,Yes,No,No,Yes,No,No,Yes,One Year,Yes,Bank Withdrawal,89.7,0.0,0,No,6016,6,49-72
Female,42,No,0,0,44,Offer B,Yes,13.45,No,No Internet Service,0,No,No,No,No,No,No,No,No,Two Year,No,Mailed Check,19.9,0.0,0,No,2809,1,25-48
Male,24,Yes,0,2,9,No Offer,Yes,14.91,No,Cable,82,No,No,Yes,No,Yes,Yes,Yes,Yes,Month-to-Month,Yes,Mailed Check,70.05,0.0,0,No,4900,7,0-12
Male,56,Yes,0,7,24,Offer C,Yes,1.02,No,Cable,3,Yes,No,No,Yes,No,No,No,No,Month-to-Month,No,Mailed Check,53.6,0.0,120,No,2977,4,13-24
Female,47,Yes,3,8,7,No Offer,Yes,16.22,No,DSL,53,Yes,Yes,Yes,Yes,Yes,No,No,Yes,Month-to-Month,Yes,Bank Withdrawal,75.7,0.0,0,No,2950,8,0-12
Male,48,Yes,2,2,11,Offer D,Yes,40.76,No,No Internet Service,0,No,No,No,No,No,No,No,No,Two Year,No,Credit Card,19.65,0.0,0,No,3372,1,0-12
Female,50,Yes,0,2,72,Offer A,Yes,38.44,Yes,Fiber Optic,16,No,Yes,Yes,Yes,Yes,Yes,Yes,Yes,One Year,Yes,Bank Withdrawal,108.5,0.0,0,No,6288,10,49-72
Male,62,Yes,2,4,72,Offer A,Yes,44.0,Yes,Fiber Optic,20,No,No,No,No,No,Yes,Yes,Yes,Two Year,Yes,Credit Card,84.5,0.0,0,No,6202,6,49-72
Female,64,No,0,0,15,Offer D,Yes,32.07,Yes,Fiber Optic,28,No,Yes,No,No,Yes,Yes,Yes,No,Month-to-Month,Yes,Bank Withdrawal,100.15,0.0,0,No,2565,7,13-24
Male,26,No,0,0,72,Offer A,Yes,44.46,Yes,DSL,48,No,Yes,Yes,Yes,Yes,Yes,Yes,Yes,Two Year,Yes,Bank Withdrawal,88.6,0.0,0,No,5842,10,49-72
Female,43,Yes,0,2,10,No Offer,No,0.0,No,Cable,20,Yes,No,Yes,Yes,Yes,No,No,Yes,Two Year,Yes,Bank Withdrawal,52.55,0.0,0,No,2578,6,0-12
Male,42,Yes,3,4,63,Offer B,Yes,40.73,Yes,Fiber Optic,76,No,Yes,Yes,No,Yes,Yes,Yes,Yes,Two Year,Yes,Bank Withdrawal,104.8,0.0,0,No,4046,9,49-72
Female,63,No,0,0,2,No Offer,Yes,27.02,No,Cable,26,No,Yes,No,No,Yes,No,No,Yes,Month-to-Month,Yes,Bank Withdrawal,59.0,0.0,0,No,5810,5,0-12
Male,31,No,0,0,1,No Offer,Yes,17.81,No,No Internet Service,0,No,No,No,No,No,No,No,No,Month-to-Month,No,Mailed Check,20.4,0.0,0,No,2968,1,0-12
Male,32,Yes,0,7,28,Offer C,Yes,28.86,No,Cable,24,Yes,Yes,No,Yes,No,No,No,Yes,Month-to-Month,No,Mailed Check,60.9,0.0,0,No,3851,6,25-48
Female,41,Yes,0,7,70,Offer A,Yes,11.71,No,No Internet Service,0,No,No,No,No,No,No,No,No,Two Year,No,Bank Withdrawal,19.8,0.0,0,No,4500,1,49-72
Male,64,No,0,0,34,Offer C,Yes,22.41,Yes,Fiber Optic,13,Yes,Yes,Yes,Yes,Yes,Yes,Yes,Yes,One Year,No,Credit Card,116.25,0.0,0,No,4022,11,25-48
Female,50,Yes,0,1,70,Offer A,Yes,29.72,Yes,DSL,12,Yes,No,No,No,No,Yes,Yes,Yes,One Year,No,Bank Withdrawal,65.2,0.0,0,No,6316,7,49-72
Female,54,Yes,2,1,52,Offer B,Yes,31.96,No,Fiber Optic,26,Yes,No,Yes,Yes,No,No,No,Yes,Month-to-Month,Yes,Bank Withdrawal,84.05,0.0,0,No,6099,6,49-72
Male,23,No,0,0,69,Offer A,Yes,26.45,Yes,DSL,46,Yes,Yes,Yes,Yes,Yes,No,No,No,Two Year,Yes,Credit Card,79.45,0.0,80,No,5189,8,49-72
Male,63,No,2,0,11,Offer D,Yes,47.12,Yes,Fiber Optic,23,No,No,Yes,No,No,No,No,Yes,Month-to-Month,Yes,Mailed Check,78.0,0.0,0,No,4886,5,0-12
Female,47,No,0,0,1,No Offer,Yes,16.47,No,No Internet Service,0,No,No,No,No,No,No,No,No,Month-to-Month,No,Credit Card,19.85,0.0,0,No,4905,1,0-12
Male,21,No,0,0,61,Offer B,Yes,36.05,Yes,Fiber Optic,73,Yes,No,Yes,No,Yes,Yes,Yes,Yes,Month-to-Month,Yes,Bank Withdrawal,106.45,0.0,0,No,4842,9,49-72
Female,42,No,0,0,56,Offer B,Yes,2.5,Yes,Fiber Optic,3,No,Yes,No,Yes,Yes,Yes,Yes,Yes,Month-to-Month,Yes,Bank Withdrawal,105.45,0.0,0,No,4212,9,49-72
Male,36,No,0,0,30,Offer C,Yes,2.87,Yes,Fiber Optic,29,Yes,Yes,Yes,Yes,No,No,No,Yes,Month-to-Month,Yes,Credit Card,95.0,0.0,0,No,3597,8,25-48
Female,19,No,0,0,28,Offer C,Yes,28.42,No,DSL,48,Yes,No,No,Yes,No,No,No,No,One Year,No,Credit Card,54.3,0.0,150,No,5271,4,25-48
Male,34,No,0,0,12,Offer D,Yes,38.96,No,No Internet Service,0,No,No,No,No,No,No,No,No,Month-to-Month,No,Credit Card,20.05,0.0,0,No,4996,1,0-12
Male,37,Yes,2,0,67,Offer A,Yes,38.98,Yes,Fiber Optic,16,No,Yes,Yes,No,Yes,Yes,Yes,Yes,One Year,Yes,Bank Withdrawal,105.4,0.0,0,No,5666,9,49-72
Male,29,Yes,2,1,55,Offer B,Yes,41.89,Yes,Fiber Optic,52,No,No,No,No,No,Yes,Yes,Yes,Month-to-Month,No,Bank Withdrawal,85.5,0.0,0,No,6411,6,49-72
Male,43,No,0,0,52,Offer B,Yes,31.31,No,Fiber Optic,12,Yes,No,Yes,No,Yes,No,No,Yes,One Year,No,Bank Withdrawal,91.25,0.0,0,No,4770,6,49-72
Male,30,Yes,3,1,58,Offer B,Yes,43.75,Yes,Fiber Optic,69,No,Yes,No,Yes,Yes,No,No,Yes,One Year,Yes,Credit Card,94.7,0.0,0,No,5653,7,49-72
Male,52,Yes,3,1,35,Offer C,Yes,20.85,No,No Internet Service,0,No,No,No,No,No,No,No,No,Two Year,No,Credit Card,19.6,0.0,0,No,3764,1,25-48
Female,51,Yes,3,9,24,Offer C,Yes,20.6,No,No Internet Service,0,No,No,No,No,No,No,No,No,Two Year,Yes,Credit Card,21.1,0.0,0,No,4368,1,13-24
Male,47,Yes,2,5,70,Offer A,Yes,48.57,No,No Internet Service,0,No,No,No,No,No,No,No,No,Two Year,No,Credit Card,20.05,0.0,0,No,4485,1,49-72
Male,25,No,0,0,2,No Offer,Yes,37.7,No,Fiber Optic,73,No,No,No,No,Yes,No,No,Yes,Month-to-Month,Yes,Bank Withdrawal,79.95,0.0,0,No,5213,4,0-12
Male,60,No,0,0,12,Offer D,Yes,33.36,Yes,Fiber Optic,22,No,No,Yes,No,Yes,No,No,Yes,Month-to-Month,Yes,Bank Withdrawal,89.55,0.0,0,No,2325,6,0-12
Female,54,Yes,0,1,63,Offer B,Yes,21.15,Yes,Fiber Optic,24,No,Yes,No,No,No,No,No,Yes,Month-to-Month,Yes,Bank Withdrawal,81.55,0.0,0,No,4980,5,49-72
Female,24,Yes,0,8,33,Offer C,Yes,8.79,No,Cable,27,Yes,Yes,Yes,No,No,No,No,Yes,One Year,Yes,Credit Card,58.45,0.0,0,No,4276,6,25-48
Female,32,Yes,0,4,69,No Offer,Yes,46.87,No,Fiber Optic,11,No,Yes,No,No,Yes,Yes,Yes,Yes,One Year,Yes,Credit Card,95.65,0.0,0,No,5251,7,49-72
Female,26,Yes,0,5,60,No Offer,Yes,14.0,No,Cable,42,No,Yes,Yes,Yes,Yes,Yes,Yes,Yes,Two Year,Yes,Bank Withdrawal,80.6,0.0,0,No,5667,9,49-72
Female,43,Yes,5,10,72,No Offer,Yes,26.32,Yes,Fiber Optic,53,Yes,Yes,Yes,Yes,Yes,Yes,Yes,Yes,Two Year,Yes,Bank Withdrawal,113.1,0.0,0,No,5308,11,49-72
Female,52,No,0,0,11,Offer D,Yes,24.57,Yes,Cable,10,No,No,No,No,No,Yes,Yes,No,Month-to-Month,Yes,Credit Card,58.95,0.0,70,No,3880,5,0-12
Female,57,No,0,0,1,No Offer,Yes,40.63,No,No Internet Service,0,No,No,No,No,No,No,No,No,Month-to-Month,No,Credit Card,19.55,0.0,0,No,3968,1,0-12
Male,59,Yes,1,1,34,Offer C,Yes,3.54,No,Fiber Optic,12,No,No,No,No,No,Yes,Yes,Yes,One Year,Yes,Bank Withdrawal,78.95,0.0,0,No,2074,5,25-48
Female,22,No,0,0,65,No Offer,Yes,26.83,Yes,Fiber Optic,59,No,Yes,No,Yes,Yes,Yes,Yes,Yes,One Year,Yes,Bank Withdrawal,105.05,0.0,0,No,5742,9,49-72
Male,35,No,0,0,15,No Offer,Yes,3.49,No,No Internet Service,0,No,No,No,No,No,No,No,No,Month-to-Month,No,Credit Card,19.75,0.0,0,No,4123,1,13-24
Male,44,Yes,4,10,72,No Offer,Yes,33.01,Yes,Fiber Optic,51,Yes,Yes,Yes,No,Yes,Yes,Yes,Yes,Two Year,Yes,Bank Withdrawal,110.3,0.0,0,No,5780,10,49-72
Female,26,Yes,3,9,72,No Offer,Yes,34.69,Yes,Fiber Optic,59,Yes,Yes,Yes,Yes,Yes,Yes,Yes,No,Two Year,Yes,Bank Withdrawal,115.6,0.0,140,No,5633,10,49-72
Male,46,Yes,2,2,55,No Offer,Yes,24.7,No,No Internet Service,0,No,No,No,No,No,No,No,No,Two Year,No,Bank Withdrawal,19.35,0.0,0,No,5248,1,49-72
Female,27,Yes,2,1,23,No Offer,Yes,25.54,Yes,No Internet Service,0,No,No,No,No,No,No,No,No,Two Year,Yes,Credit Card,25.6,0.0,0,No,5939,2,13-24
Female,58,Yes,0,2,56,No Offer,Yes,42.86,Yes,DSL,8,Yes,No,Yes,No,No,Yes,Yes,Yes,One Year,Yes,Bank Withdrawal,68.75,0.0,0,No,6198,8,49-72
Female,22,No,0,0,1,No Offer,Yes,11.83,No,No Internet Service,0,No,No,No,No,No,No,No,No,Month-to-Month,No,Bank Withdrawal,19.9,0.0,0,No,2010,1,0-12
Male,55,No,0,0,38,Offer C,Yes,42.24,No,DSL,22,Yes,Yes,No,Yes,Yes,No,No,Yes,One Year,No,Credit Card,70.6,0.0,0,No,4993,7,25-48
Male,51,No,0,0,11,No Offer,Yes,1.01,No,Fiber Optic,8,No,No,No,No,No,No,No,Yes,Month-to-Month,No,Bank Withdrawal,70.2,0.0,0,No,2535,3,0-12
Male,54,No,0,0,1,No Offer,Yes,14.97,No,DSL,5,No,No,No,Yes,No,No,No,No,Month-to-Month,Yes,Bank Withdrawal,49.3,0.0,10,No,4209,3,0-12
Male,53,Yes,0,1,56,No Offer,Yes,14.43,Yes,Fiber Optic,25,No,Yes,No,Yes,Yes,Yes,Yes,Yes,One Year,Yes,Bank Withdrawal,107.25,0.0,0,No,5800,9,49-72
Male,19,Yes,0,9,3,Offer E,Yes,14.1,Yes,No Internet Service,0,No,No,No,No,No,No,No,No,Month-to-Month,Yes,Credit Card,23.6,0.0,0,No,5587,2,0-12
Male,63,Yes,3,6,7,Offer E,Yes,5.17,No,Cable,51,Yes,No,No,No,Yes,Yes,Yes,Yes,Month-to-Month,No,Credit Card,69.7,0.0,0,No,4326,7,0-12
Male,49,Yes,1,3,59,No Offer,Yes,41.09,Yes,Fiber Optic,16,No,No,Yes,No,Yes,Yes,Yes,Yes,Two Year,Yes,Credit Card,99.5,0.0,0,No,4583,8,49-72
Male,19,No,0,0,7,Offer E,Yes,31.84,No,Cable,58,No,No,Yes,Yes,Yes,No,No,Yes,Month-to-Month,No,Bank Withdrawal,64.3,0.0,0,No,4010,6,0-12
Male,19,Yes,0,3,71,No Offer,Yes,2.43,No,Cable,58,Yes,No,Yes,Yes,No,Yes,Yes,Yes,Two Year,Yes,Credit Card,70.85,0.0,0,No,5328,8,49-72
Male,23,Yes,1,8,15,No Offer,Yes,2.12,No,Fiber Optic,30,Yes,No,No,Yes,Yes,Yes,Yes,No,One Year,No,Bank Withdrawal,101.9,0.0,120,No,3707,7,13-24
Male,34,Yes,0,7,71,No Offer,Yes,34.39,Yes,DSL,5,Yes,Yes,No,Yes,Yes,No,No,Yes,Two Year,No,Credit Card,73.5,0.0,0,No,5431,8,49-72
Female,23,No,0,0,11,No Offer,No,0.0,No,DSL,59,No,Yes,Yes,Yes,No,No,No,Yes,One Year,Yes,Credit Card,40.4,0.0,0,No,2133,5,0-12
Female,32,Yes,3,2,60,No Offer,Yes,23.68,No,No Internet Service,0,No,No,No,No,No,No,No,No,Two Year,Yes,Credit Card,19.25,0.0,0,No,6134,1,49-72
Female,55,No,0,0,11,No Offer,Yes,5.0,No,Cable,23,No,No,Yes,Yes,No,Yes,Yes,Yes,One Year,No,Credit Card,64.9,0.0,0,No,3206,7,0-12
Male,26,Yes,0,2,61,No Offer,Yes,20.34,No,Cable,51,Yes,Yes,No,Yes,Yes,Yes,Yes,No,Two Year,Yes,Credit Card,81.05,0.0,0,No,4072,8,49-72
Male,27,Yes,3,3,31,Offer C,Yes,36.49,Yes,Fiber Optic,59,Yes,No,Yes,No,Yes,No,No,Yes,One Year,No,Bank Withdrawal,98.05,0.0,0,No,4524,7,25-48
Male,30,No,0,0,9,Offer E,Yes,40.71,No,Fiber Optic,52,No,No,No,No,No,No,No,Yes,Month-to-Month,Yes,Bank Withdrawal,70.5,0.0,0,No,3198,3,0-12
Male,59,No,0,0,2,Offer E,Yes,9.61,No,No Internet Service,0,No,No,No,No,No,No,No,No,Month-to-Month,Yes,Credit Card,19.65,0.0,0,No,3007,1,0-12
Female,62,Yes,1,1,1,Offer E,Yes,28.28,No,No Internet Service,0,No,No,No,No,No,No,No,No,Month-to-Month,Yes,Credit Card,19.0,0.0,0,No,2400,1,0-12
Female,40,No,0,0,3,Offer E,Yes,15.37,No,No Internet Service,0,No,No,No,No,No,No,No,No,Month-to-Month,Yes,Credit Card,20.0,0.0,0,No,5575,1,0-12
Male,56,No,0,0,52,No Offer,Yes,46.24,No,Cable,10,Yes,Yes,No,No,Yes,No,No,No,Two Year,Yes,Credit Card,63.25,0.0,130,No,6471,5,49-72
Male,28,Yes,0,1,5,No Offer,Yes,5.2,No,No Internet Service,0,No,No,No,No,No,No,No,No,One Year,No,Credit Card,20.1,0.0,0,No,2894,1,0-12
Male,52,Yes,0,1,72,No Offer,Yes,28.86,Yes,Fiber Optic,8,Yes,Yes,Yes,No,No,Yes,Yes,Yes,Two Year,Yes,Bank Withdrawal,99.15,0.0,0,No,5152,9,49-72
Male,25,Yes,0,1,71,No Offer,Yes,3.57,Yes,DSL,52,Yes,Yes,Yes,Yes,Yes,Yes,Yes,Yes,Two Year,No,Bank Withdrawal,90.4,0.0,0,No,5633,11,49-72
Male,32,Yes,0,1,72,No Offer,Yes,47.83,Yes,Fiber Optic,27,Yes,No,Yes,Yes,Yes,Yes,Yes,Yes,Two Year,Yes,Credit Card,111.9,0.0,0,No,6437,10,49-72
Male,56,Yes,0,1,46,No Offer,Yes,18.45,Yes,No Internet Service,0,No,No,No,No,No,No,No,No,One Year,No,Bank Withdrawal,24.9,0.0,0,No,2026,2,25-48
Male,19,Yes,0,1,63,No Offer,Yes,13.45,Yes,DSL,69,Yes,Yes,Yes,No,Yes,Yes,Yes,Yes,Two Year,No,Credit Card,83.5,0.0,0,No,4652,10,49-72
Male,52,No,0,0,30,Offer C,Yes,24.73,No,Fiber Optic,20,Yes,Yes,Yes,No,No,No,No,No,Month-to-Month,Yes,Credit Card,84.3,0.0,130,No,5393,5,25-48
Male,36,No,0,0,1,No Offer,Yes,37.44,No,DSL,9,No,No,No,No,No,No,No,Yes,Month-to-Month,No,Credit Card,45.6,0.0,0,No,2352,3,0-12
Male,45,No,0,0,16,No Offer,No,0.0,No,DSL,27,Yes,Yes,Yes,Yes,Yes,No,No,Yes,Two Year,No,Credit Card,54.85,0.0,0,No,2136,7,13-24
Male,22,No,0,0,4,No Offer,Yes,13.31,Yes,Cable,59,No,No,No,Yes,No,Yes,Yes,Yes,Month-to-Month,No,Credit Card,65.55,0.0,0,No,5707,7,0-12
Male,53,Yes,0,0,51,No Offer,Yes,9.21,Yes,Fiber Optic,30,No,Yes,No,No,No,Yes,Yes,Yes,One Year,Yes,Credit Card,90.35,0.0,0,No,4965,7,49-72
Male,59,Yes,0,1,65,No Offer,Yes,23.46,No,No Internet Service,0,No,No,No,No,No,No,No,No,Two Year,Yes,Credit Card,20.4,0.0,0,No,5368,1,49-72
Male,21,No,0,0,16,No Offer,Yes,38.32,No,Fiber Optic,82,No,No,No,Yes,No,No,No,Yes,Month-to-Month,Yes,Credit Card,74.55,0.0,0,No,2893,4,13-24
Male,47,No,0,0,2,No Offer,Yes,31.45,No,No Internet Service,0,No,No,No,No,No,No,No,No,One Year,No,Credit Card,19.95,0.0,0,No,3488,1,0-12
Female,34,Yes,1,1,66,No Offer,Yes,37.84,Yes,Fiber Optic,17,No,No,No,No,No,No,No,Yes,One Year,Yes,Bank Withdrawal,74.25,0.0,0,No,4395,4,49-72
Male,51,No,0,0,46,No Offer,Yes,37.5,Yes,Fiber Optic,22,No,Yes,Yes,Yes,Yes,Yes,Yes,Yes,Two Year,No,Bank Withdrawal,108.65,0.0,0,No,4210,10,25-48
Female,55,No,0,0,32,No Offer,Yes,4.61,Yes,Fiber Optic,12,Yes,No,Yes,Yes,Yes,Yes,Yes,Yes,One Year,Yes,Bank Withdrawal,109.55,0.0,0,No,5076,10,25-48
Male,35,Yes,0,1,72,No Offer,Yes,12.12,Yes,Cable,23,Yes,No,Yes,Yes,Yes,Yes,Yes,Yes,Two Year,No,Credit Card,86.65,3.2,0,No,5483,10,49-72
Male,28,Yes,0,1,38,No Offer,Yes,22.05,No,Cable,73,Yes,No,Yes,Yes,Yes,Yes,Yes,Yes,Two Year,No,Credit Card,81.0,0.0,0,No,3067,9,25-48
Male,48,No,0,0,51,No Offer,Yes,36.59,No,DSL,20,No,No,No,Yes,No,No,No,Yes,One Year,No,Credit Card,47.85,18.39,0,No,4138,4,49-72
Male,47,Yes,3,1,72,No Offer,Yes,21.89,Yes,Fiber Optic,58,Yes,Yes,Yes,Yes,Yes,Yes,Yes,No,Two Year,No,Bank Withdrawal,114.55,21.6,40,No,6158,10,49-72
Male,57,No,2,0,66,No Offer,Yes,20.63,No,No Internet Service,0,No,No,No,No,No,No,No,No,Two Year,No,Credit Card,20.55,17.14,0,No,4101,1,49-72
Male,63,No,0,0,50,No Offer,Yes,27.04,Yes,DSL,2,No,No,Yes,Yes,No,Yes,Yes,Yes,Two Year,No,Bank Withdrawal,69.5,5.73,0,No,4145,8,49-72
Female,64,No,0,0,15,No Offer,Yes,13.58,Yes,DSL,19,No,No,No,No,No,No,No,Yes,Month-to-Month,No,Credit Card,48.85,32.09,0,No,3762,4,13-24
Male,55,No,0,0,8,No Offer,No,0.0,No,Cable,16,No,No,No,No,No,No,No,Yes,Month-to-Month,Yes,Credit Card,25.25,0.0,0,No,2372,2,0-12
Female,30,No,0,0,57,No Offer,Yes,28.27,Yes,Fiber Optic,41,Yes,Yes,No,Yes,No,No,No,Yes,Month-to-Month,Yes,Bank Withdrawal,87.55,1.83,0,No,4882,7,49-72
Female,51,No,0,0,7,No Offer,Yes,40.76,Yes,Fiber Optic,16,No,Yes,No,No,No,No,No,Yes,Month-to-Month,Yes,Bank Withdrawal,78.55,47.19,0,No,4025,5,0-12
Female,27,No,0,0,62,No Offer,Yes,23.88,Yes,Fiber Optic,47,Yes,Yes,Yes,No,No,No,No,Yes,One Year,Yes,Bank Withdrawal,92.05,14.21,0,No,5801,7,49-72
Male,56,Yes,1,5,40,No Offer,Yes,14.41,No,Fiber Optic,22,No,No,Yes,No,Yes,No,No,Yes,One Year,Yes,Bank Withdrawal,85.05,38.15,0,No,5904,5,25-48
Female,49,No,0,0,20,No Offer,Yes,15.87,No,No Internet Service,0,No,No,No,No,No,No,No,No,Two Year,No,Credit Card,19.7,0.0,0,No,4404,1,13-24
Female,22,Yes,0,0,25,No Offer,Yes,29.81,No,Fiber Optic,52,No,No,No,Yes,Yes,Yes,Yes,No,Month-to-Month,Yes,Bank Withdrawal,95.15,0.0,80,No,3273,6,25-48
Male,28,Yes,0,1,23,No Offer,Yes,18.05,Yes,Fiber Optic,51,No,Yes,Yes,No,No,No,No,Yes,Month-to-Month,No,Bank Withdrawal,84.25,8.3,0,No,2781,6,13-24
Female,48,Yes,0,9,46,No Offer,Yes,13.05,Yes,DSL,15,Yes,No,No,No,No,No,No,Yes,Month-to-Month,No,Bank Withdrawal,55.0,31.39,0,No,5928,5,25-48
Male,41,Yes,0,5,72,No Offer,Yes,26.96,Yes,DSL,9,Yes,Yes,Yes,Yes,Yes,Yes,Yes,Yes,Two Year,No,Credit Card,89.85,12.55,0,No,6046,11,49-72
Male,40,No,0,0,10,No Offer,Yes,17.4,No,No Internet Service,0,No,No,No,No,No,No,No,No,One Year,No,Credit Card,20.35,0.0,0,No,4745,1,0-12
Female,31,No,0,0,40,Offer B,No,0.0,No,DSL,28,Yes,No,No,Yes,Yes,Yes,Yes,No,One Year,Yes,Bank Withdrawal,54.55,11.48,40,No,3533,6,25-48
Male,41,No,0,0,31,No Offer,Yes,10.05,No,Fiber Optic,14,No,No,Yes,Yes,Yes,Yes,Yes,Yes,Two Year,No,Bank Withdrawal,99.45,43.38,0,No,2021,8,25-48
Female,48,Yes,0,2,68,No Offer,Yes,27.41,Yes,DSL,9,Yes,Yes,Yes,Yes,No,No,No,Yes,Two Year,No,Credit Card,70.9,49.37,0,No,4114,8,49-72
Male,50,Yes,2,10,68,No Offer,Yes,19.09,Yes,No Internet Service,0,No,No,No,No,No,No,No,No,Two Year,No,Bank Withdrawal,25.4,9.34,0,No,5668,2,49-72
Female,21,Yes,1,1,15,No Offer,Yes,29.55,Yes,No Internet Service,0,No,No,No,No,No,No,No,No,Month-to-Month,Yes,Bank Withdrawal,25.25,0.0,0,No,4667,2,13-24
Male,25,Yes,0,6,50,Offer B,Yes,14.32,Yes,Cable,58,No,No,Yes,Yes,Yes,No,No,Yes,One Year,Yes,Bank Withdrawal,69.65,0.0,0,No,4706,7,49-72
Male,37,Yes,3,7,35,No Offer,Yes,11.75,No,No Internet Service,0,No,No,No,No,No,No,No,No,Two Year,No,Credit Card,20.1,38.61,0,No,4517,1,25-48
Female,64,No,0,0,17,Offer D,Yes,9.84,Yes,No Internet Service,0,No,No,No,No,No,No,No,No,Month-to-Month,No,Credit Card,24.8,37.06,0,No,5208,2,13-24
Male,32,No,0,0,10,Offer D,Yes,45.69,No,Fiber Optic,11,No,No,No,Yes,Yes,Yes,Yes,Yes,Month-to-Month,Yes,Credit Card,95.1,43.25,0,No,5787,7,0-12
Male,39,Yes,0,2,68,No Offer,Yes,41.61,Yes,Cable,14,Yes,Yes,Yes,Yes,Yes,Yes,Yes,Yes,Two Year,Yes,Credit Card,88.85,0.0,0,No,5228,11,49-72
Male,38,Yes,0,6,45,Offer B,Yes,9.91,No,Cable,19,Yes,Yes,Yes,No,Yes,Yes,Yes,Yes,One Year,No,Bank Withdrawal,78.8,23.28,0,No,4192,9,25-48
Male,56,Yes,0,3,37,No Offer,Yes,2.15,No,No Internet Service,0,No,No,No,No,No,No,No,No,Month-to-Month,No,Bank Withdrawal,20.35,45.07,0,No,3078,1,25-48
Female,46,No,0,0,10,Offer D,Yes,3.55,No,DSL,29,No,No,No,No,No,No,No,No,Month-to-Month,No,Credit Card,45.25,44.9,0,No,5369,2,0-12
Male,23,No,0,0,1,No Offer,Yes,18.15,No,No Internet Service,0,No,No,No,No,No,No,No,No,Month-to-Month,No,Credit Card,20.05,0.0,0,No,2798,1,0-12
Male,40,Yes,0,10,65,Offer B,Yes,17.43,Yes,DSL,30,Yes,Yes,No,No,No,Yes,Yes,Yes,Two Year,Yes,Mailed Check,69.55,23.61,0,No,5420,8,49-72
Female,33,Yes,3,5,57,Offer B,Yes,42.14,No,No Internet Service,0,No,No,No,No,No,No,No,No,Two Year,No,Bank Withdrawal,19.5,19.89,0,No,5864,1,49-72
Female,48,No,0,0,3,No Offer,Yes,12.5,No,Fiber Optic,4,No,No,Yes,No,No,No,No,Yes,Month-to-Month,Yes,Mailed Check,74.75,38.84,0,No,3319,4,0-12
Male,22,No,0,0,49,Offer B,No,0.0,No,Cable,58,No,No,Yes,No,No,No,No,Yes,Month-to-Month,Yes,Bank Withdrawal,30.2,0.0,0,No,5214,3,49-72
Female,22,Yes,0,9,70,No Offer,No,0.0,No,Cable,85,No,Yes,Yes,Yes,Yes,Yes,Yes,Yes,Two Year,No,Bank Withdrawal,57.8,1.01,0,No,5640,8,49-72
Female,60,Yes,0,6,53,Offer B,Yes,11.35,No,No Internet Service,0,No,No,No,No,No,No,No,No,One Year,Yes,Bank Withdrawal,19.85,14.67,0,No,4836,1,49-72
Male,37,Yes,3,3,53,Offer B,Yes,33.31,Yes,No Internet Service,0,No,No,No,No,No,No,No,No,Two Year,No,Credit Card,25.55,37.37,0,No,5794,2,49-72
Male,49,No,0,0,22,Offer D,Yes,22.97,Yes,No Internet Service,0,No,No,No,No,No,No,No,No,Month-to-Month,Yes,Credit Card,24.85,21.32,0,No,3534,2,13-24
Female,63,No,0,0,48,Offer B,Yes,23.76,Yes,No Internet Service,0,No,No,No,No,No,No,No,No,One Year,No,Bank Withdrawal,24.55,36.04,0,No,5517,2,25-48
Male,57,No,0,0,3,No Offer,Yes,47.5,Yes,Fiber Optic,22,No,Yes,Yes,No,Yes,Yes,Yes,Yes,Month-to-Month,No,Mailed Check,107.95,0.0,0,No,3449,9,0-12
Male,64,Yes,0,4,45,Offer B,Yes,1.59,Yes,Fiber Optic,19,No,Yes,No,No,No,No,No,Yes,Month-to-Month,No,Bank Withdrawal,81.4,0.0,0,No,5602,5,25-48
Female,57,Yes,0,9,61,Offer B,Yes,1.27,No,DSL,24,No,No,Yes,Yes,Yes,Yes,Yes,No,Two Year,Yes,Bank Withdrawal,73.8,49.51,30,No,6301,7,49-72
Male,37,No,0,0,3,No Offer,Yes,38.05,No,DSL,7,Yes,No,No,Yes,Yes,No,No,Yes,Month-to-Month,Yes,Credit Card,64.4,0.0,0,No,5645,6,0-12
Female,47,No,0,0,1,No Offer,Yes,37.51,No,Fiber Optic,10,No,No,No,No,No,No,No,Yes,Month-to-Month,No,Mailed Check,71.1,0.0,0,No,3029,3,0-12
Female,33,No,0,0,1,No Offer,Yes,14.93,No,DSL,4,No,No,No,Yes,No,No,No,Yes,Month-to-Month,Yes,Bank Withdrawal,49.9,0.0,0,No,4667,4,0-12
Male,58,No,0,0,51,Offer B,Yes,34.36,Yes,No Internet Service,0,No,No,No,No,No,No,No,No,One Year,Yes,Bank Withdrawal,24.6,47.91,0,No,4886,2,49-72
Male,42,No,0,0,52,Offer B,No,0.0,No,Cable,14,No,Yes,No,No,No,No,No,Yes,One Year,No,Mailed Check,30.1,11.72,0,No,6290,3,49-72
Male,55,No,0,0,51,Offer B,Yes,45.92,Yes,Fiber Optic,12,No,No,No,No,No,Yes,Yes,No,Month-to-Month,No,Bank Withdrawal,83.4,29.76,30,No,4191,5,49-72
Male,53,No,0,0,1,No Offer,Yes,11.61,No,No Internet Service,0,No,No,No,No,No,No,No,No,Month-to-Month,Yes,Mailed Check,20.45,0.0,0,No,5384,1,0-12
Male,55,Yes,0,7,31,No Offer,Yes,29.06,Yes,DSL,22,Yes,Yes,No,Yes,No,Yes,Yes,Yes,One Year,Yes,Bank Withdrawal,75.25,1.99,0,No,4258,9,25-48
Male,62,No,0,0,47,Offer B,Yes,42.25,No,No Internet Service,0,No,No,No,No,No,No,No,No,One Year,No,Credit Card,20.55,0.0,0,No,3313,1,25-48
Female,64,Yes,0,8,1,No Offer,Yes,35.24,No,No Internet Service,0,No,No,No,No,No,No,No,No,Month-to-Month,Yes,Credit Card,20.65,0.0,0,No,4517,1,0-12
Male,19,Yes,0,5,72,No Offer,Yes,32.36,Yes,DSL,52,No,Yes,Yes,Yes,Yes,Yes,Yes,Yes,Two Year,Yes,Bank Withdrawal,85.15,0.0,0,No,6322,10,49-72
Male,23,Yes,0,8,72,No Offer,Yes,6.09,Yes,DSL,41,Yes,No,Yes,Yes,No,No,No,Yes,Two Year,Yes,Credit Card,66.5,45.61,0,No,4397,7,49-72
Male,34,Yes,0,5,66,No Offer,Yes,32.04,Yes,DSL,19,No,No,Yes,No,Yes,No,No,Yes,Two Year,Yes,Bank Withdrawal,63.3,40.62,0,No,4186,6,49-72
Male,52,No,0,0,35,No Offer,Yes,41.21,Yes,Fiber Optic,6,No,No,No,No,Yes,No,No,Yes,Month-to-Month,No,Bank Withdrawal,83.15,18.84,0,No,2332,5,25-48
Male,56,No,0,0,29,No Offer,Yes,9.49,Yes,Fiber Optic,21,No,No,No,No,No,Yes,Yes,Yes,Month-to-Month,Yes,Bank Withdrawal,84.9,47.04,0,No,4388,6,25-48
Female,30,No,0,0,2,No Offer,Yes,16.7,No,No Internet Service,0,No,No,No,No,No,No,No,No,Month-to-Month,Yes,Mailed Check,20.55,0.0,0,No,5629,1,0-12
Male,34,No,0,0,4,No Offer,Yes,38.01,No,Cable,5,No,Yes,No,No,No,No,No,Yes,Month-to-Month,No,Mailed Check,49.25,0.0,0,No,3272,4,0-12
Female,19,No,0,0,65,Offer B,Yes,43.29,No,DSL,76,Yes,Yes,No,Yes,No,No,No,No,Two Year,Yes,Mailed Check,59.6,0.0,120,No,4372,5,49-72
Male,26,Yes,0,10,29,No Offer,Yes,3.35,No,Fiber Optic,59,No,No,Yes,No,No,No,No,Yes,Month-to-Month,Yes,Credit Card,75.3,0.0,0,No,4910,4,25-48
Male,60,Yes,2,6,29,No Offer,Yes,6.73,Yes,DSL,27,No,Yes,Yes,No,Yes,Yes,Yes,Yes,Month-to-Month,No,Credit Card,80.1,0.0,0,No,4558,9,25-48
Female,45,Yes,0,6,20,Offer D,Yes,11.39,No,Fiber Optic,21,No,No,Yes,Yes,No,No,No,Yes,Month-to-Month,Yes,Mailed Check,81.0,0.0,0,No,4741,5,13-24
Female,23,No,0,0,58,Offer B,Yes,47.9,Yes,No Internet Service,0,No,No,No,No,No,No,No,No,Two Year,Yes,Credit Card,24.7,0.0,0,No,5138,2,49-72
Female,53,No,1,0,14,Offer D,Yes,47.72,Yes,Fiber Optic,22,Yes,No,No,Yes,No,No,No,Yes,Month-to-Month,Yes,Mailed Check,86.0,0.0,0,No,5494,6,13-24
Male,61,Yes,0,2,72,Offer A,Yes,34.29,Yes,No Internet Service,0,No,No,No,No,No,No,No,No,Two Year,No,Credit Card,25.4,0.0,0,No,5512,2,49-72
Male,21,No,0,0,46,Offer B,Yes,37.75,Yes,Fiber Optic,73,Yes,No,No,No,Yes,No,No,Yes,Month-to-Month,Yes,Credit Card,89.15,0.0,0,No,5593,6,25-48
Female,40,Yes,0,2,71,Offer A,No,0.0,No,Cable,29,No,Yes,Yes,Yes,Yes,Yes,Yes,Yes,Two Year,No,Bank Withdrawal,58.25,0.0,0,No,5224,8,49-72
Male,51,No,0,0,32,No Offer,Yes,37.04,Yes,Fiber Optic,28,No,No,No,No,No,Yes,Yes,Yes,Month-to-Month,Yes,Bank Withdrawal,85.65,0.0,0,No,2383,6,25-48
Female,47,No,0,0,26,No Offer,No,0.0,No,DSL,7,No,No,Yes,No,Yes,Yes,Yes,Yes,Month-to-Month,Yes,Credit Card,50.35,0.0,0,No,2510,6,25-48
Male,22,Yes,0,6,2,No Offer,Yes,38.41,No,No Internet Service,0,No,No,No,No,No,No,No,No,One Year,No,Credit Card,20.2,0.0,0,No,3866,1,0-12
Male,24,Yes,0,0,61,Offer B,Yes,46.76,No,No Internet Service,0,No,No,No,No,No,No,No,No,Two Year,No,Credit Card,20.55,0.0,0,No,4446,1,49-72
Female,47,No,0,0,22,Offer D,Yes,5.28,Yes,No Internet Service,0,No,No,No,No,No,No,No,No,Two Year,No,Credit Card,26.25,0.0,0,No,5676,2,13-24
Female,20,Yes,2,8,5,No Offer,Yes,47.91,No,Fiber Optic,73,No,No,No,No,Yes,No,No,Yes,Month-to-Month,Yes,Bank Withdrawal,80.85,0.0,0,No,5109,4,0-12
Male,41,No,0,0,65,Offer B,Yes,22.23,Yes,DSL,18,No,Yes,Yes,Yes,No,Yes,Yes,Yes,Two Year,Yes,Credit Card,74.2,0.0,0,No,4774,9,49-72
Male,46,No,0,0,5,No Offer,Yes,31.78,No,No Internet Service,0,No,No,No,No,No,No,No,No,Month-to-Month,No,Credit Card,20.35,0.0,0,No,2303,1,0-12
Male,51,Yes,3,4,25,No Offer,Yes,4.46,No,Fiber Optic,58,No,Yes,No,No,No,No,No,Yes,Month-to-Month,Yes,Bank Withdrawal,75.5,0.0,0,No,5985,4,25-48
Female,27,Yes,0,5,72,Offer A,Yes,7.29,Yes,Fiber Optic,53,Yes,No,No,No,No,No,No,No,Two Year,No,Bank Withdrawal,79.05,0.0,80,No,4689,4,49-72
Female,25,Yes,0,1,27,No Offer,Yes,18.74,Yes,Fiber Optic,59,No,No,Yes,No,No,Yes,Yes,Yes,Month-to-Month,No,Bank Withdrawal,90.15,0.0,0,No,5750,7,25-48
Male,48,Yes,2,10,32,No Offer,No,0.0,No,DSL,19,No,No,Yes,No,Yes,Yes,Yes,Yes,Month-to-Month,No,Credit Card,50.6,0.0,0,No,3087,6,25-48
Female,19,No,0,0,30,No Offer,Yes,13.16,Yes,Fiber Optic,27,No,Yes,Yes,Yes,Yes,Yes,Yes,Yes,One Year,No,Credit Card,110.45,0.0,0,No,4983,10,25-48
Male,26,Yes,0,9,70,Offer A,Yes,41.05,No,Fiber Optic,59,Yes,Yes,Yes,Yes,No,Yes,Yes,Yes,Two Year,No,Credit Card,101.0,0.0,0,No,5025,9,49-72
Female,38,No,0,0,47,Offer B,Yes,35.75,Yes,DSL,13,Yes,No,Yes,Yes,No,No,No,No,Two Year,Yes,Credit Card,65.0,0.0,0,No,3286,6,25-48
Female,35,No,0,0,2,No Offer,Yes,35.41,No,Fiber Optic,25,Yes,No,Yes,No,No,No,No,Yes,Month-to-Month,Yes,Bank Withdrawal,80.45,0.0,0,No,5602,5,0-12
Female,23,Yes,0,9,61,Offer B,Yes,13.35,Yes,No Internet Service,0,No,No,No,No,No,No,No,No,Two Year,Yes,Credit Card,24.1,0.0,0,No,5970,2,49-72
Female,46,No,0,0,5,No Offer,Yes,10.99,No,DSL,29,No,No,No,No,No,No,No,Yes,Month-to-Month,Yes,Credit Card,44.05,0.0,0,No,5846,3,0-12
Male,43,Yes,0,5,48,Offer B,Yes,15.95,No,No Internet Service,0,No,No,No,No,No,No,No,No,Two Year,No,Credit Card,19.25,0.0,0,No,2282,1,25-48
Female,41,No,0,0,63,Offer B,Yes,40.34,No,Fiber Optic,8,No,No,Yes,Yes,Yes,No,No,Yes,One Year,Yes,Credit Card,90.05,0.0,0,No,4039,6,49-72
Female,35,No,0,0,27,No Offer,Yes,25.21,No,DSL,9,Yes,Yes,No,No,No,No,No,Yes,Month-to-Month,Yes,Credit Card,56.7,0.0,0,No,4472,5,25-48
Male,28,Yes,0,10,70,Offer A,Yes,24.08,No,DSL,46,Yes,Yes,Yes,No,Yes,Yes,Yes,Yes,Two Year,Yes,Credit Card,80.15,0.0,0,No,5715,9,49-72
Male,47,Yes,2,3,7,No Offer,Yes,49.98,No,Cable,25,Yes,No,Yes,Yes,No,Yes,Yes,Yes,Month-to-Month,Yes,Credit Card,71.35,0.0,0,No,3459,8,0-12
Male,24,No,0,0,10,No Offer,Yes,13.16,No,No Internet Service,0,No,No,No,No,No,No,No,No,Two Year,No,Credit Card,20.25,0.0,0,No,5504,1,0-12
Female,19,Yes,0,10,2,No Offer,Yes,4.65,No,Fiber Optic,53,Yes,Yes,No,No,Yes,No,No,Yes,Month-to-Month,No,Bank Withdrawal,90.35,0.0,0,No,5361,6,0-12
Male,50,No,0,0,66,Offer A,Yes,45.54,No,No Internet Service,0,No,No,No,No,No,No,No,No,Two Year,No,Bank Withdrawal,19.7,0.0,0,No,4601,1,49-72
Female,22,No,0,0,3,No Offer,Yes,3.12,No,No Internet Service,0,No,No,No,No,No,No,No,No,Month-to-Month,No,Credit Card,19.85,0.0,0,No,5634,1,0-12
Female,41,Yes,0,9,72,Offer A,Yes,9.6,Yes,Fiber Optic,25,Yes,Yes,No,Yes,No,No,No,Yes,Two Year,Yes,Bank Withdrawal,90.35,0.0,0,No,5794,7,49-72
Male,37,No,0,0,1,Offer E,Yes,48.14,No,No Internet Service,0,No,No,No,No,No,No,No,No,Month-to-Month,No,Credit Card,20.8,0.0,0,No,3678,1,0-12
Female,56,Yes,0,6,72,Offer A,Yes,14.65,Yes,DSL,20,Yes,No,Yes,Yes,No,No,No,Yes,Two Year,No,Bank Withdrawal,66.85,0.0,0,No,6264,7,49-72
Male,30,Yes,0,2,65,Offer B,Yes,18.07,No,No Internet Service,0,No,No,No,No,No,No,No,No,Two Year,No,Credit Card,19.9,0.0,0,No,6312,1,49-72
Female,22,No,0,0,11,Offer D,No,0.0,No,DSL,52,No,No,No,No,Yes,No,No,Yes,Month-to-Month,Yes,Credit Card,35.8,0.0,0,No,2534,3,0-12
Male,56,No,0,0,22,Offer D,Yes,30.35,Yes,Fiber Optic,10,No,Yes,No,No,No,No,No,No,Month-to-Month,Yes,Credit Card,78.85,0.0,50,No,2444,4,13-24
Male,23,No,0,0,14,Offer D,Yes,36.42,No,No Internet Service,0,No,No,No,No,No,No,No,No,One Year,No,Bank Withdrawal,20.4,0.0,0,No,5068,1,13-24
Male,45,No,0,0,41,Offer B,Yes,1.08,No,Fiber Optic,6,No,No,No,Yes,No,No,No,Yes,Month-to-Month,Yes,Bank Withdrawal,74.25,0.0,0,No,3277,4,25-48
Male,32,Yes,0,2,17,Offer D,Yes,45.35,No,DSL,11,Yes,Yes,No,No,No,Yes,Yes,Yes,One Year,No,Credit Card,64.8,0.0,0,No,3546,7,13-24
Male,63,No,0,0,11,Offer D,Yes,44.53,No,No Internet Service,0,No,No,No,No,No,No,No,No,Month-to-Month,Yes,Credit Card,20.45,0.0,0,No,2642,1,0-12
Female,24,Yes,0,5,72,Offer A,Yes,41.21,Yes,Fiber Optic,73,Yes,Yes,Yes,No,Yes,Yes,Yes,Yes,Two Year,Yes,Credit Card,110.65,0.0,0,No,4259,10,49-72
Female,59,Yes,3,6,3,Offer E,No,0.0,No,Cable,53,No,Yes,No,No,No,Yes,Yes,Yes,Month-to-Month,No,Credit Card,40.3,0.0,0,No,5651,5,0-12
Female,20,Yes,0,7,59,Offer B,Yes,41.15,Yes,Fiber Optic,48,Yes,Yes,Yes,Yes,No,Yes,Yes,No,One Year,Yes,Credit Card,107.0,0.0,0,No,4620,9,49-72
Male,30,Yes,0,4,71,Offer A,Yes,16.24,No,Cable,59,No,Yes,No,Yes,Yes,Yes,Yes,Yes,Two Year,Yes,Credit Card,73.35,0.0,0,No,5124,8,49-72
Female,45,Yes,2,10,5,Offer E,Yes,35.6,No,Cable,19,No,No,No,No,No,No,No,Yes,Month-to-Month,No,Credit Card,44.8,0.0,0,No,2492,3,0-12
Male,54,Yes,6,5,27,No Offer,Yes,36.19,No,DSL,53,Yes,Yes,No,No,No,No,No,Yes,Month-to-Month,Yes,Credit Card,54.75,0.0,0,No,3519,5,25-48
Male,48,No,0,0,63,Offer B,No,0.0,No,DSL,28,Yes,Yes,No,Yes,No,No,No,Yes,One Year,Yes,Bank Withdrawal,40.6,0.0,0,No,6406,5,49-72
Male,40,Yes,0,5,72,Offer A,Yes,24.24,Yes,DSL,27,Yes,No,No,No,No,No,No,Yes,Two Year,No,Bank Withdrawal,55.3,0.0,0,No,6259,5,49-72
Female,59,Yes,0,5,34,No Offer,Yes,12.3,Yes,DSL,26,Yes,No,No,Yes,No,No,No,Yes,Month-to-Month,Yes,Bank Withdrawal,60.85,0.0,0,No,3012,6,25-48
Female,54,Yes,0,4,24,No Offer,Yes,31.62,Yes,DSL,12,Yes,Yes,No,No,Yes,Yes,Yes,No,One Year,No,Bank Withdrawal,78.4,0.0,130,No,2506,8,13-24
Male,53,No,0,0,72,Offer A,Yes,3.66,Yes,DSL,13,Yes,Yes,Yes,Yes,No,No,No,Yes,Two Year,No,Bank Withdrawal,69.65,0.0,0,No,4262,8,49-72
Female,46,Yes,0,1,60,Offer B,No,0.0,No,DSL,19,Yes,No,Yes,Yes,Yes,Yes,Yes,Yes,Two Year,No,Credit Card,59.85,0.0,0,No,5790,8,49-72
Male,60,No,0,0,68,Offer A,Yes,1.27,Yes,Cable,13,Yes,Yes,Yes,No,No,Yes,Yes,Yes,One Year,Yes,Credit Card,76.9,0.0,0,No,5355,9,49-72
Female,44,Yes,0,8,8,Offer E,Yes,17.09,No,No Internet Service,0,No,No,No,No,No,No,No,No,Two Year,Yes,Credit Card,19.85,0.0,0,No,3260,1,0-12
Female,22,No,0,0,34,No Offer,Yes,20.75,No,DSL,27,Yes,No,Yes,Yes,Yes,No,No,Yes,Two Year,No,Credit Card,67.65,0.0,0,No,4263,7,25-48
Female,25,No,0,0,6,Offer E,No,0.0,No,Cable,52,No,No,No,No,Yes,Yes,Yes,Yes,Month-to-Month,No,Credit Card,45.0,0.0,0,No,2270,5,0-12
Male,38,Yes,0,2,2,Offer E,Yes,4.41,No,DSL,26,No,Yes,No,Yes,No,Yes,Yes,No,Month-to-Month,Yes,Credit Card,64.2,0.0,30,No,4369,6,0-12
Male,24,No,0,0,31,No Offer,Yes,17.18,Yes,Fiber Optic,76,No,No,No,Yes,No,No,No,Yes,One Year,No,Credit Card,81.7,0.0,0,No,4850,5,25-48
Female,47,Yes,7,6,20,Offer D,Yes,36.85,Yes,No Internet Service,0,No,No,No,No,No,No,No,No,Month-to-Month,Yes,Bank Withdrawal,25.55,0.0,0,No,3235,2,13-24
Female,21,Yes,3,4,1,No Offer,Yes,6.86,No,No Internet Service,0,No,No,No,No,No,No,No,No,Month-to-Month,No,Bank Withdrawal,20.0,0.0,0,No,2358,1,0-12
Male,39,Yes,0,7,39,No Offer,Yes,29.56,Yes,No Internet Service,0,No,No,No,No,No,No,No,No,Two Year,Yes,Credit Card,23.8,0.0,0,No,3970,2,25-48
Female,61,Yes,0,1,46,No Offer,Yes,37.02,No,DSL,6,No,Yes,No,Yes,Yes,No,No,Yes,Two Year,Yes,Credit Card,64.2,0.0,0,No,4699,6,25-48
Female,45,Yes,0,5,72,Offer A,Yes,43.47,Yes,Cable,9,No,No,Yes,No,Yes,Yes,Yes,No,Two Year,Yes,Bank Withdrawal,76.8,0.0,90,No,5120,7,49-72
Male,63,No,0,0,18,Offer D,Yes,47.72,No,DSL,28,No,No,Yes,Yes,No,No,No,Yes,Month-to-Month,No,Credit Card,55.2,0.0,0,No,2110,5,13-24
Male,29,Yes,0,10,71,Offer A,Yes,31.97,Yes,Fiber Optic,73,Yes,No,Yes,Yes,Yes,Yes,Yes,Yes,Two Year,Yes,Credit Card,108.55,0.0,0,No,4111,10,49-72
Female,55,Yes,0,9,42,No Offer,Yes,33.63,Yes,No Internet Service,0,No,No,No,No,No,No,No,No,Two Year,No,Bank Withdrawal,25.25,0.0,0,No,3052,2,25-48
Male,23,Yes,0,0,34,No Offer,No,0.0,No,DSL,42,Yes,No,No,No,No,No,No,Yes,One Year,No,Bank Withdrawal,30.4,0.0,0,No,4697,3,25-48
Female,23,No,0,0,25,Offer C,Yes,9.57,Yes,Fiber Optic,59,No,No,No,No,Yes,No,No,Yes,Month-to-Month,Yes,Credit Card,84.6,0.0,0,No,4874,5,25-48
Female,37,Yes,3,10,55,No Offer,Yes,35.04,No,Fiber Optic,57,No,Yes,Yes,Yes,Yes,Yes,Yes,No,One Year,Yes,Bank Withdrawal,103.7,0.0,20,No,5892,8,49-72
Male,30,Yes,0,9,70,No Offer,Yes,9.28,Yes,Fiber Optic,51,Yes,Yes,No,Yes,No,No,No,Yes,Two Year,Yes,Credit Card,88.0,0.0,0,No,4867,7,49-72
Female,41,Yes,0,3,61,No Offer,Yes,27.63,Yes,Fiber Optic,29,No,No,Yes,Yes,Yes,Yes,Yes,Yes,Month-to-Month,Yes,Bank Withdrawal,106.35,0.0,0,No,5632,9,49-72
Male,62,Yes,0,1,43,No Offer,Yes,41.08,No,DSL,18,Yes,No,Yes,Yes,Yes,Yes,Yes,Yes,Two Year,Yes,Credit Card,79.15,0.0,0,No,3716,9,25-48
Male,37,No,0,0,47,No Offer,Yes,16.64,Yes,Fiber Optic,8,No,Yes,Yes,No,Yes,Yes,Yes,Yes,One Year,Yes,Bank Withdrawal,103.1,0.0,0,No,5029,9,25-48
Male,38,No,0,0,5,Offer E,Yes,13.96,No,DSL,5,No,No,Yes,Yes,Yes,No,No,Yes,Month-to-Month,Yes,Credit Card,63.95,0.0,0,No,3099,6,0-12
Female,55,No,0,0,62,No Offer,Yes,8.23,Yes,No Internet Service,0,No,No,No,No,No,No,No,No,Two Year,Yes,Credit Card,25.8,0.0,0,No,6201,2,49-72
Female,47,Yes,1,1,14,No Offer,Yes,31.7,Yes,No Internet Service,0,No,No,No,No,No,No,No,No,Month-to-Month,No,Credit Card,25.55,0.0,0,No,2080,2,13-24
Male,35,Yes,3,2,34,Offer C,No,0.0,No,DSL,76,No,No,Yes,Yes,Yes,No,No,Yes,Month-to-Month,Yes,Bank Withdrawal,44.85,0.0,0,No,5569,5,25-48
Male,44,Yes,1,9,38,Offer C,Yes,33.1,Yes,No Internet Service,0,No,No,No,No,No,No,No,No,Two Year,No,Credit Card,25.05,0.0,0,No,3772,2,25-48
Female,46,Yes,0,7,70,No Offer,Yes,19.1,No,DSL,21,Yes,Yes,Yes,Yes,No,Yes,Yes,Yes,One Year,No,Credit Card,74.1,0.0,0,No,6325,9,49-72
Female,33,Yes,2,3,37,Offer C,Yes,1.08,Yes,Fiber Optic,16,No,Yes,No,No,Yes,No,No,Yes,Month-to-Month,Yes,Bank Withdrawal,88.8,0.0,0,No,3746,6,25-48
Male,47,Yes,0,0,62,No Offer,Yes,14.05,No,DSL,25,Yes,No,Yes,Yes,No,Yes,Yes,Yes,One Year,No,Credit Card,71.4,0.0,0,No,5327,8,49-72
Male,27,No,0,0,36,Offer C,Yes,42.51,No,Cable,52,Yes,No,Yes,Yes,Yes,Yes,Yes,No,Month-to-Month,Yes,Credit Card,79.2,0.0,40,No,4830,8,25-48
Male,36,No,0,0,44,No Offer,Yes,1.4,No,No Internet Service,0,No,No,No,No,No,No,No,No,Two Year,No,Credit Card,20.4,0.0,0,No,2404,1,25-48
Female,44,Yes,0,7,72,No Offer,Yes,6.58,Yes,Fiber Optic,7,Yes,No,Yes,No,Yes,Yes,Yes,Yes,Two Year,Yes,Credit Card,105.0,0.0,0,No,5678,9,49-72
Female,59,No,0,0,13,No Offer,No,0.0,No,Cable,7,Yes,No,No,No,No,No,No,Yes,Month-to-Month,Yes,Bank Withdrawal,30.85,0.0,0,No,2444,3,13-24
Female,23,Yes,0,7,15,No Offer,Yes,34.63,No,No Internet Service,0,No,No,No,No,No,No,No,No,One Year,No,Credit Card,20.55,0.0,0,No,3009,1,13-24
Female,57,No,0,0,65,No Offer,Yes,41.74,No,Cable,17,Yes,Yes,Yes,Yes,Yes,Yes,Yes,Yes,Two Year,Yes,Bank Withdrawal,84.85,0.0,0,No,5434,10,49-72
Female,54,Yes,0,7,12,No Offer,No,0.0,No,DSL,27,Yes,No,No,Yes,No,No,No,Yes,One Year,No,Credit Card,33.15,0.0,0,No,3882,4,0-12
Male,55,Yes,0,8,72,No Offer,Yes,5.32,Yes,DSL,5,Yes,Yes,Yes,Yes,Yes,Yes,Yes,No,Two Year,Yes,Credit Card,92.0,0.0,10,No,5883,10,49-72
Female,23,Yes,0,3,72,No Offer,Yes,44.92,Yes,DSL,69,Yes,Yes,Yes,Yes,Yes,Yes,Yes,Yes,Two Year,No,Credit Card,89.8,0.0,0,No,5762,11,49-72
Female,57,Yes,2,9,72,No Offer,Yes,12.29,Yes,Fiber Optic,24,Yes,Yes,Yes,Yes,Yes,Yes,Yes,Yes,Two Year,Yes,Bank Withdrawal,115.8,0.0,0,No,5841,11,49-72
Male,63,No,0,0,52,No Offer,Yes,32.02,Yes,DSL,28,Yes,Yes,No,Yes,Yes,Yes,Yes,Yes,Two Year,Yes,Credit Card,85.15,0.0,0,No,4322,10,49-72
Male,50,No,0,0,2,Offer E,Yes,40.25,Yes,No Internet Service,0,No,No,No,No,No,No,No,No,Month-to-Month,No,Credit Card,24.85,0.0,0,No,5983,2,0-12
Female,63,No,0,0,5,Offer E,Yes,8.32,No,DSL,22,Yes,No,No,Yes,Yes,No,No,Yes,Month-to-Month,Yes,Bank Withdrawal,64.35,0.0,0,No,4771,6,0-12
Female,32,No,0,0,68,No Offer,Yes,48.41,No,No Internet Service,0,No,No,No,No,No,No,No,No,Two Year,No,Credit Card,20.5,0.0,0,No,4201,1,49-72
Male,22,No,0,0,72,No Offer,Yes,48.36,Yes,DSL,71,Yes,Yes,No,Yes,Yes,Yes,Yes,No,Two Year,No,Credit Card,86.05,0.0,20,No,5965,9,49-72
Female,59,Yes,0,10,66,No Offer,Yes,37.38,Yes,Fiber Optic,8,Yes,Yes,No,Yes,No,No,No,Yes,One Year,No,Bank Withdrawal,89.0,0.0,0,No,4488,7,49-72
Male,52,Yes,0,9,72,No Offer,No,0.0,No,DSL,18,Yes,Yes,Yes,Yes,Yes,Yes,Yes,Yes,Two Year,Yes,Credit Card,64.8,0.0,0,No,4036,9,49-72
Male,63,No,0,0,26,Offer C,Yes,45.7,No,No Internet Service,0,No,No,No,No,No,No,No,No,One Year,No,Credit Card,19.8,0.0,0,No,5823,1,25-48
Male,53,Yes,1,2,64,No Offer,Yes,30.82,Yes,Fiber Optic,11,Yes,No,Yes,No,No,Yes,Yes,Yes,Two Year,No,Bank Withdrawal,93.4,0.0,0,No,6249,8,49-72
Male,61,Yes,0,6,62,No Offer,No,0.0,No,Cable,4,No,No,No,Yes,Yes,No,No,Yes,Two Year,Yes,Bank Withdrawal,39.0,0.0,0,No,4987,4,49-72
Female,44,No,0,0,5,No Offer,Yes,24.61,No,No Internet Service,0,No,No,No,No,No,No,No,No,Month-to-Month,Yes,Credit Card,20.5,0.0,0,No,5263,1,0-12
Male,44,No,1,0,3,No Offer,Yes,33.87,Yes,No Internet Service,0,No,No,No,No,No,No,No,No,Two Year,Yes,Credit Card,26.4,0.0,0,No,4315,2,0-12
Female,32,Yes,0,1,72,No Offer,Yes,25.48,Yes,Fiber Optic,3,Yes,No,Yes,Yes,Yes,No,No,Yes,Two Year,Yes,Bank Withdrawal,98.2,0.0,0,No,4332,8,49-72
Male,26,Yes,3,1,57,No Offer,Yes,4.18,No,Fiber Optic,73,No,Yes,Yes,No,Yes,Yes,Yes,Yes,One Year,Yes,Credit Card,97.55,0.0,0,No,5833,8,49-72
Male,63,No,1,0,66,No Offer,Yes,37.94,No,No Internet Service,0,No,No,No,No,No,No,No,No,Two Year,No,Credit Card,19.95,0.0,0,No,6382,1,49-72
Male,33,No,2,0,45,No Offer,Yes,23.54,Yes,Fiber Optic,12,No,No,Yes,No,Yes,Yes,Yes,Yes,Two Year,No,Bank Withdrawal,99.7,0.0,0,No,3333,8,25-48
Female,25,No,0,0,3,No Offer,No,0.0,No,DSL,46,No,No,No,No,Yes,No,No,Yes,Month-to-Month,Yes,Credit Card,34.8,0.0,0,No,2496,3,0-12
Female,48,No,0,0,51,No Offer,No,0.0,No,DSL,10,Yes,No,Yes,Yes,Yes,Yes,Yes,Yes,One Year,No,Bank Withdrawal,60.15,0.0,0,No,5404,8,49-72
Female,29,No,0,0,60,No Offer,Yes,37.95,Yes,DSL,27,Yes,No,Yes,Yes,No,No,No,No,One Year,No,Bank Withdrawal,64.75,0.0,120,No,6408,6,49-72
Male,62,No,0,0,33,Offer C,Yes,5.91,Yes,DSL,5,No,Yes,No,No,No,No,No,Yes,Month-to-Month,Yes,Bank Withdrawal,54.65,0.0,0,No,5201,5,25-48
Female,39,Yes,0,1,67,No Offer,Yes,35.03,Yes,Fiber Optic,23,Yes,No,Yes,Yes,Yes,Yes,Yes,Yes,One Year,Yes,Bank Withdrawal,111.25,0.0,0,No,5649,10,49-72
Female,19,Yes,0,1,49,No Offer,No,0.0,No,Cable,82,Yes,No,No,Yes,No,No,No,Yes,One Year,Yes,Credit Card,35.8,0.0,0,No,4865,4,49-72
Male,42,No,0,0,1,No Offer,Yes,3.23,No,No Internet Service,0,No,No,No,No,No,No,No,No,Month-to-Month,Yes,Credit Card,20.05,0.0,0,No,5368,1,0-12
Male,23,Yes,3,1,37,Offer C,Yes,43.01,No,Fiber Optic,51,No,No,No,No,Yes,Yes,Yes,Yes,One Year,No,Credit Card,91.2,0.0,0,No,5263,6,25-48
Male,37,Yes,3,1,31,Offer C,Yes,20.76,Yes,Fiber Optic,57,Yes,No,Yes,Yes,No,No,No,Yes,Month-to-Month,No,Bank Withdrawal,89.3,0.0,0,No,2132,7,25-48
Female,56,Yes,0,1,63,Offer B,Yes,38.85,Yes,Fiber Optic,27,No,No,No,Yes,No,No,No,Yes,One Year,Yes,Credit Card,81.2,0.0,0,No,6063,5,49-72
Male,53,No,0,0,30,Offer C,Yes,41.66,Yes,Fiber Optic,28,Yes,Yes,No,No,No,Yes,Yes,Yes,Month-to-Month,Yes,Credit Card,94.3,0.0,0,No,4219,8,25-48
Male,29,Yes,0,1,71,No Offer,Yes,33.83,Yes,Fiber Optic,27,Yes,Yes,Yes,Yes,Yes,Yes,Yes,No,Two Year,Yes,Bank Withdrawal,116.1,0.0,130,No,5027,10,49-72
Female,33,No,0,0,53,Offer B,Yes,12.92,Yes,Fiber Optic,19,No,Yes,Yes,No,Yes,Yes,Yes,Yes,Two Year,No,Bank Withdrawal,105.55,0.0,0,No,5731,9,49-72
Male,27,Yes,0,1,50,Offer B,Yes,17.58,Yes,Fiber Optic,47,Yes,Yes,No,No,No,Yes,Yes,Yes,Month-to-Month,Yes,Credit Card,94.4,0.0,0,No,5548,8,49-72
Female,19,No,0,0,2,No Offer,Yes,27.17,No,No Internet Service,0,No,No,No,No,No,No,No,No,Month-to-Month,No,Mailed Check,19.5,0.0,0,No,4836,1,0-12
Female,35,Yes,0,1,56,Offer B,Yes,34.1,No,Fiber Optic,13,Yes,Yes,Yes,No,Yes,Yes,Yes,Yes,One Year,Yes,Credit Card,105.6,0.0,0,No,4196,9,49-72
Male,60,Yes,0,1,67,No Offer,Yes,45.25,No,DSL,18,Yes,Yes,Yes,No,Yes,Yes,Yes,Yes,Two Year,No,Credit Card,81.35,0.0,0,No,4219,9,49-72
Male,38,No,0,0,4,No Offer,Yes,20.76,No,DSL,30,No,No,No,No,Yes,No,No,Yes,Month-to-Month,Yes,Bank Withdrawal,56.4,0.0,0,No,5344,4,0-12
Male,61,No,0,0,19,No Offer,Yes,41.79,No,DSL,6,No,Yes,No,Yes,No,Yes,Yes,No,One Year,Yes,Bank Withdrawal,65.35,0.0,60,No,2051,6,13-24
Female,26,No,3,0,8,No Offer,Yes,45.87,No,No Internet Service,0,No,No,No,No,No,No,No,No,Month-to-Month,No,Mailed Check,19.95,0.0,0,No,5919,1,0-12
Female,29,No,0,0,71,No Offer,Yes,41.92,Yes,Fiber Optic,53,No,Yes,Yes,Yes,Yes,Yes,Yes,Yes,Two Year,Yes,Bank Withdrawal,111.25,0.0,0,No,4361,10,49-72
Male,40,Yes,1,1,72,No Offer,Yes,11.67,Yes,Fiber Optic,26,Yes,No,Yes,No,Yes,Yes,Yes,Yes,One Year,Yes,Bank Withdrawal,106.1,0.0,0,No,6283,9,49-72
Male,42,No,0,0,12,No Offer,Yes,16.59,No,No Internet Service,0,No,No,No,No,No,No,No,No,One Year,No,Credit Card,20.05,0.0,0,No,4018,1,0-12
Male,22,Yes,2,1,72,No Offer,Yes,28.06,Yes,No Internet Service,0,No,No,No,No,No,No,No,No,Two Year,Yes,Bank Withdrawal,25.2,0.0,0,No,6499,2,49-72
Male,45,No,0,0,72,No Offer,No,0.0,No,Cable,10,Yes,Yes,Yes,Yes,Yes,Yes,Yes,Yes,Two Year,Yes,Bank Withdrawal,65.55,0.0,0,No,4266,9,49-72
Female,37,No,0,0,26,Offer C,Yes,20.64,Yes,Fiber Optic,22,No,No,Yes,No,No,No,No,Yes,Month-to-Month,Yes,Bank Withdrawal,80.7,0.0,0,No,4501,5,25-48
Female,48,No,0,0,21,No Offer,Yes,36.31,No,Fiber Optic,27,No,Yes,Yes,Yes,Yes,Yes,Yes,Yes,One Year,Yes,Credit Card,104.55,0.0,0,No,3471,9,13-24
Male,23,Yes,0,1,60,Offer B,Yes,16.42,Yes,No Internet Service,0,No,No,No,No,No,No,No,No,One Year,No,Bank Withdrawal,24.15,0.0,0,No,4501,2,49-72
Male,26,No,0,0,12,No Offer,Yes,41.11,No,No Internet Service,0,No,No,No,No,No,No,No,No,Month-to-Month,No,Mailed Check,20.45,0.0,0,No,4883,1,0-12
Male,25,Yes,0,1,16,No Offer,Yes,25.83,Yes,Fiber Optic,46,No,No,No,No,No,No,No,Yes,Month-to-Month,Yes,Bank Withdrawal,75.4,0.0,0,No,5432,4,13-24
Female,38,Yes,0,1,63,Offer B,Yes,49.08,Yes,Cable,24,Yes,Yes,No,No,Yes,Yes,Yes,No,One Year,Yes,Credit Card,79.7,0.0,30,No,4010,8,49-72
Female,54,Yes,1,1,32,Offer C,Yes,32.43,No,Cable,19,Yes,Yes,Yes,Yes,No,Yes,Yes,Yes,Month-to-Month,No,Bank Withdrawal,76.3,0.0,0,No,5324,9,25-48
Female,32,Yes,3,6,68,No Offer,Yes,16.09,Yes,Fiber Optic,53,No,Yes,No,Yes,Yes,Yes,Yes,Yes,Two Year,Yes,Credit Card,103.75,0.0,0,No,4121,9,49-72
Female,53,Yes,3,0,30,Offer C,Yes,48.43,No,Fiber Optic,58,No,No,Yes,No,No,Yes,Yes,Yes,One Year,No,Bank Withdrawal,86.45,0.0,0,No,2923,6,25-48
Female,44,No,0,0,16,No Offer,Yes,38.02,No,Fiber Optic,25,No,Yes,No,No,No,No,No,Yes,Month-to-Month,No,Bank Withdrawal,75.1,0.0,0,No,5176,4,13-24
Male,32,No,0,0,33,Offer C,Yes,34.85,No,Fiber Optic,27,No,Yes,No,Yes,No,No,No,Yes,Two Year,No,Bank Withdrawal,80.6,0.0,0,No,5542,5,25-48
Male,54,Yes,0,3,72,No Offer,Yes,2.61,No,No Internet Service,0,No,No,No,No,No,No,No,No,Two Year,No,Credit Card,19.3,0.0,0,No,4035,1,49-72
Female,58,No,0,0,12,No Offer,No,0.0,No,DSL,19,Yes,No,No,Yes,No,No,No,Yes,One Year,Yes,Mailed Check,33.6,0.0,0,No,2990,4,0-12
Female,40,Yes,0,8,10,No Offer,Yes,31.09,No,DSL,5,Yes,Yes,Yes,No,Yes,Yes,Yes,Yes,Two Year,No,Mailed Check,80.85,0.0,0,No,2048,9,0-12
Female,32,Yes,0,6,65,Offer B,Yes,41.34,Yes,Fiber Optic,15,No,Yes,Yes,Yes,Yes,Yes,Yes,Yes,One Year,Yes,Credit Card,108.05,0.0,0,No,6047,10,49-72
Female,46,No,0,0,15,No Offer,Yes,2.74,No,No Internet Service,0,No,No,No,No,No,No,No,No,Month-to-Month,No,Mailed Check,19.9,0.0,0,No,3366,1,13-24
Female,55,No,0,0,24,No Offer,Yes,47.31,No,No Internet Service,0,No,No,No,No,No,No,No,No,One Year,No,Bank Withdrawal,21.05,0.0,0,No,2050,1,13-24
Female,50,No,2,0,13,No Offer,No,0.0,No,Cable,19,No,Yes,No,No,No,No,No,No,Month-to-Month,No,Bank Withdrawal,30.15,0.0,10,No,3540,2,13-24
Male,23,No,0,0,24,No Offer,Yes,35.3,No,Fiber Optic,41,No,No,No,No,No,Yes,Yes,Yes,Month-to-Month,Yes,Credit Card,79.85,0.0,0,No,5128,5,13-24
Female,56,Yes,0,6,72,No Offer,No,0.0,No,DSL,4,Yes,Yes,Yes,Yes,Yes,Yes,Yes,Yes,Two Year,No,Bank Withdrawal,65.5,0.0,0,No,4119,9,49-72
Female,62,Yes,3,3,54,Offer B,Yes,42.35,Yes,Fiber Optic,76,Yes,Yes,No,No,Yes,Yes,Yes,Yes,Month-to-Month,Yes,Bank Withdrawal,104.1,0.0,0,No,5795,9,49-72
Male,39,Yes,2,4,4,No Offer,Yes,3.63,No,No Internet Service,0,No,No,No,No,No,No,No,No,Month-to-Month,Yes,Mailed Check,20.5,0.0,0,No,5053,1,0-12
Male,42,Yes,1,8,35,No Offer,Yes,47.33,No,No Internet Service,0,No,No,No,No,No,No,No,No,Two Year,No,Bank Withdrawal,20.5,0.0,0,No,2009,1,25-48
Female,64,No,0,0,8,Offer E,Yes,11.2,No,Fiber Optic,17,No,Yes,No,No,No,No,No,No,Month-to-Month,No,Bank Withdrawal,75.6,0.0,10,No,2934,3,0-12
Male,62,No,0,0,22,No Offer,Yes,37.11,No,DSL,15,Yes,No,No,Yes,No,No,No,Yes,Month-to-Month,No,Mailed Check,55.1,0.0,0,No,2729,5,13-24
Female,57,No,0,0,15,No Offer,Yes,30.54,No,DSL,11,Yes,No,Yes,Yes,No,No,No,Yes,Month-to-Month,No,Bank Withdrawal,58.95,0.0,0,No,4497,6,13-24
Male,39,No,0,0,22,No Offer,Yes,11.15,Yes,Fiber Optic,17,No,No,No,No,Yes,Yes,Yes,Yes,Month-to-Month,Yes,Bank Withdrawal,95.1,0.0,0,No,3729,7,13-24
Female,33,Yes,2,0,71,Offer A,Yes,4.15,Yes,No Internet Service,0,No,No,No,No,No,No,No,No,Two Year,No,Bank Withdrawal,25.45,0.0,0,No,4993,2,49-72
Male,26,No,0,0,4,Offer E,Yes,34.69,No,DSL,47,Yes,No,Yes,No,No,No,No,Yes,Month-to-Month,No,Bank Withdrawal,56.75,0.0,0,No,2401,5,0-12
Male,59,No,0,0,25,No Offer,Yes,25.2,Yes,Cable,23,Yes,Yes,Yes,Yes,No,Yes,Yes,Yes,Month-to-Month,No,Bank Withdrawal,81.75,0.0,0,No,5917,10,25-48
Female,45,Yes,3,7,32,No Offer,Yes,26.66,No,Fiber Optic,57,No,Yes,No,No,Yes,No,No,No,Month-to-Month,Yes,Bank Withdrawal,86.1,0.0,130,No,4970,4,25-48
Male,41,No,0,0,17,No Offer,Yes,42.66,No,No Internet Service,0,No,No,No,No,No,No,No,No,One Year,Yes,Mailed Check,20.5,0.0,0,No,2259,1,13-24
Male,50,No,3,0,3,No Offer,Yes,19.58,No,No Internet Service,0,No,No,No,No,No,No,No,No,Month-to-Month,No,Credit Card,20.85,0.0,0,No,5868,1,0-12
Female,48,No,0,0,71,Offer A,Yes,18.2,No,DSL,28,Yes,Yes,Yes,Yes,Yes,No,No,Yes,Two Year,No,Credit Card,77.35,0.0,0,No,4846,8,49-72
Male,30,Yes,0,1,49,Offer B,Yes,47.17,Yes,Fiber Optic,26,Yes,Yes,No,No,Yes,No,No,No,Month-to-Month,Yes,Bank Withdrawal,93.85,0.0,30,No,5698,6,49-72
Male,26,No,0,0,58,Offer B,Yes,47.47,No,DSL,69,No,Yes,Yes,Yes,Yes,No,No,Yes,Two Year,No,Bank Withdrawal,70.1,0.0,0,No,4474,7,49-72
Female,40,Yes,0,4,59,Offer B,Yes,8.28,No,DSL,22,No,Yes,No,Yes,Yes,Yes,Yes,Yes,Two Year,Yes,Credit Card,75.95,0.0,0,No,5446,8,49-72
Female,34,No,0,0,11,Offer D,Yes,33.79,Yes,Fiber Optic,23,No,No,No,No,No,No,No,Yes,Month-to-Month,No,Bank Withdrawal,75.25,0.0,0,No,5902,4,0-12
Female,20,Yes,0,5,35,No Offer,Yes,42.18,No,Cable,59,Yes,No,No,Yes,No,No,No,Yes,One Year,Yes,Bank Withdrawal,54.95,0.0,0,No,4858,5,25-48
Female,23,No,0,0,20,Offer D,Yes,10.97,No,No Internet Service,0,No,No,No,No,No,No,No,No,Month-to-Month,Yes,Bank Withdrawal,19.5,0.0,0,No,5409,1,13-24
Male,21,Yes,1,9,40,Offer B,Yes,22.96,No,No Internet Service,0,No,No,No,No,No,No,No,No,Two Year,No,Credit Card,19.6,0.0,0,No,2630,1,25-48
Female,22,No,0,0,39,No Offer,Yes,25.33,No,DSL,82,Yes,No,No,No,No,No,No,No,One Year,Yes,Bank Withdrawal,47.85,0.0,70,No,5531,3,25-48
Female,62,Yes,1,7,72,Offer A,Yes,21.14,Yes,No Internet Service,0,No,No,No,No,No,No,No,No,Two Year,No,Bank Withdrawal,23.75,0.0,0,No,4923,2,49-72
Female,54,No,0,0,12,Offer D,Yes,6.56,No,DSL,17,No,No,No,No,No,No,No,Yes,Month-to-Month,No,Bank Withdrawal,43.8,0.0,0,No,5706,3,0-12
Male,48,No,0,0,1,Offer E,Yes,5.32,No,No Internet Service,0,No,No,No,No,No,No,No,No,Month-to-Month,No,Bank Withdrawal,19.75,0.0,0,No,3595,1,0-12
Male,20,No,2,0,27,No Offer,Yes,30.36,No,No Internet Service,0,No,No,No,No,No,No,No,No,Month-to-Month,No,Credit Card,19.15,0.0,0,No,4004,1,25-48
Male,53,Yes,0,7,34,No Offer,Yes,26.03,No,No Internet Service,0,No,No,No,No,No,No,No,No,One Year,No,Credit Card,19.6,0.0,0,No,4669,1,25-48
Female,56,Yes,0,9,56,Offer B,Yes,4.24,No,Fiber Optic,15,Yes,No,Yes,No,No,No,No,Yes,Two Year,No,Bank Withdrawal,80.3,0.0,0,No,6203,5,49-72
Female,31,No,0,0,58,Offer B,Yes,38.62,Yes,No Internet Service,0,No,No,No,No,No,No,No,No,Two Year,No,Credit Card,24.35,0.0,0,No,6190,2,49-72
Female,30,Yes,3,9,22,Offer D,Yes,25.98,Yes,No Internet Service,0,No,No,No,No,No,No,No,No,Two Year,No,Credit Card,25.25,0.0,0,No,4386,2,13-24
Female,27,Yes,2,10,10,Offer D,Yes,18.57,Yes,No Internet Service,0,No,No,No,No,No,No,No,No,Two Year,No,Credit Card,26.1,0.0,0,No,3179,2,0-12
Male,23,No,0,0,13,Offer D,Yes,1.61,No,No Internet Service,0,No,No,No,No,No,No,No,No,Two Year,No,Credit Card,20.0,0.0,0,No,3037,1,13-24
Male,19,Yes,0,1,72,Offer A,Yes,21.72,No,No Internet Service,0,No,No,No,No,No,No,No,No,Two Year,No,Bank Withdrawal,20.7,0.0,0,No,6317,1,49-72
Male,21,No,0,0,2,No Offer,Yes,23.52,No,DSL,48,No,No,No,Yes,Yes,Yes,Yes,Yes,Month-to-Month,No,Bank Withdrawal,70.3,0.0,0,No,4799,7,0-12
Male,42,Yes,1,1,4,No Offer,Yes,37.23,No,Fiber Optic,23,No,No,No,No,No,No,No,Yes,Month-to-Month,Yes,Credit Card,69.55,0.0,0,No,3708,3,0-12
Female,28,No,0,0,37,No Offer,Yes,26.49,No,No Internet Service,0,No,No,No,No,No,No,No,No,Two Year,No,Credit Card,19.85,0.0,0,No,3408,1,25-48
Male,59,No,0,0,21,Offer D,Yes,34.39,No,No Internet Service,0,No,No,No,No,No,No,No,No,Month-to-Month,No,Credit Card,20.0,0.0,0,No,2366,1,13-24
Male,20,No,0,0,3,No Offer,Yes,17.42,No,DSL,59,Yes,No,No,No,No,No,No,Yes,Month-to-Month,Yes,Credit Card,50.15,0.0,0,No,2085,4,0-12
Female,31,Yes,0,3,71,Offer A,No,0.0,No,Cable,8,Yes,Yes,No,Yes,Yes,Yes,Yes,Yes,Two Year,No,Credit Card,58.65,0.0,0,No,4151,8,49-72
Male,41,No,0,0,9,No Offer,Yes,30.8,No,Fiber Optic,3,No,No,No,Yes,Yes,Yes,Yes,Yes,Month-to-Month,Yes,Bank Withdrawal,95.9,0.0,0,No,5017,7,0-12
Female,56,No,0,0,1,No Offer,Yes,16.99,No,DSL,8,No,Yes,No,No,No,No,No,No,Month-to-Month,No,Bank Withdrawal,49.5,0.0,30,No,5262,3,0-12
Male,36,Yes,0,5,71,Offer A,Yes,10.97,Yes,DSL,20,Yes,Yes,Yes,Yes,No,Yes,Yes,Yes,Two Year,Yes,Credit Card,80.1,0.0,0,No,6045,10,49-72
Female,36,No,0,0,64,Offer B,Yes,15.93,Yes,No Internet Service,0,No,No,No,No,No,No,No,No,One Year,Yes,Bank Withdrawal,24.4,0.0,0,No,5887,2,49-72
Male,33,No,0,0,4,No Offer,No,0.0,No,DSL,13,No,No,No,Yes,No,Yes,Yes,Yes,Month-to-Month,Yes,Bank Withdrawal,40.05,0.0,0,No,2664,5,0-12
Female,33,No,0,0,23,Offer D,Yes,13.98,No,No Internet Service,0,No,No,No,No,No,No,No,No,Month-to-Month,Yes,Credit Card,19.5,0.0,0,No,5652,1,13-24
Female,59,Yes,2,3,39,No Offer,Yes,15.06,No,DSL,11,Yes,No,No,No,No,No,No,Yes,Month-to-Month,No,Credit Card,51.05,0.0,0,No,3154,4,25-48
Male,27,Yes,0,1,28,No Offer,Yes,33.63,No,DSL,48,Yes,No,No,Yes,No,No,No,No,One Year,No,Credit Card,54.35,0.0,30,No,5105,4,25-48
Male,62,No,0,0,37,No Offer,Yes,28.84,No,Fiber Optic,25,No,No,No,No,No,No,No,Yes,Month-to-Month,Yes,Credit Card,70.35,0.0,0,No,5402,3,25-48
Female,30,No,0,0,47,Offer B,Yes,40.25,Yes,Fiber Optic,69,Yes,No,Yes,No,Yes,No,No,Yes,One Year,No,Credit Card,94.9,0.0,0,No,4510,7,25-48
Female,39,Yes,3,8,50,Offer B,Yes,10.21,No,Fiber Optic,23,No,No,No,No,No,No,No,Yes,Month-to-Month,Yes,Bank Withdrawal,69.75,0.0,0,No,4539,3,49-72
Male,30,Yes,2,1,27,No Offer,Yes,13.55,Yes,Cable,59,No,No,No,Yes,Yes,Yes,Yes,No,Month-to-Month,No,Bank Withdrawal,71.6,0.0,140,No,3773,7,25-48
Female,49,Yes,0,4,62,No Offer,Yes,8.91,Yes,No Internet Service,0,No,No,No,No,No,No,No,No,Two Year,No,Bank Withdrawal,23.65,0.0,0,No,4671,2,49-72
Female,25,Yes,0,4,71,Offer A,Yes,6.23,No,DSL,58,Yes,No,Yes,Yes,Yes,Yes,Yes,Yes,Two Year,No,Bank Withdrawal,81.85,0.0,0,No,4090,9,49-72
Male,39,No,0,0,66,Offer A,Yes,49.13,Yes,No Internet Service,0,No,No,No,No,No,No,No,No,Two Year,No,Credit Card,25.1,0.0,0,No,6025,2,49-72
Male,61,Yes,1,5,68,Offer A,Yes,32.59,Yes,Fiber Optic,24,Yes,Yes,Yes,Yes,Yes,Yes,Yes,Yes,Two Year,Yes,Bank Withdrawal,114.7,0.0,0,No,5671,11,49-72
Female,47,No,0,0,13,Offer D,No,0.0,No,DSL,27,No,No,Yes,No,Yes,Yes,Yes,Yes,Month-to-Month,No,Bank Withdrawal,49.15,0.0,0,No,3000,6,13-24
Male,37,Yes,0,3,56,No Offer,Yes,46.18,No,Fiber Optic,24,No,No,No,No,No,Yes,Yes,Yes,One Year,Yes,Bank Withdrawal,80.9,0.0,0,No,5344,5,49-72
Female,56,No,0,0,16,Offer D,Yes,44.05,No,No Internet Service,0,No,No,No,No,No,No,No,No,One Year,Yes,Bank Withdrawal,19.3,0.0,0,No,2870,1,13-24
Female,60,Yes,2,0,14,Offer D,Yes,23.0,No,Fiber Optic,17,No,No,No,No,No,No,No,Yes,Month-to-Month,No,Bank Withdrawal,70.2,0.0,0,No,5819,3,13-24
Female,37,No,0,0,8,No Offer,Yes,42.78,No,DSL,27,Yes,No,No,Yes,No,No,No,Yes,One Year,No,Bank Withdrawal,54.25,0.0,0,No,2237,5,0-12
Female,29,Yes,2,8,43,No Offer,Yes,5.25,Yes,Fiber Optic,59,No,No,Yes,No,Yes,Yes,Yes,Yes,Month-to-Month,Yes,Bank Withdrawal,99.3,0.0,0,No,3280,8,25-48
Female,31,No,0,0,52,No Offer,Yes,21.38,Yes,Cable,21,Yes,No,Yes,Yes,Yes,No,No,Yes,One Year,No,Credit Card,74.0,0.0,0,No,5806,8,49-72
Male,35,No,0,0,3,No Offer,Yes,28.19,No,Cable,21,No,No,No,Yes,No,No,No,Yes,Month-to-Month,Yes,Credit Card,50.25,0.0,0,No,2166,4,0-12
Male,42,No,0,0,29,No Offer,Yes,46.12,No,No Internet Service,0,No,No,No,No,No,No,No,No,One Year,Yes,Credit Card,19.8,0.0,0,No,5696,1,25-48
Female,48,Yes,3,1,16,Offer D,No,0.0,No,Cable,53,No,No,No,No,No,Yes,Yes,No,Month-to-Month,Yes,Credit Card,35.5,0.0,80,No,2069,3,13-24
Female,41,No,0,0,40,No Offer,Yes,33.83,Yes,DSL,19,No,No,Yes,Yes,Yes,Yes,Yes,Yes,One Year,Yes,Credit Card,80.75,0.0,0,No,2047,9,25-48
Female,47,No,0,0,36,No Offer,Yes,41.33,No,No Internet Service,0,No,No,No,No,No,No,No,No,One Year,No,Credit Card,19.55,0.0,0,No,2691,1,25-48
Male,49,Yes,0,10,26,No Offer,Yes,45.28,No,No Internet Service,0,No,No,No,No,No,No,No,No,One Year,Yes,Bank Withdrawal,20.05,0.0,0,No,2403,1,25-48
Female,33,Yes,0,6,34,No Offer,Yes,40.67,No,DSL,7,No,No,No,Yes,No,No,No,Yes,Month-to-Month,No,Bank Withdrawal,50.2,0.0,0,No,4352,4,25-48
Male,32,No,0,0,10,Offer D,Yes,7.65,No,DSL,17,Yes,No,No,Yes,Yes,No,No,Yes,Month-to-Month,No,Bank Withdrawal,62.25,0.0,0,No,3415,6,0-12
Female,52,No,0,0,14,No Offer,Yes,27.68,No,DSL,26,Yes,No,No,Yes,No,No,No,No,One Year,No,Credit Card,55.7,0.0,100,No,4978,4,13-24
Male,63,Yes,0,7,47,No Offer,Yes,6.54,No,No Internet Service,0,No,No,No,No,No,No,No,No,Two Year,No,Credit Card,19.65,0.0,0,No,2021,1,25-48
Male,36,Yes,0,2,24,No Offer,Yes,10.23,No,Fiber Optic,8,Yes,No,No,Yes,No,Yes,Yes,Yes,Month-to-Month,Yes,Bank Withdrawal,89.25,0.0,0,No,5436,7,13-24
Male,62,No,0,0,22,No Offer,No,0.0,No,DSL,19,No,No,Yes,Yes,Yes,Yes,Yes,Yes,Two Year,No,Bank Withdrawal,56.75,0.0,0,No,4574,7,13-24
Male,31,No,0,0,1,No Offer,Yes,18.81,No,No Internet Service,0,No,No,No,No,No,No,No,No,Month-to-Month,No,Credit Card,21.1,0.0,0,No,2810,1,0-12
Female,35,Yes,5,2,59,No Offer,Yes,48.07,Yes,Fiber Optic,53,No,Yes,No,Yes,No,Yes,Yes,Yes,Month-to-Month,Yes,Bank Withdrawal,96.65,0.0,0,No,5266,8,49-72
Female,44,Yes,0,9,58,No Offer,Yes,36.45,Yes,No Internet Service,0,No,No,No,No,No,No,No,No,One Year,Yes,Credit Card,24.5,9.22,0,No,4455,2,49-72
Female,61,Yes,2,3,3,No Offer,Yes,1.67,No,Fiber Optic,19,No,No,No,No,No,No,No,Yes,Month-to-Month,Yes,Bank Withdrawal,69.55,33.8,0,No,5998,3,0-12
Male,50,No,0,0,32,No Offer,Yes,14.91,No,No Internet Service,0,No,No,No,No,No,No,No,No,Two Year,Yes,Bank Withdrawal,20.05,9.73,0,No,3398,1,25-48
Male,39,Yes,1,5,10,No Offer,Yes,22.83,Yes,No Internet Service,0,No,No,No,No,No,No,No,No,Two Year,No,Credit Card,25.75,0.0,0,No,4950,2,0-12
Female,41,Yes,0,0,52,No Offer,Yes,8.25,No,No Internet Service,0,No,No,No,No,No,No,No,No,One Year,No,Credit Card,19.6,46.07,0,No,4848,1,49-72
Male,53,No,0,0,32,No Offer,Yes,6.2,Yes,Fiber Optic,25,Yes,No,No,Yes,No,No,No,No,Month-to-Month,No,Bank Withdrawal,87.65,47.87,150,No,2426,5,25-48
Female,35,No,0,0,16,No Offer,Yes,13.04,Yes,Fiber Optic,16,No,No,No,No,No,No,No,Yes,Month-to-Month,Yes,Credit Card,74.75,39.99,0,No,3574,4,13-24
Female,62,No,0,0,51,No Offer,Yes,7.54,Yes,Fiber Optic,6,Yes,Yes,Yes,No,Yes,Yes,Yes,Yes,One Year,No,Bank Withdrawal,107.45,14.76,0,No,5446,10,49-72
Male,30,No,0,0,29,No Offer,Yes,3.69,No,Cable,27,No,No,Yes,Yes,Yes,Yes,Yes,Yes,One Year,Yes,Bank Withdrawal,75.35,2.24,0,No,4422,8,25-48
Male,24,Yes,0,1,70,Offer A,Yes,1.63,No,DSL,41,Yes,Yes,Yes,Yes,No,No,No,Yes,Two Year,No,Credit Card,64.95,42.89,0,No,5669,7,49-72
Female,25,Yes,2,4,71,Offer A,Yes,32.16,Yes,Fiber Optic,59,Yes,No,Yes,Yes,No,Yes,Yes,Yes,Two Year,No,Bank Withdrawal,100.45,16.12,0,No,6171,9,49-72
Male,28,Yes,0,4,41,No Offer,Yes,13.58,Yes,DSL,51,No,Yes,Yes,No,Yes,No,No,Yes,One Year,No,Bank Withdrawal,68.5,38.37,0,No,3877,7,25-48
Male,49,No,0,0,1,No Offer,Yes,5.93,No,Fiber Optic,19,No,No,No,No,Yes,No,No,No,Month-to-Month,Yes,Bank Withdrawal,80.55,0.0,60,No,3154,3,0-12
Female,38,Yes,0,4,7,No Offer,Yes,12.16,No,DSL,9,Yes,No,Yes,Yes,Yes,Yes,Yes,Yes,Month-to-Month,No,Bank Withdrawal,81.25,47.36,0,No,5928,9,0-12
Male,60,Yes,1,10,67,Offer A,Yes,18.29,Yes,Fiber Optic,11,Yes,Yes,No,Yes,No,No,No,Yes,One Year,No,Bank Withdrawal,89.55,33.76,0,No,6194,7,49-72
Male,38,Yes,1,3,5,No Offer,Yes,18.97,Yes,Cable,12,No,No,No,Yes,No,No,No,Yes,Month-to-Month,Yes,Credit Card,55.7,0.0,0,No,3598,5,0-12
Male,53,No,3,0,15,No Offer,Yes,32.54,Yes,No Internet Service,0,No,No,No,No,No,No,No,No,Month-to-Month,Yes,Bank Withdrawal,24.8,12.8,0,No,3965,2,13-24
Female,21,Yes,3,4,20,No Offer,Yes,38.6,No,No Internet Service,0,No,No,No,No,No,No,No,No,Month-to-Month,No,Bank Withdrawal,20.0,9.73,0,No,3402,1,13-24
Male,50,Yes,3,9,54,No Offer,Yes,7.25,Yes,Fiber Optic,57,No,Yes,No,Yes,Yes,Yes,Yes,Yes,One Year,Yes,Bank Withdrawal,105.2,23.01,0,No,5546,9,49-72
Male,32,No,0,0,42,No Offer,Yes,48.41,No,No Internet Service,0,No,No,No,No,No,No,No,No,One Year,Yes,Credit Card,19.55,12.16,0,No,5293,1,25-48
Female,24,Yes,0,3,9,No Offer,Yes,6.78,No,Fiber Optic,59,No,No,No,No,No,Yes,Yes,Yes,Month-to-Month,Yes,Bank Withdrawal,79.75,0.0,0,No,4654,5,0-12
Female,24,No,0,0,63,No Offer,Yes,37.76,Yes,Fiber Optic,48,No,Yes,No,No,Yes,Yes,Yes,Yes,Two Year,No,Bank Withdrawal,97.45,0.0,0,No,4769,8,49-72
Female,57,Yes,0,10,69,Offer A,Yes,39.78,Yes,No Internet Service,0,No,No,No,No,No,No,No,No,Two Year,No,Bank Withdrawal,24.25,45.75,0,No,4884,2,49-72
Female,24,No,0,0,69,Offer A,Yes,36.5,Yes,No Internet Service,0,No,No,No,No,No,No,No,No,Two Year,No,Credit Card,24.6,28.42,0,No,5294,2,49-72
Male,32,Yes,0,7,40,No Offer,Yes,24.3,No,DSL,28,No,Yes,No,No,No,No,No,Yes,Month-to-Month,Yes,Credit Card,50.15,37.03,0,No,2454,4,25-48
Male,38,No,0,0,60,Offer B,No,0.0,No,DSL,25,Yes,Yes,Yes,No,No,No,No,Yes,Two Year,No,Bank Withdrawal,39.6,38.46,0,No,5544,5,49-72
Male,33,Yes,0,3,32,No Offer,Yes,47.89,Yes,Fiber Optic,9,No,Yes,No,No,Yes,Yes,Yes,Yes,Month-to-Month,Yes,Credit Card,98.85,0.0,0,No,3981,8,25-48
Male,60,No,0,0,39,No Offer,Yes,5.4,Yes,DSL,16,No,No,No,Yes,No,No,No,Yes,Two Year,Yes,Credit Card,53.85,46.66,0,No,2380,5,25-48
Female,36,No,0,0,38,No Offer,Yes,46.18,Yes,No Internet Service,0,No,No,No,No,No,No,No,No,One Year,Yes,Bank Withdrawal,24.25,35.61,0,No,2997,2,25-48
Male,32,No,0,0,52,Offer B,Yes,15.1,Yes,Fiber Optic,17,No,No,Yes,No,No,Yes,Yes,Yes,Two Year,Yes,Credit Card,89.45,18.89,0,No,5386,7,49-72
Female,57,Yes,3,1,48,Offer B,Yes,30.41,Yes,Fiber Optic,53,Yes,Yes,No,No,Yes,Yes,Yes,Yes,Month-to-Month,Yes,Credit Card,105.25,1.66,0,No,4275,9,25-48
Male,21,Yes,0,7,70,Offer A,No,0.0,No,DSL,30,Yes,No,Yes,Yes,Yes,Yes,Yes,Yes,Two Year,No,Bank Withdrawal,59.5,23.72,0,No,4031,8,49-72
Male,56,No,0,0,20,No Offer,Yes,3.8,No,Fiber Optic,26,No,No,No,No,No,No,No,No,Month-to-Month,No,Credit Card,70.55,17.6,0,No,5790,2,13-24
Female,59,No,0,0,50,Offer B,Yes,21.25,Yes,DSL,2,Yes,No,Yes,Yes,Yes,Yes,Yes,Yes,One Year,Yes,Credit Card,82.5,21.35,0,No,5258,10,49-72
Male,46,Yes,0,5,25,No Offer,Yes,6.45,No,Cable,19,Yes,Yes,Yes,No,No,No,No,Yes,One Year,Yes,Bank Withdrawal,61.6,44.9,0,No,3807,6,25-48
Male,58,No,0,0,12,No Offer,Yes,44.78,No,DSL,12,No,Yes,No,No,No,No,No,Yes,Month-to-Month,Yes,Bank Withdrawal,49.05,29.32,0,No,4244,4,0-12
Female,29,Yes,0,4,23,No Offer,Yes,11.4,No,DSL,58,Yes,Yes,Yes,Yes,No,No,No,Yes,One Year,Yes,Credit Card,66.25,23.92,0,No,2072,7,13-24
Male,26,No,0,0,27,No Offer,Yes,20.66,No,No Internet Service,0,No,No,No,No,No,No,No,No,Month-to-Month,Yes,Bank Withdrawal,19.4,0.0,0,No,3792,1,25-48
Male,45,Yes,2,9,26,No Offer,Yes,43.84,No,No Internet Service,0,No,No,No,No,No,No,No,No,Two Year,Yes,Credit Card,19.15,0.0,0,No,4347,1,25-48
Male,58,No,1,0,2,No Offer,Yes,21.18,No,No Internet Service,0,No,No,No,No,No,No,No,No,Month-to-Month,No,Credit Card,19.25,0.0,0,No,4725,1,0-12
Female,23,Yes,3,10,26,No Offer,Yes,42.95,No,Fiber Optic,27,Yes,Yes,No,No,No,No,No,Yes,Month-to-Month,No,Bank Withdrawal,81.95,0.0,0,No,2817,5,25-48
Female,40,Yes,2,7,63,Offer B,Yes,46.9,No,No Internet Service,0,No,No,No,No,No,No,No,No,Two Year,No,Credit Card,20.0,0.0,0,No,5975,1,49-72
Male,52,Yes,2,9,71,Offer A,Yes,23.34,No,No Internet Service,0,No,No,No,No,No,No,No,No,Two Year,No,Credit Card,19.8,0.0,0,No,5406,1,49-72
Male,19,Yes,2,7,11,No Offer,Yes,16.71,Yes,DSL,59,Yes,No,No,No,Yes,No,No,Yes,Month-to-Month,Yes,Bank Withdrawal,65.15,0.0,0,No,5942,6,0-12
Female,30,No,0,0,13,No Offer,Yes,37.03,Yes,DSL,52,Yes,Yes,Yes,Yes,Yes,Yes,Yes,Yes,Two Year,No,Credit Card,88.95,0.0,0,No,5407,11,13-24
Male,38,No,2,0,6,No Offer,Yes,16.91,No,No Internet Service,0,No,No,No,No,No,No,No,No,Month-to-Month,Yes,Credit Card,20.2,0.0,0,No,3478,1,0-12
Male,19,Yes,0,5,18,No Offer,Yes,1.28,Yes,DSL,30,No,Yes,No,No,No,No,No,Yes,Month-to-Month,No,Credit Card,56.8,0.0,0,No,5558,5,13-24
Female,21,Yes,0,6,32,Offer C,Yes,19.3,No,Fiber Optic,47,Yes,No,No,No,No,No,No,Yes,Month-to-Month,Yes,Bank Withdrawal,75.5,0.0,0,No,3131,4,25-48
Male,46,No,0,0,29,Offer C,No,0.0,No,DSL,8,Yes,No,No,Yes,No,No,No,Yes,One Year,No,Mailed Check,35.6,0.0,0,No,3898,4,25-48
Female,62,No,0,0,3,No Offer,Yes,20.1,Yes,DSL,29,No,No,No,No,Yes,No,No,No,Month-to-Month,Yes,Bank Withdrawal,60.25,0.0,70,No,4830,4,0-12
Female,59,No,0,0,41,Offer B,No,0.0,No,Cable,21,No,Yes,No,No,No,Yes,Yes,Yes,Month-to-Month,Yes,Bank Withdrawal,40.35,0.0,0,No,2454,5,25-48
Female,59,No,0,0,1,No Offer,Yes,7.8,No,No Internet Service,0,No,No,No,No,No,No,No,No,Month-to-Month,No,Bank Withdrawal,18.85,0.0,0,No,5084,1,0-12
Male,57,No,0,0,7,No Offer,Yes,5.61,No,DSL,24,No,No,No,No,Yes,No,No,Yes,Month-to-Month,No,Mailed Check,54.85,0.0,0,No,3481,4,0-12
Female,36,Yes,0,0,52,Offer B,Yes,4.22,No,DSL,18,Yes,No,Yes,No,Yes,No,No,Yes,One Year,Yes,Mailed Check,64.3,0.0,0,No,4405,6,49-72
Female,48,Yes,1,7,45,Offer B,Yes,20.11,Yes,No Internet Service,0,No,No,No,No,No,No,No,No,Two Year,Yes,Bank Withdrawal,24.65,0.0,0,No,3043,2,25-48
Male,55,Yes,0,4,70,Offer A,Yes,33.37,Yes,DSL,9,No,Yes,Yes,Yes,Yes,No,No,No,Two Year,No,Credit Card,76.1,0.0,110,No,5115,7,49-72
Female,62,No,0,0,53,Offer B,Yes,10.32,No,No Internet Service,0,No,No,No,No,No,No,No,No,Two Year,No,Mailed Check,18.7,0.0,0,No,4116,1,49-72
Female,44,Yes,0,8,60,Offer B,Yes,15.54,Yes,Fiber Optic,19,Yes,Yes,No,No,No,Yes,Yes,Yes,Month-to-Month,Yes,Credit Card,94.1,0.0,0,No,5267,8,49-72
Female,63,No,0,0,67,No Offer,Yes,5.39,No,Cable,9,Yes,No,Yes,Yes,No,Yes,Yes,Yes,One Year,Yes,Bank Withdrawal,72.35,0.0,0,No,4910,8,49-72
Male,41,No,0,0,25,Offer C,Yes,7.17,No,No Internet Service,0,No,No,No,No,No,No,No,No,One Year,No,Credit Card,19.9,0.0,0,No,2130,1,25-48
Female,56,No,0,0,5,No Offer,Yes,49.4,Yes,Cable,22,Yes,No,No,No,No,No,No,No,Month-to-Month,Yes,Bank Withdrawal,53.8,0.0,10,No,2182,4,0-12
Male,29,No,0,0,26,Offer C,Yes,24.67,Yes,Cable,59,No,No,No,No,No,No,No,Yes,One Year,Yes,Credit Card,51.55,0.0,0,No,3130,4,25-48
Male,21,Yes,0,1,1,Offer E,Yes,23.41,No,No Internet Service,0,No,No,No,No,No,No,No,No,One Year,No,Mailed Check,19.65,0.0,0,No,2539,1,0-12
Male,60,Yes,3,1,72,No Offer,Yes,32.47,Yes,Fiber Optic,76,Yes,Yes,Yes,Yes,Yes,Yes,Yes,Yes,Two Year,Yes,Bank Withdrawal,114.0,0.0,0,No,4558,11,49-72
Female,33,No,0,0,14,Offer D,Yes,21.03,Yes,DSL,7,No,Yes,No,No,No,No,No,Yes,One Year,Yes,Mailed Check,54.25,0.0,0,No,4423,5,13-24
Female,59,No,0,0,13,Offer D,Yes,33.69,Yes,Fiber Optic,15,Yes,No,No,No,No,No,No,No,Month-to-Month,Yes,Credit Card,80.0,0.0,0,No,5577,4,13-24
Female,56,No,0,0,46,Offer B,Yes,46.83,Yes,DSL,2,Yes,No,Yes,No,Yes,Yes,Yes,Yes,Two Year,No,Mailed Check,79.2,0.0,0,No,2007,9,25-48
Male,59,No,0,0,39,Offer C,Yes,3.93,No,DSL,15,No,No,No,Yes,No,No,No,Yes,Two Year,Yes,Bank Withdrawal,49.8,0.0,0,No,2202,4,25-48
Male,56,No,0,0,57,Offer B,No,0.0,No,DSL,30,Yes,No,Yes,No,Yes,Yes,Yes,Yes,Month-to-Month,Yes,Bank Withdrawal,53.75,0.0,0,No,5594,7,49-72
Female,29,Yes,0,1,53,Offer B,Yes,38.35,No,Fiber Optic,82,No,No,No,Yes,Yes,Yes,Yes,Yes,One Year,Yes,Bank Withdrawal,93.45,0.0,0,No,4700,7,49-72
Male,32,Yes,1,1,18,Offer D,Yes,24.16,No,Fiber Optic,19,Yes,No,Yes,No,Yes,No,No,Yes,Month-to-Month,Yes,Mailed Check,87.9,0.0,0,No,5192,6,13-24
Female,59,Yes,0,1,58,Offer B,Yes,26.36,Yes,DSL,8,Yes,No,No,Yes,No,No,No,No,One Year,Yes,Bank Withdrawal,61.05,0.0,0,No,4411,5,49-72
Female,38,No,0,0,35,Offer C,Yes,36.42,No,Fiber Optic,2,No,No,Yes,Yes,Yes,Yes,Yes,Yes,One Year,Yes,Bank Withdrawal,99.25,0.0,0,No,3244,8,25-48
Male,21,No,0,0,3,Offer E,Yes,29.84,No,Fiber Optic,30,No,No,Yes,No,No,Yes,Yes,Yes,Month-to-Month,No,Credit Card,85.7,0.0,0,No,5806,6,0-12
Male,47,No,0,0,38,Offer C,Yes,4.34,Yes,Fiber Optic,26,Yes,Yes,No,No,Yes,Yes,Yes,Yes,One Year,Yes,Bank Withdrawal,104.85,0.0,0,No,2709,9,25-48
Male,60,Yes,0,0,35,Offer C,Yes,5.06,Yes,Cable,20,Yes,Yes,Yes,Yes,No,No,No,Yes,Two Year,Yes,Credit Card,69.15,0.0,0,No,3945,8,25-48
Female,33,No,0,0,47,Offer B,Yes,3.47,No,DSL,12,No,No,Yes,Yes,Yes,Yes,Yes,Yes,Two Year,No,Credit Card,74.45,0.0,0,No,3459,8,25-48
Female,25,No,0,0,14,Offer D,Yes,39.22,No,DSL,48,No,Yes,No,No,No,No,No,No,Month-to-Month,No,Bank Withdrawal,50.45,0.0,140,No,3185,3,13-24
Male,58,Yes,0,1,66,No Offer,Yes,42.85,Yes,DSL,21,Yes,Yes,No,Yes,Yes,Yes,Yes,Yes,Two Year,No,Bank Withdrawal,85.25,0.0,0,No,5012,10,49-72
Male,26,Yes,0,1,15,Offer D,Yes,39.84,No,No Internet Service,0,No,No,No,No,No,No,No,No,Month-to-Month,Yes,Credit Card,19.45,0.0,0,No,2483,1,13-24
Female,24,No,0,0,42,Offer B,Yes,18.31,No,No Internet Service,0,No,No,No,No,No,No,No,No,Two Year,Yes,Bank Withdrawal,20.75,0.0,0,No,2574,1,25-48
Female,53,Yes,0,1,17,Offer D,Yes,21.15,Yes,Fiber Optic,4,Yes,No,No,No,No,No,No,Yes,Month-to-Month,No,Bank Withdrawal,78.9,0.0,0,No,2362,5,13-24
Male,26,No,0,0,37,Offer C,Yes,38.72,Yes,Fiber Optic,59,No,Yes,No,Yes,Yes,Yes,Yes,Yes,One Year,Yes,Credit Card,104.5,0.0,0,No,4812,9,25-48
Female,20,No,0,0,12,Offer D,Yes,17.14,No,DSL,48,No,Yes,No,No,No,No,No,No,Month-to-Month,Yes,Bank Withdrawal,49.4,0.0,90,No,5007,3,0-12
Female,63,No,0,0,60,Offer B,Yes,39.41,Yes,No Internet Service,0,No,No,No,No,No,No,No,No,Two Year,No,Mailed Check,25.0,0.0,0,No,6355,2,49-72
Male,26,Yes,2,9,18,Offer D,No,0.0,No,DSL,52,No,No,No,No,No,No,No,Yes,Month-to-Month,No,Credit Card,25.55,0.0,0,No,4134,2,13-24
Female,56,No,0,0,3,No Offer,Yes,5.63,No,Fiber Optic,15,No,No,No,No,No,No,No,Yes,Month-to-Month,Yes,Bank Withdrawal,70.15,0.0,0,No,2228,3,0-12
Female,23,No,3,0,9,Offer E,Yes,16.77,No,Cable,73,No,No,No,Yes,Yes,Yes,Yes,Yes,Month-to-Month,Yes,Credit Card,69.4,0.0,0,No,5108,7,0-12
Male,45,Yes,0,1,56,Offer B,Yes,40.33,Yes,Fiber Optic,9,Yes,Yes,Yes,No,No,No,No,Yes,One Year,Yes,Bank Withdrawal,93.15,0.0,0,No,4778,7,49-72
Male,25,No,0,0,7,Offer E,Yes,8.95,No,Fiber Optic,52,No,No,No,No,No,No,No,Yes,Month-to-Month,Yes,Bank Withdrawal,69.55,0.0,0,No,4704,3,0-12
Female,28,Yes,2,5,69,No Offer,Yes,42.49,No,No Internet Service,0,No,No,No,No,No,No,No,No,Two Year,No,Bank Withdrawal,20.2,0.0,0,No,5267,1,49-72
Male,42,Yes,3,3,54,No Offer,Yes,19.7,No,No Internet Service,0,No,No,No,No,No,No,No,No,Two Year,No,Credit Card,20.4,0.0,0,No,6393,1,49-72
Male,26,Yes,0,6,62,No Offer,Yes,32.28,Yes,No Internet Service,0,No,No,No,No,No,No,No,No,One Year,Yes,Credit Card,23.75,0.0,0,No,4811,2,49-72
Female,25,Yes,3,9,62,No Offer,Yes,36.54,Yes,DSL,41,No,No,No,No,Yes,Yes,Yes,Yes,Month-to-Month,Yes,Credit Card,70.45,0.0,0,No,5057,7,49-72
Male,47,No,0,0,17,Offer D,Yes,47.45,Yes,DSL,5,Yes,No,No,No,No,Yes,Yes,Yes,Month-to-Month,No,Bank Withdrawal,65.75,0.0,0,No,3921,7,13-24
Male,24,No,0,0,9,Offer E,No,0.0,No,DSL,52,No,No,No,No,No,No,No,Yes,Month-to-Month,Yes,Mailed Check,24.6,0.0,0,No,2323,2,0-12
Male,30,Yes,0,4,64,No Offer,Yes,25.74,No,DSL,51,Yes,No,Yes,Yes,Yes,No,No,Yes,Two Year,No,Mailed Check,69.25,0.0,0,No,4226,7,49-72
Female,64,Yes,0,3,72,No Offer,Yes,24.42,Yes,No Internet Service,0,No,No,No,No,No,No,No,No,Two Year,No,Bank Withdrawal,24.65,0.0,0,No,5065,2,49-72
Male,62,No,0,0,30,Offer C,Yes,7.19,Yes,Fiber Optic,18,Yes,Yes,Yes,No,No,No,No,Yes,One Year,No,Bank Withdrawal,90.4,0.0,0,No,3171,7,25-48
Female,56,Yes,0,3,49,No Offer,Yes,44.81,Yes,Fiber Optic,10,Yes,No,No,No,Yes,Yes,Yes,Yes,Month-to-Month,Yes,Mailed Check,100.85,0.0,0,No,5417,8,49-72
Male,21,Yes,0,10,61,No Offer,Yes,28.8,Yes,Cable,52,Yes,No,Yes,Yes,No,Yes,Yes,Yes,Two Year,No,Credit Card,75.35,0.0,0,No,6466,9,49-72
Male,54,Yes,1,7,47,No Offer,Yes,1.09,Yes,Fiber Optic,13,No,Yes,No,No,Yes,No,No,Yes,Month-to-Month,No,Bank Withdrawal,87.2,0.0,0,No,3760,6,25-48
Male,64,No,0,0,20,Offer D,Yes,12.6,No,DSL,29,Yes,No,Yes,No,No,Yes,Yes,Yes,Month-to-Month,No,Credit Card,64.4,0.0,0,No,2120,7,13-24
Female,43,Yes,2,8,70,No Offer,Yes,30.33,Yes,No Internet Service,0,No,No,No,No,No,No,No,No,Two Year,No,Bank Withdrawal,24.7,0.0,0,No,5907,2,49-72
Male,58,No,1,0,54,No Offer,Yes,20.93,No,Fiber Optic,11,Yes,Yes,No,Yes,Yes,Yes,Yes,No,One Year,Yes,Bank Withdrawal,105.85,0.0,10,No,5915,8,49-72
Male,39,No,0,0,13,Offer D,Yes,22.31,No,No Internet Service,0,No,No,No,No,No,No,No,No,One Year,No,Mailed Check,19.45,0.0,0,No,3799,1,13-24
Female,25,Yes,2,9,3,Offer E,Yes,11.47,No,DSL,51,No,Yes,No,No,Yes,No,No,Yes,Month-to-Month,Yes,Credit Card,58.7,0.0,0,No,3654,5,0-12
Male,43,No,0,0,25,Offer C,Yes,17.64,No,No Internet Service,0,No,No,No,No,No,No,No,No,Month-to-Month,Yes,Mailed Check,20.15,0.0,0,No,3848,1,25-48
Male,58,No,0,0,30,No Offer,Yes,2.64,Yes,DSL,15,Yes,No,No,No,No,Yes,Yes,Yes,Month-to-Month,Yes,Mailed Check,64.5,0.0,0,No,5039,7,25-48
Female,20,Yes,0,8,21,Offer D,No,0.0,No,DSL,59,Yes,No,No,No,No,No,No,Yes,Month-to-Month,No,Bank Withdrawal,28.5,0.0,0,No,3766,3,13-24
Female,63,Yes,1,9,45,No Offer,Yes,47.48,Yes,Fiber Optic,20,Yes,Yes,No,No,Yes,Yes,Yes,Yes,Month-to-Month,Yes,Bank Withdrawal,105.15,0.0,0,No,5915,9,25-48
Female,60,Yes,3,6,24,No Offer,Yes,41.45,Yes,Fiber Optic,53,No,Yes,Yes,No,No,No,No,Yes,One Year,No,Bank Withdrawal,83.15,0.0,0,No,2404,6,13-24
Female,60,Yes,0,10,56,No Offer,Yes,10.13,Yes,Fiber Optic,13,No,No,Yes,Yes,Yes,Yes,Yes,Yes,Two Year,No,Bank Withdrawal,103.2,0.0,0,No,4534,9,49-72
Male,62,No,0,0,1,Offer E,Yes,46.59,No,No Internet Service,0,No,No,No,No,No,No,No,No,Month-to-Month,No,Bank Withdrawal,19.45,0.0,0,No,5820,1,0-12
Female,39,Yes,0,9,72,No Offer,Yes,10.87,Yes,DSL,24,Yes,No,Yes,Yes,Yes,Yes,Yes,Yes,Two Year,Yes,Credit Card,85.9,0.0,0,No,6361,10,49-72
Female,57,No,0,0,47,No Offer,Yes,3.49,No,No Internet Service,0,No,No,No,No,No,No,No,No,Two Year,No,Credit Card,20.15,0.0,0,No,2618,1,25-48
Male,22,No,0,0,2,Offer E,Yes,18.62,No,DSL,51,No,Yes,No,No,No,No,No,Yes,Month-to-Month,Yes,Credit Card,50.3,0.0,0,No,5870,4,0-12
Female,49,Yes,0,0,2,Offer E,Yes,26.58,No,Fiber Optic,23,Yes,No,No,Yes,No,No,No,Yes,Month-to-Month,Yes,Bank Withdrawal,80.15,0.0,0,No,5251,5,0-12
Female,26,Yes,0,1,12,Offer D,Yes,46.88,No,Cable,73,No,Yes,No,No,No,No,No,Yes,Month-to-Month,Yes,Bank Withdrawal,51.25,0.0,0,No,3097,4,0-12
Male,61,Yes,1,6,69,No Offer,Yes,12.02,No,Fiber Optic,30,No,No,No,Yes,Yes,Yes,Yes,Yes,Two Year,Yes,Credit Card,95.2,0.0,0,No,6166,7,49-72
Male,47,Yes,0,4,64,No Offer,Yes,6.59,Yes,Cable,20,No,Yes,Yes,Yes,Yes,No,No,Yes,Two Year,Yes,Bank Withdrawal,76.1,0.0,0,No,4222,8,49-72
Male,56,Yes,3,3,62,No Offer,Yes,40.66,Yes,Fiber Optic,21,Yes,Yes,Yes,Yes,Yes,Yes,Yes,Yes,Two Year,No,Bank Withdrawal,115.55,0.0,0,No,6349,11,49-72
Male,23,Yes,2,5,63,No Offer,Yes,28.92,Yes,No Internet Service,0,No,No,No,No,No,No,No,No,Two Year,No,Credit Card,24.65,0.0,0,No,4392,2,49-72
Female,34,No,0,0,53,No Offer,No,0.0,No,DSL,25,Yes,Yes,Yes,Yes,Yes,No,No,Yes,One Year,Yes,Bank Withdrawal,53.6,0.0,0,No,5183,7,49-72
Male,20,Yes,1,10,5,No Offer,Yes,8.04,No,No Internet Service,0,No,No,No,No,No,No,No,No,Month-to-Month,No,Credit Card,19.45,0.0,0,No,4573,1,0-12
Female,32,Yes,3,4,62,No Offer,Yes,28.64,Yes,Fiber Optic,52,Yes,No,No,No,Yes,Yes,Yes,No,Two Year,Yes,Bank Withdrawal,101.15,0.0,30,No,5735,7,49-72
Female,28,Yes,0,5,55,No Offer,Yes,2.36,No,DSL,69,Yes,Yes,No,Yes,No,No,No,Yes,Two Year,No,Credit Card,56.8,0.0,0,No,4702,6,49-72
Female,25,Yes,2,6,72,No Offer,Yes,22.05,No,No Internet Service,0,No,No,No,No,No,No,No,No,Two Year,Yes,Credit Card,20.1,0.0,0,No,4603,1,49-72
Male,59,Yes,0,7,36,No Offer,No,0.0,No,DSL,24,Yes,No,Yes,Yes,Yes,Yes,Yes,Yes,One Year,No,Credit Card,60.7,0.0,0,No,3671,8,25-48
Male,47,Yes,0,3,25,No Offer,Yes,25.08,No,No Internet Service,0,No,No,No,No,No,No,No,No,One Year,Yes,Bank Withdrawal,20.95,0.0,0,No,5682,1,25-48
Female,44,No,0,0,36,No Offer,Yes,49.85,No,No Internet Service,0,No,No,No,No,No,No,No,No,One Year,Yes,Bank Withdrawal,19.25,0.0,0,No,4904,1,25-48
Male,55,No,0,0,1,No Offer,Yes,42.19,No,Cable,29,No,No,No,No,Yes,Yes,Yes,Yes,Month-to-Month,Yes,Credit Card,62.8,0.0,0,No,2438,6,0-12
Female,25,Yes,0,0,72,No Offer,Yes,21.96,Yes,Fiber Optic,59,Yes,No,Yes,No,Yes,Yes,Yes,Yes,Two Year,Yes,Bank Withdrawal,105.5,0.0,0,No,5551,9,49-72
Male,50,Yes,1,2,59,No Offer,Yes,41.19,No,No Internet Service,0,No,No,No,No,No,No,No,No,Two Year,No,Credit Card,19.85,0.0,0,No,6144,1,49-72
Female,54,No,0,0,1,No Offer,Yes,36.05,No,DSL,30,No,No,Yes,Yes,Yes,Yes,Yes,Yes,One Year,No,Credit Card,74.1,0.0,0,No,2900,8,0-12
Female,62,Yes,2,9,30,No Offer,Yes,24.56,Yes,Fiber Optic,18,No,Yes,Yes,Yes,Yes,Yes,Yes,Yes,Month-to-Month,Yes,Bank Withdrawal,107.5,0.0,0,No,3094,10,25-48
Male,42,No,0,0,64,No Offer,Yes,38.96,No,No Internet Service,0,No,No,No,No,No,No,No,No,Two Year,No,Credit Card,19.55,0.0,0,No,6036,1,49-72
Male,20,No,0,0,63,No Offer,Yes,38.37,Yes,Cable,59,Yes,Yes,Yes,Yes,No,No,No,Yes,One Year,No,Bank Withdrawal,68.8,0.0,0,No,5082,8,49-72
Female,60,No,0,0,62,No Offer,Yes,6.05,Yes,DSL,22,No,Yes,Yes,Yes,Yes,Yes,Yes,Yes,Two Year,No,Bank Withdrawal,84.5,0.0,0,No,5466,10,49-72
Male,19,Yes,1,6,67,No Offer,Yes,40.96,Yes,Fiber Optic,47,No,Yes,Yes,Yes,Yes,Yes,Yes,Yes,Two Year,Yes,Bank Withdrawal,111.2,0.0,0,No,6060,10,49-72
Female,37,Yes,0,5,70,No Offer,Yes,43.81,Yes,DSL,17,Yes,No,No,Yes,Yes,Yes,Yes,Yes,Two Year,Yes,Bank Withdrawal,80.6,0.0,0,No,5880,9,49-72
Female,50,No,0,0,5,No Offer,Yes,19.3,Yes,Fiber Optic,25,No,No,No,No,No,No,No,No,Month-to-Month,No,Bank Withdrawal,75.6,0.0,10,No,3469,3,0-12
Female,42,Yes,0,6,24,No Offer,No,0.0,No,DSL,27,Yes,Yes,Yes,No,Yes,Yes,Yes,Yes,One Year,No,Bank Withdrawal,57.6,0.0,0,No,5623,8,13-24
Male,55,Yes,0,7,72,No Offer,Yes,4.32,Yes,Fiber Optic,18,No,Yes,Yes,Yes,Yes,Yes,Yes,Yes,Two Year,Yes,Credit Card,110.6,0.0,0,No,5444,10,49-72
Female,26,Yes,0,9,66,No Offer,Yes,24.27,No,Cable,59,Yes,Yes,No,Yes,No,No,No,Yes,Two Year,Yes,Credit Card,58.2,0.0,0,No,5313,6,49-72
Female,41,Yes,0,10,45,No Offer,Yes,26.01,No,Cable,29,Yes,No,Yes,Yes,Yes,Yes,Yes,Yes,Two Year,Yes,Credit Card,81.0,0.0,0,No,2934,9,25-48
Female,47,Yes,3,5,69,No Offer,Yes,38.39,No,No Internet Service,0,No,No,No,No,No,No,No,No,Two Year,No,Bank Withdrawal,19.7,0.0,0,No,4131,1,49-72
Female,57,No,0,0,28,No Offer,Yes,38.97,No,Cable,3,No,No,Yes,No,Yes,No,No,Yes,Month-to-Month,Yes,Bank Withdrawal,59.55,0.0,0,No,3354,5,25-48
Female,48,No,0,0,36,No Offer,Yes,32.0,No,Cable,23,Yes,Yes,Yes,Yes,No,Yes,Yes,No,One Year,Yes,Credit Card,75.55,0.0,100,No,3235,8,25-48
Male,32,Yes,0,6,42,No Offer,No,0.0,No,DSL,26,No,Yes,Yes,No,No,Yes,Yes,Yes,One Year,Yes,Credit Card,45.1,0.0,0,No,3844,6,25-48
Male,50,No,0,0,48,Offer B,Yes,44.76,Yes,DSL,18,Yes,No,No,Yes,No,Yes,Yes,Yes,One Year,Yes,Bank Withdrawal,70.95,0.0,0,No,2667,8,25-48
Female,32,Yes,1,3,11,Offer D,Yes,2.52,No,No Internet Service,0,No,No,No,No,No,No,No,No,Two Year,No,Credit Card,20.9,0.0,0,No,5359,1,0-12
Male,47,No,0,0,7,No Offer,Yes,13.86,No,No Internet Service,0,No,No,No,No,No,No,No,No,Month-to-Month,Yes,Credit Card,19.95,0.0,0,No,3331,1,0-12
Female,27,No,0,0,3,No Offer,Yes,26.33,Yes,No Internet Service,0,No,No,No,No,No,No,No,No,Month-to-Month,No,Credit Card,24.6,0.0,0,No,5756,2,0-12
Male,47,No,0,0,8,No Offer,Yes,41.13,No,DSL,27,Yes,No,Yes,No,No,Yes,Yes,Yes,Month-to-Month,Yes,Bank Withdrawal,66.7,0.0,0,No,4490,7,0-12
Male,42,Yes,3,1,32,No Offer,Yes,43.37,No,Fiber Optic,76,Yes,Yes,Yes,No,No,Yes,Yes,No,One Year,No,Credit Card,94.8,0.0,40,No,5288,7,25-48
Male,35,Yes,0,4,60,Offer B,Yes,43.57,No,DSL,30,Yes,Yes,Yes,Yes,No,No,No,Yes,One Year,Yes,Bank Withdrawal,65.85,0.0,0,No,4053,7,49-72
Female,21,Yes,0,9,10,Offer D,Yes,49.6,No,No Internet Service,0,No,No,No,No,No,No,No,No,Month-to-Month,Yes,Bank Withdrawal,19.95,0.0,0,No,3831,1,0-12
Female,33,Yes,0,5,71,No Offer,Yes,43.37,Yes,No Internet Service,0,No,No,No,No,No,No,No,No,Two Year,Yes,Bank Withdrawal,24.65,0.0,0,No,4015,2,49-72
Female,61,Yes,0,2,43,Offer B,No,0.0,No,Cable,6,Yes,Yes,No,Yes,Yes,No,No,Yes,One Year,Yes,Bank Withdrawal,51.25,0.0,0,No,5656,6,25-48
Female,47,Yes,0,6,23,Offer D,Yes,38.93,No,Cable,4,No,No,Yes,Yes,No,No,No,Yes,Month-to-Month,No,Bank Withdrawal,54.25,0.0,0,No,5140,5,13-24
Female,28,Yes,0,8,72,No Offer,Yes,12.87,No,No Internet Service,0,No,No,No,No,No,No,No,No,Two Year,No,Bank Withdrawal,19.4,0.0,0,No,5398,1,49-72
Male,56,Yes,0,8,22,Offer D,Yes,7.68,No,DSL,7,Yes,No,No,Yes,No,No,No,No,One Year,Yes,Credit Card,56.25,0.0,100,No,3733,4,13-24
Female,19,No,0,0,1,No Offer,No,0.0,No,Cable,52,No,No,No,No,No,No,No,Yes,Month-to-Month,Yes,Credit Card,25.15,0.0,0,No,3513,2,0-12
Male,57,No,0,0,69,No Offer,Yes,22.24,Yes,No Internet Service,0,No,No,No,No,No,No,No,No,Two Year,No,Bank Withdrawal,23.95,0.0,0,No,6059,2,49-72
Male,45,No,0,0,50,Offer B,No,0.0,No,DSL,7,Yes,No,No,Yes,No,No,No,Yes,One Year,Yes,Credit Card,35.4,0.0,0,No,5052,4,49-72
Female,22,Yes,0,6,15,No Offer,Yes,30.09,No,Fiber Optic,71,No,Yes,No,No,No,No,No,Yes,Month-to-Month,No,Bank Withdrawal,75.35,0.0,0,No,4891,4,13-24
Male,56,No,0,0,31,No Offer,Yes,25.58,No,No Internet Service,0,No,No,No,No,No,No,No,No,Two Year,No,Bank Withdrawal,20.4,0.0,0,No,5363,1,25-48
Female,64,Yes,0,2,10,No Offer,No,0.0,No,DSL,8,Yes,Yes,Yes,Yes,Yes,No,No,Yes,Two Year,No,Credit Card,56.05,0.0,0,No,4740,7,0-12
Female,55,No,0,0,8,No Offer,Yes,23.46,No,No Internet Service,0,No,No,No,No,No,No,No,No,Two Year,No,Credit Card,20.0,0.0,0,No,3087,1,0-12
Male,20,Yes,0,5,64,Offer B,Yes,26.64,No,DSL,71,Yes,No,Yes,No,Yes,Yes,Yes,Yes,One Year,Yes,Credit Card,73.05,0.0,0,No,4515,8,49-72
Female,27,Yes,0,3,28,No Offer,Yes,42.33,No,No Internet Service,0,No,No,No,No,No,No,No,No,Month-to-Month,No,Credit Card,20.5,0.0,0,No,5145,1,25-48
Female,39,Yes,0,5,57,Offer B,Yes,3.72,Yes,Fiber Optic,11,No,No,Yes,No,Yes,Yes,Yes,Yes,One Year,Yes,Credit Card,100.75,0.0,0,No,6354,8,49-72
Male,58,No,0,0,19,No Offer,Yes,19.1,No,No Internet Service,0,No,No,No,No,No,No,No,No,Two Year,Yes,Credit Card,19.95,0.0,0,No,2831,1,13-24
Female,21,Yes,0,0,51,Offer B,No,0.0,No,DSL,42,No,Yes,No,No,Yes,Yes,Yes,Yes,Month-to-Month,Yes,Bank Withdrawal,49.65,0.0,0,No,5528,6,49-72
Female,51,Yes,0,5,67,No Offer,Yes,22.83,Yes,Cable,22,Yes,Yes,Yes,No,No,No,No,Yes,Two Year,No,Credit Card,65.65,0.0,0,No,5441,7,49-72
Male,43,Yes,2,3,11,No Offer,Yes,16.67,No,No Internet Service,0,No,No,No,No,No,No,No,No,Month-to-Month,Yes,Bank Withdrawal,20.45,0.0,0,No,2606,1,0-12
Male,38,Yes,0,8,72,No Offer,No,0.0,No,Cable,15,Yes,No,Yes,Yes,Yes,Yes,Yes,Yes,Two Year,No,Bank Withdrawal,60.95,0.0,0,No,4147,8,49-72
Male,59,Yes,0,9,66,Offer A,Yes,45.03,No,No Internet Service,0,No,No,No,No,No,No,No,No,One Year,Yes,Bank Withdrawal,20.35,0.0,0,No,4845,1,49-72
Female,43,No,0,0,9,No Offer,Yes,46.94,No,No Internet Service,0,No,No,No,No,No,No,No,No,Month-to-Month,Yes,Bank Withdrawal,19.5,0.0,0,No,4283,1,0-12
Female,59,No,0,0,9,No Offer,Yes,9.27,Yes,Fiber Optic,28,No,No,No,No,No,No,No,Yes,Month-to-Month,Yes,Credit Card,75.2,0.0,0,No,5841,4,0-12
Male,28,Yes,0,9,48,Offer B,Yes,22.36,Yes,Fiber Optic,59,Yes,Yes,Yes,No,Yes,Yes,Yes,Yes,Month-to-Month,Yes,Bank Withdrawal,111.45,0.0,0,No,2319,10,25-48
Male,23,No,0,0,10,No Offer,Yes,4.29,No,Fiber Optic,85,No,No,No,No,No,No,No,Yes,Month-to-Month,No,Credit Card,70.15,0.0,0,No,3963,3,0-12
Female,47,Yes,0,8,72,Offer A,Yes,43.29,Yes,DSL,16,Yes,Yes,Yes,Yes,Yes,Yes,Yes,No,Two Year,No,Bank Withdrawal,92.0,0.0,110,No,6434,10,49-72
Female,63,Yes,0,10,51,Offer B,Yes,33.93,No,DSL,13,Yes,Yes,Yes,Yes,Yes,Yes,Yes,Yes,Two Year,No,Credit Card,85.5,0.0,0,No,6261,10,49-72
Male,41,No,0,0,54,Offer B,Yes,30.66,No,Fiber Optic,18,Yes,No,Yes,Yes,No,No,No,Yes,One Year,No,Bank Withdrawal,84.4,0.0,0,No,4154,6,49-72
Female,38,No,0,0,33,No Offer,Yes,15.69,Yes,DSL,24,Yes,Yes,No,No,No,No,No,Yes,Month-to-Month,Yes,Credit Card,60.9,0.0,0,No,3009,6,25-48
Female,62,No,0,0,27,No Offer,Yes,35.77,No,No Internet Service,0,No,No,No,No,No,No,No,No,Two Year,Yes,Bank Withdrawal,20.25,0.0,0,No,5250,1,25-48
Male,53,No,0,0,23,No Offer,Yes,48.21,No,Fiber Optic,23,No,Yes,No,No,Yes,Yes,Yes,Yes,Month-to-Month,No,Credit Card,95.3,0.0,0,No,5029,7,13-24
Male,63,No,2,0,1,No Offer,Yes,29.1,No,No Internet Service,0,No,No,No,No,No,No,No,No,Month-to-Month,No,Credit Card,19.85,0.0,0,No,4840,1,0-12
Male,63,Yes,0,3,45,Offer B,Yes,30.8,No,Cable,3,Yes,Yes,Yes,Yes,Yes,Yes,Yes,Yes,Two Year,Yes,Credit Card,84.35,0.0,0,No,3403,10,25-48
Female,35,Yes,1,3,39,No Offer,Yes,32.57,No,No Internet Service,0,No,No,No,No,No,No,No,No,Two Year,Yes,Bank Withdrawal,19.85,0.0,0,No,3032,1,25-48
Male,40,Yes,0,10,72,Offer A,Yes,48.44,Yes,Cable,15,Yes,Yes,Yes,Yes,Yes,No,No,Yes,Two Year,No,Bank Withdrawal,82.3,0.0,0,No,4162,9,49-72
Female,44,Yes,1,2,58,Offer B,Yes,44.1,Yes,DSL,19,No,Yes,No,No,Yes,No,No,Yes,Month-to-Month,Yes,Bank Withdrawal,66.8,0.0,0,No,6433,6,49-72
Female,62,No,0,0,70,Offer A,No,0.0,No,DSL,11,Yes,Yes,Yes,Yes,No,No,No,Yes,Two Year,Yes,Bank Withdrawal,44.6,0.0,0,No,4442,6,49-72
Male,41,Yes,1,4,61,Offer B,Yes,41.57,No,Fiber Optic,21,No,Yes,No,Yes,Yes,Yes,Yes,Yes,One Year,Yes,Bank Withdrawal,98.45,0.0,0,No,4000,8,49-72
Male,37,No,0,0,2,Offer E,Yes,2.72,No,Fiber Optic,14,No,No,No,No,No,No,No,No,Month-to-Month,No,Credit Card,70.7,0.0,10,No,2388,2,0-12
Female,39,Yes,0,0,46,Offer B,Yes,4.6,Yes,No Internet Service,0,No,No,No,No,No,No,No,No,One Year,No,Credit Card,24.95,0.0,0,No,3979,2,25-48
Female,43,No,0,0,48,Offer B,Yes,19.04,No,Fiber Optic,21,Yes,No,Yes,Yes,Yes,Yes,Yes,Yes,Two Year,Yes,Credit Card,102.5,0.0,0,No,3262,9,25-48
Male,35,No,0,0,64,Offer B,Yes,14.39,Yes,DSL,7,No,Yes,Yes,Yes,Yes,Yes,Yes,Yes,Two Year,No,Credit Card,86.55,0.0,0,No,4934,10,49-72
Male,53,Yes,3,3,72,Offer A,Yes,20.42,Yes,No Internet Service,0,No,No,No,No,No,No,No,No,Two Year,No,Bank Withdrawal,24.3,0.0,0,No,5160,2,49-72
Female,51,Yes,3,2,12,No Offer,Yes,7.97,No,DSL,52,No,No,Yes,No,Yes,No,No,Yes,Month-to-Month,Yes,Credit Card,58.35,0.0,0,No,5068,5,0-12
Female,29,Yes,0,6,72,Offer A,Yes,12.32,No,DSL,59,Yes,Yes,Yes,No,No,Yes,Yes,Yes,Two Year,No,Credit Card,68.75,0.0,0,No,4505,8,49-72
Male,62,Yes,0,4,29,No Offer,Yes,39.5,Yes,Fiber Optic,16,No,Yes,Yes,No,No,No,No,No,Month-to-Month,Yes,Bank Withdrawal,85.8,0.0,150,No,2568,5,25-48
Male,21,Yes,0,3,33,No Offer,Yes,49.37,No,No Internet Service,0,No,No,No,No,No,No,No,No,One Year,No,Credit Card,20.1,0.0,0,No,3636,1,25-48
Female,47,No,0,0,1,No Offer,Yes,44.09,No,No Internet Service,0,No,No,No,No,No,No,No,No,Month-to-Month,No,Credit Card,20.35,0.0,0,No,5774,1,0-12
Female,42,Yes,3,5,62,Offer B,Yes,13.25,Yes,Fiber Optic,57,No,Yes,Yes,Yes,Yes,Yes,Yes,Yes,One Year,Yes,Bank Withdrawal,110.8,0.0,0,No,4306,10,49-72
Female,24,No,0,0,4,Offer E,Yes,19.84,No,Fiber Optic,73,No,No,Yes,No,No,Yes,Yes,Yes,Month-to-Month,Yes,Credit Card,82.85,0.0,0,No,3154,6,0-12
Female,44,No,0,0,24,No Offer,Yes,25.81,Yes,Fiber Optic,3,Yes,No,No,Yes,No,No,No,Yes,Month-to-Month,Yes,Bank Withdrawal,84.35,0.0,0,No,2198,6,13-24
Female,56,Yes,0,9,14,No Offer,Yes,19.03,No,No Internet Service,0,No,No,No,No,No,No,No,No,One Year,No,Mailed Check,19.55,0.0,0,No,5620,1,13-24
Male,38,No,3,0,3,Offer E,Yes,5.15,No,No Internet Service,0,No,No,No,No,No,No,No,No,Month-to-Month,No,Mailed Check,19.95,0.0,0,No,4430,1,0-12
Male,40,No,0,0,8,Offer E,Yes,25.72,No,Cable,24,No,No,No,No,Yes,Yes,Yes,Yes,Month-to-Month,Yes,Bank Withdrawal,66.25,0.0,0,No,3026,6,0-12
Female,38,No,0,0,35,No Offer,Yes,6.52,Yes,No Internet Service,0,No,No,No,No,No,No,No,No,Two Year,No,Bank Withdrawal,23.3,0.0,0,No,2416,2,25-48
Male,64,No,3,0,66,Offer A,Yes,23.81,Yes,No Internet Service,0,No,No,No,No,No,No,No,No,Two Year,Yes,Credit Card,25.3,0.0,0,No,6019,2,49-72
Male,46,No,0,0,8,No Offer,No,0.0,No,Cable,4,Yes,No,No,Yes,No,Yes,Yes,Yes,Two Year,Yes,Mailed Check,44.55,0.0,0,No,5489,6,0-12
Female,19,Yes,0,8,71,Offer A,Yes,4.39,Yes,Fiber Optic,82,Yes,No,Yes,No,Yes,Yes,Yes,Yes,One Year,Yes,Credit Card,104.1,0.0,0,No,4695,9,49-72
Female,59,Yes,3,3,43,Offer B,Yes,27.49,Yes,Fiber Optic,53,No,No,Yes,No,No,Yes,Yes,Yes,Month-to-Month,Yes,Bank Withdrawal,92.55,0.0,0,No,3853,7,25-48
Male,35,Yes,2,6,65,Offer B,Yes,19.53,Yes,Fiber Optic,19,Yes,Yes,Yes,Yes,No,No,No,Yes,Two Year,No,Credit Card,94.55,0.0,0,No,4603,8,49-72
Male,27,No,0,0,35,No Offer,Yes,45.62,Yes,Fiber Optic,59,No,No,Yes,Yes,Yes,No,No,Yes,Month-to-Month,No,Bank Withdrawal,95.5,0.0,0,No,3715,7,25-48
Male,51,No,0,0,64,Offer B,Yes,9.95,No,Fiber Optic,2,Yes,Yes,No,No,Yes,Yes,Yes,Yes,One Year,Yes,Credit Card,100.3,0.0,0,No,4986,8,49-72
Female,58,Yes,0,1,58,Offer B,No,0.0,No,Cable,11,No,No,Yes,Yes,Yes,Yes,Yes,Yes,Two Year,Yes,Credit Card,55.5,0.0,0,No,4080,7,49-72
Male,38,Yes,3,4,67,Offer A,Yes,6.15,Yes,Fiber Optic,53,No,Yes,No,No,No,Yes,Yes,Yes,Month-to-Month,Yes,Bank Withdrawal,89.55,0.0,0,No,6111,7,49-72
Male,59,Yes,3,2,63,No Offer,Yes,30.1,No,No Internet Service,0,No,No,No,No,No,No,No,No,Two Year,Yes,Mailed Check,19.15,0.0,0,No,6373,1,49-72
Female,22,Yes,0,9,60,No Offer,Yes,34.48,Yes,Fiber Optic,51,No,Yes,No,No,Yes,Yes,Yes,Yes,Month-to-Month,Yes,Bank Withdrawal,99.8,0.0,0,No,6213,8,49-72
Female,56,Yes,2,4,70,Offer A,Yes,33.25,Yes,Fiber Optic,15,Yes,Yes,Yes,Yes,Yes,Yes,Yes,Yes,Two Year,Yes,Credit Card,113.05,0.0,0,No,4203,11,49-72
Female,32,No,0,0,48,No Offer,Yes,9.19,No,No Internet Service,0,No,No,No,No,No,No,No,No,One Year,No,Mailed Check,19.95,0.0,0,No,3396,1,25-48
Male,63,Yes,0,7,12,No Offer,Yes,49.39,No,DSL,5,No,No,Yes,Yes,Yes,Yes,Yes,Yes,Month-to-Month,Yes,Bank Withdrawal,74.15,0.0,0,No,5426,8,0-12
Male,43,Yes,3,10,45,No Offer,Yes,47.31,Yes,No Internet Service,0,No,No,No,No,No,No,No,No,Two Year,No,Mailed Check,24.45,0.0,0,No,3586,2,25-48
Female,21,No,0,0,23,No Offer,Yes,43.77,Yes,No Internet Service,0,No,No,No,No,No,No,No,No,One Year,No,Credit Card,24.8,0.0,0,No,4402,2,13-24
Female,64,Yes,0,6,43,No Offer,Yes,12.98,Yes,DSL,8,No,No,No,Yes,Yes,No,No,Yes,One Year,Yes,Bank Withdrawal,64.85,0.0,0,No,4000,6,25-48
Male,49,No,0,0,35,No Offer,Yes,17.92,No,No Internet Service,0,No,No,No,No,No,No,No,No,Month-to-Month,No,Bank Withdrawal,20.75,0.0,0,No,5876,1,25-48
Male,47,Yes,0,2,9,Offer E,Yes,34.64,No,DSL,7,Yes,Yes,No,Yes,Yes,No,No,Yes,Month-to-Month,Yes,Mailed Check,68.95,0.0,0,No,2452,7,0-12
Male,61,No,0,0,27,No Offer,Yes,2.69,Yes,Cable,15,No,No,No,No,No,No,No,Yes,Month-to-Month,No,Mailed Check,49.0,0.0,0,No,5428,4,25-48
Female,61,No,0,0,40,No Offer,Yes,23.28,No,Cable,6,No,No,Yes,No,No,No,No,Yes,One Year,Yes,Credit Card,50.25,0.0,0,No,2449,4,25-48
Male,26,Yes,0,5,8,Offer E,Yes,48.39,No,No Internet Service,0,No,No,No,No,No,No,No,No,One Year,No,Credit Card,19.9,0.0,0,No,3152,1,0-12
Female,31,Yes,2,7,52,No Offer,Yes,7.99,No,Fiber Optic,19,Yes,No,Yes,No,Yes,Yes,Yes,Yes,One Year,No,Bank Withdrawal,100.3,0.0,0,No,4811,8,49-72
Male,34,Yes,0,2,3,Offer E,Yes,4.19,No,Cable,6,No,No,Yes,Yes,No,No,No,Yes,Month-to-Month,Yes,Mailed Check,55.8,0.0,0,No,2662,5,0-12
Male,29,No,3,0,41,No Offer,Yes,30.58,No,Fiber Optic,59,Yes,Yes,Yes,Yes,Yes,Yes,Yes,Yes,Two Year,Yes,Bank Withdrawal,111.15,0.0,0,No,5038,10,25-48
Male,26,No,0,0,20,No Offer,Yes,23.22,Yes,Fiber Optic,59,No,No,No,Yes,Yes,Yes,Yes,Yes,Month-to-Month,Yes,Mailed Check,98.55,0.0,0,No,3300,8,13-24
Male,24,No,3,0,1,Offer E,Yes,43.05,Yes,DSL,69,No,No,No,No,No,No,No,Yes,Month-to-Month,Yes,Bank Withdrawal,50.05,0.0,0,No,5523,4,0-12
Male,45,No,0,0,23,No Offer,Yes,35.32,No,No Internet Service,0,No,No,No,No,No,No,No,No,Month-to-Month,No,Bank Withdrawal,20.85,0.0,0,No,4263,1,13-24
Male,51,Yes,3,0,8,Offer E,Yes,34.87,No,No Internet Service,0,No,No,No,No,No,No,No,No,Month-to-Month,Yes,Mailed Check,19.35,0.0,0,No,5416,1,0-12
Male,56,No,0,0,18,No Offer,Yes,12.21,Yes,DSL,8,Yes,No,Yes,No,Yes,No,No,Yes,Month-to-Month,No,Mailed Check,69.5,0.0,0,No,4466,7,13-24
Male,56,No,0,0,31,No Offer,Yes,45.92,No,Fiber Optic,18,No,Yes,No,No,Yes,Yes,Yes,Yes,Month-to-Month,Yes,Bank Withdrawal,94.5,0.0,0,No,3949,7,25-48
Male,20,Yes,1,5,29,No Offer,Yes,24.64,No,No Internet Service,0,No,No,No,No,No,No,No,No,Month-to-Month,Yes,Mailed Check,20.65,0.0,0,No,4667,1,25-48
Female,54,Yes,0,4,36,No Offer,Yes,19.24,Yes,Fiber Optic,18,Yes,Yes,Yes,Yes,No,Yes,Yes,No,Two Year,Yes,Credit Card,106.05,0.0,50,No,4505,9,25-48
Male,53,Yes,0,1,42,No Offer,Yes,42.45,Yes,Fiber Optic,11,No,No,Yes,Yes,Yes,Yes,Yes,Yes,One Year,Yes,Bank Withdrawal,108.3,0.0,0,No,5106,9,25-48
Female,38,No,0,0,60,No Offer,Yes,16.81,No,Fiber Optic,21,No,Yes,Yes,No,Yes,Yes,Yes,Yes,Two Year,Yes,Bank Withdrawal,99.65,0.0,0,No,4616,8,49-72
Male,42,Yes,0,6,22,No Offer,Yes,35.62,Yes,Fiber Optic,29,Yes,No,No,Yes,Yes,No,No,Yes,Month-to-Month,No,Credit Card,95.9,0.0,0,No,3207,7,13-24
Male,47,Yes,0,7,36,No Offer,Yes,21.77,No,No Internet Service,0,No,No,No,No,No,No,No,No,One Year,No,Mailed Check,20.0,0.0,0,No,4175,1,25-48
Male,40,No,0,0,9,Offer E,Yes,27.53,No,Cable,11,Yes,No,No,Yes,No,Yes,Yes,Yes,Month-to-Month,No,Credit Card,64.95,0.0,0,No,3013,7,0-12
Male,28,Yes,1,5,1,No Offer,Yes,42.99,No,Fiber Optic,59,No,Yes,No,No,No,No,No,Yes,Month-to-Month,No,Credit Card,74.6,0.0,0,No,5494,4,0-12
Male,39,Yes,3,8,12,Offer D,Yes,9.58,No,Cable,57,Yes,No,No,No,No,No,No,No,Month-to-Month,Yes,Bank Withdrawal,49.2,0.0,80,No,3582,3,0-12
Female,37,No,0,0,23,Offer D,Yes,35.03,Yes,DSL,3,No,No,No,Yes,Yes,Yes,Yes,Yes,One Year,Yes,Credit Card,73.75,0.0,0,No,3483,8,13-24
Male,35,No,0,0,62,No Offer,Yes,24.35,Yes,Fiber Optic,16,Yes,Yes,No,No,No,Yes,Yes,Yes,One Year,Yes,Bank Withdrawal,92.3,0.0,0,No,6468,8,49-72
Female,42,No,0,0,8,No Offer,Yes,14.32,No,No Internet Service,0,No,No,No,No,No,No,No,No,Month-to-Month,No,Credit Card,19.2,0.0,0,No,2879,1,0-12
Male,46,Yes,0,9,31,No Offer,Yes,29.77,Yes,Fiber Optic,12,No,No,Yes,No,Yes,No,No,Yes,Month-to-Month,No,Credit Card,88.65,0.0,0,No,4821,6,25-48
Male,54,Yes,2,1,45,No Offer,Yes,22.31,Yes,Fiber Optic,19,No,Yes,Yes,No,No,Yes,Yes,Yes,Month-to-Month,Yes,Bank Withdrawal,95.95,0.0,0,No,5322,8,25-48
Male,35,No,0,0,2,No Offer,Yes,15.83,No,No Internet Service,0,No,No,No,No,No,No,No,No,Month-to-Month,No,Credit Card,20.25,0.0,0,No,5736,1,0-12
Female,58,No,0,0,44,No Offer,No,0.0,No,Cable,3,No,No,Yes,No,Yes,Yes,Yes,Yes,One Year,Yes,Bank Withdrawal,49.05,0.0,0,No,3910,6,25-48
Male,41,No,0,0,39,No Offer,No,0.0,No,DSL,14,No,No,Yes,Yes,No,No,No,Yes,One Year,No,Credit Card,35.55,0.0,0,No,3752,4,25-48
Male,53,Yes,0,7,72,Offer A,No,0.0,No,DSL,15,Yes,Yes,Yes,Yes,Yes,Yes,Yes,Yes,Two Year,Yes,Credit Card,65.1,0.0,0,No,4969,9,49-72
Female,50,Yes,0,2,51,No Offer,Yes,17.95,No,DSL,14,Yes,Yes,No,Yes,No,Yes,Yes,Yes,One Year,Yes,Credit Card,69.75,0.0,0,No,5628,8,49-72
Female,49,No,0,0,56,No Offer,Yes,32.43,Yes,Fiber Optic,2,No,Yes,Yes,No,Yes,Yes,Yes,No,One Year,Yes,Bank Withdrawal,106.8,0.0,30,No,6161,8,49-72
Male,32,No,0,0,1,No Offer,Yes,39.3,No,DSL,26,Yes,No,No,No,No,No,No,Yes,Month-to-Month,No,Credit Card,51.25,0.0,0,No,4483,4,0-12
Female,30,Yes,0,5,23,Offer D,Yes,12.88,No,DSL,41,Yes,Yes,No,Yes,No,No,No,Yes,One Year,Yes,Credit Card,57.75,0.0,0,No,3794,6,13-24
Female,21,No,0,0,1,No Offer,Yes,5.1,No,No Internet Service,0,No,No,No,No,No,No,No,No,Month-to-Month,No,Credit Card,19.55,0.0,0,No,5750,1,0-12
Male,20,No,0,0,11,Offer D,Yes,8.48,No,Fiber Optic,52,Yes,No,Yes,No,No,No,No,Yes,Month-to-Month,Yes,Bank Withdrawal,79.5,0.0,0,No,2278,5,0-12
Female,41,Yes,1,6,52,No Offer,Yes,31.09,Yes,Fiber Optic,28,Yes,Yes,Yes,No,No,Yes,Yes,Yes,Month-to-Month,No,Bank Withdrawal,98.15,0.0,0,No,5123,9,49-72
Male,19,No,0,0,3,No Offer,Yes,1.57,No,No Internet Service,0,No,No,No,No,No,No,No,No,Month-to-Month,Yes,Bank Withdrawal,20.25,0.0,0,No,4050,1,0-12
Female,29,Yes,2,6,51,No Offer,Yes,2.53,No,Fiber Optic,71,Yes,Yes,No,No,No,No,No,Yes,Month-to-Month,Yes,Bank Withdrawal,79.15,0.0,0,No,6321,5,49-72
Female,64,No,0,0,37,Offer C,No,0.0,No,Cable,6,No,No,Yes,No,No,Yes,Yes,Yes,Month-to-Month,Yes,Credit Card,40.2,0.0,0,No,5924,5,25-48
Male,59,No,0,0,13,Offer D,Yes,18.73,No,No Internet Service,0,No,No,No,No,No,No,No,No,Two Year,No,Credit Card,19.95,0.0,0,No,2884,1,13-24
Male,29,Yes,0,3,49,No Offer,Yes,42.19,Yes,Cable,52,Yes,No,No,No,No,No,No,Yes,One Year,Yes,Bank Withdrawal,55.35,0.0,0,No,5601,5,49-72
Female,19,No,0,0,18,Offer D,Yes,2.76,No,Fiber Optic,26,No,No,No,No,No,No,No,No,Month-to-Month,Yes,Bank Withdrawal,71.1,0.0,150,No,4911,2,13-24
Male,42,Yes,0,7,68,Offer A,No,0.0,No,Cable,16,Yes,No,Yes,No,Yes,Yes,Yes,Yes,Two Year,Yes,Bank Withdrawal,54.1,0.0,0,No,4601,7,49-72
Male,27,No,0,0,54,No Offer,Yes,25.72,No,No Internet Service,0,No,No,No,No,No,No,No,No,Two Year,No,Credit Card,19.65,0.0,0,No,5708,1,49-72
Male,22,Yes,0,2,71,Offer A,Yes,18.04,Yes,DSL,41,Yes,Yes,Yes,Yes,No,Yes,Yes,Yes,Two Year,No,Credit Card,80.4,0.0,0,No,5228,10,49-72
Female,56,Yes,1,2,67,Offer A,Yes,48.75,No,No Internet Service,0,No,No,No,No,No,No,No,No,Two Year,Yes,Bank Withdrawal,19.25,0.0,0,No,5154,1,49-72
Female,46,Yes,3,1,14,Offer D,Yes,26.58,Yes,Fiber Optic,53,No,No,No,No,Yes,No,No,Yes,Month-to-Month,Yes,Bank Withdrawal,84.8,0.0,0,No,2452,5,13-24
Female,48,No,1,0,63,No Offer,Yes,24.32,No,No Internet Service,0,No,No,No,No,No,No,No,No,Two Year,No,Credit Card,19.5,0.0,0,No,4370,1,49-72
Female,36,No,0,0,41,No Offer,Yes,36.93,Yes,DSL,30,No,No,Yes,Yes,No,Yes,Yes,Yes,One Year,Yes,Bank Withdrawal,68.6,0.0,0,No,4572,8,25-48
Female,46,Yes,0,10,17,Offer D,Yes,9.22,Yes,Fiber Optic,13,No,No,No,No,Yes,Yes,Yes,Yes,Month-to-Month,No,Bank Withdrawal,92.6,0.0,0,No,4756,7,13-24
Male,28,Yes,0,7,56,No Offer,Yes,46.9,Yes,Fiber Optic,48,Yes,No,No,No,Yes,Yes,Yes,Yes,One Year,Yes,Bank Withdrawal,100.55,0.0,0,No,4847,8,49-72
Female,49,No,0,0,5,No Offer,Yes,24.53,No,No Internet Service,0,No,No,No,No,No,No,No,No,Month-to-Month,No,Credit Card,20.55,0.0,0,No,5967,1,0-12
Female,28,Yes,0,5,3,No Offer,Yes,41.9,No,No Internet Service,0,No,No,No,No,No,No,No,No,Month-to-Month,Yes,Credit Card,19.6,0.0,0,No,2941,1,0-12
Male,42,No,0,0,37,Offer C,Yes,13.04,Yes,DSL,14,Yes,Yes,Yes,Yes,No,No,No,Yes,One Year,No,Bank Withdrawal,67.45,0.0,0,No,5042,8,25-48
Male,44,No,0,0,8,No Offer,Yes,7.02,No,DSL,23,No,No,No,No,No,No,No,No,Month-to-Month,No,Credit Card,43.55,0.0,10,No,3266,2,0-12
Female,40,No,0,0,63,Offer B,Yes,19.01,Yes,Fiber Optic,20,No,Yes,Yes,Yes,Yes,Yes,Yes,Yes,Month-to-Month,Yes,Credit Card,109.85,0.0,0,No,5775,10,49-72
Female,61,Yes,1,7,7,No Offer,Yes,5.01,No,No Internet Service,0,No,No,No,No,No,No,No,No,Month-to-Month,No,Credit Card,20.65,0.0,0,No,4058,1,0-12
Female,52,No,0,0,3,No Offer,Yes,17.01,No,Fiber Optic,28,No,Yes,No,No,Yes,Yes,Yes,Yes,Month-to-Month,No,Bank Withdrawal,95.4,0.0,0,No,2813,7,0-12
Male,19,Yes,1,3,72,Offer A,Yes,5.7,No,No Internet Service,0,No,No,No,No,No,No,No,No,Two Year,No,Bank Withdrawal,21.0,0.0,0,No,4974,1,49-72
Female,57,No,0,0,19,Offer D,Yes,40.22,No,Cable,22,No,No,No,No,No,Yes,Yes,Yes,Month-to-Month,Yes,Bank Withdrawal,56.2,0.0,0,No,3384,5,13-24
Female,60,Yes,0,9,59,Offer B,Yes,26.99,No,No Internet Service,0,No,No,No,No,No,No,No,No,Two Year,No,Bank Withdrawal,18.4,0.0,0,No,4375,1,49-72
Female,62,Yes,1,5,35,Offer C,Yes,24.76,Yes,No Internet Service,0,No,No,No,No,No,No,No,No,Month-to-Month,Yes,Bank Withdrawal,25.75,0.0,0,No,4194,2,25-48
Male,64,No,0,0,14,Offer D,Yes,8.54,No,No Internet Service,0,No,No,No,No,No,No,No,No,Month-to-Month,No,Credit Card,19.6,0.0,0,No,2847,1,13-24
Female,29,Yes,2,7,69,Offer A,Yes,8.39,No,No Internet Service,0,No,No,No,No,No,No,No,No,Two Year,No,Credit Card,19.8,0.0,0,No,5423,1,49-72
Male,64,Yes,0,4,69,Offer A,Yes,44.33,No,Cable,18,Yes,Yes,Yes,Yes,Yes,No,No,Yes,Two Year,Yes,Bank Withdrawal,75.75,0.0,0,No,5839,8,49-72
Female,56,Yes,0,10,72,Offer A,Yes,26.04,Yes,Cable,6,No,Yes,No,Yes,Yes,Yes,Yes,Yes,Two Year,Yes,Bank Withdrawal,78.95,0.0,0,No,5050,9,49-72
Female,61,Yes,1,8,4,No Offer,Yes,44.64,No,Cable,21,Yes,No,No,No,No,No,No,Yes,Month-to-Month,No,Bank Withdrawal,50.3,0.0,0,No,3147,4,0-12
Male,30,Yes,2,9,63,Offer B,Yes,18.88,No,Fiber Optic,48,No,Yes,Yes,No,No,No,No,No,Month-to-Month,Yes,Credit Card,80.3,0.0,40,No,5157,4,49-72
Male,52,No,0,0,72,Offer A,Yes,3.43,No,No Internet Service,0,No,No,No,No,No,No,No,No,Two Year,No,Bank Withdrawal,19.85,0.0,0,No,4790,1,49-72
Female,42,No,0,0,46,Offer B,Yes,32.78,No,No Internet Service,0,No,No,No,No,No,No,No,No,Two Year,Yes,Bank Withdrawal,21.1,0.0,0,No,4791,1,25-48
Male,53,Yes,0,10,30,Offer C,Yes,23.16,No,DSL,6,No,No,Yes,No,No,No,No,Yes,Month-to-Month,Yes,Credit Card,50.0,0.0,0,No,4715,4,25-48
Male,52,No,0,0,63,Offer B,Yes,48.75,Yes,Fiber Optic,21,No,Yes,Yes,No,Yes,Yes,Yes,Yes,Two Year,Yes,Bank Withdrawal,104.75,0.0,0,No,5882,9,49-72
Female,53,No,0,0,60,Offer B,Yes,31.12,No,No Internet Service,0,No,No,No,No,No,No,No,No,Two Year,No,Bank Withdrawal,19.85,0.0,0,No,6213,1,49-72
Male,26,Yes,3,0,25,Offer C,Yes,11.79,No,Fiber Optic,59,No,No,No,Yes,Yes,No,No,Yes,Month-to-Month,No,Bank Withdrawal,85.9,0.0,0,No,3153,5,25-48
Male,61,No,0,0,22,Offer D,Yes,4.79,Yes,No Internet Service,0,No,No,No,No,No,No,No,No,Two Year,No,Credit Card,25.25,0.0,0,No,3403,2,13-24
Female,58,Yes,0,9,31,Offer C,Yes,28.52,Yes,DSL,2,No,Yes,No,Yes,Yes,Yes,Yes,Yes,Two Year,No,Bank Withdrawal,80.55,0.0,0,No,3491,9,25-48
Female,64,Yes,5,7,39,Offer C,Yes,40.68,No,Fiber Optic,76,No,No,Yes,Yes,No,No,No,Yes,Month-to-Month,Yes,Bank Withdrawal,81.5,0.0,0,No,2042,5,25-48
Male,31,No,0,0,26,Offer C,Yes,31.73,No,No Internet Service,0,No,No,No,No,No,No,No,No,Month-to-Month,No,Credit Card,20.9,0.0,0,No,5895,1,25-48
Male,54,No,0,0,12,Offer D,Yes,45.8,Yes,DSL,4,Yes,Yes,No,Yes,No,No,No,Yes,Month-to-Month,Yes,Bank Withdrawal,67.25,0.0,0,No,4334,7,0-12
Female,52,No,0,0,2,No Offer,Yes,25.92,No,No Internet Service,0,No,No,No,No,No,No,No,No,Month-to-Month,No,Credit Card,20.35,0.0,0,No,5994,1,0-12
Male,40,No,0,0,39,Offer C,No,0.0,No,DSL,13,Yes,No,No,Yes,Yes,No,No,Yes,One Year,No,Bank Withdrawal,45.05,0.0,0,No,4003,5,25-48
Female,37,Yes,1,8,7,No Offer,No,0.0,No,Cable,17,Yes,No,No,Yes,No,No,No,Yes,Month-to-Month,No,Credit Card,34.65,0.0,0,No,5996,4,0-12
Female,39,No,0,0,55,Offer B,Yes,22.34,No,Fiber Optic,4,No,Yes,Yes,No,No,No,No,Yes,Month-to-Month,Yes,Bank Withdrawal,81.55,0.0,0,No,5167,5,49-72
Male,43,Yes,0,7,72,No Offer,Yes,42.16,No,Cable,18,No,Yes,Yes,No,Yes,Yes,Yes,Yes,Two Year,Yes,Bank Withdrawal,75.4,0.0,0,No,4171,8,49-72
Female,62,Yes,0,6,10,Offer D,Yes,37.08,No,Cable,7,No,No,Yes,No,Yes,Yes,Yes,Yes,Month-to-Month,Yes,Credit Card,67.8,0.0,0,No,2709,7,0-12
Female,24,Yes,3,7,15,Offer D,Yes,24.27,No,Cable,27,No,No,No,No,No,No,No,Yes,Month-to-Month,No,Bank Withdrawal,46.3,0.0,0,No,3103,3,13-24
Female,48,Yes,1,1,23,Offer D,Yes,39.59,No,No Internet Service,0,No,No,No,No,No,No,No,No,Two Year,No,Bank Withdrawal,20.4,0.0,0,No,4698,1,13-24
Male,46,No,3,0,1,No Offer,Yes,7.66,No,No Internet Service,0,No,No,No,No,No,No,No,No,Month-to-Month,No,Credit Card,20.05,0.0,0,No,4221,1,0-12
Male,23,Yes,2,1,47,Offer B,Yes,15.59,No,Fiber Optic,52,Yes,Yes,Yes,No,No,Yes,Yes,Yes,One Year,Yes,Bank Withdrawal,96.1,0.0,0,No,5793,8,25-48
Female,36,No,0,0,15,No Offer,Yes,23.56,No,No Internet Service,0,No,No,No,No,No,No,No,No,One Year,No,Credit Card,19.65,0.0,0,No,4818,1,13-24
Male,39,No,0,0,21,No Offer,No,0.0,No,DSL,9,No,Yes,No,Yes,No,No,No,Yes,Month-to-Month,Yes,Credit Card,36.0,0.0,0,No,3378,4,13-24
Female,62,Yes,0,1,56,Offer B,Yes,39.72,Yes,DSL,11,Yes,No,No,No,Yes,No,No,Yes,One Year,No,Bank Withdrawal,65.2,0.0,0,No,4775,6,49-72
Female,28,Yes,1,1,6,Offer E,Yes,24.83,Yes,Cable,82,No,No,No,No,No,No,No,Yes,Month-to-Month,Yes,Credit Card,48.95,0.0,0,No,3061,4,0-12
Male,30,Yes,0,1,42,Offer B,Yes,17.31,Yes,Cable,82,Yes,No,No,Yes,Yes,Yes,Yes,Yes,One Year,No,Credit Card,80.45,0.0,0,No,4397,9,25-48
Female,55,Yes,3,1,68,No Offer,Yes,18.42,Yes,Fiber Optic,53,Yes,No,Yes,Yes,Yes,Yes,Yes,Yes,Two Year,Yes,Bank Withdrawal,109.05,0.0,0,No,6391,10,49-72
Male,59,Yes,3,1,48,Offer B,Yes,20.73,Yes,No Internet Service,0,No,No,No,No,No,No,No,No,Two Year,No,Bank Withdrawal,26.3,0.0,0,No,2111,2,25-48
Female,31,Yes,3,0,63,Offer B,Yes,41.84,No,No Internet Service,0,No,No,No,No,No,No,No,No,Two Year,No,Bank Withdrawal,19.35,0.0,0,No,4566,1,49-72
Male,24,No,0,0,17,No Offer,Yes,34.02,No,No Internet Service,0,No,No,No,No,No,No,No,No,Month-to-Month,No,Credit Card,21.1,0.0,0,No,2842,1,13-24
Male,41,Yes,1,1,4,Offer E,Yes,39.04,No,No Internet Service,0,No,No,No,No,No,No,No,No,Month-to-Month,No,Credit Card,18.85,0.0,0,No,5279,1,0-12
Female,51,No,3,0,62,Offer B,Yes,2.83,Yes,No Internet Service,0,No,No,No,No,No,No,No,No,Two Year,No,Bank Withdrawal,26.0,0.0,0,No,4535,2,49-72
Female,45,Yes,0,1,2,Offer E,Yes,7.7,No,Fiber Optic,22,No,No,No,No,No,No,No,No,Month-to-Month,Yes,Bank Withdrawal,70.35,0.0,20,No,4917,2,0-12
Male,33,Yes,0,1,48,Offer B,Yes,6.1,Yes,Fiber Optic,18,Yes,Yes,Yes,No,Yes,No,No,Yes,Two Year,Yes,Bank Withdrawal,96.9,0.0,0,No,2613,8,25-48
Male,53,Yes,0,1,27,Offer C,Yes,44.19,No,No Internet Service,0,No,No,No,No,No,No,No,No,Two Year,No,Bank Withdrawal,19.55,0.0,0,No,4430,1,25-48
Female,28,Yes,0,4,70,No Offer,Yes,39.78,No,DSL,52,No,Yes,Yes,Yes,Yes,Yes,Yes,Yes,Two Year,Yes,Bank Withdrawal,80.4,0.0,0,No,6367,9,49-72
Male,44,Yes,0,1,46,Offer B,Yes,10.13,Yes,Fiber Optic,3,No,Yes,Yes,No,Yes,No,No,Yes,One Year,Yes,Bank Withdrawal,94.65,0.0,0,No,4120,7,25-48
Male,35,Yes,2,9,69,No Offer,Yes,42.45,Yes,Fiber Optic,27,No,Yes,Yes,No,Yes,No,No,Yes,One Year,No,Credit Card,95.75,0.0,0,No,5561,7,49-72
Male,34,No,0,0,65,Offer B,Yes,44.7,No,No Internet Service,0,No,No,No,No,No,No,No,No,Two Year,Yes,Credit Card,19.55,0.0,0,No,4309,1,49-72
Male,46,No,0,0,17,No Offer,Yes,31.6,No,No Internet Service,0,No,No,No,No,No,No,No,No,One Year,Yes,Credit Card,20.1,0.0,0,No,2185,1,13-24
Male,23,Yes,0,2,51,Offer B,Yes,39.32,Yes,Fiber Optic,76,Yes,No,Yes,Yes,Yes,Yes,Yes,Yes,One Year,Yes,Bank Withdrawal,111.55,0.0,0,No,4053,10,49-72
Male,40,Yes,0,5,51,Offer B,Yes,9.53,No,DSL,10,Yes,Yes,No,Yes,No,No,No,Yes,Two Year,No,Credit Card,60.5,0.0,0,No,4994,6,49-72
Female,52,Yes,0,6,72,No Offer,Yes,42.64,Yes,DSL,15,Yes,Yes,Yes,Yes,Yes,Yes,Yes,Yes,Two Year,Yes,Bank Withdrawal,90.95,0.0,0,No,6091,11,49-72
Male,31,No,0,0,34,Offer C,Yes,36.52,No,No Internet Service,0,No,No,No,No,No,No,No,No,Month-to-Month,No,Credit Card,19.7,0.0,0,No,4136,1,25-48
Male,39,Yes,0,10,67,No Offer,No,0.0,No,DSL,6,Yes,Yes,No,Yes,No,Yes,Yes,Yes,Two Year,Yes,Bank Withdrawal,50.95,0.0,0,No,6395,7,49-72
Female,56,Yes,0,3,49,No Offer,Yes,22.1,No,No Internet Service,0,No,No,No,No,No,No,No,No,One Year,Yes,Bank Withdrawal,20.05,0.0,0,No,5579,1,49-72
Male,38,Yes,3,8,53,No Offer,Yes,25.32,No,No Internet Service,0,No,No,No,No,No,No,No,No,Two Year,Yes,Credit Card,19.4,0.0,0,No,4497,1,49-72
Male,55,No,0,0,27,No Offer,Yes,33.94,Yes,Cable,25,No,No,Yes,Yes,No,No,No,Yes,Month-to-Month,No,Bank Withdrawal,59.45,0.0,0,No,4818,6,25-48
Male,46,No,0,0,69,No Offer,Yes,3.24,Yes,Cable,26,Yes,Yes,Yes,Yes,No,Yes,Yes,Yes,Two Year,Yes,Credit Card,81.5,0.0,0,No,5286,10,49-72
Female,51,Yes,2,4,2,Offer E,No,0.0,No,Cable,27,No,No,No,Yes,No,No,No,Yes,Month-to-Month,No,Bank Withdrawal,29.05,0.0,0,No,4998,3,0-12
Female,45,Yes,0,6,46,No Offer,Yes,44.75,No,DSL,27,Yes,Yes,No,Yes,No,Yes,Yes,Yes,One Year,No,Credit Card,70.6,0.0,0,No,5433,8,25-48
Female,39,No,0,0,54,No Offer,Yes,31.55,Yes,Fiber Optic,8,No,Yes,No,No,Yes,Yes,Yes,Yes,Two Year,Yes,Bank Withdrawal,97.2,0.0,0,No,4971,8,49-72
Male,53,No,0,0,20,No Offer,Yes,33.14,Yes,DSL,17,Yes,No,No,Yes,No,No,No,No,Month-to-Month,No,Bank Withdrawal,59.2,0.0,130,No,5924,5,13-24
Male,20,No,0,0,11,No Offer,Yes,13.55,No,Fiber Optic,27,No,Yes,No,No,No,No,No,Yes,Month-to-Month,Yes,Credit Card,75.9,0.0,0,No,4278,4,0-12
Male,56,Yes,0,4,68,No Offer,Yes,11.94,No,DSL,3,Yes,Yes,Yes,No,No,Yes,Yes,Yes,Two Year,No,Bank Withdrawal,70.95,0.0,0,No,5036,8,49-72
Female,39,No,0,0,1,Offer E,Yes,37.5,No,DSL,3,No,No,No,No,No,No,No,Yes,Month-to-Month,No,Bank Withdrawal,43.8,0.0,0,No,4633,3,0-12
Male,36,Yes,0,1,63,No Offer,No,0.0,No,Cable,5,Yes,Yes,Yes,No,Yes,Yes,Yes,Yes,Two Year,No,Bank Withdrawal,59.0,0.0,0,No,5639,8,49-72
Female,58,No,0,0,3,Offer E,Yes,29.51,No,Cable,17,No,No,Yes,No,Yes,Yes,Yes,No,One Year,Yes,Bank Withdrawal,69.95,0.0,30,No,2754,6,0-12
Female,25,No,0,0,48,No Offer,Yes,13.67,Yes,No Internet Service,0,No,No,No,No,No,No,No,No,One Year,No,Bank Withdrawal,24.35,0.0,0,No,4200,2,25-48
Male,45,No,0,0,66,No Offer,No,0.0,No,Cable,15,No,No,No,Yes,No,No,No,Yes,One Year,No,Credit Card,29.45,0.0,0,No,5112,3,49-72
Female,44,Yes,1,3,68,No Offer,Yes,24.94,Yes,Fiber Optic,30,No,Yes,Yes,No,No,No,No,Yes,Two Year,Yes,Credit Card,84.4,0.0,0,No,5045,6,49-72
Female,20,Yes,0,2,7,Offer E,Yes,41.64,No,No Internet Service,0,No,No,No,No,No,No,No,No,One Year,No,Mailed Check,20.65,0.0,0,No,3575,1,0-12
Male,48,Yes,0,5,72,No Offer,Yes,12.02,Yes,Cable,26,Yes,Yes,Yes,Yes,Yes,Yes,Yes,Yes,Two Year,Yes,Bank Withdrawal,87.1,0.0,0,No,5993,11,49-72
Female,46,Yes,0,0,29,No Offer,Yes,5.69,No,No Internet Service,0,No,No,No,No,No,No,No,No,Month-to-Month,No,Mailed Check,19.85,0.0,0,No,2712,1,25-48
Male,56,Yes,0,4,37,No Offer,Yes,6.99,No,Fiber Optic,22,No,No,Yes,Yes,No,Yes,Yes,No,Month-to-Month,Yes,Bank Withdrawal,90.35,0.0,150,No,3347,6,25-48
Female,57,Yes,0,6,59,No Offer,Yes,14.49,Yes,Cable,25,Yes,Yes,No,Yes,No,No,No,Yes,One Year,No,Mailed Check,65.5,0.0,0,No,5631,7,49-72
Female,29,No,0,0,27,No Offer,Yes,1.31,No,Cable,53,No,Yes,No,Yes,No,No,No,Yes,Month-to-Month,Yes,Mailed Check,56.15,0.0,0,No,3056,5,25-48
Male,36,Yes,0,1,17,No Offer,No,0.0,No,Cable,10,Yes,No,Yes,No,No,No,No,Yes,Month-to-Month,No,Mailed Check,34.4,0.0,0,No,4207,4,13-24
Male,31,Yes,0,9,58,No Offer,Yes,18.68,No,No Internet Service,0,No,No,No,No,No,No,No,No,Two Year,No,Credit Card,20.75,0.0,0,No,4927,1,49-72
Male,29,Yes,0,9,1,No Offer,Yes,43.57,No,No Internet Service,0,No,No,No,No,No,No,No,No,One Year,No,Mailed Check,18.8,0.0,0,No,5160,1,0-12
Female,50,No,0,0,53,No Offer,Yes,2.51,Yes,Fiber Optic,19,Yes,Yes,Yes,No,No,No,No,No,Month-to-Month,No,Bank Withdrawal,90.8,0.0,60,No,5249,6,49-72
Male,21,No,0,0,35,No Offer,Yes,39.84,Yes,No Internet Service,0,No,No,No,No,No,No,No,No,Month-to-Month,Yes,Bank Withdrawal,25.6,0.0,0,No,2980,2,25-48
Male,35,Yes,0,1,68,No Offer,Yes,11.12,Yes,Cable,10,No,Yes,No,Yes,No,Yes,Yes,Yes,Two Year,No,Credit Card,70.8,0.0,0,No,5540,8,49-72
Male,20,Yes,0,1,47,No Offer,Yes,10.07,Yes,No Internet Service,0,No,No,No,No,No,No,No,No,Month-to-Month,No,Bank Withdrawal,25.4,0.0,0,No,3159,2,25-48
Female,51,No,0,0,9,Offer E,Yes,42.41,Yes,Fiber Optic,8,No,No,No,No,No,No,No,Yes,Month-to-Month,Yes,Bank Withdrawal,76.85,0.0,0,No,4834,4,0-12
Female,41,No,0,0,8,Offer E,Yes,15.86,No,No Internet Service,0,No,No,No,No,No,No,No,No,Two Year,No,Mailed Check,20.25,0.0,0,No,2653,1,0-12
Male,40,No,0,0,14,No Offer,Yes,33.5,Yes,No Internet Service,0,No,No,No,No,No,No,No,No,One Year,Yes,Credit Card,24.8,0.0,0,No,4527,2,13-24
Female,26,No,0,0,45,No Offer,Yes,33.73,Yes,Fiber Optic,30,Yes,Yes,Yes,Yes,Yes,Yes,Yes,Yes,Month-to-Month,Yes,Bank Withdrawal,115.65,0.0,0,No,3974,11,25-48
Female,21,No,0,0,8,Offer E,Yes,1.28,Yes,Fiber Optic,42,No,No,No,No,No,No,No,Yes,Month-to-Month,Yes,Credit Card,74.6,0.0,0,No,2142,4,0-12
Male,40,Yes,2,7,66,No Offer,Yes,39.45,No,Fiber Optic,19,Yes,Yes,Yes,No,Yes,Yes,Yes,Yes,One Year,Yes,Bank Withdrawal,103.15,0.0,0,No,4663,9,49-72
Male,39,Yes,0,5,72,No Offer,Yes,42.55,Yes,DSL,18,Yes,Yes,Yes,Yes,No,No,No,Yes,Two Year,No,Credit Card,72.1,0.0,0,No,4658,8,49-72
Female,47,Yes,2,4,23,No Offer,Yes,35.86,Yes,No Internet Service,0,No,No,No,No,No,No,No,No,Two Year,No,Mailed Check,25.1,0.0,0,No,2267,2,13-24
Female,27,No,0,0,4,Offer E,Yes,6.5,Yes,Fiber Optic,73,Yes,No,No,No,No,No,No,Yes,Month-to-Month,Yes,Bank Withdrawal,80.15,0.0,0,No,2841,5,0-12
Male,58,Yes,3,8,6,Offer E,Yes,31.73,Yes,No Internet Service,0,No,No,No,No,No,No,No,No,Two Year,No,Mailed Check,25.4,0.0,0,No,2882,2,0-12
Male,64,Yes,0,7,56,No Offer,Yes,32.93,Yes,No Internet Service,0,No,No,No,No,No,No,No,No,One Year,Yes,Mailed Check,24.45,0.0,0,No,5623,2,49-72
Female,56,Yes,0,7,72,No Offer,Yes,39.98,Yes,No Internet Service,0,No,No,No,No,No,No,No,No,Two Year,No,Credit Card,25.0,0.0,0,No,6126,2,49-72
Male,64,Yes,0,9,72,No Offer,Yes,16.58,Yes,DSL,30,Yes,Yes,Yes,No,Yes,Yes,Yes,Yes,Two Year,Yes,Bank Withdrawal,85.25,0.0,0,No,6275,10,49-72
Male,60,Yes,3,10,23,No Offer,Yes,34.04,No,No Internet Service,0,No,No,No,No,No,No,No,No,Two Year,No,Credit Card,19.6,0.0,0,No,4617,1,13-24
Female,52,No,1,0,35,No Offer,Yes,38.82,Yes,DSL,19,No,No,No,No,No,No,No,No,Month-to-Month,No,Mailed Check,50.15,0.0,130,No,5879,3,25-48
Male,54,Yes,0,5,12,No Offer,Yes,45.15,Yes,No Internet Service,0,No,No,No,No,No,No,No,No,One Year,No,Mailed Check,26.4,0.0,0,No,3277,2,0-12
Female,33,No,0,0,40,No Offer,Yes,8.36,No,No Internet Service,0,No,No,No,No,No,No,No,No,Two Year,No,Mailed Check,20.15,0.0,0,No,3915,1,25-48
Male,21,Yes,2,9,7,Offer E,No,0.0,No,Cable,47,Yes,Yes,Yes,No,Yes,Yes,Yes,Yes,Month-to-Month,No,Credit Card,58.85,0.0,0,No,3332,8,0-12
Male,62,Yes,3,8,70,No Offer,Yes,32.38,Yes,Fiber Optic,53,Yes,Yes,No,No,Yes,No,No,Yes,Month-to-Month,Yes,Credit Card,97.55,0.0,0,No,4551,7,49-72
Male,31,Yes,1,7,60,No Offer,Yes,21.98,No,No Internet Service,0,No,No,No,No,No,No,No,No,Two Year,No,Credit Card,19.65,0.0,0,No,6315,1,49-72
Male,27,Yes,0,8,39,No Offer,No,0.0,No,DSL,48,No,No,No,No,No,No,No,Yes,One Year,Yes,Credit Card,25.25,0.0,0,No,4259,2,25-48
Male,53,Yes,0,5,72,No Offer,Yes,6.29,Yes,Fiber Optic,8,Yes,Yes,Yes,Yes,Yes,Yes,Yes,Yes,Two Year,No,Credit Card,114.45,0.0,0,No,6274,11,49-72
Male,49,Yes,0,3,54,No Offer,Yes,48.45,Yes,DSL,28,No,Yes,No,Yes,Yes,No,No,Yes,One Year,Yes,Bank Withdrawal,70.7,0.0,0,No,5276,7,49-72
Female,58,Yes,0,7,63,No Offer,Yes,6.33,No,Cable,30,Yes,Yes,Yes,Yes,Yes,No,No,Yes,Two Year,No,Credit Card,75.55,0.0,0,No,4626,8,49-72
Male,40,Yes,3,9,71,No Offer,Yes,33.67,Yes,Fiber Optic,75,No,Yes,No,Yes,No,No,No,Yes,Two Year,Yes,Bank Withdrawal,84.8,0.0,0,No,5952,6,49-72
Female,56,No,0,0,42,No Offer,Yes,23.25,No,No Internet Service,0,No,No,No,No,No,No,No,No,One Year,Yes,Credit Card,20.65,0.0,0,No,5956,1,25-48
Male,27,No,0,0,47,No Offer,Yes,6.61,No,No Internet Service,0,No,No,No,No,No,No,No,No,Two Year,No,Bank Withdrawal,20.45,0.0,0,No,4342,1,25-48
Male,20,No,0,0,11,No Offer,No,0.0,No,DSL,73,No,Yes,No,Yes,No,No,No,Yes,Month-to-Month,Yes,Bank Withdrawal,35.65,0.0,0,No,4986,4,0-12
Male,41,No,0,0,69,Offer A,Yes,49.35,Yes,Fiber Optic,30,No,Yes,Yes,Yes,Yes,No,No,Yes,Two Year,Yes,Credit Card,97.65,0.0,0,No,5709,8,49-72
Female,21,No,0,0,5,Offer E,Yes,29.74,Yes,Fiber Optic,42,No,No,Yes,Yes,No,No,No,Yes,Month-to-Month,Yes,Bank Withdrawal,82.75,0.0,0,No,5269,6,0-12
Female,19,Yes,0,1,71,Offer A,Yes,24.72,Yes,No Internet Service,0,No,No,No,No,No,No,No,No,Two Year,Yes,Credit Card,24.4,0.0,0,No,4412,2,49-72
Female,28,No,0,0,29,No Offer,Yes,39.35,Yes,DSL,69,No,Yes,No,No,No,No,No,Yes,One Year,Yes,Bank Withdrawal,55.25,0.0,0,No,5481,5,25-48
Male,39,Yes,0,3,52,No Offer,Yes,44.65,Yes,Cable,3,No,Yes,No,Yes,No,No,No,Yes,Month-to-Month,No,Bank Withdrawal,61.35,0.0,0,No,4729,6,49-72
Male,40,No,0,0,68,Offer A,Yes,20.29,Yes,DSL,29,Yes,Yes,Yes,No,No,Yes,Yes,Yes,One Year,No,Credit Card,76.75,0.0,0,No,5395,9,49-72
Female,61,Yes,1,9,46,No Offer,Yes,47.5,No,No Internet Service,0,No,No,No,No,No,No,No,No,Two Year,No,Credit Card,19.4,0.0,0,No,2320,1,25-48
Male,63,No,0,0,8,No Offer,Yes,30.53,No,DSL,26,No,No,No,No,No,Yes,Yes,Yes,Month-to-Month,Yes,Credit Card,54.75,0.0,0,No,5317,5,0-12
Male,23,Yes,0,10,72,Offer A,Yes,27.97,No,No Internet Service,0,No,No,No,No,No,No,No,No,Two Year,No,Credit Card,19.7,0.0,0,No,6436,1,49-72
Female,38,No,0,0,17,No Offer,Yes,25.62,No,No Internet Service,0,No,No,No,No,No,No,No,No,One Year,No,Bank Withdrawal,19.9,0.0,0,No,2093,1,13-24
Male,42,No,0,0,3,Offer E,Yes,12.66,No,Fiber Optic,28,No,Yes,Yes,Yes,Yes,Yes,Yes,Yes,Month-to-Month,Yes,Bank Withdrawal,107.95,0.0,0,No,5653,9,0-12
Female,52,No,0,0,51,No Offer,No,0.0,No,DSL,24,No,Yes,Yes,No,Yes,Yes,Yes,Yes,One Year,Yes,Credit Card,56.4,0.0,0,No,4380,7,49-72
Female,52,Yes,1,4,6,Offer E,Yes,25.05,No,No Internet Service,0,No,No,No,No,No,No,No,No,Two Year,No,Credit Card,20.1,0.0,0,No,5874,1,0-12
Female,51,Yes,0,5,3,No Offer,Yes,2.97,Yes,Fiber Optic,7,No,No,No,No,Yes,Yes,Yes,Yes,Month-to-Month,No,Bank Withdrawal,94.9,0.0,0,No,2330,7,0-12
Male,62,Yes,0,4,30,No Offer,Yes,5.56,Yes,DSL,8,No,No,No,No,No,No,No,No,Month-to-Month,No,Bank Withdrawal,49.9,0.0,100,No,3712,3,25-48
Male,39,No,0,0,31,No Offer,Yes,6.4,Yes,Cable,24,No,Yes,No,Yes,Yes,No,No,Yes,Month-to-Month,Yes,Bank Withdrawal,71.05,0.0,0,No,4443,7,25-48
Female,57,No,0,0,45,Offer B,Yes,37.39,No,DSL,30,Yes,No,Yes,Yes,Yes,Yes,Yes,Yes,Two Year,No,Bank Withdrawal,81.65,0.0,0,No,5937,9,25-48
Male,30,Yes,0,5,64,Offer B,Yes,13.8,Yes,Fiber Optic,48,Yes,Yes,Yes,No,No,No,No,Yes,One Year,No,Bank Withdrawal,89.45,0.0,0,No,5519,7,49-72
Male,46,No,0,0,1,No Offer,Yes,5.02,No,No Internet Service,0,No,No,No,No,No,No,No,No,Month-to-Month,No,Credit Card,19.05,0.0,0,No,5279,1,0-12
Male,51,Yes,1,0,72,Offer A,Yes,24.95,Yes,Fiber Optic,13,Yes,Yes,Yes,Yes,Yes,Yes,Yes,Yes,Two Year,No,Bank Withdrawal,114.45,0.0,0,No,4700,11,49-72
Female,61,Yes,0,4,7,No Offer,Yes,31.43,No,DSL,24,No,No,No,No,No,No,No,No,Month-to-Month,Yes,Credit Card,44.25,0.0,0,No,5014,2,0-12
Female,43,Yes,0,6,66,Offer A,Yes,11.72,Yes,Fiber Optic,20,No,Yes,Yes,Yes,No,No,No,Yes,One Year,Yes,Bank Withdrawal,90.55,0.0,0,No,4958,7,49-72
Male,61,Yes,1,2,40,Offer B,Yes,1.89,No,No Internet Service,0,No,No,No,No,No,No,No,No,Month-to-Month,Yes,Bank Withdrawal,20.4,0.0,0,No,5918,1,25-48
Male,24,No,0,0,16,No Offer,Yes,25.71,Yes,DSL,48,No,Yes,Yes,No,No,Yes,Yes,Yes,Month-to-Month,Yes,Bank Withdrawal,71.4,0.0,0,No,3360,8,13-24
Male,19,Yes,0,9,67,Offer A,Yes,3.28,Yes,No Internet Service,0,No,No,No,No,No,No,No,No,Two Year,No,Credit Card,24.85,0.0,0,No,4833,2,49-72
Female,45,Yes,0,2,41,Offer B,Yes,9.85,No,Fiber Optic,14,Yes,Yes,Yes,No,Yes,Yes,Yes,Yes,One Year,Yes,Bank Withdrawal,104.45,0.0,0,No,2719,9,25-48
Female,58,Yes,1,2,56,Offer B,Yes,48.56,No,No Internet Service,0,No,No,No,No,No,No,No,No,Two Year,Yes,Credit Card,19.8,0.0,0,No,4681,1,49-72
Female,25,No,0,0,72,Offer A,Yes,48.52,Yes,Fiber Optic,51,Yes,Yes,Yes,Yes,Yes,Yes,Yes,No,Two Year,Yes,Bank Withdrawal,116.45,0.0,90,No,5567,10,49-72
Female,58,Yes,0,1,54,Offer B,Yes,32.72,No,No Internet Service,0,No,No,No,No,No,No,No,No,Two Year,No,Credit Card,20.05,0.0,0,No,4212,1,49-72
Female,63,No,0,0,50,Offer B,Yes,29.8,No,Fiber Optic,26,No,No,Yes,Yes,No,Yes,Yes,Yes,Two Year,Yes,Bank Withdrawal,89.7,0.0,0,No,5306,7,49-72
Male,33,Yes,0,10,27,No Offer,Yes,9.01,No,DSL,5,Yes,No,No,No,No,No,No,Yes,One Year,No,Credit Card,48.7,0.0,0,No,3560,4,25-48
Male,56,No,0,0,62,Offer B,Yes,38.33,No,Cable,30,Yes,Yes,No,No,Yes,Yes,Yes,Yes,One Year,Yes,Credit Card,74.3,0.0,0,No,5974,8,49-72
Female,59,No,0,0,12,Offer D,Yes,37.63,No,DSL,26,No,Yes,No,Yes,No,No,No,No,Month-to-Month,Yes,Bank Withdrawal,54.3,0.0,130,No,3854,4,0-12
Male,31,Yes,8,2,54,Offer B,Yes,46.7,No,Fiber Optic,75,No,Yes,No,Yes,No,No,No,Yes,Two Year,Yes,Bank Withdrawal,79.95,0.0,0,No,4387,5,49-72
Female,49,No,0,0,68,Offer A,Yes,2.83,No,No Internet Service,0,No,No,No,No,No,No,No,No,Two Year,No,Bank Withdrawal,20.05,0.0,0,No,5740,1,49-72
Male,20,No,0,0,20,Offer D,Yes,31.02,No,No Internet Service,0,No,No,No,No,No,No,No,No,Month-to-Month,No,Credit Card,19.4,0.0,0,No,4958,1,13-24
Male,46,Yes,0,4,50,Offer B,Yes,10.33,Yes,DSL,6,No,No,Yes,No,No,No,No,Yes,One Year,No,Bank Withdrawal,54.9,0.0,0,No,4322,5,49-72
Male,42,No,0,0,58,Offer B,Yes,2.38,Yes,No Internet Service,0,No,No,No,No,No,No,No,No,Two Year,Yes,Credit Card,24.45,0.0,0,No,6490,2,49-72
Male,41,Yes,3,4,35,No Offer,Yes,48.08,Yes,Fiber Optic,53,No,Yes,No,No,Yes,No,No,No,Month-to-Month,Yes,Bank Withdrawal,89.65,0.0,40,No,2622,5,25-48
Female,31,No,0,0,2,No Offer,Yes,10.81,No,Cable,13,No,No,No,No,No,No,No,Yes,Month-to-Month,Yes,Bank Withdrawal,45.4,0.0,0,No,4964,3,0-12
Male,35,Yes,0,3,63,Offer B,Yes,12.15,Yes,DSL,21,Yes,No,Yes,Yes,No,Yes,Yes,Yes,Two Year,No,Credit Card,75.7,0.0,0,No,5113,9,49-72
Female,35,Yes,0,8,58,Offer B,Yes,37.95,Yes,Fiber Optic,18,Yes,Yes,Yes,No,Yes,Yes,Yes,Yes,One Year,Yes,Credit Card,110.65,0.0,0,No,4761,10,49-72
Female,37,Yes,0,10,27,No Offer,Yes,20.96,No,No Internet Service,0,No,No,No,No,No,No,No,No,One Year,Yes,Credit Card,20.55,0.0,0,No,2269,1,25-48
Female,57,Yes,0,7,71,Offer A,Yes,9.44,Yes,Fiber Optic,9,Yes,Yes,Yes,Yes,Yes,Yes,Yes,Yes,Two Year,Yes,Credit Card,115.15,0.0,0,No,4144,11,49-72
Female,35,No,0,0,63,Offer B,Yes,27.38,No,DSL,9,No,No,Yes,No,No,Yes,Yes,Yes,One Year,No,Credit Card,58.55,0.0,0,No,6312,6,49-72
Male,40,Yes,0,8,71,Offer A,Yes,26.56,Yes,Fiber Optic,7,No,Yes,Yes,No,No,Yes,Yes,No,Month-to-Month,Yes,Bank Withdrawal,93.25,0.0,90,No,6035,7,49-72
Female,51,Yes,1,10,68,Offer A,Yes,46.61,No,No Internet Service,0,No,No,No,No,No,No,No,No,Two Year,Yes,Bank Withdrawal,19.35,0.0,0,No,6303,1,49-72
Male,32,Yes,2,10,1,No Offer,Yes,26.26,No,DSL,22,Yes,No,No,No,No,No,No,Yes,Month-to-Month,Yes,Credit Card,48.75,0.0,0,No,5068,4,0-12
Female,37,No,0,0,28,No Offer,Yes,3.25,Yes,Cable,11,No,No,No,Yes,No,No,No,Yes,Month-to-Month,Yes,Credit Card,54.9,0.0,0,No,2885,5,25-48
Male,54,Yes,2,3,72,Offer A,Yes,47.69,Yes,No Internet Service,0,No,No,No,No,No,No,No,No,Two Year,No,Credit Card,24.75,0.0,0,No,4185,2,49-72
Female,36,No,0,0,2,No Offer,Yes,46.78,No,Fiber Optic,12,Yes,Yes,No,No,Yes,No,No,No,Month-to-Month,Yes,Bank Withdrawal,91.15,0.0,10,No,2686,5,0-12
Male,39,Yes,0,4,68,Offer A,Yes,38.38,Yes,DSL,20,Yes,Yes,Yes,Yes,Yes,Yes,Yes,Yes,Two Year,Yes,Credit Card,92.2,0.0,0,No,4451,11,49-72
Female,54,Yes,0,10,57,Offer B,Yes,23.28,No,No Internet Service,0,No,No,No,No,No,No,No,No,Two Year,Yes,Bank Withdrawal,19.6,0.0,0,No,6064,1,49-72
Male,45,Yes,0,9,54,Offer B,No,0.0,No,Cable,9,No,Yes,No,No,No,No,No,Yes,Month-to-Month,No,Bank Withdrawal,30.4,0.0,0,No,4778,3,49-72
Female,60,Yes,0,8,44,Offer B,Yes,44.87,No,Cable,20,Yes,Yes,Yes,No,No,No,No,No,One Year,Yes,Credit Card,61.5,0.0,150,No,2059,5,25-48
Male,64,Yes,1,10,42,Offer B,Yes,16.67,Yes,Cable,17,Yes,Yes,No,No,Yes,No,No,Yes,Month-to-Month,Yes,Bank Withdrawal,69.4,0.0,0,No,4701,7,25-48
Male,27,Yes,1,1,72,Offer A,Yes,35.33,Yes,No Internet Service,0,No,No,No,No,No,No,No,No,Two Year,No,Bank Withdrawal,24.75,0.0,0,No,6232,2,49-72
Female,26,Yes,0,3,71,Offer A,Yes,9.5,Yes,Cable,76,Yes,Yes,Yes,Yes,Yes,Yes,Yes,Yes,Two Year,No,Credit Card,91.05,0.0,0,No,4644,11,49-72
Female,20,Yes,0,5,23,Offer D,Yes,14.53,Yes,Cable,48,No,No,No,Yes,Yes,Yes,Yes,Yes,Month-to-Month,Yes,Credit Card,73.65,0.0,0,No,2590,8,13-24
Female,35,No,0,0,30,No Offer,Yes,9.27,No,No Internet Service,0,No,No,No,No,No,No,No,No,Two Year,No,Credit Card,19.4,0.0,0,No,3986,1,25-48
Male,40,No,0,0,35,No Offer,Yes,49.13,Yes,No Internet Service,0,No,No,No,No,No,No,No,No,One Year,No,Bank Withdrawal,26.2,0.0,0,No,4419,2,25-48
Male,54,No,0,0,1,No Offer,Yes,15.9,No,Cable,27,No,No,No,No,No,No,No,No,Month-to-Month,Yes,Bank Withdrawal,43.85,0.0,10,No,5913,2,0-12
Male,22,No,0,0,22,Offer D,Yes,15.77,No,Fiber Optic,42,No,No,No,No,No,No,No,Yes,Month-to-Month,Yes,Credit Card,69.7,0.0,0,No,4838,3,13-24
Male,26,Yes,0,5,7,No Offer,No,0.0,No,Cable,58,Yes,Yes,Yes,No,No,No,No,Yes,Two Year,No,Credit Card,38.55,0.0,0,No,3345,5,0-12
Female,46,No,0,0,36,No Offer,No,0.0,No,Cable,9,Yes,Yes,Yes,Yes,No,Yes,Yes,Yes,Two Year,Yes,Credit Card,53.1,0.0,0,No,2751,8,25-48
Female,39,Yes,1,7,34,No Offer,Yes,9.66,No,No Internet Service,0,No,No,No,No,No,No,No,No,Month-to-Month,No,Credit Card,20.65,0.0,0,No,5099,1,25-48
Male,25,Yes,0,1,72,Offer A,Yes,32.67,Yes,Cable,48,Yes,Yes,Yes,No,No,No,No,Yes,Two Year,No,Credit Card,64.45,0.0,0,No,6330,7,49-72
Male,48,Yes,1,9,36,No Offer,Yes,34.79,Yes,No Internet Service,0,No,No,No,No,No,No,No,No,Two Year,No,Credit Card,25.1,0.0,0,No,3040,2,25-48
Female,35,Yes,1,3,71,Offer A,Yes,34.53,Yes,Fiber Optic,19,Yes,Yes,Yes,Yes,No,No,No,No,One Year,Yes,Credit Card,95.15,0.0,0,No,5647,7,49-72
Male,33,Yes,0,1,17,Offer D,Yes,28.83,No,Fiber Optic,5,No,No,Yes,No,Yes,Yes,Yes,Yes,One Year,Yes,Bank Withdrawal,96.65,0.0,0,No,5228,7,13-24
Male,26,No,0,0,1,No Offer,Yes,5.63,No,Cable,52,No,No,Yes,Yes,Yes,Yes,Yes,Yes,Month-to-Month,Yes,Bank Withdrawal,75.5,0.0,0,No,2954,8,0-12
Male,44,Yes,3,7,12,Offer D,Yes,4.71,No,No Internet Service,0,No,No,No,No,No,No,No,No,Two Year,No,Credit Card,19.7,0.0,0,No,5104,1,0-12
Female,51,Yes,0,6,72,Offer A,Yes,43.91,No,No Internet Service,0,No,No,No,No,No,No,No,No,Two Year,No,Credit Card,20.5,0.0,0,No,6302,1,49-72
Male,33,No,0,0,1,No Offer,Yes,35.88,No,No Internet Service,0,No,No,No,No,No,No,No,No,Month-to-Month,No,Credit Card,19.2,0.0,0,No,4629,1,0-12
Male,50,Yes,4,9,60,Offer B,Yes,38.44,Yes,Fiber Optic,57,No,No,No,No,No,No,No,Yes,Month-to-Month,No,Bank Withdrawal,74.35,0.0,0,No,5100,4,49-72
Female,38,Yes,0,10,61,Offer B,No,0.0,No,DSL,17,No,Yes,Yes,Yes,Yes,No,No,Yes,Two Year,No,Credit Card,51.35,0.0,0,No,4159,6,49-72
Female,27,Yes,0,9,6,Offer E,Yes,5.69,No,DSL,27,No,No,No,No,No,No,No,Yes,Month-to-Month,No,Credit Card,45.65,0.0,0,No,4227,3,0-12
Male,29,Yes,1,9,72,Offer A,Yes,27.16,No,No Internet Service,0,No,No,No,No,No,No,No,No,Two Year,No,Bank Withdrawal,20.3,0.0,0,No,5265,1,49-72
Female,42,No,0,0,32,No Offer,Yes,32.02,Yes,DSL,3,No,Yes,No,No,No,No,No,Yes,Month-to-Month,Yes,Bank Withdrawal,54.2,0.0,0,No,4454,5,25-48
Male,52,Yes,0,1,65,Offer B,Yes,19.84,Yes,Fiber Optic,2,No,Yes,No,No,No,Yes,Yes,No,Month-to-Month,Yes,Bank Withdrawal,90.65,0.0,110,No,6358,6,49-72
Female,54,Yes,2,10,45,Offer B,No,0.0,No,DSL,18,Yes,No,No,No,Yes,Yes,Yes,Yes,Month-to-Month,Yes,Bank Withdrawal,50.9,0.0,0,No,3937,6,25-48
Male,20,No,0,0,42,No Offer,Yes,27.64,Yes,No Internet Service,0,No,No,No,No,No,No,No,No,One Year,No,Bank Withdrawal,25.05,0.0,0,No,3756,2,25-48
Male,64,No,0,0,8,Offer E,Yes,11.58,Yes,Fiber Optic,7,No,No,No,No,No,No,No,Yes,Month-to-Month,Yes,Bank Withdrawal,74.85,0.0,0,No,5514,4,0-12
Male,38,No,2,0,32,No Offer,Yes,16.94,No,No Internet Service,0,No,No,No,No,No,No,No,No,Two Year,No,Credit Card,20.5,0.0,0,No,3114,1,25-48
Male,33,No,0,0,1,Offer E,Yes,46.23,No,DSL,25,Yes,No,No,No,No,No,No,Yes,Month-to-Month,No,Bank Withdrawal,47.95,0.0,0,No,5092,4,0-12
Female,25,Yes,0,7,1,Offer E,Yes,40.63,No,DSL,52,No,No,No,No,No,No,No,No,Month-to-Month,Yes,Bank Withdrawal,45.0,0.0,10,No,5669,2,0-12
Female,24,No,0,0,4,Offer E,Yes,9.75,Yes,No Internet Service,0,No,No,No,No,No,No,No,No,Two Year,Yes,Credit Card,25.3,0.0,0,No,3808,2,0-12
Female,23,Yes,0,7,56,No Offer,Yes,21.21,Yes,No Internet Service,0,No,No,No,No,No,No,No,No,One Year,No,Bank Withdrawal,24.3,0.0,0,No,5052,2,49-72
Male,61,No,0,0,45,No Offer,Yes,10.36,No,DSL,6,Yes,No,Yes,No,Yes,Yes,Yes,Yes,Month-to-Month,Yes,Bank Withdrawal,75.95,0.0,0,No,2185,8,25-48
Female,22,Yes,2,5,71,No Offer,Yes,22.36,No,No Internet Service,0,No,No,No,No,No,No,No,No,Two Year,No,Credit Card,19.7,0.0,0,No,5921,1,49-72
Male,49,Yes,0,3,59,No Offer,Yes,16.06,No,DSL,4,Yes,Yes,Yes,No,Yes,No,No,Yes,One Year,No,Credit Card,66.4,0.0,0,No,6432,7,49-72
Male,37,No,0,0,69,No Offer,No,0.0,No,DSL,19,No,Yes,Yes,No,No,No,No,No,One Year,Yes,Bank Withdrawal,35.75,0.0,150,No,4043,3,49-72
Male,62,No,0,0,19,Offer D,Yes,17.17,No,No Internet Service,0,No,No,No,No,No,No,No,No,One Year,No,Credit Card,18.8,0.0,0,No,2916,1,13-24
Female,24,Yes,2,8,55,No Offer,Yes,27.75,No,No Internet Service,0,No,No,No,No,No,No,No,No,Two Year,No,Credit Card,19.4,0.0,0,No,5366,1,49-72
Female,48,No,0,0,38,No Offer,Yes,32.63,No,No Internet Service,0,No,No,No,No,No,No,No,No,One Year,No,Mailed Check,19.3,0.0,0,No,4705,1,25-48
Male,35,Yes,2,4,46,No Offer,Yes,14.91,No,No Internet Service,0,No,No,No,No,No,No,No,No,Two Year,Yes,Mailed Check,20.1,0.0,0,No,3392,1,25-48
Female,22,Yes,0,5,65,No Offer,Yes,34.31,No,DSL,71,Yes,No,Yes,Yes,No,No,No,Yes,Two Year,No,Credit Card,58.9,0.0,0,No,5657,6,49-72
Male,21,Yes,3,6,71,No Offer,Yes,11.3,No,No Internet Service,0,No,No,No,No,No,No,No,No,Two Year,No,Mailed Check,19.45,0.0,0,No,5497,1,49-72
Male,37,Yes,0,4,6,No Offer,Yes,47.29,Yes,No Internet Service,0,No,No,No,No,No,No,No,No,One Year,No,Mailed Check,25.1,0.0,0,No,5161,2,0-12
Female,42,Yes,2,4,64,No Offer,Yes,13.95,Yes,Fiber Optic,11,Yes,No,No,Yes,Yes,Yes,Yes,Yes,One Year,Yes,Bank Withdrawal,104.4,0.0,0,No,5133,9,49-72
Male,49,No,0,0,1,Offer E,Yes,30.73,No,Cable,10,No,No,No,No,No,No,No,Yes,Month-to-Month,Yes,Bank Withdrawal,44.05,0.0,0,No,5925,3,0-12
Male,48,Yes,1,0,72,No Offer,Yes,19.64,Yes,No Internet Service,0,No,No,No,No,No,No,No,No,Two Year,No,Credit Card,24.1,0.0,0,No,4264,2,49-72
Male,50,No,0,0,1,Offer E,Yes,16.34,No,DSL,4,No,No,No,No,No,No,No,Yes,Month-to-Month,Yes,Mailed Check,45.55,0.0,0,No,3173,3,0-12
Female,41,Yes,3,9,51,No Offer,Yes,27.23,Yes,Fiber Optic,75,Yes,Yes,No,No,No,Yes,Yes,Yes,Month-to-Month,Yes,Bank Withdrawal,93.8,0.0,0,No,5457,8,49-72
Female,45,Yes,1,1,41,No Offer,Yes,23.95,No,No Internet Service,0,No,No,No,No,No,No,No,No,Two Year,No,Bank Withdrawal,19.7,0.0,0,No,2902,1,25-48
Female,59,Yes,0,6,72,No Offer,Yes,43.12,No,Cable,22,Yes,Yes,Yes,No,Yes,No,No,Yes,Two Year,Yes,Credit Card,70.65,0.0,0,No,5176,7,49-72
Female,64,Yes,0,6,43,No Offer,Yes,21.08,Yes,Cable,14,Yes,Yes,No,Yes,Yes,Yes,Yes,Yes,Two Year,No,Credit Card,86.45,0.0,0,No,3110,10,25-48
Male,64,Yes,0,6,72,No Offer,Yes,23.27,Yes,Fiber Optic,3,Yes,Yes,Yes,Yes,Yes,Yes,Yes,Yes,Two Year,Yes,Credit Card,114.1,0.0,0,No,4965,11,49-72
Male,21,Yes,0,1,47,No Offer,Yes,20.93,Yes,Fiber Optic,85,No,No,No,No,Yes,Yes,Yes,No,One Year,Yes,Credit Card,95.2,0.0,80,No,4977,6,25-48
Male,61,No,0,0,72,No Offer,Yes,46.1,Yes,DSL,27,Yes,Yes,Yes,Yes,Yes,Yes,Yes,Yes,Two Year,No,Credit Card,88.55,0.0,0,No,6468,11,49-72
Male,23,No,0,0,3,Offer E,Yes,16.39,No,No Internet Service,0,No,No,No,No,No,No,No,No,Month-to-Month,Yes,Credit Card,20.75,0.0,0,No,2406,1,0-12
Male,39,No,0,0,26,No Offer,No,0.0,No,DSL,6,Yes,Yes,No,No,No,Yes,Yes,Yes,Month-to-Month,Yes,Bank Withdrawal,44.65,0.0,0,No,4512,6,25-48
Male,28,Yes,3,9,29,No Offer,Yes,1.41,No,DSL,73,Yes,No,No,No,No,Yes,Yes,Yes,Month-to-Month,Yes,Credit Card,60.2,0.0,0,No,5517,6,25-48
Male,50,No,0,0,27,No Offer,Yes,20.29,No,DSL,21,Yes,Yes,No,No,No,No,No,Yes,One Year,No,Bank Withdrawal,55.45,0.0,0,No,3616,5,25-48
Male,30,Yes,2,6,24,No Offer,Yes,44.57,No,Cable,26,Yes,Yes,No,Yes,No,Yes,Yes,Yes,Month-to-Month,Yes,Credit Card,70.3,0.0,0,No,3359,8,13-24
Male,60,Yes,0,1,67,No Offer,Yes,21.17,No,Cable,13,Yes,No,Yes,Yes,No,No,No,No,Two Year,Yes,Bank Withdrawal,60.4,0.0,40,No,5356,5,49-72
Female,55,No,0,0,23,Offer D,Yes,9.04,No,DSL,8,No,Yes,Yes,No,No,No,No,Yes,One Year,No,Bank Withdrawal,55.8,0.0,0,No,2499,5,13-24
Male,63,No,0,0,14,Offer D,No,0.0,No,Cable,12,No,Yes,No,No,No,No,No,Yes,Month-to-Month,Yes,Mailed Check,31.1,0.0,0,No,3448,3,13-24
Male,46,No,2,0,16,Offer D,Yes,13.99,Yes,DSL,18,Yes,Yes,No,No,No,Yes,Yes,Yes,Month-to-Month,Yes,Bank Withdrawal,69.1,0.0,0,No,5172,8,13-24
Female,47,Yes,0,1,46,No Offer,No,0.0,No,DSL,8,No,No,No,No,Yes,Yes,Yes,Yes,Month-to-Month,Yes,Bank Withdrawal,43.95,0.0,0,No,4818,5,25-48
Male,62,No,0,0,68,No Offer,Yes,11.5,Yes,DSL,29,Yes,Yes,No,Yes,Yes,Yes,Yes,Yes,Two Year,Yes,Bank Withdrawal,86.5,0.0,0,No,4280,10,49-72
Male,51,No,0,0,38,No Offer,Yes,28.0,Yes,DSL,22,Yes,Yes,Yes,Yes,No,No,No,No,Month-to-Month,No,Bank Withdrawal,69.95,0.0,90,No,5858,7,25-48
Male,49,No,0,0,17,Offer D,Yes,34.98,No,Fiber Optic,21,No,Yes,Yes,No,No,Yes,Yes,Yes,Month-to-Month,Yes,Credit Card,90.95,0.0,0,No,5687,7,13-24
Male,25,Yes,1,1,4,Offer E,Yes,24.57,No,No Internet Service,0,No,No,No,No,No,No,No,No,Two Year,No,Mailed Check,19.9,0.0,0,No,2347,1,0-12
Female,35,No,0,0,12,Offer D,Yes,26.67,No,No Internet Service,0,No,No,No,No,No,No,No,No,One Year,No,Bank Withdrawal,20.15,0.0,0,No,4628,1,0-12
Male,57,Yes,0,1,72,No Offer,Yes,34.97,Yes,Cable,11,Yes,Yes,Yes,Yes,Yes,Yes,Yes,Yes,Two Year,Yes,Credit Card,90.6,0.0,0,No,4528,11,49-72
Male,58,No,0,0,3,Offer E,Yes,15.6,No,Fiber Optic,9,No,No,No,No,Yes,Yes,Yes,Yes,Month-to-Month,Yes,Bank Withdrawal,92.0,0.0,0,No,4345,6,0-12
Female,38,No,0,0,41,No Offer,Yes,32.66,Yes,No Internet Service,0,No,No,No,No,No,No,No,No,One Year,Yes,Mailed Check,24.85,0.0,0,No,3089,2,25-48
Male,55,No,0,0,40,No Offer,No,0.0,No,Cable,12,No,Yes,No,Yes,No,No,No,No,One Year,No,Credit Card,36.0,0.0,130,No,5323,3,25-48
Female,44,No,0,0,7,Offer E,Yes,3.34,No,Cable,13,Yes,Yes,No,Yes,Yes,Yes,Yes,Yes,Month-to-Month,Yes,Bank Withdrawal,78.5,0.0,0,No,3601,9,0-12
Male,24,No,0,0,69,No Offer,Yes,7.18,No,No Internet Service,0,No,No,No,No,No,No,No,No,Two Year,No,Credit Card,19.95,0.0,0,No,4328,1,49-72
Male,64,Yes,0,1,7,No Offer,Yes,21.09,No,No Internet Service,0,No,No,No,No,No,No,No,No,One Year,No,Mailed Check,20.65,0.0,0,No,2874,1,0-12
Female,22,Yes,1,1,5,No Offer,No,0.0,No,DSL,59,No,Yes,No,No,No,No,No,Yes,Month-to-Month,Yes,Bank Withdrawal,30.5,0.0,0,No,5973,3,0-12
Female,57,Yes,1,1,72,No Offer,Yes,6.41,Yes,Fiber Optic,14,Yes,Yes,Yes,Yes,Yes,No,No,Yes,Two Year,No,Credit Card,106.1,0.0,0,No,5146,9,49-72
Male,64,Yes,0,1,44,No Offer,Yes,27.4,No,No Internet Service,0,No,No,No,No,No,No,No,No,One Year,Yes,Bank Withdrawal,20.5,0.0,0,No,3093,1,25-48
Female,59,No,0,0,65,No Offer,Yes,27.68,Yes,Fiber Optic,6,No,Yes,Yes,No,Yes,No,No,No,One Year,Yes,Bank Withdrawal,95.5,0.0,80,No,6153,6,49-72
Female,20,No,0,0,3,No Offer,Yes,40.99,Yes,Cable,48,No,No,No,Yes,Yes,No,No,Yes,Month-to-Month,No,Bank Withdrawal,64.6,0.0,0,No,5277,6,0-12
Male,45,No,0,0,24,No Offer,Yes,2.33,No,DSL,2,No,No,No,Yes,No,No,No,Yes,Month-to-Month,Yes,Credit Card,51.1,0.0,0,No,2515,4,13-24
Male,28,No,0,0,24,No Offer,Yes,30.07,No,DSL,69,Yes,No,No,Yes,No,No,No,Yes,Month-to-Month,No,Bank Withdrawal,54.95,0.0,0,No,3407,5,13-24
Male,43,Yes,0,1,22,Offer D,Yes,20.78,No,No Internet Service,0,No,No,No,No,No,No,No,No,Month-to-Month,Yes,Bank Withdrawal,20.45,0.0,0,No,3727,1,13-24
Male,33,Yes,0,10,70,No Offer,Yes,30.06,Yes,Cable,24,No,Yes,Yes,Yes,Yes,Yes,Yes,Yes,Two Year,Yes,Credit Card,85.95,0.0,0,No,6354,10,49-72
Male,55,Yes,3,1,25,No Offer,Yes,25.87,Yes,Cable,76,No,No,No,No,Yes,No,No,No,Month-to-Month,No,Bank Withdrawal,60.35,0.0,10,No,3192,4,25-48
Male,24,Yes,3,0,37,No Offer,Yes,8.21,No,No Internet Service,0,No,No,No,No,No,No,No,No,Two Year,No,Bank Withdrawal,19.8,0.0,0,No,2745,1,25-48
Female,39,Yes,0,9,59,No Offer,Yes,24.81,Yes,Cable,24,No,No,Yes,Yes,Yes,No,No,Yes,Two Year,Yes,Bank Withdrawal,72.1,0.0,0,No,6225,7,49-72
Male,19,Yes,3,1,1,No Offer,Yes,36.32,No,Fiber Optic,85,No,No,No,No,No,Yes,Yes,Yes,Month-to-Month,Yes,Bank Withdrawal,81.05,0.0,0,No,4396,5,0-12
Male,28,No,0,0,3,No Offer,Yes,37.01,No,No Internet Service,0,No,No,No,No,No,No,No,No,Month-to-Month,Yes,Bank Withdrawal,20.5,0.0,0,No,5296,1,0-12
Female,29,Yes,0,3,53,No Offer,Yes,41.82,Yes,Fiber Optic,69,No,Yes,Yes,Yes,Yes,Yes,Yes,Yes,One Year,Yes,Bank Withdrawal,111.8,0.0,0,No,5713,10,49-72
Male,27,No,0,0,1,No Offer,Yes,42.15,No,No Internet Service,0,No,No,No,No,No,No,No,No,Month-to-Month,No,Mailed Check,20.2,0.0,0,No,3586,1,0-12
Male,59,No,0,0,20,Offer D,Yes,30.13,No,No Internet Service,0,No,No,No,No,No,No,No,No,One Year,Yes,Mailed Check,19.7,0.0,0,No,2860,1,13-24
Female,61,No,0,0,51,Offer B,Yes,29.87,No,No Internet Service,0,No,No,No,No,No,No,No,No,One Year,Yes,Bank Withdrawal,19.85,0.0,0,No,5089,1,49-72
Female,56,Yes,0,4,51,Offer B,Yes,47.18,No,Cable,12,Yes,Yes,No,Yes,No,No,No,Yes,One Year,Yes,Bank Withdrawal,60.5,0.0,0,No,4207,6,49-72
Female,21,Yes,3,1,13,No Offer,Yes,42.23,No,No Internet Service,0,No,No,No,No,No,No,No,No,Two Year,No,Mailed Check,19.55,0.0,0,No,2816,1,13-24
Female,28,No,0,0,1,No Offer,Yes,10.21,No,No Internet Service,0,No,No,No,No,No,No,No,No,Month-to-Month,No,Mailed Check,20.9,0.0,0,No,3901,1,0-12
Male,53,No,1,0,1,No Offer,Yes,10.14,No,No Internet Service,0,No,No,No,No,No,No,No,No,Month-to-Month,Yes,Mailed Check,21.05,0.0,0,No,3389,1,0-12
Male,46,No,0,0,63,Offer B,Yes,18.05,Yes,DSL,11,Yes,Yes,Yes,Yes,No,No,No,No,One Year,No,Bank Withdrawal,71.5,0.0,70,No,5342,7,49-72
Male,64,No,0,0,3,No Offer,Yes,33.53,No,DSL,30,No,No,No,No,No,Yes,Yes,Yes,Month-to-Month,No,Mailed Check,54.65,0.0,0,No,2168,5,0-12
Male,49,No,0,0,46,Offer B,Yes,30.99,No,No Internet Service,0,No,No,No,No,No,No,No,No,Two Year,No,Credit Card,19.2,0.0,0,No,2776,1,25-48
Male,31,No,0,0,1,No Offer,Yes,3.97,Yes,DSL,11,No,No,No,No,No,No,No,Yes,Month-to-Month,Yes,Credit Card,49.8,0.0,0,No,4796,4,0-12
Female,60,Yes,1,8,71,No Offer,Yes,11.13,No,No Internet Service,0,No,No,No,No,No,No,No,No,Two Year,No,Bank Withdrawal,20.5,0.0,0,No,4941,1,49-72
Male,38,Yes,3,10,55,Offer B,Yes,22.56,Yes,Fiber Optic,56,No,No,Yes,No,Yes,No,No,Yes,Month-to-Month,Yes,Credit Card,90.4,0.0,0,No,4603,6,49-72
Female,38,No,0,0,70,No Offer,Yes,13.4,Yes,Fiber Optic,3,No,Yes,Yes,Yes,No,No,No,No,One Year,Yes,Bank Withdrawal,90.25,0.0,100,No,5327,6,49-72
Male,32,Yes,3,10,67,No Offer,Yes,11.31,Yes,Fiber Optic,57,Yes,No,No,Yes,Yes,Yes,Yes,Yes,Two Year,No,Bank Withdrawal,104.6,0.0,0,No,4743,9,49-72
Male,27,Yes,0,6,14,No Offer,Yes,4.05,No,DSL,59,No,No,Yes,No,No,No,No,Yes,Month-to-Month,No,Credit Card,50.2,0.0,0,No,4253,4,13-24
Female,28,Yes,2,5,20,No Offer,Yes,38.71,Yes,Fiber Optic,48,No,No,Yes,Yes,No,Yes,Yes,Yes,Month-to-Month,Yes,Bank Withdrawal,95.5,0.0,0,No,3186,8,13-24
Female,56,Yes,6,6,49,Offer B,Yes,8.18,Yes,Fiber Optic,53,No,No,No,No,Yes,Yes,Yes,Yes,Month-to-Month,Yes,Bank Withdrawal,95.4,0.0,0,No,6136,7,49-72
Female,32,No,0,0,72,Offer A,Yes,2.25,Yes,Fiber Optic,16,Yes,Yes,Yes,No,Yes,No,No,Yes,Two Year,Yes,Bank Withdrawal,101.3,0.0,0,No,5513,8,49-72
Female,25,Yes,0,1,46,Offer B,Yes,44.74,Yes,DSL,82,Yes,No,No,No,No,No,Yes,Yes,Month-to-Month,No,Bank Withdrawal,53.1,0.0,0,No,3358,6,25-48
Male,57,No,0,0,24,Offer C,Yes,13.13,Yes,Fiber Optic,14,No,Yes,Yes,No,No,No,No,No,Month-to-Month,Yes,Bank Withdrawal,84.85,0.0,80,No,2941,5,13-24
Female,52,Yes,2,9,5,No Offer,No,0.0,No,DSL,19,No,Yes,No,Yes,No,No,No,Yes,Month-to-Month,No,Bank Withdrawal,34.25,0.0,0,No,5100,4,0-12
Female,21,Yes,1,6,33,Offer C,Yes,11.01,Yes,Fiber Optic,73,No,Yes,Yes,Yes,No,No,Yes,Yes,Month-to-Month,No,Credit Card,88.6,0.0,0,No,3648,8,25-48
Female,23,No,0,0,42,Offer B,Yes,29.44,Yes,Cable,41,Yes,Yes,No,No,No,No,Yes,Yes,One Year,Yes,Bank Withdrawal,60.15,0.0,0,No,5988,7,25-48
Male,21,No,0,0,23,No Offer,Yes,41.94,No,Fiber Optic,30,Yes,No,Yes,No,Yes,Yes,Yes,Yes,One Year,Yes,Credit Card,99.95,0.0,0,No,3515,8,13-24
Male,26,No,0,0,8,Offer E,Yes,41.93,No,Fiber Optic,59,No,No,No,No,No,No,Yes,Yes,Month-to-Month,No,Bank Withdrawal,70.7,0.0,0,No,4946,4,0-12
Male,32,No,0,0,66,Offer A,Yes,11.56,No,DSL,30,Yes,Yes,No,No,No,No,No,Yes,One Year,Yes,Mailed Check,54.8,0.0,0,No,4621,5,49-72
Female,22,No,0,0,53,Offer B,Yes,8.33,No,Fiber Optic,73,No,Yes,Yes,No,Yes,Yes,Yes,Yes,One Year,Yes,Mailed Check,100.3,0.0,0,No,5377,8,49-72
Female,61,No,0,0,60,No Offer,No,0.0,No,Cable,4,Yes,No,Yes,No,Yes,Yes,Yes,Yes,Two Year,No,Bank Withdrawal,53.6,0.0,0,No,4173,7,49-72
Female,32,No,0,0,20,No Offer,Yes,10.9,No,No Internet Service,0,No,No,No,No,No,No,No,No,One Year,Yes,Credit Card,19.35,0.0,0,No,5811,1,13-24
Female,25,Yes,1,10,23,No Offer,Yes,9.84,Yes,Fiber Optic,71,No,No,No,No,No,Yes,Yes,Yes,Month-to-Month,No,Bank Withdrawal,85.6,0.0,0,No,3513,6,13-24
Male,23,Yes,0,8,72,Offer A,Yes,35.07,No,Cable,53,Yes,No,Yes,Yes,Yes,Yes,Yes,Yes,Two Year,Yes,Bank Withdrawal,80.8,0.0,0,No,4689,9,49-72
Male,43,No,0,0,21,No Offer,Yes,16.81,No,No Internet Service,0,No,No,No,No,No,No,No,No,Two Year,No,Mailed Check,19.6,0.0,0,No,4562,1,13-24
Female,21,No,0,0,57,No Offer,Yes,36.14,No,Cable,48,No,Yes,Yes,Yes,Yes,No,Yes,Yes,Two Year,No,Mailed Check,69.75,0.0,0,No,4487,8,49-72
Female,42,Yes,2,9,45,No Offer,Yes,21.73,No,No Internet Service,0,No,No,No,No,No,No,No,No,Two Year,Yes,Bank Withdrawal,20.0,0.0,0,No,5169,1,25-48
Male,35,No,0,0,10,No Offer,Yes,26.43,Yes,Fiber Optic,13,No,Yes,Yes,No,No,Yes,Yes,Yes,Month-to-Month,Yes,Bank Withdrawal,95.25,0.0,0,No,4810,8,0-12
Male,49,No,5,0,14,No Offer,Yes,40.66,No,No Internet Service,0,No,No,No,No,No,No,No,No,Month-to-Month,No,Credit Card,19.95,0.0,0,No,5770,1,13-24
Male,42,Yes,0,3,27,Offer C,Yes,11.83,Yes,DSL,14,Yes,No,No,Yes,Yes,Yes,Yes,Yes,One Year,No,Credit Card,80.85,0.0,0,No,4732,9,25-48
Female,59,Yes,1,0,69,Offer A,Yes,28.53,Yes,Fiber Optic,24,No,Yes,No,Yes,No,Yes,Yes,Yes,Two Year,Yes,Bank Withdrawal,93.3,0.0,0,No,5205,8,49-72
Female,59,Yes,0,7,35,Offer C,No,0.0,No,DSL,24,Yes,No,No,Yes,Yes,No,No,No,Two Year,Yes,Credit Card,46.35,0.0,140,No,4577,4,25-48
Male,33,Yes,0,3,45,No Offer,Yes,39.82,Yes,DSL,13,No,Yes,Yes,No,Yes,Yes,Yes,Yes,One Year,No,Credit Card,78.75,0.0,0,No,2595,9,25-48
Female,60,No,0,0,17,No Offer,Yes,22.61,No,Fiber Optic,19,No,Yes,No,No,Yes,No,No,Yes,Month-to-Month,Yes,Bank Withdrawal,83.55,0.0,0,No,5564,5,13-24
Male,62,No,0,0,22,No Offer,Yes,20.46,No,No Internet Service,0,No,No,No,No,No,No,No,No,One Year,No,Credit Card,19.6,0.0,0,No,2203,1,13-24
Male,21,Yes,0,5,67,Offer A,Yes,2.12,No,Cable,58,Yes,No,Yes,Yes,No,Yes,Yes,Yes,Two Year,No,Credit Card,67.85,0.0,0,No,4792,8,49-72
Female,45,Yes,3,8,67,Offer A,Yes,17.79,Yes,Fiber Optic,22,No,No,Yes,Yes,Yes,Yes,Yes,Yes,Two Year,Yes,Bank Withdrawal,105.65,0.0,0,No,6383,9,49-72
Female,30,No,0,0,5,Offer E,Yes,3.37,No,No Internet Service,0,No,No,No,No,No,No,No,No,Month-to-Month,No,Credit Card,20.15,0.0,0,No,5020,1,0-12
Male,47,No,0,0,54,No Offer,No,0.0,No,Cable,10,Yes,No,No,Yes,Yes,No,No,Yes,Two Year,No,Credit Card,45.2,0.0,0,No,5435,5,49-72
Male,56,Yes,0,8,70,Offer A,Yes,27.97,Yes,Cable,2,Yes,Yes,Yes,Yes,Yes,No,No,Yes,Two Year,Yes,Bank Withdrawal,79.25,0.0,0,No,5085,9,49-72
Male,51,Yes,2,5,53,No Offer,Yes,26.84,Yes,Cable,12,Yes,No,Yes,Yes,Yes,Yes,Yes,Yes,Month-to-Month,No,Bank Withdrawal,85.7,0.0,0,No,5957,10,49-72
Female,63,No,0,0,31,Offer C,Yes,33.71,No,No Internet Service,0,No,No,No,No,No,No,No,No,One Year,No,Credit Card,20.1,0.0,0,No,3086,1,25-48
Male,56,Yes,3,8,13,No Offer,Yes,28.15,No,Cable,56,No,Yes,Yes,Yes,No,No,No,Yes,Month-to-Month,No,Bank Withdrawal,61.8,0.0,0,No,4749,6,13-24
Female,33,Yes,1,6,28,Offer C,Yes,41.41,Yes,DSL,30,No,No,No,No,No,No,No,Yes,Month-to-Month,No,Credit Card,49.9,0.0,0,No,5250,4,25-48
Male,62,Yes,0,8,38,Offer C,Yes,6.97,No,No Internet Service,0,No,No,No,No,No,No,No,No,Two Year,No,Bank Withdrawal,20.4,0.0,0,No,3756,1,25-48
Male,28,Yes,0,9,52,No Offer,Yes,10.4,No,DSL,85,Yes,Yes,No,No,Yes,Yes,Yes,Yes,One Year,Yes,Credit Card,75.4,0.0,0,No,5211,8,49-72
Male,42,Yes,3,2,62,No Offer,Yes,1.76,No,Fiber Optic,20,Yes,Yes,Yes,Yes,Yes,Yes,Yes,Yes,Two Year,No,Credit Card,108.15,0.0,0,No,5298,10,49-72
Female,40,No,0,0,16,Offer D,Yes,22.3,No,Fiber Optic,28,No,Yes,No,No,No,Yes,Yes,Yes,Month-to-Month,Yes,Bank Withdrawal,86.25,0.0,0,No,3511,6,13-24
Male,57,No,0,0,12,Offer D,Yes,49.0,No,Fiber Optic,23,No,No,Yes,No,Yes,Yes,Yes,Yes,One Year,No,Bank Withdrawal,95.7,0.0,0,No,5527,7,0-12
Female,63,Yes,1,1,72,Offer A,Yes,31.83,Yes,Fiber Optic,14,Yes,Yes,Yes,Yes,Yes,Yes,Yes,Yes,Two Year,Yes,Bank Withdrawal,116.85,0.0,0,No,4055,11,49-72
Female,33,Yes,0,1,24,Offer C,Yes,32.86,No,No Internet Service,0,No,No,No,No,No,No,No,No,One Year,No,Credit Card,20.15,0.0,0,No,3573,1,13-24
Female,64,No,0,0,15,Offer D,Yes,39.49,No,No Internet Service,0,No,No,No,No,No,No,No,No,Two Year,No,Credit Card,19.6,0.0,0,No,2722,1,13-24
Male,54,No,2,0,2,No Offer,Yes,14.88,Yes,DSL,12,Yes,Yes,No,No,No,No,No,Yes,Month-to-Month,No,Bank Withdrawal,60.95,0.0,0,No,3172,6,0-12
Female,40,Yes,3,3,5,Offer E,No,0.0,No,DSL,53,No,No,No,No,No,No,No,Yes,Month-to-Month,No,Credit Card,25.05,0.0,0,No,2071,2,0-12
Male,20,Yes,0,8,41,No Offer,Yes,2.43,No,DSL,69,Yes,Yes,Yes,No,No,No,Yes,Yes,One Year,Yes,Bank Withdrawal,60.3,0.0,0,No,4565,7,25-48
Female,26,No,1,0,43,No Offer,Yes,5.6,No,Cable,30,Yes,Yes,No,No,No,Yes,Yes,Yes,Month-to-Month,Yes,Bank Withdrawal,63.95,0.0,0,No,4205,7,25-48
Male,30,Yes,0,2,71,Offer A,Yes,28.58,Yes,Cable,30,Yes,Yes,Yes,Yes,Yes,Yes,Yes,Yes,Two Year,No,Bank Withdrawal,90.55,0.0,0,No,5007,11,49-72
Male,29,No,0,0,7,No Offer,Yes,9.43,No,No Internet Service,0,No,No,No,No,No,No,No,No,Two Year,No,Credit Card,19.45,0.0,0,No,2600,1,0-12
Male,48,No,0,0,7,Offer E,Yes,30.58,No,No Internet Service,0,No,No,No,No,No,No,No,No,One Year,No,Credit Card,19.5,0.0,0,No,4271,1,0-12
Female,30,No,0,0,69,Offer A,Yes,23.92,Yes,Fiber Optic,42,No,Yes,Yes,Yes,Yes,Yes,Yes,Yes,Two Year,Yes,Bank Withdrawal,110.5,0.0,0,No,4803,10,49-72
Female,29,No,1,0,1,Offer E,No,0.0,No,Cable,48,No,No,No,No,No,No,No,No,Month-to-Month,No,Credit Card,24.7,0.0,70,No,3065,1,0-12
Male,36,No,0,0,3,Offer E,Yes,44.42,No,Cable,6,Yes,No,Yes,No,Yes,Yes,Yes,Yes,Month-to-Month,Yes,Bank Withdrawal,77.4,0.0,0,No,5528,8,0-12
Female,33,Yes,0,6,69,Offer A,Yes,34.49,Yes,Fiber Optic,29,No,Yes,Yes,No,No,No,No,Yes,Month-to-Month,Yes,Bank Withdrawal,85.4,0.0,0,No,5976,6,49-72
Female,44,Yes,0,1,71,Offer A,No,0.0,No,DSL,16,Yes,Yes,Yes,Yes,No,No,No,Yes,Two Year,Yes,Bank Withdrawal,47.6,0.0,0,No,4795,6,49-72
Female,19,Yes,2,0,69,Offer A,Yes,25.18,No,No Internet Service,0,No,No,No,No,No,No,No,No,Two Year,No,Credit Card,19.4,0.0,0,No,6408,1,49-72
Female,35,No,0,0,48,No Offer,Yes,10.5,Yes,Fiber Optic,12,No,No,Yes,Yes,Yes,Yes,Yes,Yes,Month-to-Month,Yes,Bank Withdrawal,103.85,0.0,0,No,4304,9,25-48
Male,30,No,0,0,45,No Offer,Yes,5.97,Yes,Fiber Optic,73,Yes,No,Yes,Yes,Yes,Yes,Yes,Yes,Month-to-Month,Yes,Credit Card,108.45,0.0,0,No,5093,10,25-48
Male,54,No,0,0,51,No Offer,Yes,42.93,Yes,Fiber Optic,11,No,Yes,No,No,No,No,No,No,Month-to-Month,No,Bank Withdrawal,81.0,0.0,10,No,4121,4,49-72
Male,39,No,0,0,72,Offer A,Yes,11.41,Yes,DSL,17,Yes,Yes,Yes,Yes,Yes,Yes,Yes,Yes,Two Year,No,Bank Withdrawal,86.65,0.0,0,No,4621,11,49-72
Male,33,Yes,1,1,37,Offer C,Yes,38.89,Yes,Fiber Optic,29,No,Yes,Yes,No,Yes,No,No,Yes,Month-to-Month,Yes,Bank Withdrawal,92.95,0.0,0,No,3462,7,25-48
Male,31,Yes,0,1,71,Offer A,Yes,18.42,Yes,DSL,29,Yes,Yes,Yes,Yes,Yes,Yes,Yes,Yes,Two Year,No,Bank Withdrawal,90.35,0.0,0,No,6483,11,49-72
Female,51,No,0,0,66,Offer A,Yes,20.77,Yes,No Internet Service,0,No,No,No,No,No,No,No,No,Two Year,Yes,Credit Card,25.15,0.0,0,No,6141,2,49-72
Male,59,Yes,0,1,51,No Offer,Yes,31.66,No,Cable,3,Yes,No,No,Yes,Yes,Yes,Yes,Yes,One Year,Yes,Bank Withdrawal,76.4,0.0,0,No,6385,8,49-72
Female,57,Yes,0,1,30,No Offer,Yes,21.14,No,No Internet Service,0,No,No,No,No,No,No,No,No,One Year,No,Bank Withdrawal,19.55,0.0,0,No,5203,1,25-48
Female,26,No,0,0,34,No Offer,Yes,23.54,Yes,Fiber Optic,76,No,No,No,No,Yes,No,No,No,Month-to-Month,No,Bank Withdrawal,85.35,0.0,0,No,3818,4,25-48
Male,62,Yes,1,1,64,No Offer,Yes,35.25,Yes,No Internet Service,0,No,No,No,No,No,No,No,No,Two Year,Yes,Credit Card,24.8,0.0,0,No,6281,2,49-72
Male,50,No,0,0,47,No Offer,Yes,47.73,Yes,Fiber Optic,25,Yes,Yes,No,Yes,Yes,No,No,Yes,Month-to-Month,No,Credit Card,100.75,0.0,0,No,2508,8,25-48
Female,53,Yes,3,1,67,Offer A,Yes,11.4,Yes,Fiber Optic,27,No,Yes,No,Yes,Yes,No,No,Yes,Two Year,No,Credit Card,94.1,0.0,0,No,4803,7,49-72
Male,42,No,0,0,39,No Offer,Yes,48.61,No,No Internet Service,0,No,No,No,No,No,No,No,No,One Year,No,Bank Withdrawal,19.35,0.0,0,No,2607,1,25-48
Male,27,No,0,0,14,Offer D,Yes,43.5,No,No Internet Service,0,No,No,No,No,No,No,No,No,Month-to-Month,No,Credit Card,19.9,0.0,0,No,3854,1,13-24
Female,19,No,0,0,14,Offer D,Yes,34.01,No,Cable,69,No,No,No,Yes,No,Yes,Yes,Yes,One Year,No,Credit Card,59.1,0.0,0,No,5718,6,13-24
Male,57,Yes,0,1,16,Offer D,Yes,21.04,No,Cable,17,Yes,Yes,No,No,No,No,No,Yes,One Year,Yes,Credit Card,55.85,0.0,0,No,2464,5,13-24
Male,40,Yes,1,1,70,Offer A,Yes,40.28,Yes,Fiber Optic,13,Yes,Yes,No,No,Yes,Yes,Yes,Yes,Month-to-Month,Yes,Bank Withdrawal,106.05,0.0,0,No,4583,9,49-72
Female,51,Yes,3,6,23,Offer D,Yes,48.73,No,Fiber Optic,75,No,No,Yes,No,No,No,No,Yes,Month-to-Month,Yes,Credit Card,75.3,0.0,0,No,5903,4,13-24
Male,53,No,1,0,21,Offer D,Yes,31.26,Yes,No Internet Service,0,No,No,No,No,No,No,No,No,Month-to-Month,No,Credit Card,24.7,0.0,0,No,5403,2,13-24
Female,38,No,0,0,36,No Offer,Yes,46.92,Yes,DSL,5,No,No,Yes,No,No,No,No,No,One Year,No,Bank Withdrawal,55.8,0.0,70,No,4770,4,25-48
Female,48,No,0,0,50,No Offer,No,0.0,No,DSL,6,No,Yes,Yes,Yes,No,No,No,Yes,Two Year,No,Credit Card,39.7,0.0,0,No,5174,5,49-72
Female,38,Yes,1,6,48,No Offer,No,0.0,No,DSL,16,No,No,No,Yes,No,No,No,Yes,Month-to-Month,Yes,Credit Card,29.5,0.0,0,No,3194,3,25-48
Female,40,No,3,0,50,No Offer,Yes,18.95,No,No Internet Service,0,No,No,No,No,No,No,No,No,Two Year,No,Credit Card,20.15,0.0,0,No,4263,1,49-72
Male,34,Yes,0,3,72,Offer A,Yes,45.05,Yes,Cable,9,Yes,Yes,Yes,Yes,No,Yes,Yes,Yes,Two Year,No,Credit Card,79.55,0.0,0,No,4766,10,49-72
Male,61,No,3,0,10,Offer D,Yes,34.47,Yes,No Internet Service,0,No,No,No,No,No,No,No,No,Month-to-Month,No,Credit Card,24.8,0.0,0,No,5212,2,0-12
Female,44,No,0,0,18,Offer D,Yes,18.2,No,No Internet Service,0,No,No,No,No,No,No,No,No,Month-to-Month,No,Credit Card,19.65,0.0,0,No,4333,1,13-24
Male,40,No,0,0,9,Offer E,Yes,15.53,No,Fiber Optic,14,No,No,Yes,No,Yes,Yes,Yes,Yes,Month-to-Month,Yes,Bank Withdrawal,94.05,0.0,0,No,3475,7,0-12
Male,55,No,0,0,2,Offer E,Yes,27.17,Yes,Fiber Optic,23,Yes,No,No,No,No,Yes,Yes,Yes,Month-to-Month,No,Credit Card,90.75,0.0,0,No,4766,7,0-12
Female,61,Yes,0,10,40,No Offer,Yes,39.97,Yes,Fiber Optic,17,No,No,No,Yes,No,No,No,Yes,Month-to-Month,Yes,Credit Card,78.85,0.0,0,No,5257,5,25-48
Male,50,Yes,0,10,69,Offer A,Yes,3.81,Yes,Fiber Optic,4,No,No,Yes,No,Yes,Yes,Yes,Yes,One Year,No,Bank Withdrawal,99.5,0.0,0,No,4237,8,49-72
Male,29,No,3,0,18,Offer D,Yes,41.08,Yes,Fiber Optic,48,No,No,Yes,No,No,No,No,Yes,Month-to-Month,Yes,Credit Card,80.55,0.0,0,No,5334,5,13-24
Male,24,Yes,0,5,55,No Offer,Yes,36.17,No,DSL,69,Yes,No,No,No,No,Yes,Yes,No,One Year,No,Credit Card,59.45,0.0,40,No,5712,5,49-72
Male,35,Yes,0,5,33,No Offer,Yes,31.76,Yes,Fiber Optic,7,No,Yes,Yes,No,No,Yes,Yes,Yes,Month-to-Month,Yes,Bank Withdrawal,93.35,0.0,0,No,3348,8,25-48
Female,19,No,0,0,46,No Offer,Yes,40.32,No,Cable,51,No,No,No,No,No,No,No,Yes,Month-to-Month,No,Bank Withdrawal,44.95,0.0,0,No,2626,3,25-48
Male,54,No,0,0,34,No Offer,Yes,20.47,Yes,No Internet Service,0,No,No,No,No,No,No,No,No,Two Year,No,Bank Withdrawal,26.1,0.0,0,No,2026,2,25-48
Female,64,No,0,0,3,No Offer,Yes,31.81,No,No Internet Service,0,No,No,No,No,No,No,No,No,Month-to-Month,No,Bank Withdrawal,20.2,0.0,0,No,4369,1,0-12
Male,58,Yes,3,6,30,No Offer,Yes,40.0,No,No Internet Service,0,No,No,No,No,No,No,No,No,Two Year,No,Credit Card,21.25,0.0,0,No,3047,1,25-48
Female,41,No,0,0,33,No Offer,Yes,10.28,Yes,Cable,7,Yes,No,No,Yes,No,No,No,Yes,One Year,No,Bank Withdrawal,59.4,0.0,0,No,2853,6,25-48
Male,25,Yes,2,6,45,No Offer,Yes,33.45,Yes,Fiber Optic,69,No,Yes,Yes,No,No,Yes,Yes,No,One Year,Yes,Credit Card,95.0,0.0,60,No,2719,7,25-48
Male,49,No,0,0,40,No Offer,Yes,36.98,No,DSL,21,Yes,Yes,No,Yes,No,No,No,Yes,Month-to-Month,Yes,Credit Card,61.9,0.0,0,No,2520,6,25-48
Female,58,No,0,0,71,Offer A,Yes,17.9,Yes,Fiber Optic,21,Yes,Yes,Yes,Yes,Yes,Yes,Yes,Yes,Two Year,Yes,Bank Withdrawal,118.65,0.0,0,No,4296,11,49-72
Female,53,Yes,0,0,72,Offer A,No,0.0,No,DSL,6,Yes,Yes,Yes,Yes,Yes,Yes,Yes,Yes,Two Year,No,Bank Withdrawal,64.45,0.0,0,No,5265,9,49-72
Female,59,Yes,3,5,22,Offer D,Yes,33.46,No,Fiber Optic,29,No,No,No,No,No,Yes,Yes,Yes,Month-to-Month,Yes,Bank Withdrawal,80.15,0.0,0,No,4732,5,13-24
Male,44,Yes,0,6,46,No Offer,Yes,4.72,No,No Internet Service,0,No,No,No,No,No,No,No,No,One Year,Yes,Bank Withdrawal,20.2,0.0,0,No,2325,1,25-48
Female,53,Yes,3,8,55,Offer B,Yes,38.51,No,No Internet Service,0,No,No,No,No,No,No,No,No,Two Year,No,Credit Card,21.0,0.0,0,No,5046,1,49-72
Male,26,No,0,0,1,No Offer,Yes,30.09,No,No Internet Service,0,No,No,No,No,No,No,No,No,Month-to-Month,No,Credit Card,20.45,0.0,0,No,4845,1,0-12
Female,23,No,0,0,12,Offer D,Yes,49.25,Yes,DSL,47,No,No,No,Yes,Yes,Yes,Yes,Yes,One Year,Yes,Credit Card,75.85,0.0,0,No,5942,8,0-12
Male,43,No,0,0,31,No Offer,Yes,37.07,Yes,Fiber Optic,23,No,Yes,No,No,No,No,No,Yes,Month-to-Month,Yes,Bank Withdrawal,80.45,0.0,0,No,4684,5,25-48
Female,24,Yes,0,5,67,Offer A,Yes,1.36,Yes,DSL,82,Yes,No,No,No,Yes,Yes,Yes,Yes,Two Year,Yes,Bank Withdrawal,75.5,0.0,0,No,5420,8,49-72
Male,45,No,0,0,1,No Offer,Yes,23.34,No,DSL,16,No,No,No,No,No,No,No,Yes,Month-to-Month,No,Credit Card,44.45,0.0,0,No,3498,3,0-12
Male,61,Yes,2,4,41,Offer B,Yes,28.55,Yes,Cable,20,Yes,Yes,Yes,No,Yes,No,No,Yes,Month-to-Month,Yes,Credit Card,74.55,0.0,0,No,2748,8,25-48
Male,48,Yes,0,10,42,Offer B,No,0.0,No,Cable,8,Yes,No,Yes,Yes,Yes,No,No,Yes,Two Year,No,Credit Card,48.15,0.0,0,No,2673,6,25-48
Male,62,Yes,0,2,23,Offer D,Yes,24.88,No,No Internet Service,0,No,No,No,No,No,No,No,No,One Year,No,Mailed Check,19.65,0.0,0,No,5460,1,13-24
Female,40,No,0,0,1,No Offer,Yes,27.59,No,No Internet Service,0,No,No,No,No,No,No,No,No,Month-to-Month,No,Mailed Check,20.15,0.0,0,No,3167,1,0-12
Female,25,No,0,0,56,Offer B,Yes,24.77,Yes,Fiber Optic,51,Yes,Yes,No,No,Yes,Yes,Yes,Yes,Month-to-Month,Yes,Credit Card,106.6,0.0,0,No,5056,9,49-72
Male,31,No,1,0,15,Offer D,Yes,30.22,Yes,Fiber Optic,12,No,Yes,No,No,Yes,No,No,Yes,Month-to-Month,Yes,Bank Withdrawal,91.0,0.0,0,No,4602,6,13-24
Male,55,Yes,3,8,12,Offer D,Yes,44.12,Yes,No Internet Service,0,No,No,No,No,No,No,No,No,Two Year,Yes,Bank Withdrawal,25.4,0.0,0,No,2219,2,0-12
Female,21,Yes,0,3,54,Offer B,Yes,28.17,No,DSL,76,Yes,No,Yes,Yes,No,Yes,Yes,Yes,Two Year,No,Bank Withdrawal,69.95,0.0,0,No,5077,8,49-72
Female,30,No,0,0,7,No Offer,Yes,48.16,No,DSL,85,No,No,No,No,Yes,Yes,Yes,Yes,Month-to-Month,Yes,Bank Withdrawal,66.85,0.0,0,No,4858,6,0-12
Male,30,Yes,3,4,16,Offer D,Yes,38.55,No,No Internet Service,0,No,No,No,No,No,No,No,No,Month-to-Month,No,Bank Withdrawal,20.15,0.0,0,No,5271,1,13-24
Female,55,No,0,0,21,Offer D,Yes,30.88,No,DSL,15,Yes,No,Yes,No,No,Yes,Yes,Yes,One Year,No,Mailed Check,64.85,0.0,0,No,3302,7,13-24
Male,45,No,0,0,3,No Offer,Yes,26.38,No,DSL,25,No,No,No,Yes,No,No,No,Yes,Month-to-Month,Yes,Mailed Check,50.5,0.0,0,No,5258,4,0-12
Male,27,No,0,0,11,Offer D,Yes,18.33,No,Fiber Optic,76,No,No,Yes,No,No,No,No,Yes,Month-to-Month,No,Bank Withdrawal,72.9,0.0,0,No,3042,4,0-12
Female,39,No,0,0,62,Offer B,Yes,36.84,Yes,Fiber Optic,13,Yes,Yes,Yes,Yes,Yes,Yes,Yes,Yes,One Year,Yes,Credit Card,115.05,0.0,0,No,6494,11,49-72
Male,42,No,0,0,18,Offer D,Yes,33.16,No,No Internet Service,0,No,No,No,No,No,No,No,No,Month-to-Month,No,Bank Withdrawal,19.0,0.0,0,No,5379,1,13-24
Male,20,No,1,0,6,No Offer,Yes,17.53,No,No Internet Service,0,No,No,No,No,No,No,No,No,Month-to-Month,No,Credit Card,19.55,0.0,0,No,2309,1,0-12
Female,45,No,0,0,46,Offer B,Yes,27.97,Yes,Fiber Optic,22,No,No,Yes,No,Yes,Yes,Yes,Yes,One Year,Yes,Bank Withdrawal,101.1,0.0,0,No,4883,8,25-48
Male,46,No,0,0,21,No Offer,Yes,49.05,Yes,Fiber Optic,9,No,No,No,No,No,Yes,Yes,Yes,Month-to-Month,Yes,Bank Withdrawal,84.1,0.0,0,No,4649,6,13-24
Male,45,No,0,0,68,No Offer,Yes,37.79,Yes,No Internet Service,0,No,No,No,No,No,No,No,No,Two Year,Yes,Bank Withdrawal,24.15,0.0,0,No,5987,2,49-72
Female,19,No,0,0,1,No Offer,Yes,29.13,Yes,Cable,51,No,No,No,No,No,No,No,Yes,Month-to-Month,Yes,Bank Withdrawal,50.1,0.0,0,No,5617,4,0-12
Female,26,Yes,0,7,25,No Offer,Yes,37.1,No,Fiber Optic,82,No,No,Yes,No,No,No,No,Yes,Month-to-Month,Yes,Bank Withdrawal,74.6,0.0,0,No,4591,4,25-48
Female,57,No,1,0,24,No Offer,Yes,34.24,No,No Internet Service,0,No,No,No,No,No,No,No,No,Two Year,No,Mailed Check,19.75,0.0,0,No,2639,1,13-24
Male,31,Yes,0,3,51,Offer B,Yes,29.4,Yes,Fiber Optic,21,No,Yes,Yes,No,Yes,Yes,Yes,No,One Year,Yes,Bank Withdrawal,106.8,0.0,140,No,4640,8,49-72
Female,33,Yes,0,2,57,Offer B,Yes,10.05,Yes,DSL,16,Yes,No,Yes,Yes,Yes,Yes,Yes,Yes,Two Year,Yes,Bank Withdrawal,84.5,0.0,0,No,5928,10,49-72
Female,52,No,0,0,15,No Offer,Yes,40.97,Yes,No Internet Service,0,No,No,No,No,No,No,No,No,Two Year,No,Bank Withdrawal,25.05,0.0,0,No,5218,2,13-24
Female,25,Yes,0,9,72,No Offer,Yes,16.05,No,Cable,46,Yes,Yes,Yes,Yes,Yes,Yes,Yes,Yes,Two Year,Yes,Bank Withdrawal,83.7,0.0,0,No,4592,10,49-72
Male,25,Yes,0,10,28,No Offer,Yes,33.57,Yes,Fiber Optic,52,No,Yes,Yes,No,Yes,No,No,Yes,Month-to-Month,No,Credit Card,96.6,0.0,0,No,5530,7,25-48
Male,52,Yes,2,10,70,No Offer,Yes,49.67,No,Fiber Optic,19,Yes,Yes,Yes,Yes,Yes,No,No,Yes,Two Year,Yes,Credit Card,101.1,0.0,0,No,4226,8,49-72
Female,52,No,0,0,13,No Offer,Yes,26.57,No,No Internet Service,0,No,No,No,No,No,No,No,No,One Year,No,Mailed Check,20.2,0.0,0,No,2953,1,13-24
Female,49,Yes,0,6,62,Offer B,Yes,13.32,No,Cable,22,Yes,No,Yes,Yes,Yes,Yes,Yes,Yes,Two Year,No,Mailed Check,81.0,0.0,0,No,4684,9,49-72
Female,30,No,0,0,21,No Offer,Yes,7.41,No,DSL,51,Yes,No,Yes,Yes,No,No,No,Yes,One Year,Yes,Bank Withdrawal,60.25,0.0,0,No,4870,6,13-24
Female,28,No,0,0,2,No Offer,Yes,15.25,No,DSL,82,No,No,Yes,No,No,Yes,Yes,Yes,Month-to-Month,No,Bank Withdrawal,60.85,0.0,0,No,3796,6,0-12
Female,38,No,0,0,1,No Offer,Yes,45.59,No,DSL,5,No,No,No,No,No,No,No,Yes,Month-to-Month,No,Credit Card,43.95,0.0,0,No,5684,3,0-12
Male,63,No,0,0,4,No Offer,Yes,44.36,No,Fiber Optic,20,No,No,Yes,No,No,Yes,Yes,Yes,Month-to-Month,No,Bank Withdrawal,86.05,0.0,0,No,3653,6,0-12
Female,45,No,0,0,19,No Offer,Yes,18.57,No,No Internet Service,0,No,No,No,No,No,No,No,No,One Year,No,Credit Card,20.25,0.0,0,No,5586,1,13-24
Male,48,Yes,2,6,67,No Offer,Yes,5.48,No,No Internet Service,0,No,No,No,No,No,No,No,No,Two Year,Yes,Credit Card,19.4,0.0,0,No,4890,1,49-72
Male,35,Yes,0,8,53,Offer B,Yes,34.46,No,No Internet Service,0,No,No,No,No,No,No,No,No,Two Year,No,Credit Card,19.9,0.0,0,No,4157,1,49-72
Female,54,No,0,0,5,No Offer,Yes,37.97,No,No Internet Service,0,No,No,No,No,No,No,No,No,One Year,No,Bank Withdrawal,19.55,0.0,0,No,2575,1,0-12
Female,53,Yes,0,9,50,Offer B,Yes,46.49,Yes,DSL,11,No,Yes,Yes,Yes,Yes,Yes,Yes,Yes,One Year,Yes,Credit Card,84.15,0.0,0,No,4625,10,49-72
Male,38,Yes,1,3,56,Offer B,Yes,42.16,Yes,Fiber Optic,19,No,No,Yes,Yes,Yes,Yes,Yes,Yes,Two Year,Yes,Bank Withdrawal,103.2,0.0,0,No,4478,9,49-72
Male,61,No,0,0,2,No Offer,Yes,6.34,No,Cable,28,No,No,No,Yes,No,No,No,No,Month-to-Month,Yes,Credit Card,50.2,0.0,10,No,4697,3,0-12
Male,40,Yes,2,9,46,Offer B,Yes,26.12,No,No Internet Service,0,No,No,No,No,No,No,No,No,Two Year,No,Credit Card,19.95,0.0,0,No,3574,1,25-48
Male,42,Yes,0,4,71,No Offer,Yes,6.19,Yes,Fiber Optic,9,Yes,Yes,Yes,Yes,Yes,Yes,Yes,Yes,Two Year,Yes,Bank Withdrawal,116.25,0.0,0,No,6124,11,49-72
Female,30,No,0,0,29,No Offer,No,0.0,No,Cable,59,No,No,No,Yes,No,No,No,Yes,Month-to-Month,Yes,Bank Withdrawal,31.2,0.0,0,No,4761,3,25-48
Male,23,Yes,3,1,69,No Offer,Yes,33.09,Yes,No Internet Service,0,No,No,No,No,No,No,No,No,Two Year,No,Bank Withdrawal,24.45,0.0,0,No,5295,2,49-72
Male,32,Yes,0,4,71,No Offer,Yes,15.12,Yes,DSL,30,No,Yes,Yes,Yes,Yes,Yes,Yes,Yes,Two Year,No,Credit Card,84.2,0.0,0,No,4753,10,49-72
Male,38,No,0,0,56,Offer B,Yes,48.63,No,No Internet Service,0,No,No,No,No,No,No,No,No,One Year,Yes,Mailed Check,21.2,0.0,0,No,6473,1,49-72
Female,22,Yes,0,7,28,No Offer,Yes,43.36,Yes,No Internet Service,0,No,No,No,No,No,No,No,No,One Year,No,Mailed Check,25.55,0.0,0,No,3493,2,25-48
Female,47,Yes,2,6,19,No Offer,Yes,46.91,No,No Internet Service,0,No,No,No,No,No,No,No,No,Month-to-Month,No,Mailed Check,20.2,0.0,0,No,3636,1,13-24
Male,21,Yes,0,4,66,No Offer,Yes,7.67,Yes,DSL,69,No,No,No,Yes,No,Yes,Yes,Yes,Month-to-Month,No,Bank Withdrawal,63.85,0.0,0,No,5956,7,49-72
Female,52,Yes,0,6,17,No Offer,Yes,47.59,Yes,DSL,25,No,No,Yes,Yes,No,No,No,Yes,One Year,Yes,Mailed Check,61.95,0.0,0,No,4759,6,13-24
Male,61,Yes,2,6,52,Offer B,Yes,49.51,Yes,No Internet Service,0,No,No,No,No,No,No,No,No,Two Year,No,Mailed Check,25.75,0.0,0,No,4676,2,49-72
Female,19,No,0,0,19,No Offer,Yes,24.35,No,Cable,69,No,Yes,No,No,Yes,No,No,Yes,One Year,No,Bank Withdrawal,58.2,0.0,0,No,4033,5,13-24
Female,26,No,0,0,36,No Offer,Yes,13.9,No,Cable,73,Yes,Yes,Yes,Yes,Yes,Yes,Yes,No,One Year,No,Bank Withdrawal,85.85,0.0,0,No,4898,9,25-48
Male,22,Yes,2,9,72,No Offer,Yes,41.18,Yes,Fiber Optic,52,Yes,Yes,Yes,Yes,No,Yes,Yes,Yes,One Year,Yes,Credit Card,104.9,0.0,0,No,4927,10,49-72
Male,38,Yes,0,7,8,No Offer,Yes,22.34,No,No Internet Service,0,No,No,No,No,No,No,No,No,Month-to-Month,Yes,Bank Withdrawal,19.55,0.0,0,No,4909,1,0-12
Female,44,No,0,0,69,No Offer,Yes,1.85,Yes,Fiber Optic,13,No,No,Yes,Yes,Yes,Yes,Yes,Yes,Two Year,No,Bank Withdrawal,104.0,0.0,0,No,5902,9,49-72
Female,57,Yes,0,7,50,Offer B,Yes,20.79,Yes,Fiber Optic,7,Yes,No,Yes,No,Yes,Yes,Yes,Yes,One Year,Yes,Mailed Check,104.4,0.0,0,No,6100,9,49-72
Male,58,No,0,0,10,No Offer,Yes,15.71,No,No Internet Service,0,No,No,No,No,No,No,No,No,One Year,No,Credit Card,19.5,0.0,0,No,5039,1,0-12
Female,39,Yes,2,4,12,No Offer,Yes,39.59,Yes,No Internet Service,0,No,No,No,No,No,No,No,No,Two Year,No,Credit Card,25.25,0.0,0,No,2646,2,0-12
Female,46,Yes,0,8,70,No Offer,No,0.0,No,Cable,26,Yes,No,Yes,Yes,No,Yes,Yes,Yes,Two Year,Yes,Bank Withdrawal,49.85,0.0,0,No,5460,7,49-72
Female,31,Yes,0,9,66,No Offer,Yes,36.36,Yes,Cable,3,Yes,Yes,Yes,Yes,Yes,Yes,Yes,Yes,Two Year,No,Credit Card,89.9,0.0,0,No,4082,11,49-72
Female,40,Yes,0,0,71,No Offer,Yes,38.22,No,DSL,23,Yes,No,Yes,Yes,Yes,Yes,Yes,Yes,Two Year,Yes,Credit Card,82.0,0.0,0,No,5770,9,49-72
Male,48,Yes,0,2,72,No Offer,Yes,29.8,No,DSL,14,Yes,Yes,No,Yes,Yes,Yes,Yes,No,Two Year,Yes,Bank Withdrawal,79.35,0.0,40,No,4278,8,49-72
Female,64,Yes,0,10,71,No Offer,Yes,4.71,No,DSL,29,Yes,Yes,Yes,Yes,No,No,No,Yes,Two Year,No,Credit Card,64.05,0.0,0,No,4374,7,49-72
Male,34,Yes,1,9,38,No Offer,Yes,24.22,Yes,Fiber Optic,14,No,No,Yes,No,Yes,Yes,Yes,Yes,Month-to-Month,Yes,Credit Card,101.15,0.0,0,No,3738,8,25-48
Male,62,No,0,0,33,No Offer,No,0.0,No,DSL,30,No,Yes,No,No,Yes,No,No,Yes,One Year,Yes,Bank Withdrawal,39.1,0.0,0,No,2855,4,25-48
Female,27,Yes,0,10,23,No Offer,No,0.0,No,DSL,42,Yes,No,No,Yes,No,No,No,Yes,Two Year,No,Credit Card,34.6,0.0,0,No,4445,4,13-24
Male,54,Yes,0,3,58,Offer B,Yes,27.93,No,No Internet Service,0,No,No,No,No,No,No,No,No,One Year,Yes,Bank Withdrawal,19.55,0.0,0,No,4801,1,49-72
Male,40,Yes,0,2,4,No Offer,Yes,28.47,No,Fiber Optic,5,No,No,No,No,No,No,No,No,Month-to-Month,No,Bank Withdrawal,70.5,0.0,10,No,2896,2,0-12
Male,24,Yes,2,3,45,Offer B,Yes,39.03,No,No Internet Service,0,No,No,No,No,No,No,No,No,Two Year,No,Credit Card,20.35,0.0,0,No,4210,1,25-48
Male,26,Yes,2,2,36,No Offer,Yes,32.3,No,No Internet Service,0,No,No,No,No,No,No,No,No,Two Year,No,Credit Card,19.45,0.0,0,No,5745,1,25-48
Male,61,No,0,0,54,Offer B,Yes,27.62,No,Cable,24,Yes,Yes,No,Yes,Yes,No,No,Yes,Month-to-Month,Yes,Credit Card,69.9,0.0,0,No,6092,7,49-72
Male,33,Yes,0,6,23,No Offer,Yes,13.79,Yes,Cable,17,No,Yes,No,Yes,No,No,No,Yes,Two Year,No,Credit Card,59.7,0.0,0,No,3464,6,13-24
Female,28,Yes,0,8,41,Offer B,Yes,18.84,Yes,Cable,26,Yes,Yes,Yes,No,Yes,No,No,Yes,One Year,Yes,Credit Card,78.35,0.0,0,No,2894,8,25-48
Male,25,Yes,0,3,27,No Offer,No,0.0,No,DSL,27,No,Yes,Yes,No,No,Yes,Yes,No,One Year,Yes,Credit Card,45.85,0.0,30,No,2068,5,25-48
Female,50,No,0,0,1,No Offer,Yes,2.7,No,Fiber Optic,14,No,No,No,Yes,Yes,Yes,Yes,Yes,Month-to-Month,Yes,Bank Withdrawal,95.85,0.0,0,No,3270,7,0-12
Female,55,Yes,0,5,67,No Offer,No,0.0,No,Cable,30,Yes,No,No,Yes,No,No,No,Yes,Two Year,No,Credit Card,35.7,0.0,0,No,5655,4,49-72
Female,40,Yes,2,9,56,No Offer,Yes,29.06,Yes,No Internet Service,0,No,No,No,No,No,No,No,No,Two Year,Yes,Credit Card,24.95,0.0,0,No,5243,2,49-72
Male,44,Yes,0,7,44,No Offer,Yes,32.22,Yes,No Internet Service,0,No,No,No,No,No,No,No,No,One Year,No,Bank Withdrawal,24.85,0.0,0,No,5331,2,25-48
Female,51,Yes,0,3,69,No Offer,Yes,14.69,Yes,Fiber Optic,6,No,No,Yes,Yes,Yes,Yes,Yes,No,Two Year,No,Bank Withdrawal,105.35,0.0,50,No,5268,8,49-72
Female,48,No,0,0,40,No Offer,Yes,26.03,No,No Internet Service,0,No,No,No,No,No,No,No,No,Two Year,No,Credit Card,19.65,0.0,0,No,3878,1,25-48
Male,50,Yes,2,6,30,No Offer,Yes,12.49,Yes,DSL,19,Yes,No,No,No,No,No,No,Yes,Month-to-Month,Yes,Bank Withdrawal,54.45,0.0,0,No,2613,5,25-48
Female,38,No,0,0,11,No Offer,Yes,47.61,No,DSL,12,No,No,No,Yes,Yes,Yes,Yes,Yes,Month-to-Month,No,Credit Card,70.5,0.0,0,No,5541,7,0-12
Female,58,No,0,0,15,No Offer,Yes,9.74,No,No Internet Service,0,No,No,No,No,No,No,No,No,One Year,No,Credit Card,20.1,0.0,0,No,4359,1,13-24
Male,35,No,0,0,11,No Offer,Yes,16.14,No,DSL,8,No,No,Yes,No,Yes,Yes,Yes,Yes,Month-to-Month,Yes,Bank Withdrawal,69.35,0.0,0,No,2288,7,0-12
Female,47,Yes,0,7,64,No Offer,Yes,23.25,No,No Internet Service,0,No,No,No,No,No,No,No,No,One Year,No,Bank Withdrawal,19.8,0.0,0,No,5384,1,49-72
Female,42,No,3,0,1,No Offer,Yes,2.98,No,Cable,26,Yes,No,No,No,No,No,No,Yes,Month-to-Month,No,Credit Card,51.2,0.0,0,No,3699,4,0-12
Female,26,No,0,0,15,Offer D,Yes,20.11,No,Cable,73,Yes,Yes,Yes,Yes,No,No,Yes,Yes,One Year,No,Credit Card,65.6,0.0,0,No,2976,8,13-24
Female,32,No,0,0,60,No Offer,Yes,16.11,Yes,Cable,18,No,No,Yes,Yes,Yes,Yes,Yes,Yes,One Year,No,Credit Card,80.55,0.0,0,No,4159,9,49-72
Male,57,No,0,0,56,No Offer,Yes,21.61,No,Cable,27,Yes,No,Yes,No,No,No,No,Yes,One Year,No,Credit Card,52.7,0.0,0,No,4753,5,49-72
Female,31,No,0,0,8,No Offer,Yes,11.46,No,No Internet Service,0,No,No,No,No,No,No,No,No,Two Year,No,Credit Card,20.85,0.0,0,No,4249,1,0-12
Female,19,Yes,0,6,49,No Offer,Yes,28.42,Yes,DSL,41,No,No,No,No,No,No,Yes,No,Month-to-Month,Yes,Credit Card,52.15,0.0,50,No,5224,4,49-72
Male,51,No,0,0,70,Offer A,Yes,14.63,Yes,Fiber Optic,30,Yes,Yes,Yes,Yes,Yes,Yes,Yes,Yes,Two Year,Yes,Bank Withdrawal,114.95,0.0,0,No,4511,11,49-72
Female,25,Yes,0,6,72,Offer A,Yes,24.85,Yes,Fiber Optic,47,Yes,Yes,Yes,Yes,Yes,Yes,Yes,Yes,Two Year,Yes,Credit Card,113.65,0.0,0,No,6469,11,49-72
Female,42,No,0,0,40,No Offer,Yes,22.89,No,No Internet Service,0,No,No,No,No,No,No,No,No,Two Year,Yes,Bank Withdrawal,20.6,0.0,0,No,3091,1,25-48
Male,44,No,3,0,1,Offer E,Yes,42.55,No,DSL,25,No,No,Yes,No,No,No,No,Yes,Month-to-Month,Yes,Bank Withdrawal,49.85,0.0,0,No,5323,4,0-12
Male,33,Yes,0,2,30,No Offer,Yes,9.81,No,No Internet Service,0,No,No,No,No,No,No,No,No,One Year,No,Credit Card,19.8,0.0,0,No,4006,1,25-48
Male,20,No,1,0,3,Offer E,Yes,33.28,No,Cable,69,Yes,No,Yes,No,No,No,Yes,Yes,Month-to-Month,No,Credit Card,55.9,0.0,0,No,4648,6,0-12
Female,37,No,0,0,5,Offer E,Yes,45.74,No,Fiber Optic,30,No,Yes,No,No,Yes,No,No,No,Month-to-Month,Yes,Credit Card,85.3,0.0,10,No,2689,4,0-12
Female,49,Yes,2,6,72,Offer A,Yes,2.71,Yes,Fiber Optic,20,Yes,No,Yes,Yes,Yes,Yes,Yes,Yes,Two Year,No,Credit Card,107.45,0.0,0,No,5246,10,49-72
Female,27,Yes,0,5,54,No Offer,Yes,29.66,Yes,Cable,76,Yes,Yes,Yes,Yes,Yes,Yes,Yes,Yes,Two Year,No,Credit Card,91.3,0.0,0,No,5907,11,49-72
Male,57,Yes,0,2,72,Offer A,Yes,10.97,Yes,DSL,30,No,Yes,Yes,Yes,Yes,Yes,Yes,Yes,Two Year,No,Bank Withdrawal,85.95,0.0,0,No,6450,10,49-72
Male,53,Yes,1,5,69,Offer A,Yes,21.56,Yes,Fiber Optic,17,No,No,Yes,No,No,No,No,Yes,Two Year,Yes,Credit Card,79.2,0.0,0,No,4072,5,49-72
Female,58,No,0,0,48,No Offer,Yes,13.03,No,DSL,5,Yes,Yes,No,No,No,No,No,Yes,Two Year,No,Credit Card,55.5,0.0,0,No,4975,5,25-48
Female,54,Yes,0,4,8,Offer E,Yes,9.88,Yes,Fiber Optic,4,No,No,No,Yes,No,Yes,Yes,No,Month-to-Month,Yes,Bank Withdrawal,90.25,0.0,0,No,4969,6,0-12
Male,59,Yes,0,7,71,Offer A,Yes,46.53,Yes,DSL,3,Yes,Yes,Yes,Yes,Yes,Yes,Yes,Yes,Two Year,Yes,Credit Card,91.25,0.0,0,No,5529,11,49-72
Male,40,Yes,0,8,67,Offer A,Yes,31.41,No,Fiber Optic,23,Yes,Yes,No,No,Yes,Yes,Yes,Yes,One Year,Yes,Credit Card,100.9,0.0,0,No,4078,8,49-72
Male,28,Yes,2,9,34,No Offer,Yes,42.74,Yes,Fiber Optic,52,No,Yes,No,No,Yes,Yes,Yes,Yes,Month-to-Month,Yes,Bank Withdrawal,97.7,0.0,0,No,5789,8,25-48
Female,53,No,0,0,3,Offer E,Yes,34.76,No,Fiber Optic,21,No,No,No,No,No,No,No,Yes,Month-to-Month,Yes,Bank Withdrawal,69.85,0.0,0,No,4764,3,0-12
Female,37,Yes,0,2,9,No Offer,Yes,42.39,No,Cable,16,No,Yes,No,Yes,Yes,No,No,Yes,One Year,Yes,Credit Card,65.6,0.0,0,No,2205,6,0-12
Male,23,Yes,3,1,71,Offer A,Yes,14.14,No,Fiber Optic,59,Yes,Yes,Yes,No,Yes,Yes,Yes,Yes,One Year,Yes,Bank Withdrawal,104.65,0.0,0,No,6101,9,49-72
Male,34,No,0,0,57,No Offer,Yes,30.77,Yes,Fiber Optic,10,No,No,No,Yes,Yes,No,No,No,Two Year,Yes,Credit Card,90.45,0.0,70,No,5076,5,49-72
Male,36,No,0,0,72,Offer A,No,0.0,No,Cable,14,Yes,Yes,Yes,Yes,Yes,Yes,Yes,Yes,Two Year,Yes,Bank Withdrawal,63.7,0.0,0,No,4921,9,49-72
Male,28,No,0,0,18,Offer D,Yes,38.73,No,No Internet Service,0,No,No,No,No,No,No,No,No,One Year,No,Credit Card,20.1,0.0,0,No,5586,1,13-24
Male,20,Yes,2,0,43,No Offer,Yes,22.83,Yes,Fiber Optic,47,No,No,Yes,Yes,Yes,Yes,Yes,Yes,One Year,Yes,Credit Card,104.3,0.0,0,No,3927,9,25-48
Female,62,Yes,0,2,72,Offer A,Yes,1.72,Yes,Cable,7,Yes,Yes,Yes,Yes,Yes,Yes,Yes,Yes,Two Year,Yes,Bank Withdrawal,93.25,0.0,0,No,5197,11,49-72
Male,61,Yes,0,10,35,No Offer,Yes,13.39,Yes,DSL,20,No,No,No,Yes,Yes,Yes,Yes,Yes,One Year,Yes,Bank Withdrawal,73.45,0.0,0,No,4719,8,25-48
Male,28,No,0,0,4,No Offer,Yes,45.37,No,No Internet Service,0,No,No,No,No,No,No,No,No,Month-to-Month,No,Credit Card,20.7,0.0,0,No,4676,1,0-12
Female,23,Yes,2,8,49,No Offer,Yes,33.65,Yes,No Internet Service,0,No,No,No,No,No,No,No,No,Two Year,No,Credit Card,25.25,0.0,0,No,5616,2,49-72
Female,61,Yes,2,5,71,Offer A,Yes,36.5,Yes,Fiber Optic,19,Yes,Yes,Yes,No,Yes,No,No,Yes,Two Year,No,Bank Withdrawal,100.5,0.0,0,No,4080,8,49-72
Male,44,Yes,1,9,11,Offer D,Yes,38.48,No,Fiber Optic,19,No,No,No,No,Yes,Yes,Yes,Yes,Month-to-Month,No,Bank Withdrawal,90.6,0.0,0,No,2004,6,0-12
Male,39,Yes,0,6,63,No Offer,Yes,44.55,Yes,DSL,29,Yes,Yes,Yes,Yes,Yes,Yes,Yes,Yes,Two Year,Yes,Credit Card,89.4,0.0,0,No,5004,11,49-72
Female,60,No,3,0,49,No Offer,Yes,31.7,No,No Internet Service,0,No,No,No,No,No,No,No,No,Two Year,No,Credit Card,20.45,0.0,0,No,4784,1,49-72
Female,30,Yes,2,1,4,No Offer,Yes,28.55,No,No Internet Service,0,No,No,No,No,No,No,No,No,Month-to-Month,Yes,Bank Withdrawal,19.95,0.0,0,No,2951,1,0-12
Female,21,Yes,0,2,72,Offer A,Yes,11.85,Yes,Fiber Optic,82,No,Yes,Yes,Yes,Yes,Yes,Yes,Yes,One Year,No,Credit Card,109.15,0.0,0,No,4807,10,49-72
Female,47,No,0,0,57,No Offer,Yes,38.94,Yes,Fiber Optic,7,No,Yes,No,Yes,No,Yes,Yes,Yes,One Year,No,Bank Withdrawal,94.7,0.0,0,No,4507,8,49-72
Male,52,Yes,2,2,28,No Offer,Yes,9.31,Yes,DSL,19,No,Yes,No,No,No,Yes,Yes,Yes,Month-to-Month,No,Bank Withdrawal,64.4,0.0,0,No,2434,7,25-48
Female,56,Yes,0,10,25,No Offer,Yes,3.6,Yes,No Internet Service,0,No,No,No,No,No,No,No,No,One Year,Yes,Credit Card,26.8,0.0,0,No,3428,2,25-48
Female,49,Yes,0,1,47,No Offer,Yes,6.56,No,DSL,11,Yes,No,Yes,No,Yes,No,No,No,One Year,Yes,Credit Card,66.05,0.0,40,No,3404,5,25-48
Female,35,Yes,1,3,57,No Offer,Yes,1.54,Yes,DSL,15,Yes,Yes,No,Yes,No,No,No,Yes,Month-to-Month,No,Bank Withdrawal,65.2,0.0,0,No,4491,7,49-72
Male,24,No,0,0,5,No Offer,Yes,41.29,No,DSL,51,Yes,No,Yes,No,No,No,No,Yes,Month-to-Month,Yes,Credit Card,55.8,0.0,0,No,2612,5,0-12
Male,48,Yes,2,0,72,Offer A,Yes,8.53,No,No Internet Service,0,No,No,No,No,No,No,No,No,Two Year,No,Bank Withdrawal,19.95,0.0,0,No,5092,1,49-72
Female,43,Yes,3,3,48,No Offer,No,0.0,No,DSL,22,Yes,No,Yes,No,No,Yes,Yes,Yes,One Year,No,Credit Card,45.0,0.0,0,No,5269,6,25-48
Female,46,Yes,0,8,68,Offer A,Yes,23.14,Yes,Fiber Optic,21,Yes,Yes,Yes,Yes,Yes,Yes,Yes,Yes,Two Year,No,Bank Withdrawal,114.9,0.0,0,No,5782,11,49-72
Female,22,No,0,0,30,No Offer,Yes,42.49,Yes,Fiber Optic,73,Yes,No,No,Yes,Yes,Yes,Yes,No,Month-to-Month,No,Bank Withdrawal,106.4,0.0,60,No,5503,8,25-48
Female,61,Yes,0,2,3,No Offer,Yes,2.66,No,DSL,7,No,No,No,No,No,No,No,Yes,Month-to-Month,Yes,Mailed Check,46.1,0.0,0,No,4047,3,0-12
Female,57,No,2,0,4,No Offer,Yes,27.37,No,No Internet Service,0,No,No,No,No,No,No,No,No,Month-to-Month,Yes,Bank Withdrawal,20.05,0.0,0,No,4462,1,0-12
Female,58,Yes,2,9,71,Offer A,Yes,27.26,Yes,Fiber Optic,12,No,Yes,Yes,No,No,Yes,Yes,Yes,Two Year,Yes,Credit Card,95.75,0.0,0,No,4865,8,49-72
Male,43,Yes,0,6,8,No Offer,Yes,23.18,Yes,No Internet Service,0,No,No,No,No,No,No,No,No,One Year,No,Mailed Check,24.4,0.0,0,No,2028,2,0-12
Male,24,Yes,1,3,61,No Offer,No,0.0,No,DSL,76,Yes,No,Yes,No,No,No,No,No,Month-to-Month,No,Bank Withdrawal,33.6,0.0,110,No,6495,3,49-72
Male,31,Yes,3,7,72,Offer A,Yes,8.51,Yes,Fiber Optic,24,No,Yes,Yes,Yes,No,No,No,Yes,Two Year,No,Bank Withdrawal,90.45,0.0,0,No,4461,7,49-72
Female,29,No,0,0,5,No Offer,Yes,48.49,Yes,Fiber Optic,85,No,No,No,No,Yes,No,No,Yes,Month-to-Month,Yes,Bank Withdrawal,84.0,0.0,0,No,4456,5,0-12
Female,37,No,0,0,49,No Offer,Yes,20.45,No,Cable,23,Yes,Yes,Yes,Yes,No,No,No,Yes,Two Year,No,Bank Withdrawal,67.4,0.0,0,No,5075,7,49-72
Male,28,No,0,0,8,Offer E,Yes,22.15,No,No Internet Service,0,No,No,No,No,No,No,No,No,Month-to-Month,Yes,Bank Withdrawal,19.7,0.0,0,No,5498,1,0-12
Male,60,No,0,0,3,Offer E,Yes,49.63,No,Fiber Optic,26,No,No,No,No,No,Yes,Yes,Yes,Month-to-Month,Yes,Bank Withdrawal,80.35,0.0,0,No,4203,5,0-12
Male,53,Yes,3,9,9,Offer E,Yes,2.68,No,No Internet Service,0,No,No,No,No,No,No,No,No,Two Year,No,Mailed Check,19.6,0.0,0,No,4406,1,0-12
Male,42,Yes,2,1,67,Offer A,Yes,10.9,No,Cable,26,Yes,Yes,No,No,No,No,No,No,Two Year,Yes,Bank Withdrawal,54.2,0.0,10,No,6005,4,49-72
Male,36,No,0,0,46,Offer B,Yes,24.13,No,Cable,16,No,No,No,No,No,No,No,Yes,Month-to-Month,Yes,Credit Card,45.2,0.0,0,No,3150,3,25-48
Female,23,Yes,0,10,67,Offer A,Yes,4.71,Yes,DSL,58,Yes,Yes,Yes,No,No,Yes,Yes,Yes,One Year,No,Mailed Check,75.1,0.0,0,No,4931,9,49-72
Female,54,Yes,0,8,55,Offer B,Yes,3.28,No,No Internet Service,0,No,No,No,No,No,No,No,No,One Year,No,Bank Withdrawal,19.7,0.0,0,No,4888,1,49-72
Male,54,Yes,0,1,33,No Offer,Yes,19.11,Yes,DSL,21,Yes,Yes,Yes,No,Yes,No,No,Yes,Month-to-Month,Yes,Bank Withdrawal,72.75,0.0,0,No,4959,8,25-48
Male,64,Yes,1,5,62,Offer B,Yes,20.96,No,No Internet Service,0,No,No,No,No,No,No,No,No,Two Year,No,Credit Card,20.05,0.0,0,No,6444,1,49-72
Male,24,Yes,2,8,49,Offer B,No,0.0,No,DSL,47,Yes,No,No,No,No,Yes,Yes,Yes,Month-to-Month,Yes,Bank Withdrawal,39.2,0.0,0,No,4810,5,49-72
Male,37,No,0,0,1,Offer E,Yes,18.57,No,DSL,26,No,No,No,No,No,No,No,No,Month-to-Month,Yes,Bank Withdrawal,44.75,0.0,10,No,5479,2,0-12
Male,37,Yes,0,8,14,Offer D,Yes,45.57,Yes,Fiber Optic,10,No,Yes,Yes,No,No,No,No,Yes,Month-to-Month,Yes,Bank Withdrawal,82.65,0.0,0,No,4965,6,13-24
Female,43,Yes,0,1,72,Offer A,Yes,24.89,Yes,Fiber Optic,5,Yes,Yes,Yes,Yes,Yes,Yes,Yes,Yes,Two Year,Yes,Credit Card,117.15,0.0,0,No,4743,11,49-72
Male,38,No,0,0,64,Offer B,Yes,36.54,Yes,Fiber Optic,14,Yes,No,Yes,Yes,No,Yes,Yes,Yes,Two Year,No,Credit Card,99.25,0.0,0,No,5213,9,49-72
Male,29,Yes,0,9,69,Offer A,Yes,3.41,Yes,Fiber Optic,41,Yes,Yes,Yes,Yes,Yes,Yes,Yes,Yes,Two Year,Yes,Bank Withdrawal,112.55,0.0,0,No,5532,11,49-72
Female,30,No,0,0,1,Offer E,Yes,43.84,Yes,No Internet Service,0,No,No,No,No,No,No,No,No,Month-to-Month,Yes,Bank Withdrawal,25.7,0.0,0,No,5249,2,0-12
Male,48,Yes,3,1,71,Offer A,Yes,15.71,Yes,DSL,57,Yes,Yes,Yes,Yes,Yes,Yes,Yes,No,Two Year,No,Credit Card,90.3,0.0,100,No,6291,10,49-72
Female,34,Yes,2,1,66,Offer A,Yes,48.11,No,Cable,27,No,No,No,Yes,No,No,No,Yes,One Year,Yes,Credit Card,49.4,0.0,0,No,5232,4,49-72
Male,32,No,0,0,2,Offer E,Yes,15.16,No,No Internet Service,0,No,No,No,No,No,No,No,No,Month-to-Month,No,Credit Card,19.4,0.0,0,No,3954,1,0-12
Male,29,No,0,0,11,Offer D,Yes,27.84,No,Cable,59,No,Yes,No,No,Yes,No,No,Yes,One Year,Yes,Bank Withdrawal,61.25,0.0,0,No,2738,5,0-12
Male,52,No,2,0,47,Offer B,Yes,25.25,No,Cable,17,Yes,Yes,No,No,No,No,No,Yes,Month-to-Month,Yes,Bank Withdrawal,55.3,0.0,0,No,5491,5,25-48
Male,57,Yes,1,1,60,Offer B,Yes,2.83,Yes,Fiber Optic,19,No,Yes,No,Yes,Yes,Yes,Yes,Yes,Month-to-Month,Yes,Bank Withdrawal,103.75,0.0,0,No,6237,9,49-72
Male,22,No,0,0,11,Offer D,Yes,33.48,No,No Internet Service,0,No,No,No,No,No,No,No,No,One Year,No,Mailed Check,19.5,0.0,0,No,5825,1,0-12
Female,47,No,0,0,29,No Offer,No,0.0,No,Cable,28,Yes,Yes,No,Yes,No,No,No,Yes,One Year,No,Credit Card,39.5,0.0,0,No,5103,5,25-48
Male,23,Yes,9,1,21,Offer D,No,0.0,No,DSL,59,No,No,No,No,No,No,No,Yes,Month-to-Month,Yes,Bank Withdrawal,26.05,0.0,0,No,4302,2,13-24
Female,44,No,3,0,3,No Offer,No,0.0,No,DSL,53,No,Yes,No,No,No,No,No,Yes,Month-to-Month,No,Mailed Check,29.65,0.0,0,No,5880,3,0-12
Female,41,Yes,2,1,43,Offer B,Yes,14.64,No,DSL,19,No,Yes,No,No,No,No,No,Yes,Month-to-Month,No,Mailed Check,50.2,0.0,0,No,5284,4,25-48
Male,34,No,0,0,5,Offer E,Yes,44.65,Yes,Fiber Optic,30,No,Yes,Yes,No,Yes,Yes,Yes,Yes,Month-to-Month,No,Bank Withdrawal,105.3,0.0,0,No,4024,9,0-12
Female,63,No,0,0,1,Offer E,Yes,6.43,No,DSL,27,No,No,No,No,No,Yes,Yes,No,Month-to-Month,Yes,Bank Withdrawal,55.45,0.0,10,No,5286,4,0-12
Male,57,Yes,3,0,71,Offer A,Yes,23.41,Yes,DSL,53,Yes,No,Yes,Yes,Yes,Yes,Yes,Yes,One Year,No,Bank Withdrawal,85.45,0.0,0,No,5280,10,49-72
Female,20,Yes,0,1,8,Offer E,Yes,28.37,No,No Internet Service,0,No,No,No,No,No,No,No,No,One Year,No,Bank Withdrawal,19.8,0.0,0,No,5698,1,0-12
Male,38,No,0,0,8,Offer E,Yes,48.2,Yes,DSL,22,No,No,No,No,Yes,No,No,Yes,Month-to-Month,Yes,Bank Withdrawal,59.25,0.0,0,No,3003,5,0-12
Male,38,No,0,0,20,Offer D,Yes,25.41,Yes,Fiber Optic,27,No,No,Yes,No,Yes,No,No,Yes,Month-to-Month,Yes,Credit Card,90.7,0.0,0,No,2927,6,13-24
Male,44,No,0,0,71,Offer A,Yes,41.34,Yes,Fiber Optic,10,No,Yes,No,No,No,No,No,Yes,One Year,Yes,Credit Card,79.05,0.0,0,No,5466,5,49-72
Female,31,Yes,2,6,2,Offer E,No,0.0,No,DSL,20,No,Yes,No,No,No,No,No,Yes,Month-to-Month,Yes,Mailed Check,30.25,0.0,0,No,4387,3,0-12
Female,24,Yes,0,10,12,Offer D,No,0.0,No,Cable,82,No,No,Yes,No,Yes,Yes,Yes,Yes,Month-to-Month,Yes,Bank Withdrawal,49.85,0.0,0,No,2873,6,0-12
Female,46,No,1,0,9,No Offer,Yes,42.1,No,Fiber Optic,16,Yes,No,Yes,Yes,No,Yes,Yes,Yes,Month-to-Month,No,Bank Withdrawal,93.0,0.0,0,No,2267,8,0-12
Male,46,No,1,0,6,No Offer,Yes,27.78,No,No Internet Service,0,No,No,No,No,No,No,No,No,Month-to-Month,No,Mailed Check,19.7,0.0,0,No,2276,1,0-12
Female,50,Yes,0,2,71,No Offer,Yes,23.06,No,Cable,6,Yes,Yes,Yes,Yes,Yes,Yes,Yes,Yes,One Year,Yes,Bank Withdrawal,84.8,0.0,0,No,5643,10,49-72
Female,21,Yes,3,5,42,Offer B,Yes,6.37,Yes,Fiber Optic,69,Yes,Yes,No,No,Yes,No,No,No,One Year,Yes,Credit Card,94.45,0.0,140,No,5643,6,25-48
Female,24,Yes,1,2,45,Offer B,Yes,40.19,No,No Internet Service,0,No,No,No,No,No,No,No,No,Two Year,No,Mailed Check,20.85,0.0,0,No,2844,1,25-48
Male,58,Yes,3,8,28,No Offer,No,0.0,No,DSL,52,No,Yes,Yes,Yes,Yes,Yes,Yes,Yes,One Year,Yes,Credit Card,60.0,0.0,0,No,2797,8,25-48
Female,41,Yes,0,7,43,Offer B,Yes,41.83,Yes,Fiber Optic,15,No,Yes,No,No,No,No,No,Yes,Month-to-Month,No,Bank Withdrawal,80.45,0.0,0,No,5357,5,25-48
Male,28,No,1,0,60,Offer B,Yes,49.96,Yes,DSL,85,Yes,No,Yes,Yes,Yes,Yes,Yes,Yes,Two Year,Yes,Bank Withdrawal,84.95,0.0,0,No,4104,10,49-72
Male,46,Yes,2,4,7,No Offer,No,0.0,No,DSL,28,Yes,No,Yes,Yes,No,Yes,Yes,Yes,Two Year,No,Credit Card,49.65,0.0,0,No,2750,7,0-12
Female,21,Yes,0,2,25,No Offer,Yes,10.49,No,No Internet Service,0,No,No,No,No,No,No,No,No,One Year,Yes,Bank Withdrawal,20.2,0.0,0,No,4129,1,25-48
Male,23,No,0,0,27,Offer C,Yes,8.86,Yes,Fiber Optic,73,No,No,Yes,No,Yes,Yes,Yes,No,One Year,Yes,Bank Withdrawal,100.5,0.0,70,No,5939,7,25-48
Male,53,No,0,0,10,Offer D,No,0.0,No,DSL,22,No,Yes,No,Yes,No,No,No,Yes,Month-to-Month,No,Bank Withdrawal,35.75,0.0,0,No,2263,4,0-12
Female,33,No,0,0,11,Offer D,Yes,7.42,No,DSL,17,No,No,Yes,Yes,No,No,No,Yes,One Year,No,Bank Withdrawal,53.8,0.0,0,No,5899,5,0-12
Male,56,Yes,3,3,4,No Offer,No,0.0,No,DSL,53,Yes,No,No,No,Yes,No,No,Yes,Month-to-Month,No,Credit Card,38.55,0.0,0,No,3824,4,0-12
Male,19,No,0,0,68,No Offer,No,0.0,No,DSL,58,No,No,Yes,No,No,Yes,Yes,Yes,Month-to-Month,Yes,Bank Withdrawal,39.9,0.0,0,No,6270,5,49-72
Female,38,No,0,0,18,Offer D,Yes,18.8,No,No Internet Service,0,No,No,No,No,No,No,No,No,One Year,No,Mailed Check,20.1,0.0,0,No,2910,1,13-24
Male,57,No,0,0,26,Offer C,Yes,13.34,No,No Internet Service,0,No,No,No,No,No,No,No,No,Month-to-Month,Yes,Bank Withdrawal,20.3,0.0,0,No,5712,1,25-48
Female,48,Yes,0,5,17,Offer D,No,0.0,No,DSL,23,No,Yes,Yes,No,No,No,No,Yes,Month-to-Month,Yes,Credit Card,35.65,0.0,0,No,5977,4,13-24
Male,35,No,0,0,30,Offer C,Yes,47.06,No,Cable,24,Yes,No,Yes,No,No,No,No,Yes,Two Year,Yes,Mailed Check,55.65,0.0,0,No,5445,5,25-48
Male,61,No,0,0,9,No Offer,No,0.0,No,DSL,14,Yes,No,Yes,Yes,No,Yes,Yes,Yes,One Year,No,Mailed Check,50.8,0.0,0,No,5535,7,0-12
Female,44,Yes,3,1,3,No Offer,Yes,30.34,No,No Internet Service,0,No,No,No,No,No,No,No,No,Month-to-Month,No,Credit Card,19.65,0.0,0,No,4943,1,0-12
Female,44,No,1,0,14,Offer D,Yes,44.14,No,DSL,24,No,No,Yes,No,Yes,No,No,Yes,Month-to-Month,Yes,Credit Card,59.8,0.0,0,No,5962,5,13-24
Female,38,No,0,0,7,No Offer,Yes,15.84,No,DSL,14,Yes,Yes,Yes,No,No,No,No,Yes,Month-to-Month,No,Bank Withdrawal,61.4,0.0,0,No,2845,6,0-12
Male,61,Yes,0,8,17,Offer D,Yes,14.69,No,No Internet Service,0,No,No,No,No,No,No,No,No,One Year,No,Bank Withdrawal,19.9,0.0,0,No,3526,1,13-24
Male,22,Yes,3,5,32,Offer C,Yes,35.05,No,No Internet Service,0,No,No,No,No,No,No,No,No,Month-to-Month,Yes,Credit Card,19.45,0.0,0,No,4363,1,25-48
Female,27,Yes,3,9,72,No Offer,Yes,33.39,Yes,Fiber Optic,52,Yes,Yes,Yes,No,Yes,Yes,Yes,No,Two Year,No,Credit Card,109.55,0.0,120,No,5723,9,49-72
Female,56,Yes,2,6,27,Offer C,Yes,46.66,No,Fiber Optic,28,Yes,No,No,No,No,No,No,Yes,Month-to-Month,No,Credit Card,74.4,0.0,0,No,4331,4,25-48
Male,55,No,0,0,7,Offer E,Yes,34.59,No,Fiber Optic,12,No,No,Yes,No,No,No,No,Yes,Month-to-Month,Yes,Bank Withdrawal,74.9,0.0,0,No,5335,4,0-12
Male,25,Yes,1,7,11,Offer D,Yes,21.14,No,DSL,47,No,No,Yes,No,Yes,No,No,Yes,Month-to-Month,Yes,Bank Withdrawal,59.65,0.0,0,No,2136,5,0-12
Female,62,Yes,1,9,72,No Offer,Yes,46.63,Yes,Fiber Optic,14,Yes,No,Yes,Yes,Yes,Yes,Yes,Yes,Two Year,Yes,Bank Withdrawal,110.45,0.0,0,No,4754,10,49-72
Female,30,No,0,0,71,No Offer,Yes,2.66,Yes,No Internet Service,0,No,No,No,No,No,No,No,No,Two Year,No,Bank Withdrawal,24.55,0.0,0,No,4555,2,49-72
Male,28,Yes,2,3,47,Offer B,Yes,15.68,Yes,No Internet Service,0,No,No,No,No,No,No,No,No,Two Year,No,Credit Card,24.55,0.0,0,No,3629,2,25-48
Male,23,No,0,0,8,Offer E,Yes,35.21,No,No Internet Service,0,No,No,No,No,No,No,No,No,Month-to-Month,Yes,Credit Card,20.45,0.0,0,No,5624,1,0-12
Female,20,Yes,2,3,48,Offer B,Yes,13.26,No,No Internet Service,0,No,No,No,No,No,No,No,No,Two Year,No,Credit Card,19.55,0.0,0,No,5461,1,25-48
Female,30,No,0,0,70,No Offer,Yes,10.0,No,No Internet Service,0,No,No,No,No,No,No,No,No,One Year,No,Bank Withdrawal,19.7,0.0,0,No,6072,1,49-72
Male,61,No,1,0,1,No Offer,Yes,20.1,No,Cable,21,Yes,Yes,No,Yes,No,Yes,Yes,Yes,Month-to-Month,Yes,Bank Withdrawal,70.45,0.0,0,No,2706,8,0-12
Male,62,Yes,0,1,8,Offer E,Yes,39.59,Yes,Fiber Optic,16,No,No,No,No,No,Yes,Yes,No,Month-to-Month,Yes,Bank Withdrawal,85.65,0.0,70,No,2512,5,0-12
Male,37,Yes,3,4,60,Offer B,Yes,15.65,No,No Internet Service,0,No,No,No,No,No,No,No,No,Two Year,No,Credit Card,20.55,0.0,0,No,4020,1,49-72
Male,61,Yes,1,7,49,Offer B,Yes,16.02,Yes,Fiber Optic,18,No,No,No,Yes,Yes,Yes,Yes,Yes,One Year,Yes,Bank Withdrawal,97.95,0.0,0,No,4301,8,49-72
Female,30,No,0,0,29,Offer C,Yes,32.43,No,No Internet Service,0,No,No,No,No,No,No,No,No,One Year,No,Credit Card,20.0,0.0,0,No,4128,1,25-48
Female,55,Yes,0,1,67,No Offer,Yes,35.34,Yes,No Internet Service,0,No,No,No,No,No,No,No,No,Two Year,Yes,Credit Card,25.25,0.0,0,No,5887,2,49-72
Male,38,Yes,0,8,67,No Offer,Yes,28.06,Yes,DSL,15,Yes,Yes,Yes,Yes,No,No,No,Yes,Two Year,No,Credit Card,70.9,0.0,0,No,4361,8,49-72
Female,40,Yes,1,1,6,Offer E,Yes,6.48,No,No Internet Service,0,No,No,No,No,No,No,No,No,Month-to-Month,No,Credit Card,19.85,0.0,0,No,5060,1,0-12
Female,51,No,0,0,47,Offer B,Yes,14.54,Yes,Fiber Optic,10,No,Yes,Yes,No,Yes,Yes,Yes,Yes,Month-to-Month,Yes,Bank Withdrawal,106.35,0.0,0,No,3723,9,25-48
Female,46,No,0,0,53,Offer B,Yes,43.57,No,Fiber Optic,13,Yes,Yes,Yes,Yes,No,Yes,Yes,Yes,Two Year,No,Credit Card,99.5,0.0,0,No,4754,9,49-72
Male,41,Yes,0,10,69,No Offer,Yes,48.37,No,DSL,7,Yes,Yes,Yes,Yes,Yes,Yes,Yes,Yes,Two Year,Yes,Credit Card,84.7,0.0,0,No,5345,10,49-72
Male,54,No,0,0,3,Offer E,Yes,18.26,No,Fiber Optic,29,Yes,No,No,No,No,Yes,Yes,Yes,Month-to-Month,Yes,Credit Card,86.05,0.0,0,No,2500,6,0-12
Male,38,No,0,0,4,Offer E,Yes,30.07,No,Cable,29,No,No,No,No,No,No,No,Yes,Month-to-Month,No,Credit Card,44.55,0.0,0,No,2124,3,0-12
Male,33,Yes,1,6,56,Offer B,Yes,37.58,Yes,DSL,26,Yes,Yes,No,Yes,No,Yes,Yes,Yes,Two Year,Yes,Credit Card,75.85,0.0,0,No,5314,9,49-72
Female,38,Yes,0,8,2,Offer E,Yes,15.5,No,DSL,12,No,No,No,No,No,No,No,Yes,Month-to-Month,Yes,Bank Withdrawal,45.0,0.0,0,No,5225,3,0-12
Male,57,Yes,1,6,12,No Offer,Yes,46.06,No,No Internet Service,0,No,No,No,No,No,No,No,No,Month-to-Month,No,Credit Card,20.5,0.0,0,No,2891,1,0-12
Female,44,Yes,1,7,28,Offer C,Yes,26.28,Yes,Fiber Optic,19,No,No,No,Yes,No,Yes,Yes,Yes,One Year,Yes,Bank Withdrawal,90.45,0.0,0,No,5823,7,25-48
Male,50,No,0,0,24,Offer C,Yes,23.71,No,DSL,4,Yes,Yes,No,Yes,No,No,No,Yes,Month-to-Month,No,Bank Withdrawal,60.45,0.0,0,No,5095,6,13-24
Female,57,Yes,3,8,68,No Offer,Yes,7.47,Yes,DSL,29,Yes,Yes,Yes,Yes,No,Yes,Yes,Yes,One Year,Yes,Bank Withdrawal,78.45,0.0,0,No,5071,10,49-72
Male,21,No,1,0,39,Offer C,Yes,14.72,Yes,Fiber Optic,85,No,No,No,Yes,Yes,Yes,Yes,Yes,Two Year,No,Credit Card,100.55,0.0,0,No,3124,8,25-48
Female,37,Yes,0,0,42,Offer B,Yes,5.95,No,No Internet Service,0,No,No,No,No,No,No,No,No,Month-to-Month,No,Credit Card,20.35,0.0,0,No,2127,1,25-48
Female,56,Yes,0,1,6,No Offer,Yes,23.35,Yes,Fiber Optic,8,No,Yes,No,No,No,Yes,Yes,Yes,Month-to-Month,Yes,Bank Withdrawal,90.75,0.0,0,No,4297,7,0-12
Female,47,Yes,0,1,38,Offer C,Yes,10.54,No,No Internet Service,0,No,No,No,No,No,No,No,No,One Year,Yes,Credit Card,20.25,0.0,0,No,4411,1,25-48
Male,64,No,0,0,18,No Offer,Yes,26.26,No,No Internet Service,0,No,No,No,No,No,No,No,No,Two Year,No,Credit Card,20.05,0.0,0,No,2782,1,13-24
Female,34,Yes,0,1,4,No Offer,Yes,29.14,No,No Internet Service,0,No,No,No,No,No,No,No,No,Month-to-Month,No,Credit Card,19.6,0.0,0,No,4580,1,0-12
Male,32,Yes,0,1,27,Offer C,Yes,41.48,No,DSL,15,No,Yes,No,Yes,No,No,No,Yes,Month-to-Month,Yes,Bank Withdrawal,53.8,0.0,0,No,2563,5,25-48
Male,44,No,1,0,41,No Offer,Yes,13.76,No,Cable,11,Yes,Yes,Yes,No,Yes,No,No,Yes,One Year,No,Credit Card,70.2,0.0,0,No,5365,7,25-48
Male,29,Yes,1,1,50,No Offer,Yes,31.83,No,Cable,47,Yes,No,No,Yes,Yes,Yes,Yes,No,One Year,No,Bank Withdrawal,75.5,0.0,100,No,5141,7,49-72
Male,24,Yes,1,1,72,No Offer,Yes,22.78,No,No Internet Service,0,No,No,No,No,No,No,No,No,Two Year,No,Bank Withdrawal,20.35,0.0,0,No,4949,1,49-72
Female,35,No,0,0,70,No Offer,Yes,31.33,Yes,No Internet Service,0,No,No,No,No,No,No,No,No,One Year,No,Credit Card,26.05,0.0,0,No,4467,2,49-72
Male,37,Yes,2,1,44,No Offer,Yes,34.94,No,No Internet Service,0,No,No,No,No,No,No,No,No,One Year,No,Bank Withdrawal,20.6,0.0,0,No,2471,1,25-48
Female,43,Yes,1,1,34,Offer C,Yes,41.72,No,No Internet Service,0,No,No,No,No,No,No,No,No,One Year,Yes,Bank Withdrawal,20.1,0.0,0,No,2272,1,25-48
Male,20,Yes,0,9,71,No Offer,Yes,32.18,Yes,No Internet Service,0,No,No,No,No,No,No,No,No,Two Year,Yes,Bank Withdrawal,24.5,0.0,0,No,4058,2,49-72
Female,42,No,0,0,64,No Offer,Yes,5.68,Yes,Fiber Optic,24,No,Yes,Yes,Yes,Yes,Yes,Yes,No,Two Year,Yes,Credit Card,110.5,0.0,60,No,5718,9,49-72
Female,45,Yes,0,9,72,No Offer,Yes,49.51,Yes,No Internet Service,0,No,No,No,No,No,No,No,No,Two Year,Yes,Bank Withdrawal,25.25,0.0,0,No,4551,2,49-72
Female,38,Yes,0,3,23,No Offer,Yes,31.39,No,DSL,29,Yes,No,Yes,Yes,No,Yes,Yes,Yes,One Year,Yes,Bank Withdrawal,68.75,0.0,0,No,3519,8,13-24
Male,19,Yes,3,10,52,No Offer,Yes,40.76,No,No Internet Service,0,No,No,No,No,No,No,No,No,Two Year,No,Credit Card,19.2,0.0,0,No,4203,1,49-72
Female,51,No,0,0,64,No Offer,Yes,44.31,Yes,Fiber Optic,4,Yes,Yes,Yes,Yes,Yes,Yes,Yes,Yes,Two Year,Yes,Bank Withdrawal,115.1,0.0,0,No,5213,11,49-72
Male,39,No,0,0,24,Offer C,Yes,25.68,Yes,Fiber Optic,6,No,Yes,No,No,Yes,Yes,Yes,Yes,Month-to-Month,Yes,Bank Withdrawal,99.65,0.0,0,No,5207,8,13-24
Male,39,Yes,0,0,2,No Offer,Yes,49.41,Yes,Fiber Optic,20,No,No,Yes,No,Yes,No,No,No,Month-to-Month,Yes,Bank Withdrawal,91.45,0.0,10,No,4889,5,0-12
Female,41,Yes,2,9,34,Offer C,Yes,9.09,No,DSL,16,Yes,Yes,Yes,Yes,Yes,Yes,Yes,Yes,Two Year,No,Credit Card,84.75,0.0,0,No,2020,10,25-48
Male,43,Yes,3,7,53,No Offer,Yes,31.86,Yes,DSL,56,No,No,Yes,Yes,Yes,Yes,Yes,Yes,One Year,Yes,Credit Card,78.75,0.0,0,No,5052,9,49-72
Female,64,Yes,1,8,47,No Offer,Yes,37.35,No,No Internet Service,0,No,No,No,No,No,No,No,No,Two Year,No,Credit Card,20.25,0.0,0,No,2070,1,25-48
Male,22,No,1,0,72,No Offer,Yes,31.93,No,No Internet Service,0,No,No,No,No,No,No,No,No,Two Year,No,Credit Card,19.9,0.0,0,No,5730,1,49-72
Male,25,Yes,3,1,72,No Offer,Yes,20.79,Yes,Fiber Optic,59,Yes,Yes,No,Yes,No,Yes,Yes,Yes,Two Year,Yes,Credit Card,97.75,0.0,0,No,4054,9,49-72
Female,45,No,0,0,7,No Offer,Yes,39.02,No,Fiber Optic,25,No,No,Yes,Yes,Yes,Yes,Yes,Yes,Month-to-Month,Yes,Bank Withdrawal,100.4,0.0,0,No,5041,8,0-12
Female,59,Yes,0,10,71,No Offer,Yes,33.0,Yes,No Internet Service,0,No,No,No,No,No,No,No,No,Two Year,Yes,Credit Card,24.45,0.0,0,No,4742,2,49-72
Male,39,Yes,2,2,67,Offer A,No,0.0,No,DSL,17,Yes,No,No,No,Yes,Yes,Yes,Yes,Two Year,No,Credit Card,50.9,0.0,0,No,5281,6,49-72
Male,51,Yes,0,8,69,Offer A,Yes,33.37,Yes,Fiber Optic,24,Yes,Yes,Yes,Yes,No,Yes,Yes,Yes,One Year,Yes,Credit Card,107.2,0.0,0,No,5935,10,49-72
Male,33,No,0,0,72,Offer A,Yes,2.56,Yes,Fiber Optic,25,Yes,Yes,Yes,Yes,Yes,Yes,Yes,Yes,Two Year,No,Bank Withdrawal,113.4,0.0,0,No,6347,11,49-72
Male,31,Yes,1,10,34,No Offer,No,0.0,No,DSL,29,No,No,No,Yes,Yes,No,No,Yes,Two Year,Yes,Bank Withdrawal,40.55,0.0,0,No,3897,4,25-48
Female,48,Yes,1,7,65,No Offer,Yes,2.95,Yes,No Internet Service,0,No,No,No,No,No,No,No,No,Two Year,No,Credit Card,26.0,0.0,0,No,5352,2,49-72
Female,60,No,0,0,70,Offer A,Yes,44.57,Yes,Fiber Optic,26,Yes,Yes,Yes,Yes,Yes,Yes,Yes,Yes,Two Year,Yes,Credit Card,111.95,0.0,0,No,4182,11,49-72
Female,61,Yes,1,10,72,Offer A,No,0.0,No,Cable,14,Yes,No,Yes,No,Yes,Yes,Yes,Yes,Two Year,Yes,Credit Card,53.8,0.0,0,No,4954,7,49-72
Male,23,No,2,0,35,No Offer,Yes,10.11,No,DSL,73,No,No,No,Yes,Yes,Yes,Yes,Yes,One Year,Yes,Credit Card,72.1,0.0,0,No,5510,7,25-48
Female,46,Yes,0,3,12,No Offer,Yes,25.09,Yes,Cable,17,Yes,No,Yes,No,Yes,Yes,Yes,Yes,One Year,No,Bank Withdrawal,78.85,0.0,0,No,2495,9,0-12
Female,58,Yes,2,5,62,No Offer,Yes,42.05,No,DSL,20,Yes,No,Yes,Yes,Yes,No,No,Yes,One Year,Yes,Bank Withdrawal,70.75,0.0,0,No,4133,7,49-72
Female,26,No,0,0,25,No Offer,Yes,21.67,No,DSL,48,Yes,No,No,Yes,Yes,Yes,Yes,Yes,Month-to-Month,Yes,Credit Card,76.15,0.0,0,No,3955,8,25-48
Female,63,No,0,0,52,No Offer,No,0.0,No,DSL,7,Yes,Yes,No,Yes,No,No,No,No,Two Year,No,Credit Card,39.1,0.0,130,No,4247,4,49-72
Male,33,No,0,0,2,No Offer,Yes,1.81,No,No Internet Service,0,No,No,No,No,No,No,No,No,Month-to-Month,No,Credit Card,20.05,0.0,0,No,4978,1,0-12
Female,58,Yes,3,10,56,No Offer,Yes,35.38,No,No Internet Service,0,No,No,No,No,No,No,No,No,Two Year,No,Credit Card,20.05,0.0,0,No,5172,1,49-72
Female,27,No,0,0,12,No Offer,Yes,35.81,No,No Internet Service,0,No,No,No,No,No,No,No,No,Month-to-Month,No,Bank Withdrawal,19.45,0.0,0,No,4862,1,0-12
Female,20,Yes,0,7,47,No Offer,Yes,11.68,Yes,No Internet Service,0,No,No,No,No,No,No,No,No,One Year,No,Bank Withdrawal,26.9,0.0,0,No,2382,2,25-48
Female,30,No,0,0,18,No Offer,Yes,17.33,No,DSL,69,No,No,Yes,No,No,No,No,No,Month-to-Month,Yes,Credit Card,50.0,0.0,50,No,4952,3,13-24
Female,43,No,0,0,8,No Offer,Yes,46.78,No,DSL,24,Yes,No,No,No,Yes,No,No,Yes,Month-to-Month,Yes,Bank Withdrawal,60.0,0.0,0,No,5862,5,0-12
Male,49,Yes,0,8,45,No Offer,Yes,22.8,Yes,Fiber Optic,15,Yes,No,Yes,No,No,No,No,Yes,Month-to-Month,Yes,Credit Card,84.55,0.0,0,No,3289,6,25-48
Male,35,No,0,0,3,No Offer,Yes,20.37,No,Cable,17,No,No,No,No,No,No,No,Yes,Month-to-Month,No,Credit Card,45.45,0.0,0,No,3666,3,0-12
Female,22,No,0,0,38,No Offer,Yes,40.64,No,No Internet Service,0,No,No,No,No,No,No,No,No,One Year,No,Credit Card,20.05,0.0,0,No,4539,1,25-48
Male,46,Yes,0,2,72,Offer A,Yes,47.82,Yes,Fiber Optic,21,Yes,Yes,Yes,Yes,Yes,Yes,Yes,Yes,Two Year,Yes,Bank Withdrawal,115.55,0.0,0,No,5890,11,49-72
Female,43,Yes,2,4,71,Offer A,Yes,15.73,Yes,Fiber Optic,17,Yes,Yes,Yes,No,Yes,No,No,Yes,Two Year,Yes,Credit Card,99.0,0.0,0,No,4305,8,49-72
Male,33,Yes,4,9,66,Offer A,No,0.0,No,Cable,23,No,No,No,Yes,Yes,Yes,Yes,No,Two Year,No,Bank Withdrawal,50.55,0.0,110,No,4652,5,49-72
Female,44,Yes,3,5,13,No Offer,Yes,35.19,Yes,No Internet Service,0,No,No,No,No,No,No,No,No,Two Year,Yes,Bank Withdrawal,25.0,0.0,0,No,4734,2,13-24
Female,52,Yes,3,1,65,No Offer,Yes,10.11,Yes,Cable,26,Yes,Yes,Yes,Yes,Yes,Yes,Yes,Yes,Two Year,No,Bank Withdrawal,91.55,0.0,0,No,4921,11,49-72
Male,19,Yes,3,2,15,No Offer,Yes,46.47,No,No Internet Service,0,No,No,No,No,No,No,No,No,Two Year,No,Credit Card,19.35,0.0,0,No,2742,1,13-24
Female,21,Yes,0,1,72,Offer A,Yes,13.27,Yes,No Internet Service,0,No,No,No,No,No,No,No,No,Two Year,No,Credit Card,24.85,0.0,0,No,4067,2,49-72
Female,42,Yes,3,1,42,No Offer,Yes,12.6,No,Fiber Optic,26,No,No,Yes,Yes,Yes,Yes,Yes,Yes,Two Year,Yes,Bank Withdrawal,100.4,0.0,0,No,3265,8,25-48
Female,61,Yes,0,1,71,Offer A,Yes,48.01,Yes,No Internet Service,0,No,No,No,No,No,No,No,No,Two Year,No,Bank Withdrawal,25.0,0.0,0,No,4066,2,49-72
Female,31,No,0,0,35,No Offer,Yes,37.81,No,No Internet Service,0,No,No,No,No,No,No,No,No,Month-to-Month,No,Bank Withdrawal,19.25,0.0,0,No,4988,1,25-48
Female,38,Yes,2,1,53,No Offer,Yes,43.39,No,Fiber Optic,29,No,Yes,Yes,Yes,Yes,Yes,Yes,Yes,Month-to-Month,Yes,Bank Withdrawal,108.25,0.0,0,No,5989,9,49-72
Male,41,No,0,0,48,No Offer,Yes,33.68,No,No Internet Service,0,No,No,No,No,No,No,No,No,Two Year,No,Credit Card,20.15,0.0,0,No,4399,1,25-48
Male,56,No,0,0,10,No Offer,Yes,4.42,No,No Internet Service,0,No,No,No,No,No,No,No,No,Month-to-Month,No,Credit Card,20.0,0.0,0,No,2411,1,0-12
Female,62,No,2,0,12,No Offer,Yes,16.96,Yes,Fiber Optic,18,No,Yes,Yes,No,Yes,Yes,Yes,Yes,Month-to-Month,Yes,Bank Withdrawal,105.3,0.0,0,No,5913,9,0-12
Female,47,Yes,0,0,58,No Offer,Yes,40.16,No,DSL,20,Yes,Yes,No,No,Yes,No,No,No,Month-to-Month,Yes,Credit Card,65.25,0.0,110,No,5912,5,49-72
Female,49,No,0,0,37,No Offer,Yes,41.99,No,No Internet Service,0,No,No,No,No,No,No,No,No,Two Year,No,Credit Card,19.8,0.0,0,No,5336,1,25-48
Female,21,Yes,2,1,44,No Offer,Yes,4.17,No,No Internet Service,0,No,No,No,No,No,No,No,No,Month-to-Month,No,Credit Card,19.6,0.0,0,No,5584,1,25-48
Male,26,No,3,0,27,No Offer,Yes,17.3,No,No Internet Service,0,No,No,No,No,No,No,No,No,One Year,No,Credit Card,20.05,0.0,0,No,2400,1,25-48
Female,52,No,0,0,8,No Offer,Yes,20.9,No,DSL,6,No,No,No,Yes,No,No,No,Yes,Month-to-Month,No,Bank Withdrawal,49.4,0.0,0,No,2907,4,0-12
Female,37,Yes,3,1,57,No Offer,Yes,32.37,Yes,Fiber Optic,28,No,Yes,No,No,Yes,Yes,Yes,Yes,Month-to-Month,Yes,Bank Withdrawal,100.6,0.0,0,No,6351,8,49-72
Female,38,No,0,0,12,No Offer,Yes,18.12,No,No Internet Service,0,No,No,No,No,No,No,No,No,Month-to-Month,No,Credit Card,19.45,0.0,0,No,4788,1,0-12
Female,57,Yes,2,1,62,No Offer,Yes,2.41,No,No Internet Service,0,No,No,No,No,No,No,No,No,Two Year,No,Bank Withdrawal,20.3,0.0,0,No,4574,1,49-72
Female,25,Yes,0,1,65,No Offer,Yes,27.69,Yes,Fiber Optic,52,No,Yes,Yes,Yes,Yes,Yes,Yes,Yes,Two Year,Yes,Bank Withdrawal,107.65,0.0,0,No,4193,10,49-72
Female,30,Yes,0,1,71,Offer A,Yes,26.58,Yes,Cable,27,No,No,Yes,Yes,Yes,Yes,Yes,Yes,Two Year,Yes,Bank Withdrawal,80.45,0.0,0,No,4518,9,49-72
Female,63,Yes,3,1,21,No Offer,Yes,35.72,No,Cable,30,No,Yes,No,No,Yes,No,No,Yes,One Year,Yes,Credit Card,58.85,0.0,0,No,2845,5,13-24
Male,53,Yes,0,9,71,Offer A,Yes,49.32,Yes,Fiber Optic,9,Yes,Yes,Yes,No,Yes,Yes,Yes,Yes,One Year,Yes,Bank Withdrawal,109.6,0.0,0,No,4564,10,49-72
Female,56,No,0,0,7,No Offer,Yes,30.06,No,Fiber Optic,10,No,No,Yes,No,No,No,No,No,Month-to-Month,Yes,Bank Withdrawal,75.15,0.0,10,No,4216,3,0-12
Female,23,No,0,0,72,Offer A,Yes,23.02,No,Cable,69,Yes,Yes,Yes,Yes,No,Yes,Yes,Yes,Two Year,Yes,Credit Card,73.0,0.0,0,No,5127,9,49-72
Female,53,No,0,0,1,No Offer,Yes,1.15,No,Fiber Optic,23,No,No,No,No,No,No,No,Yes,Month-to-Month,No,Bank Withdrawal,70.1,0.0,0,No,2475,3,0-12
Female,61,Yes,2,6,72,Offer A,Yes,35.21,Yes,Fiber Optic,10,No,Yes,Yes,Yes,No,Yes,Yes,Yes,Two Year,Yes,Bank Withdrawal,98.65,0.0,0,No,4616,9,49-72
Female,48,Yes,3,3,64,Offer B,Yes,39.37,Yes,Fiber Optic,53,No,Yes,Yes,Yes,Yes,Yes,Yes,Yes,One Year,Yes,Bank Withdrawal,111.45,0.0,0,No,5129,10,49-72
Female,56,No,0,0,72,Offer A,Yes,48.37,Yes,Fiber Optic,5,Yes,Yes,Yes,Yes,Yes,Yes,Yes,Yes,Two Year,Yes,Bank Withdrawal,114.9,0.0,0,No,4589,11,49-72
Female,33,No,0,0,29,No Offer,Yes,10.67,Yes,Fiber Optic,12,No,No,Yes,No,Yes,Yes,Yes,Yes,Month-to-Month,No,Bank Withdrawal,100.55,0.0,0,No,4847,8,25-48
Female,23,No,0,0,13,No Offer,Yes,6.56,No,No Internet Service,0,No,No,No,No,No,No,No,No,Two Year,Yes,Credit Card,20.4,0.0,0,No,4883,1,13-24
Female,23,No,0,0,31,No Offer,Yes,45.71,Yes,Fiber Optic,58,Yes,Yes,No,No,Yes,Yes,Yes,Yes,Month-to-Month,No,Bank Withdrawal,104.35,0.0,0,No,5320,9,25-48
Female,43,Yes,3,8,14,Offer D,Yes,9.77,Yes,DSL,21,No,Yes,No,Yes,Yes,Yes,Yes,Yes,Month-to-Month,No,Credit Card,80.45,0.0,0,No,5772,9,13-24
Female,47,No,0,0,72,Offer A,Yes,44.21,Yes,DSL,22,Yes,Yes,Yes,Yes,Yes,Yes,Yes,Yes,Two Year,Yes,Bank Withdrawal,91.35,0.0,0,No,5378,11,49-72
Male,47,Yes,1,0,25,No Offer,Yes,18.87,No,No Internet Service,0,No,No,No,No,No,No,No,No,One Year,No,Bank Withdrawal,19.9,0.0,0,No,4134,1,25-48
Male,22,No,0,0,18,Offer D,Yes,48.68,No,DSL,48,Yes,No,Yes,Yes,Yes,No,No,Yes,Month-to-Month,Yes,Bank Withdrawal,68.35,0.0,0,No,5993,7,13-24
Male,21,Yes,0,6,71,Offer A,Yes,28.02,No,DSL,27,No,Yes,Yes,Yes,Yes,Yes,Yes,Yes,Two Year,Yes,Credit Card,79.1,0.0,0,No,5872,9,49-72
Female,56,No,1,0,2,No Offer,Yes,5.3,Yes,Fiber Optic,11,Yes,No,No,No,No,No,No,Yes,Month-to-Month,No,Credit Card,80.55,0.0,0,No,5346,5,0-12
Male,48,Yes,3,1,17,Offer D,Yes,29.87,Yes,DSL,53,No,Yes,Yes,Yes,No,No,No,Yes,Month-to-Month,Yes,Mailed Check,66.7,0.0,0,No,2814,7,13-24
Male,32,No,0,0,56,Offer B,Yes,37.15,Yes,Fiber Optic,13,Yes,Yes,No,No,No,No,No,Yes,Month-to-Month,Yes,Bank Withdrawal,86.4,0.0,0,No,4449,6,49-72
Female,31,Yes,0,7,60,Offer B,No,0.0,No,Cable,4,Yes,Yes,Yes,No,No,Yes,Yes,Yes,One Year,No,Bank Withdrawal,50.05,0.0,0,No,5493,7,49-72
Female,60,No,0,0,33,No Offer,Yes,36.5,Yes,No Internet Service,0,No,No,No,No,No,No,No,No,Two Year,No,Credit Card,25.7,0.0,0,No,3378,2,25-48
Female,49,No,0,0,1,No Offer,Yes,43.06,No,Fiber Optic,9,Yes,Yes,No,Yes,No,No,No,Yes,Month-to-Month,Yes,Credit Card,83.4,0.0,0,No,5960,6,0-12
Male,52,Yes,0,8,63,Offer B,Yes,12.96,Yes,Fiber Optic,7,Yes,No,No,Yes,No,No,No,No,Two Year,Yes,Credit Card,84.65,0.0,20,No,4604,5,49-72
Female,63,No,0,0,55,Offer B,Yes,27.0,No,Cable,20,No,Yes,Yes,No,No,Yes,Yes,Yes,Two Year,Yes,Mailed Check,64.75,0.0,0,No,4634,7,49-72
Female,35,Yes,0,8,65,Offer B,Yes,36.62,Yes,Fiber Optic,6,Yes,Yes,No,Yes,Yes,No,No,Yes,One Year,Yes,Bank Withdrawal,100.15,0.0,0,No,4915,8,49-72
Male,28,No,0,0,63,Offer B,Yes,4.01,Yes,No Internet Service,0,No,No,No,No,No,No,No,No,Two Year,No,Mailed Check,25.25,0.0,0,No,4530,2,49-72
Female,19,Yes,3,5,36,No Offer,No,0.0,No,Cable,71,Yes,No,Yes,Yes,No,No,No,Yes,Two Year,No,Credit Card,40.65,0.0,0,No,2564,5,25-48
Male,37,No,0,0,22,Offer D,Yes,48.07,No,Fiber Optic,18,No,Yes,Yes,Yes,No,Yes,Yes,Yes,Month-to-Month,Yes,Bank Withdrawal,94.95,0.0,0,No,4242,8,13-24
Female,50,No,0,0,1,No Offer,Yes,11.96,No,No Internet Service,0,No,No,No,No,No,No,No,No,Month-to-Month,No,Credit Card,19.8,0.0,0,No,3129,1,0-12
Male,55,No,0,0,56,Offer B,Yes,49.36,No,DSL,21,No,Yes,Yes,Yes,Yes,Yes,Yes,Yes,Two Year,Yes,Credit Card,81.8,0.0,0,No,4399,9,49-72
Female,40,No,0,0,2,Offer E,Yes,43.27,No,No Internet Service,0,No,No,No,No,No,No,No,No,Month-to-Month,Yes,Mailed Check,20.0,0.0,0,No,2237,1,0-12
Male,48,No,0,0,35,No Offer,Yes,20.61,Yes,DSL,16,Yes,No,Yes,No,No,No,No,Yes,Month-to-Month,Yes,Bank Withdrawal,59.6,0.0,0,No,2187,6,25-48
Female,44,Yes,0,5,64,Offer B,Yes,6.81,Yes,No Internet Service,0,No,No,No,No,No,No,No,No,Two Year,No,Credit Card,25.0,0.0,0,No,5538,2,49-72
Female,44,No,0,0,15,Offer D,Yes,6.22,Yes,Fiber Optic,4,Yes,No,Yes,No,No,No,No,Yes,Month-to-Month,Yes,Credit Card,84.35,0.0,0,No,3314,6,13-24
Male,23,No,0,0,1,Offer E,Yes,33.32,No,DSL,48,No,No,No,No,No,Yes,Yes,No,Month-to-Month,No,Mailed Check,55.55,0.0,30,No,2207,4,0-12
Female,35,Yes,3,9,70,Offer A,Yes,39.53,No,DSL,53,Yes,No,No,Yes,Yes,Yes,Yes,Yes,Two Year,No,Credit Card,75.35,0.0,0,No,6477,8,49-72
Female,62,No,0,0,39,No Offer,Yes,6.77,No,DSL,17,No,No,No,Yes,No,Yes,Yes,Yes,One Year,No,Bank Withdrawal,59.3,0.0,0,No,5843,6,25-48
Female,32,No,0,0,29,No Offer,Yes,17.87,Yes,Cable,26,Yes,No,No,No,No,Yes,Yes,Yes,Month-to-Month,Yes,Bank Withdrawal,66.1,0.0,0,No,5590,7,25-48
Female,38,Yes,3,2,14,Offer D,Yes,44.55,No,No Internet Service,0,No,No,No,No,No,No,No,No,Two Year,No,Mailed Check,18.8,0.0,0,No,5751,1,13-24
Female,57,No,0,0,61,Offer B,Yes,4.51,Yes,Cable,24,Yes,No,Yes,Yes,Yes,Yes,Yes,Yes,Two Year,No,Credit Card,86.45,0.0,0,No,4471,10,49-72
Male,28,No,1,0,13,Offer D,Yes,19.17,No,Cable,59,Yes,No,No,No,No,No,Yes,Yes,Month-to-Month,Yes,Credit Card,52.1,0.0,0,No,4929,5,13-24
Female,64,No,0,0,66,Offer A,No,0.0,No,DSL,29,Yes,Yes,Yes,Yes,No,No,No,No,Two Year,Yes,Mailed Check,47.4,0.0,0,No,6435,5,49-72
Female,52,Yes,0,7,59,Offer B,Yes,40.47,Yes,Fiber Optic,4,Yes,Yes,Yes,No,Yes,Yes,Yes,Yes,One Year,Yes,Credit Card,109.15,0.0,0,No,5186,10,49-72
Male,19,Yes,3,6,62,Offer B,Yes,15.76,Yes,Fiber Optic,59,Yes,Yes,No,No,Yes,No,Yes,Yes,One Year,Yes,Credit Card,94.95,0.0,0,No,4262,8,49-72
Male,48,No,2,0,66,Offer A,Yes,12.48,No,DSL,23,No,Yes,Yes,Yes,Yes,Yes,Yes,Yes,Two Year,Yes,Credit Card,79.5,0.0,0,No,4285,9,49-72
Female,41,No,0,0,72,Offer A,Yes,19.6,Yes,Fiber Optic,15,Yes,Yes,Yes,Yes,Yes,Yes,Yes,Yes,Two Year,No,Credit Card,115.05,0.0,0,No,5905,11,49-72
Female,21,Yes,1,2,51,Offer B,Yes,18.42,Yes,Fiber Optic,47,Yes,No,No,Yes,Yes,No,Yes,Yes,One Year,Yes,Mailed Check,95.15,0.0,0,No,6492,8,49-72
Male,25,No,0,0,63,Offer B,Yes,22.73,Yes,Fiber Optic,73,No,Yes,No,Yes,Yes,Yes,Yes,No,Month-to-Month,No,Bank Withdrawal,105.4,0.0,130,No,4551,8,49-72
Male,31,No,0,0,27,No Offer,Yes,33.4,No,No Internet Service,0,No,No,No,No,No,No,No,No,One Year,No,Bank Withdrawal,20.1,0.0,0,No,3428,1,25-48
Male,59,Yes,1,10,42,Offer B,Yes,32.02,No,No Internet Service,0,No,No,No,No,No,No,No,No,Two Year,No,Mailed Check,20.7,0.0,0,No,5320,1,25-48
Female,28,No,0,0,29,No Offer,Yes,21.19,No,No Internet Service,0,No,No,No,No,No,No,No,No,One Year,No,Mailed Check,20.35,0.0,0,No,4840,1,25-48
Male,62,No,0,0,30,No Offer,Yes,24.57,No,No Internet Service,0,No,No,No,No,No,No,No,No,One Year,No,Mailed Check,19.7,0.0,0,No,3302,1,25-48
Male,35,Yes,3,9,71,Offer A,Yes,22.83,No,DSL,53,Yes,Yes,Yes,Yes,Yes,Yes,Yes,Yes,Two Year,No,Bank Withdrawal,85.45,0.0,0,No,5394,10,49-72
Male,63,Yes,0,6,46,Offer B,No,0.0,No,DSL,26,Yes,No,Yes,Yes,No,No,No,No,Two Year,No,Credit Card,40.4,0.0,80,No,2519,4,25-48
Male,48,No,0,0,69,Offer A,Yes,44.57,Yes,Fiber Optic,28,No,Yes,No,Yes,Yes,Yes,Yes,Yes,One Year,Yes,Bank Withdrawal,105.2,0.0,0,No,6247,9,49-72
Female,48,Yes,0,10,72,Offer A,Yes,41.68,Yes,Fiber Optic,28,Yes,Yes,Yes,No,Yes,No,No,Yes,Two Year,No,Bank Withdrawal,100.65,0.0,0,No,6380,8,49-72
Male,26,No,0,0,28,No Offer,Yes,45.24,No,Fiber Optic,59,No,No,Yes,Yes,No,Yes,Yes,Yes,Month-to-Month,No,Bank Withdrawal,91.0,0.0,0,No,2448,7,25-48
Female,32,No,0,0,7,No Offer,Yes,6.83,No,DSL,17,Yes,No,No,No,No,Yes,Yes,Yes,One Year,Yes,Bank Withdrawal,59.1,0.0,0,No,4770,6,0-12
Female,64,No,0,0,22,Offer D,Yes,31.53,No,Cable,11,Yes,No,No,No,No,No,No,Yes,Month-to-Month,Yes,Bank Withdrawal,49.8,0.0,0,No,4667,4,13-24
Male,57,No,0,0,72,No Offer,Yes,45.75,No,No Internet Service,0,No,No,No,No,No,No,No,No,Two Year,No,Bank Withdrawal,19.3,0.0,0,No,4722,1,49-72
Male,58,Yes,3,6,8,Offer E,Yes,26.17,No,No Internet Service,0,No,No,No,No,No,No,No,No,Month-to-Month,No,Credit Card,19.65,0.0,0,No,4535,1,0-12
Male,64,Yes,0,6,52,Offer B,Yes,41.34,Yes,Cable,24,Yes,Yes,Yes,Yes,No,Yes,Yes,Yes,One Year,Yes,Credit Card,81.4,0.0,0,No,4628,10,49-72
Female,21,No,0,0,68,No Offer,No,0.0,No,DSL,58,Yes,No,Yes,Yes,No,No,No,Yes,Two Year,No,Credit Card,38.9,0.0,0,No,5278,5,49-72
Female,46,Yes,0,7,71,No Offer,Yes,9.06,Yes,DSL,30,Yes,Yes,Yes,Yes,Yes,Yes,Yes,Yes,Two Year,No,Bank Withdrawal,87.95,0.0,0,No,4278,11,49-72
Male,27,No,0,0,2,Offer E,Yes,27.47,No,No Internet Service,0,No,No,No,No,No,No,No,No,Month-to-Month,No,Credit Card,19.85,0.0,0,No,3300,1,0-12
Female,54,No,0,0,35,No Offer,No,0.0,No,DSL,21,No,No,No,No,No,No,No,No,Month-to-Month,No,Bank Withdrawal,24.15,0.0,40,No,5097,1,25-48
Female,21,Yes,1,8,61,No Offer,Yes,42.11,No,No Internet Service,0,No,No,No,No,No,No,No,No,One Year,No,Credit Card,19.1,0.0,0,No,4376,1,49-72
Male,62,No,0,0,1,Offer E,Yes,13.4,No,DSL,17,No,No,No,No,No,No,No,Yes,Month-to-Month,No,Bank Withdrawal,44.0,0.0,0,No,2785,3,0-12
Female,29,Yes,5,3,53,No Offer,Yes,31.99,No,DSL,59,No,No,Yes,No,No,Yes,Yes,Yes,One Year,No,Credit Card,60.6,0.0,0,No,4854,6,49-72
Female,37,Yes,0,4,72,No Offer,Yes,12.58,Yes,No Internet Service,0,No,No,No,No,No,No,No,No,Two Year,No,Bank Withdrawal,25.65,0.0,0,No,5613,2,49-72
Female,44,Yes,0,6,24,No Offer,Yes,35.86,No,No Internet Service,0,No,No,No,No,No,No,No,No,One Year,No,Credit Card,20.4,0.0,0,No,3071,1,13-24
Male,47,No,0,0,8,Offer E,No,0.0,No,Cable,8,Yes,No,No,No,No,No,No,No,Month-to-Month,No,Credit Card,29.35,0.0,10,No,5369,2,0-12
Male,28,No,0,0,1,Offer E,Yes,42.17,No,No Internet Service,0,No,No,No,No,No,No,No,No,Month-to-Month,Yes,Credit Card,20.45,0.0,0,No,2184,1,0-12
Female,26,No,0,0,54,No Offer,Yes,11.76,Yes,Fiber Optic,52,No,No,Yes,Yes,No,Yes,Yes,Yes,Two Year,Yes,Bank Withdrawal,95.1,0.0,0,No,4825,8,49-72
Male,23,No,0,0,41,No Offer,Yes,41.21,Yes,No Internet Service,0,No,No,No,No,No,No,No,No,Month-to-Month,Yes,Bank Withdrawal,25.25,0.0,0,No,3461,2,25-48
Female,33,Yes,0,0,19,Offer D,Yes,34.51,No,Cable,22,No,No,No,No,No,No,No,Yes,Month-to-Month,No,Credit Card,44.9,0.0,0,No,5842,3,13-24
Female,35,Yes,1,4,72,No Offer,Yes,30.0,Yes,DSL,19,Yes,Yes,Yes,Yes,Yes,Yes,Yes,Yes,Two Year,No,Bank Withdrawal,92.65,0.0,0,No,6342,11,49-72
Male,21,No,0,0,62,No Offer,No,0.0,No,DSL,51,Yes,Yes,Yes,Yes,No,No,No,Yes,Two Year,Yes,Bank Withdrawal,43.7,0.0,0,No,5254,6,49-72
Male,39,Yes,1,2,32,No Offer,Yes,35.39,No,No Internet Service,0,No,No,No,No,No,No,No,No,Two Year,No,Credit Card,18.95,0.0,0,No,4735,1,25-48
Male,31,No,0,0,21,Offer D,Yes,32.89,No,No Internet Service,0,No,No,No,No,No,No,No,No,Month-to-Month,No,Credit Card,20.5,0.0,0,No,5654,1,13-24
Male,28,Yes,2,9,62,No Offer,Yes,47.96,No,No Internet Service,0,No,No,No,No,No,No,No,No,One Year,No,Bank Withdrawal,19.95,0.0,0,No,4803,1,49-72
Female,34,No,0,0,2,Offer E,No,0.0,No,DSL,5,No,No,No,No,No,No,No,Yes,Month-to-Month,No,Bank Withdrawal,24.5,0.0,0,No,5786,2,0-12
Male,42,No,2,0,27,No Offer,Yes,8.55,No,No Internet Service,0,No,No,No,No,No,No,No,No,Two Year,No,Credit Card,20.6,0.0,0,No,2924,1,25-48
Female,31,No,0,0,25,No Offer,No,0.0,No,DSL,9,Yes,Yes,Yes,No,Yes,Yes,Yes,Yes,One Year,No,Bank Withdrawal,61.05,0.0,0,No,3695,8,25-48
Male,45,No,0,0,49,No Offer,Yes,22.52,Yes,Fiber Optic,25,No,Yes,No,Yes,Yes,Yes,Yes,No,One Year,Yes,Bank Withdrawal,106.65,0.0,130,No,5154,8,49-72
Female,46,No,0,0,63,No Offer,Yes,5.17,Yes,Fiber Optic,16,Yes,Yes,Yes,No,Yes,Yes,Yes,Yes,Month-to-Month,No,Credit Card,108.25,0.0,0,No,5331,10,49-72
Female,51,No,3,0,4,Offer E,Yes,30.79,No,No Internet Service,0,No,No,No,No,No,No,No,No,Month-to-Month,No,Credit Card,20.4,0.0,0,No,4929,1,0-12
Female,27,Yes,0,8,1,No Offer,Yes,36.69,No,DSL,82,No,No,No,No,Yes,No,No,Yes,Month-to-Month,Yes,Credit Card,55.3,0.0,0,No,2849,4,0-12
Male,46,No,0,0,11,Offer D,Yes,28.62,No,No Internet Service,0,No,No,No,No,No,No,No,No,Month-to-Month,No,Credit Card,20.25,0.0,0,No,4032,1,0-12
Male,47,No,0,0,64,No Offer,Yes,25.95,Yes,Fiber Optic,23,No,No,Yes,Yes,Yes,Yes,Yes,Yes,One Year,Yes,Credit Card,104.65,0.0,0,No,6443,9,49-72
Female,30,Yes,1,10,43,No Offer,Yes,29.98,No,Cable,59,Yes,No,Yes,No,Yes,Yes,Yes,Yes,Two Year,No,Bank Withdrawal,75.2,0.0,0,No,3976,8,25-48
Female,35,Yes,0,5,61,No Offer,Yes,36.13,Yes,Fiber Optic,23,No,No,No,Yes,Yes,Yes,Yes,Yes,One Year,No,Bank Withdrawal,101.15,0.0,0,No,5177,8,49-72
Male,64,No,0,0,66,No Offer,Yes,20.52,Yes,Cable,10,Yes,Yes,Yes,Yes,No,No,No,Yes,Two Year,No,Bank Withdrawal,68.75,0.0,0,No,5454,8,49-72
Male,51,Yes,0,8,67,No Offer,Yes,46.89,No,Fiber Optic,29,Yes,Yes,Yes,Yes,Yes,Yes,Yes,Yes,Two Year,Yes,Bank Withdrawal,111.05,0.0,0,No,6103,10,49-72
Female,54,Yes,0,9,42,No Offer,Yes,1.31,No,Fiber Optic,17,No,No,Yes,Yes,Yes,Yes,Yes,Yes,Two Year,Yes,Credit Card,99.0,0.0,0,No,4545,8,25-48
Female,60,Yes,3,3,31,Offer C,Yes,9.8,No,No Internet Service,0,No,No,No,No,No,No,No,No,Two Year,No,Credit Card,21.0,0.0,0,No,5225,1,25-48
Male,63,No,0,0,7,No Offer,Yes,9.19,No,No Internet Service,0,No,No,No,No,No,No,No,No,Month-to-Month,Yes,Credit Card,19.4,0.0,0,No,5873,1,0-12
Male,23,Yes,1,0,34,Offer C,Yes,5.39,Yes,Cable,52,No,No,Yes,No,Yes,Yes,Yes,Yes,One Year,No,Bank Withdrawal,77.2,0.0,0,No,3997,8,25-48
Male,33,No,0,0,3,No Offer,Yes,2.78,No,No Internet Service,0,No,No,No,No,No,No,No,No,One Year,Yes,Credit Card,19.45,0.0,0,No,2787,1,0-12
Female,21,Yes,1,4,19,Offer D,No,0.0,No,Cable,85,No,No,No,No,No,No,No,Yes,Month-to-Month,Yes,Credit Card,24.85,0.0,0,No,2958,2,13-24
Male,32,No,0,0,3,No Offer,No,0.0,No,Cable,25,Yes,No,Yes,Yes,No,No,No,Yes,Month-to-Month,No,Credit Card,41.35,0.0,0,No,5534,5,0-12
Male,59,Yes,0,3,46,No Offer,Yes,16.07,No,No Internet Service,0,No,No,No,No,No,No,No,No,Month-to-Month,No,Bank Withdrawal,19.6,0.0,0,No,5092,1,25-48
Female,47,Yes,1,7,69,No Offer,Yes,38.92,Yes,Fiber Optic,16,Yes,No,Yes,No,No,No,No,No,One Year,No,Bank Withdrawal,84.45,0.0,40,No,5629,5,49-72
Male,31,No,0,0,5,No Offer,Yes,7.83,No,No Internet Service,0,No,No,No,No,No,No,No,No,Month-to-Month,No,Credit Card,20.25,0.0,0,No,5064,1,0-12
Male,20,No,0,0,1,No Offer,Yes,27.88,No,No Internet Service,0,No,No,No,No,No,No,No,No,Month-to-Month,No,Bank Withdrawal,19.65,0.0,0,No,3625,1,0-12
Male,28,No,0,0,26,Offer C,Yes,31.53,No,No Internet Service,0,No,No,No,No,No,No,No,No,One Year,Yes,Credit Card,20.65,0.0,0,No,2194,1,25-48
Male,21,No,0,0,25,Offer C,Yes,4.94,No,Fiber Optic,51,No,No,Yes,Yes,Yes,Yes,Yes,Yes,Two Year,No,Bank Withdrawal,99.3,0.0,0,No,3847,8,25-48
Male,47,Yes,2,4,64,No Offer,Yes,49.49,No,Fiber Optic,12,Yes,Yes,No,No,No,No,No,Yes,Month-to-Month,No,Bank Withdrawal,81.05,0.0,0,No,5168,5,49-72
Male,31,Yes,1,4,30,Offer C,Yes,48.04,Yes,Cable,19,Yes,Yes,Yes,Yes,No,No,No,Yes,Month-to-Month,No,Bank Withdrawal,67.6,0.0,0,No,4104,8,25-48
Male,53,No,0,0,13,Offer D,Yes,39.17,No,Fiber Optic,10,No,No,No,No,No,No,No,No,Month-to-Month,Yes,Bank Withdrawal,70.15,0.0,150,No,4599,2,13-24
Female,37,Yes,0,1,64,No Offer,Yes,46.44,Yes,Fiber Optic,29,Yes,Yes,Yes,Yes,Yes,Yes,Yes,Yes,One Year,Yes,Bank Withdrawal,115.0,0.0,0,No,5189,11,49-72
Female,28,No,2,0,46,No Offer,Yes,4.08,Yes,Fiber Optic,59,No,No,Yes,Yes,No,No,No,Yes,Month-to-Month,Yes,Bank Withdrawal,84.8,0.0,0,No,5756,6,25-48
Female,57,No,0,0,12,Offer D,Yes,36.65,No,No Internet Service,0,No,No,No,No,No,No,No,No,One Year,No,Credit Card,19.7,0.0,0,No,3423,1,0-12
Female,40,Yes,3,3,13,No Offer,Yes,39.2,No,Cable,25,Yes,No,Yes,No,No,Yes,Yes,Yes,Month-to-Month,Yes,Credit Card,63.15,0.0,0,No,5916,7,13-24
Female,49,Yes,2,5,67,No Offer,Yes,43.01,Yes,Cable,16,Yes,Yes,No,Yes,Yes,No,No,Yes,Two Year,No,Credit Card,74.0,0.0,0,No,4188,8,49-72
Male,25,Yes,0,4,24,Offer C,No,0.0,No,DSL,51,No,No,Yes,No,No,No,No,Yes,Month-to-Month,No,Bank Withdrawal,29.1,0.0,0,No,4636,3,13-24
Male,37,No,0,0,6,Offer E,Yes,23.01,No,DSL,13,No,No,No,Yes,No,No,No,No,Month-to-Month,No,Credit Card,50.05,0.0,40,No,3929,3,0-12
Male,27,No,0,0,10,No Offer,Yes,39.39,No,No Internet Service,0,No,No,No,No,No,No,No,No,Month-to-Month,No,Bank Withdrawal,20.0,0.0,0,No,2706,1,0-12
Female,39,No,0,0,13,No Offer,Yes,42.62,No,Fiber Optic,15,No,Yes,No,No,No,No,No,Yes,One Year,Yes,Credit Card,74.65,0.0,0,No,4172,4,13-24
Male,26,Yes,2,6,38,Offer C,Yes,17.52,Yes,DSL,59,Yes,No,Yes,Yes,Yes,Yes,Yes,Yes,Two Year,Yes,Bank Withdrawal,85.4,0.0,0,No,5292,10,25-48
Female,33,Yes,0,9,43,No Offer,Yes,49.48,Yes,Fiber Optic,11,Yes,Yes,No,No,No,Yes,Yes,Yes,Month-to-Month,Yes,Bank Withdrawal,94.1,0.0,0,No,4392,8,25-48
Female,20,No,0,0,25,Offer C,Yes,32.33,Yes,Fiber Optic,51,No,Yes,Yes,Yes,Yes,Yes,Yes,Yes,Two Year,No,Bank Withdrawal,108.9,0.0,0,No,4398,10,25-48
Male,19,No,2,0,27,Offer C,Yes,2.63,No,DSL,59,Yes,Yes,No,No,No,No,No,No,One Year,No,Credit Card,56.2,0.0,30,No,5978,4,25-48
Male,61,Yes,2,2,72,No Offer,Yes,33.92,Yes,No Internet Service,0,No,No,No,No,No,No,No,No,Two Year,No,Credit Card,26.1,0.0,0,No,5475,2,49-72
Male,19,No,1,0,71,No Offer,Yes,31.89,Yes,Fiber Optic,30,Yes,Yes,No,No,No,No,No,Yes,One Year,Yes,Credit Card,85.45,0.0,0,No,4777,6,49-72
Female,63,No,0,0,24,Offer C,Yes,44.09,Yes,Fiber Optic,9,No,No,Yes,No,Yes,No,No,Yes,Month-to-Month,Yes,Credit Card,88.95,0.0,0,No,5557,6,13-24
Male,30,No,0,0,57,No Offer,Yes,24.67,No,DSL,42,Yes,No,Yes,No,Yes,Yes,Yes,Yes,Two Year,Yes,Bank Withdrawal,74.35,0.0,0,No,5548,8,49-72
Female,34,No,0,0,15,No Offer,Yes,31.68,No,Cable,23,No,Yes,No,No,No,No,No,Yes,Month-to-Month,No,Bank Withdrawal,48.85,0.0,0,No,5584,4,13-24
Male,27,No,0,0,4,Offer E,Yes,44.16,Yes,Fiber Optic,82,Yes,No,No,No,No,No,No,Yes,Month-to-Month,Yes,Bank Withdrawal,80.1,0.0,0,No,2333,5,0-12
Female,51,No,0,0,28,Offer C,Yes,44.11,No,Cable,15,Yes,Yes,No,No,No,No,No,No,Month-to-Month,No,Bank Withdrawal,56.05,0.0,110,No,4468,4,25-48
Female,37,Yes,0,2,55,Offer B,Yes,5.08,Yes,Fiber Optic,9,Yes,No,No,No,Yes,No,No,Yes,Month-to-Month,Yes,Bank Withdrawal,89.8,0.0,0,No,5875,6,49-72
Male,53,No,2,0,55,Offer B,Yes,39.29,No,No Internet Service,0,No,No,No,No,No,No,No,No,One Year,No,Bank Withdrawal,19.1,0.0,0,No,4391,1,49-72
Female,58,Yes,3,9,20,No Offer,Yes,42.46,No,No Internet Service,0,No,No,No,No,No,No,No,No,Month-to-Month,No,Credit Card,20.35,0.0,0,No,2522,1,13-24
Female,47,Yes,2,8,62,Offer B,Yes,15.05,Yes,Fiber Optic,23,No,Yes,No,Yes,Yes,Yes,Yes,Yes,One Year,Yes,Credit Card,106.05,0.0,0,No,6361,9,49-72
Female,44,No,0,0,43,Offer B,Yes,6.71,No,No Internet Service,0,No,No,No,No,No,No,No,No,Two Year,Yes,Bank Withdrawal,19.65,0.0,0,No,3678,1,25-48
Female,49,Yes,0,7,60,Offer B,Yes,41.4,No,Cable,21,Yes,Yes,No,Yes,No,No,No,Yes,Two Year,No,Bank Withdrawal,59.85,0.0,0,No,4029,6,49-72
Male,38,Yes,0,3,58,Offer B,Yes,22.14,Yes,DSL,2,Yes,Yes,Yes,No,Yes,Yes,Yes,No,Two Year,Yes,Bank Withdrawal,86.1,0.0,110,No,5666,9,49-72
Male,47,No,2,0,7,No Offer,Yes,49.16,No,No Internet Service,0,No,No,No,No,No,No,No,No,One Year,No,Credit Card,19.45,0.0,0,No,5084,1,0-12
Male,40,Yes,1,10,2,Offer E,Yes,39.35,No,Fiber Optic,24,Yes,No,No,No,Yes,Yes,Yes,Yes,Month-to-Month,No,Bank Withdrawal,97.1,0.0,0,No,5745,7,0-12
Female,40,Yes,3,6,39,Offer C,Yes,15.91,No,No Internet Service,0,No,No,No,No,No,No,No,No,Two Year,No,Credit Card,19.75,0.0,0,No,3944,1,25-48
Male,20,No,0,0,68,No Offer,Yes,5.84,Yes,No Internet Service,0,No,No,No,No,No,No,No,No,Two Year,No,Credit Card,24.55,0.0,0,No,6042,2,49-72
Female,32,Yes,2,6,62,Offer B,No,0.0,No,Cable,26,Yes,Yes,No,Yes,Yes,No,No,No,Two Year,No,Bank Withdrawal,48.7,0.0,120,No,5453,5,49-72
Female,34,Yes,0,9,72,No Offer,Yes,44.2,Yes,Fiber Optic,2,Yes,Yes,Yes,No,Yes,Yes,Yes,Yes,Two Year,Yes,Bank Withdrawal,109.55,0.0,0,No,6452,10,49-72
Female,40,Yes,0,9,41,Offer B,Yes,8.44,No,No Internet Service,0,No,No,No,No,No,No,No,No,Two Year,No,Credit Card,20.65,0.0,0,No,5062,1,25-48
Female,64,No,0,0,4,Offer E,Yes,7.49,No,Cable,17,Yes,Yes,No,No,No,No,No,Yes,Month-to-Month,No,Bank Withdrawal,55.2,0.0,0,No,4042,5,0-12
Male,34,No,0,0,53,Offer B,Yes,39.37,Yes,No Internet Service,0,No,No,No,No,No,No,No,No,One Year,No,Bank Withdrawal,24.05,0.0,0,No,4865,2,49-72
Male,39,Yes,0,10,39,Offer C,Yes,36.39,No,No Internet Service,0,No,No,No,No,No,No,No,No,Two Year,Yes,Bank Withdrawal,20.45,0.0,0,No,2165,1,25-48
Male,57,Yes,0,9,63,Offer B,Yes,17.38,No,No Internet Service,0,No,No,No,No,No,No,No,No,Two Year,No,Credit Card,19.25,0.0,0,No,4538,1,49-72
Male,48,No,0,0,15,No Offer,Yes,7.96,Yes,No Internet Service,0,No,No,No,No,No,No,No,No,Month-to-Month,Yes,Bank Withdrawal,26.35,0.0,0,No,2723,2,13-24
Female,34,Yes,0,1,13,No Offer,Yes,29.49,No,DSL,2,No,No,No,No,No,No,No,Yes,One Year,No,Bank Withdrawal,43.8,0.0,0,No,4369,3,13-24
Male,45,No,0,0,1,Offer E,Yes,20.3,No,DSL,16,No,Yes,No,No,No,No,No,Yes,Month-to-Month,Yes,Credit Card,50.15,0.0,0,No,4014,4,0-12
Male,37,No,0,0,1,Offer E,Yes,43.82,No,No Internet Service,0,No,No,No,No,No,No,No,No,Two Year,No,Credit Card,20.45,0.0,0,No,5925,1,0-12
Male,24,No,0,0,60,Offer B,Yes,30.92,No,DSL,26,Yes,Yes,Yes,No,No,No,No,Yes,Two Year,No,Bank Withdrawal,61.4,0.0,0,No,6209,6,49-72
Male,33,Yes,0,0,40,Offer B,Yes,23.74,Yes,DSL,22,No,Yes,No,Yes,Yes,No,No,Yes,One Year,No,Credit Card,70.75,0.0,0,No,5507,7,25-48
Female,25,No,0,0,66,No Offer,Yes,21.37,No,DSL,30,Yes,Yes,Yes,No,No,No,No,Yes,Two Year,Yes,Bank Withdrawal,61.15,0.0,0,No,5133,6,49-72
Male,57,Yes,2,4,42,Offer B,Yes,9.33,No,No Internet Service,0,No,No,No,No,No,No,No,No,One Year,No,Credit Card,20.25,0.0,0,No,4439,1,25-48
Male,56,No,0,0,49,Offer B,Yes,45.46,Yes,Fiber Optic,27,No,Yes,No,No,Yes,Yes,Yes,Yes,Month-to-Month,No,Bank Withdrawal,98.7,0.0,0,No,6148,8,49-72
Female,23,No,0,0,41,Offer B,Yes,10.09,No,No Internet Service,0,No,No,No,No,No,No,No,No,Two Year,No,Mailed Check,20.0,0.0,0,No,5913,1,25-48
Female,34,Yes,1,1,41,Offer B,Yes,21.28,No,No Internet Service,0,No,No,No,No,No,No,No,No,Two Year,No,Bank Withdrawal,19.3,0.0,0,No,4180,1,25-48
Female,19,Yes,2,5,23,No Offer,Yes,27.24,No,Fiber Optic,82,Yes,Yes,No,Yes,No,No,No,Yes,Month-to-Month,No,Mailed Check,84.4,0.0,0,No,2177,6,13-24
Male,28,No,0,0,3,Offer E,No,0.0,No,DSL,69,No,No,No,No,No,No,No,Yes,Month-to-Month,No,Bank Withdrawal,25.1,0.0,0,No,2013,2,0-12
Female,19,No,0,0,4,Offer E,No,0.0,No,Cable,30,Yes,No,Yes,Yes,No,Yes,Yes,No,Month-to-Month,No,Mailed Check,48.25,0.0,10,No,2682,6,0-12
Female,27,Yes,1,1,52,Offer B,Yes,3.41,No,No Internet Service,0,No,No,No,No,No,No,No,No,Two Year,No,Mailed Check,19.85,0.0,0,No,5432,1,49-72
Female,54,No,0,0,11,No Offer,Yes,9.52,No,Fiber Optic,4,No,Yes,Yes,Yes,No,Yes,Yes,Yes,Month-to-Month,Yes,Bank Withdrawal,94.2,0.0,0,No,2405,8,0-12
Female,59,Yes,0,6,2,Offer E,Yes,48.39,No,Cable,24,Yes,No,No,No,No,Yes,Yes,Yes,Month-to-Month,Yes,Mailed Check,62.15,0.0,0,No,5766,6,0-12
Female,50,Yes,0,5,26,No Offer,Yes,37.6,Yes,Fiber Optic,10,No,Yes,No,No,No,No,No,Yes,Month-to-Month,No,Bank Withdrawal,79.3,0.0,0,No,5168,5,25-48
Male,33,Yes,3,7,24,No Offer,Yes,2.31,No,Cable,53,Yes,No,Yes,No,No,No,No,Yes,One Year,Yes,Credit Card,56.25,0.0,0,No,3607,5,13-24
Female,26,No,0,0,12,No Offer,Yes,32.32,No,No Internet Service,0,No,No,No,No,No,No,No,No,Month-to-Month,No,Mailed Check,20.3,0.0,0,No,4177,1,0-12
Female,44,Yes,1,3,64,No Offer,Yes,37.0,Yes,DSL,19,Yes,Yes,Yes,Yes,Yes,Yes,Yes,Yes,Two Year,Yes,Mailed Check,90.6,0.0,0,No,5240,11,49-72
Male,42,Yes,0,2,66,No Offer,Yes,7.61,No,DSL,10,Yes,Yes,Yes,Yes,Yes,Yes,Yes,Yes,Two Year,Yes,Bank Withdrawal,85.9,0.0,0,No,5137,10,49-72
Female,24,No,0,0,60,No Offer,Yes,15.29,Yes,Fiber Optic,48,No,No,Yes,No,No,No,No,Yes,One Year,Yes,Bank Withdrawal,79.2,0.0,0,No,5687,5,49-72
Male,36,Yes,3,5,17,No Offer,Yes,33.24,Yes,DSL,76,Yes,No,Yes,No,Yes,No,No,Yes,One Year,Yes,Bank Withdrawal,70.35,0.0,0,No,2704,7,13-24
Male,63,Yes,2,10,42,No Offer,Yes,34.33,No,No Internet Service,0,No,No,No,No,No,No,No,No,Two Year,No,Mailed Check,19.35,0.0,0,No,3433,1,25-48
Male,42,No,0,0,1,Offer E,Yes,39.87,Yes,DSL,2,No,No,No,No,No,No,No,Yes,Month-to-Month,Yes,Bank Withdrawal,50.15,0.0,0,No,3043,4,0-12
Female,32,Yes,3,0,47,No Offer,Yes,30.06,No,DSL,57,No,Yes,No,Yes,No,Yes,Yes,No,Two Year,No,Bank Withdrawal,63.8,0.0,80,No,5144,6,25-48
Female,27,Yes,0,2,10,No Offer,Yes,10.42,No,No Internet Service,0,No,No,No,No,No,No,No,No,Month-to-Month,Yes,Credit Card,20.55,0.0,0,No,4907,1,0-12
Male,45,No,0,0,1,No Offer,Yes,45.28,No,DSL,2,No,No,No,No,No,No,No,Yes,Month-to-Month,No,Mailed Check,44.6,0.0,0,No,4864,3,0-12
Male,53,No,0,0,4,No Offer,Yes,3.03,No,DSL,11,No,Yes,No,Yes,Yes,No,No,Yes,Month-to-Month,Yes,Bank Withdrawal,63.75,0.0,0,No,2624,6,0-12
Female,61,Yes,2,2,66,No Offer,Yes,20.11,Yes,Fiber Optic,25,Yes,Yes,Yes,No,Yes,Yes,Yes,No,Two Year,No,Bank Withdrawal,109.25,0.0,80,No,5865,9,49-72
Female,31,No,0,0,12,No Offer,Yes,2.57,No,Fiber Optic,25,No,Yes,No,No,No,Yes,Yes,Yes,Month-to-Month,Yes,Bank Withdrawal,84.6,0.0,0,No,4807,6,0-12
Female,25,No,0,0,24,No Offer,Yes,5.98,No,No Internet Service,0,No,No,No,No,No,No,No,No,One Year,No,Credit Card,20.45,0.0,0,No,4690,1,13-24
Male,48,No,0,0,26,No Offer,Yes,40.35,No,Fiber Optic,13,No,Yes,No,No,Yes,No,No,Yes,Month-to-Month,Yes,Bank Withdrawal,85.75,0.0,0,No,3178,5,25-48
Male,31,Yes,0,2,57,No Offer,Yes,16.78,Yes,Fiber Optic,29,No,No,Yes,Yes,Yes,Yes,Yes,Yes,Two Year,No,Bank Withdrawal,107.95,0.0,0,No,4687,9,49-72
Female,47,Yes,3,1,42,No Offer,Yes,13.95,Yes,No Internet Service,0,No,No,No,No,No,No,No,No,Two Year,No,Bank Withdrawal,22.95,0.0,0,No,4650,2,25-48
Female,25,Yes,0,4,64,No Offer,Yes,14.78,No,No Internet Service,0,No,No,No,No,No,No,No,No,Two Year,No,Credit Card,19.45,0.0,0,No,5113,1,49-72
Male,62,No,0,0,19,No Offer,Yes,26.54,No,No Internet Service,0,No,No,No,No,No,No,No,No,One Year,Yes,Credit Card,19.7,0.0,0,No,4431,1,13-24
Male,56,Yes,0,9,22,No Offer,Yes,48.68,No,Fiber Optic,18,No,No,Yes,No,Yes,No,No,Yes,Month-to-Month,Yes,Bank Withdrawal,87.0,0.0,0,No,5233,5,13-24
Male,23,No,0,0,12,No Offer,Yes,40.06,No,Fiber Optic,41,No,No,No,No,No,Yes,Yes,Yes,Month-to-Month,Yes,Bank Withdrawal,79.95,0.0,0,No,2968,5,0-12
Female,55,Yes,0,9,31,No Offer,Yes,28.8,No,Cable,15,Yes,No,No,Yes,No,Yes,Yes,Yes,One Year,Yes,Bank Withdrawal,64.0,0.0,0,No,5191,7,25-48
Female,42,No,0,0,11,Offer D,Yes,13.56,No,Cable,17,No,No,No,No,Yes,Yes,Yes,Yes,Month-to-Month,Yes,Bank Withdrawal,64.9,0.0,0,No,2775,6,0-12
Male,36,Yes,1,10,68,No Offer,Yes,26.83,Yes,No Internet Service,0,No,No,No,No,No,No,No,No,Two Year,No,Mailed Check,25.75,0.0,0,No,5434,2,49-72
Female,30,No,0,0,60,No Offer,Yes,22.88,No,Fiber Optic,48,Yes,No,Yes,Yes,Yes,Yes,Yes,Yes,Month-to-Month,Yes,Bank Withdrawal,104.95,0.0,0,No,5926,9,49-72
Male,21,Yes,3,9,58,No Offer,No,0.0,No,Cable,52,Yes,Yes,Yes,No,Yes,No,No,Yes,One Year,No,Mailed Check,50.0,0.0,0,No,4704,6,49-72
Male,32,No,0,0,1,No Offer,Yes,39.61,No,No Internet Service,0,No,No,No,No,No,No,No,No,Month-to-Month,No,Mailed Check,20.45,0.0,0,No,2664,1,0-12
Female,54,Yes,0,8,37,No Offer,Yes,15.51,No,No Internet Service,0,No,No,No,No,No,No,No,No,One Year,Yes,Bank Withdrawal,19.85,0.0,0,No,5707,1,25-48
Male,34,No,0,0,13,Offer D,Yes,7.33,No,No Internet Service,0,No,No,No,No,No,No,No,No,One Year,Yes,Bank Withdrawal,19.95,0.0,0,No,2252,1,13-24
Male,39,No,0,0,43,No Offer,Yes,28.9,Yes,No Internet Service,0,No,No,No,No,No,No,No,No,Two Year,No,Bank Withdrawal,26.45,0.0,0,No,3881,2,25-48
Female,21,No,0,0,6,No Offer,No,0.0,No,Cable,52,Yes,Yes,Yes,Yes,Yes,Yes,Yes,No,Two Year,Yes,Mailed Check,63.4,0.0,10,No,3909,8,0-12
Male,46,No,0,0,71,No Offer,No,0.0,No,DSL,20,Yes,Yes,Yes,Yes,Yes,No,No,Yes,Two Year,No,Bank Withdrawal,53.95,0.0,0,No,4094,7,49-72
Female,39,Yes,2,8,72,No Offer,Yes,18.74,Yes,Fiber Optic,19,Yes,Yes,No,No,Yes,No,No,Yes,Two Year,Yes,Bank Withdrawal,95.1,0.0,0,No,5584,7,49-72
Male,19,Yes,3,7,12,Offer D,No,0.0,No,DSL,73,No,Yes,No,Yes,No,No,No,Yes,Month-to-Month,No,Mailed Check,35.5,0.0,0,No,2562,4,0-12
Female,49,Yes,0,7,21,Offer D,Yes,14.51,No,Fiber Optic,20,No,No,Yes,Yes,No,No,No,Yes,One Year,No,Bank Withdrawal,79.2,0.0,0,No,4900,5,13-24
Female,39,Yes,2,3,6,No Offer,Yes,49.45,No,DSL,10,No,No,No,Yes,No,No,No,Yes,Month-to-Month,Yes,Credit Card,48.8,0.0,0,No,4538,4,0-12
Female,38,No,0,0,43,No Offer,Yes,1.6,No,DSL,19,No,Yes,No,Yes,No,No,No,No,One Year,No,Bank Withdrawal,55.45,0.0,130,No,3350,4,25-48
Female,53,Yes,1,9,35,No Offer,Yes,32.75,Yes,No Internet Service,0,No,No,No,No,No,No,No,No,Two Year,Yes,Credit Card,25.4,0.0,0,No,5070,2,25-48
Male,57,No,0,0,52,No Offer,No,0.0,No,DSL,18,Yes,Yes,Yes,Yes,Yes,Yes,Yes,Yes,Two Year,No,Credit Card,63.9,0.0,0,No,5380,9,49-72
Male,43,No,0,0,32,No Offer,Yes,15.52,No,DSL,12,No,No,No,No,Yes,Yes,Yes,Yes,One Year,Yes,Bank Withdrawal,64.85,0.0,0,No,4895,6,25-48
Female,61,Yes,3,8,72,No Offer,No,0.0,No,DSL,22,Yes,Yes,Yes,Yes,Yes,Yes,Yes,Yes,Two Year,Yes,Bank Withdrawal,63.8,0.0,0,No,6107,9,49-72
Male,31,No,0,0,51,No Offer,No,0.0,No,DSL,2,Yes,No,No,Yes,No,Yes,Yes,Yes,Month-to-Month,Yes,Credit Card,44.45,0.0,0,No,6087,6,49-72
Male,47,Yes,3,4,68,Offer A,Yes,19.75,No,No Internet Service,0,No,No,No,No,No,No,No,No,Two Year,Yes,Bank Withdrawal,19.95,0.0,0,No,6492,1,49-72
Male,22,Yes,0,8,49,No Offer,No,0.0,No,Cable,27,No,Yes,No,No,Yes,Yes,Yes,Yes,Two Year,No,Credit Card,49.65,0.0,0,No,4283,6,49-72
Female,24,Yes,0,7,72,Offer A,Yes,20.54,No,Cable,41,Yes,Yes,Yes,Yes,Yes,Yes,Yes,Yes,Two Year,No,Credit Card,85.1,0.0,0,No,4147,10,49-72
Male,55,No,0,0,54,No Offer,Yes,27.17,No,Fiber Optic,24,Yes,No,Yes,No,Yes,No,No,Yes,Month-to-Month,No,Credit Card,89.8,0.0,0,No,4980,6,49-72
Female,41,Yes,3,7,50,No Offer,Yes,47.48,No,Fiber Optic,27,No,No,Yes,Yes,Yes,Yes,Yes,Yes,One Year,No,Credit Card,103.05,0.0,0,No,5905,8,49-72
Female,55,Yes,0,3,69,Offer A,Yes,38.52,Yes,Fiber Optic,27,Yes,Yes,Yes,Yes,Yes,Yes,Yes,Yes,Two Year,Yes,Bank Withdrawal,116.0,0.0,0,No,4216,11,49-72
Male,46,No,0,0,1,No Offer,Yes,9.36,No,Fiber Optic,14,No,No,No,No,No,No,No,No,Month-to-Month,Yes,Bank Withdrawal,69.9,0.0,10,No,3358,2,0-12
Male,31,Yes,2,3,68,Offer A,Yes,9.29,No,Fiber Optic,18,Yes,Yes,No,Yes,No,Yes,Yes,Yes,Two Year,No,Bank Withdrawal,95.1,0.0,0,No,5748,8,49-72
Male,62,No,3,0,40,No Offer,No,0.0,No,Cable,57,Yes,Yes,No,Yes,No,No,No,Yes,One Year,No,Credit Card,40.25,0.0,0,No,4288,5,25-48
Male,26,Yes,3,7,31,No Offer,Yes,7.03,Yes,No Internet Service,0,No,No,No,No,No,No,No,No,Two Year,No,Credit Card,25.75,0.0,0,No,5472,2,25-48
Male,60,Yes,1,8,68,Offer A,Yes,2.71,Yes,No Internet Service,0,No,No,No,No,No,No,No,No,Two Year,Yes,Bank Withdrawal,24.0,0.0,0,No,5440,2,49-72
Female,48,Yes,1,0,12,Offer D,Yes,8.25,No,No Internet Service,0,No,No,No,No,No,No,No,No,Month-to-Month,No,Bank Withdrawal,19.4,0.0,0,No,3713,1,0-12
Male,39,Yes,0,7,71,Offer A,Yes,5.51,No,Cable,6,Yes,Yes,Yes,Yes,Yes,Yes,Yes,Yes,Two Year,Yes,Bank Withdrawal,86.1,0.0,0,No,6286,10,49-72
Male,42,No,0,0,40,No Offer,Yes,32.78,Yes,Fiber Optic,29,No,Yes,Yes,No,Yes,Yes,Yes,Yes,Month-to-Month,Yes,Credit Card,102.65,0.0,0,No,3655,9,25-48
Female,21,Yes,3,8,64,No Offer,Yes,37.47,Yes,Fiber Optic,69,No,Yes,Yes,No,No,Yes,Yes,Yes,One Year,Yes,Bank Withdrawal,92.85,0.0,0,No,5206,8,49-72
Male,44,Yes,0,6,53,No Offer,Yes,32.94,Yes,Fiber Optic,17,No,Yes,No,Yes,No,Yes,Yes,Yes,One Year,No,Bank Withdrawal,97.75,0.0,0,No,4488,8,49-72
Male,43,Yes,0,1,72,Offer A,Yes,38.3,Yes,Fiber Optic,3,Yes,Yes,Yes,No,Yes,No,No,Yes,Two Year,Yes,Credit Card,97.95,0.0,0,No,4256,8,49-72
Male,51,No,0,0,46,No Offer,Yes,13.42,No,No Internet Service,0,No,No,No,No,No,No,No,No,Two Year,No,Bank Withdrawal,19.95,0.0,0,No,4006,1,25-48
Male,27,No,0,0,40,No Offer,Yes,27.47,Yes,No Internet Service,0,No,No,No,No,No,No,No,No,Two Year,Yes,Credit Card,24.6,0.0,0,No,2601,2,25-48
Male,45,No,0,0,12,Offer D,No,0.0,No,DSL,9,Yes,Yes,No,Yes,Yes,No,No,Yes,Month-to-Month,Yes,Bank Withdrawal,50.95,0.0,0,No,2716,6,0-12
Male,58,No,0,0,9,No Offer,Yes,21.11,No,Fiber Optic,6,Yes,No,No,No,No,No,No,Yes,Month-to-Month,No,Bank Withdrawal,75.6,0.0,0,No,4990,4,0-12
Female,40,Yes,2,9,51,Offer B,Yes,29.56,Yes,Fiber Optic,27,No,No,No,Yes,No,No,No,Yes,Month-to-Month,Yes,Bank Withdrawal,80.75,0.0,0,No,6032,5,49-72
Male,62,Yes,3,10,49,Offer B,Yes,11.74,No,Fiber Optic,20,No,Yes,Yes,No,Yes,No,No,Yes,Month-to-Month,Yes,Credit Card,90.4,0.0,0,No,5804,6,49-72
Female,32,No,0,0,56,Offer B,Yes,30.86,No,DSL,22,Yes,No,Yes,Yes,No,No,No,Yes,One Year,Yes,Credit Card,60.25,0.0,0,No,4835,6,49-72
Male,29,No,0,0,4,No Offer,Yes,46.53,No,No Internet Service,0,No,No,No,No,No,No,No,No,Month-to-Month,Yes,Bank Withdrawal,20.2,0.0,0,No,4267,1,0-12
Male,45,Yes,0,3,20,Offer D,Yes,33.78,No,DSL,18,Yes,No,No,Yes,No,Yes,Yes,No,One Year,Yes,Credit Card,64.15,0.0,100,No,5969,6,13-24
Female,41,Yes,1,4,26,No Offer,Yes,24.44,No,No Internet Service,0,No,No,No,No,No,No,No,No,Month-to-Month,Yes,Credit Card,20.25,0.0,0,No,5158,1,25-48
Male,34,No,0,0,51,Offer B,Yes,42.33,No,Fiber Optic,2,No,Yes,Yes,No,Yes,Yes,Yes,Yes,Month-to-Month,Yes,Bank Withdrawal,99.0,0.0,0,No,5787,8,49-72
Female,26,No,0,0,4,No Offer,Yes,38.74,Yes,Fiber Optic,51,No,Yes,No,No,No,No,No,Yes,Month-to-Month,Yes,Credit Card,80.3,0.0,0,No,3132,5,0-12
Female,30,No,0,0,1,No Offer,Yes,8.23,No,No Internet Service,0,No,No,No,No,No,No,No,No,Month-to-Month,No,Credit Card,19.55,0.0,0,No,5537,1,0-12
Male,39,Yes,1,0,27,No Offer,Yes,14.07,Yes,Fiber Optic,15,Yes,Yes,No,Yes,Yes,No,No,Yes,Month-to-Month,No,Bank Withdrawal,100.75,0.0,0,No,3160,8,25-48
Male,53,No,0,0,12,Offer D,Yes,1.8,No,DSL,3,No,Yes,No,Yes,No,No,No,Yes,Month-to-Month,Yes,Credit Card,53.75,0.0,0,No,5385,5,0-12
Female,57,Yes,1,6,34,No Offer,Yes,25.69,Yes,No Internet Service,0,No,No,No,No,No,No,No,No,One Year,Yes,Credit Card,25.6,0.0,0,No,5854,2,25-48
Male,50,Yes,0,5,24,No Offer,Yes,34.01,Yes,Cable,4,Yes,No,No,Yes,No,No,No,Yes,One Year,Yes,Bank Withdrawal,58.35,0.0,0,No,5428,6,13-24
Male,34,Yes,0,9,59,Offer B,Yes,14.98,Yes,Fiber Optic,19,Yes,Yes,Yes,Yes,Yes,Yes,Yes,Yes,Two Year,No,Bank Withdrawal,113.75,0.0,0,No,6251,11,49-72
Male,22,No,0,0,3,No Offer,Yes,31.48,No,Fiber Optic,73,No,Yes,Yes,No,No,Yes,Yes,Yes,Month-to-Month,No,Bank Withdrawal,90.4,0.0,0,No,5625,7,0-12
Female,22,Yes,2,4,65,Offer B,Yes,13.25,Yes,Fiber Optic,47,Yes,No,Yes,Yes,Yes,Yes,Yes,Yes,Two Year,No,Bank Withdrawal,109.3,0.0,0,No,6087,10,49-72
Female,50,Yes,2,5,59,Offer B,Yes,47.05,Yes,Cable,24,Yes,Yes,Yes,Yes,Yes,Yes,Yes,Yes,Two Year,No,Credit Card,90.3,0.0,0,No,4617,11,49-72
Male,24,Yes,3,9,72,Offer A,No,0.0,No,DSL,51,Yes,Yes,Yes,Yes,Yes,Yes,Yes,No,Two Year,Yes,Credit Card,65.25,0.0,80,No,6412,8,49-72
Male,43,No,0,0,3,No Offer,Yes,22.49,No,DSL,11,No,No,No,Yes,No,Yes,Yes,Yes,Month-to-Month,No,Credit Card,60.65,0.0,0,No,2111,6,0-12
Male,62,No,2,0,19,Offer D,Yes,14.48,Yes,No Internet Service,0,No,No,No,No,No,No,No,No,Month-to-Month,Yes,Credit Card,24.1,0.0,0,No,2378,2,13-24
Male,54,No,0,0,1,No Offer,Yes,8.02,No,No Internet Service,0,No,No,No,No,No,No,No,No,Month-to-Month,Yes,Credit Card,19.5,0.0,0,No,3753,1,0-12
Male,60,No,0,0,24,No Offer,Yes,9.53,No,Fiber Optic,24,No,Yes,Yes,Yes,No,No,No,Yes,Month-to-Month,Yes,Bank Withdrawal,85.95,0.0,0,No,5421,6,13-24
Female,39,No,0,0,72,Offer A,Yes,6.75,Yes,No Internet Service,0,No,No,No,No,No,No,No,No,Two Year,No,Credit Card,25.45,0.0,0,No,4118,2,49-72
Male,24,No,0,0,67,Offer A,Yes,47.31,No,No Internet Service,0,No,No,No,No,No,No,No,No,Two Year,No,Bank Withdrawal,20.5,0.0,0,No,4416,1,49-72
Male,47,Yes,3,2,52,Offer B,Yes,39.48,No,No Internet Service,0,No,No,No,No,No,No,No,No,One Year,Yes,Credit Card,20.85,0.0,0,No,4886,1,49-72
Male,57,Yes,3,6,71,Offer A,Yes,31.33,Yes,Cable,27,Yes,Yes,Yes,Yes,Yes,Yes,Yes,Yes,Two Year,No,Credit Card,89.9,0.0,0,No,4444,11,49-72
Female,56,Yes,0,7,26,No Offer,Yes,33.47,Yes,No Internet Service,0,No,No,No,No,No,No,No,No,One Year,No,Credit Card,26.0,0.0,0,No,2244,2,25-48
Female,49,No,0,0,35,No Offer,Yes,30.5,Yes,Fiber Optic,8,Yes,Yes,Yes,Yes,Yes,Yes,Yes,Yes,Two Year,Yes,Credit Card,113.2,0.0,0,No,5723,11,25-48
Female,52,Yes,2,3,55,Offer B,Yes,27.87,No,Fiber Optic,17,No,No,No,No,No,No,No,Yes,Two Year,Yes,Credit Card,69.05,0.0,0,No,4318,3,49-72
Female,61,Yes,3,2,33,No Offer,Yes,24.27,No,No Internet Service,0,No,No,No,No,No,No,No,No,Two Year,No,Credit Card,20.1,0.0,0,No,3700,1,25-48
Male,20,Yes,0,2,72,Offer A,Yes,6.89,Yes,Fiber Optic,73,Yes,Yes,Yes,No,Yes,Yes,Yes,No,Two Year,Yes,Bank Withdrawal,109.65,0.0,10,No,6181,9,49-72
Male,37,No,3,0,1,No Offer,Yes,17.89,No,No Internet Service,0,No,No,No,No,No,No,No,No,Month-to-Month,Yes,Credit Card,19.2,0.0,0,No,3383,1,0-12
Male,35,No,0,0,12,Offer D,No,0.0,No,Cable,6,No,Yes,No,Yes,No,No,No,Yes,Month-to-Month,No,Credit Card,34.0,0.0,0,No,3215,4,0-12
Male,27,Yes,2,3,1,No Offer,Yes,27.5,No,No Internet Service,0,No,No,No,No,No,No,No,No,One Year,No,Credit Card,20.4,0.0,0,No,4540,1,0-12
Male,56,Yes,0,8,62,Offer B,No,0.0,No,Cable,29,Yes,Yes,No,Yes,No,No,No,Yes,Two Year,Yes,Credit Card,38.6,0.0,0,No,4558,5,49-72
Female,40,No,0,0,1,Offer E,No,0.0,No,DSL,15,No,No,No,No,No,No,No,No,Month-to-Month,No,Bank Withdrawal,25.25,0.0,10,No,4831,1,0-12
Female,64,No,0,0,18,Offer D,Yes,10.97,Yes,DSL,9,Yes,No,Yes,No,No,No,No,Yes,Month-to-Month,Yes,Credit Card,60.6,0.0,0,No,4459,6,13-24
Male,19,No,0,0,2,Offer E,Yes,43.56,No,Fiber Optic,52,No,Yes,No,No,No,No,No,Yes,Month-to-Month,Yes,Bank Withdrawal,74.75,0.0,0,No,4545,4,0-12
Male,43,Yes,2,6,19,Offer D,Yes,4.7,No,No Internet Service,0,No,No,No,No,No,No,No,No,Month-to-Month,No,Credit Card,20.6,0.0,0,No,2276,1,13-24
Male,36,No,0,0,9,Offer E,Yes,13.72,No,No Internet Service,0,No,No,No,No,No,No,No,No,Month-to-Month,No,Credit Card,20.4,0.0,0,No,5380,1,0-12
Male,58,No,0,0,27,No Offer,Yes,49.25,No,DSL,4,Yes,No,Yes,Yes,Yes,Yes,Yes,Yes,One Year,No,Bank Withdrawal,81.7,0.0,0,No,2445,9,25-48
Female,31,No,0,0,11,Offer D,Yes,46.49,No,No Internet Service,0,No,No,No,No,No,No,No,No,One Year,No,Credit Card,20.0,0.0,0,No,3731,1,0-12
Male,41,No,0,0,1,Offer E,Yes,3.39,Yes,No Internet Service,0,No,No,No,No,No,No,No,No,Month-to-Month,Yes,Credit Card,25.0,0.0,0,No,2371,2,0-12
Female,45,Yes,2,6,9,Offer E,Yes,16.13,No,No Internet Service,0,No,No,No,No,No,No,No,No,Two Year,No,Credit Card,19.75,0.0,0,No,2427,1,0-12
Male,25,Yes,2,1,54,Offer B,Yes,24.59,Yes,DSL,52,Yes,Yes,No,Yes,No,No,No,Yes,Two Year,Yes,Credit Card,65.65,0.0,0,No,5725,7,49-72
Female,47,No,0,0,29,No Offer,Yes,41.38,Yes,DSL,4,No,No,No,No,Yes,Yes,Yes,Yes,One Year,Yes,Credit Card,71.0,0.0,0,No,4226,7,25-48
Male,21,Yes,3,4,59,Offer B,Yes,42.37,No,Cable,73,Yes,Yes,Yes,Yes,Yes,Yes,Yes,No,Two Year,Yes,Bank Withdrawal,86.75,0.0,150,No,5020,9,49-72
Female,22,Yes,2,7,18,Offer D,Yes,40.36,No,DSL,51,Yes,Yes,No,Yes,No,No,No,Yes,One Year,Yes,Credit Card,61.5,0.0,0,No,3479,6,13-24
Male,64,No,2,0,33,No Offer,No,0.0,No,Cable,12,Yes,No,No,Yes,No,No,No,Yes,One Year,No,Credit Card,34.05,0.0,0,No,3044,4,25-48
Male,31,No,0,0,5,No Offer,Yes,24.16,No,No Internet Service,0,No,No,No,No,No,No,No,No,Month-to-Month,No,Credit Card,19.95,0.0,0,No,4281,1,0-12
Female,33,No,0,0,2,Offer E,Yes,34.57,No,No Internet Service,0,No,No,No,No,No,No,No,No,Month-to-Month,No,Credit Card,19.95,0.0,0,No,4079,1,0-12
Male,25,Yes,1,10,72,Offer A,Yes,33.75,Yes,Cable,30,Yes,Yes,Yes,Yes,Yes,Yes,Yes,Yes,Two Year,No,Credit Card,89.7,0.0,0,No,4193,11,49-72
Male,34,No,2,0,9,Offer E,Yes,45.83,No,No Internet Service,0,No,No,No,No,No,No,No,No,Month-to-Month,No,Credit Card,20.4,0.0,0,No,4195,1,0-12
Male,54,Yes,2,2,67,Offer A,Yes,14.54,Yes,No Internet Service,0,No,No,No,No,No,No,No,No,Two Year,No,Credit Card,26.3,0.0,0,No,6066,2,49-72
Female,59,No,0,0,8,Offer E,Yes,26.47,No,No Internet Service,0,No,No,No,No,No,No,No,No,Month-to-Month,Yes,Mailed Check,20.7,0.0,0,No,3330,1,0-12
Male,50,No,0,0,17,Offer D,Yes,39.34,No,No Internet Service,0,No,No,No,No,No,No,No,No,Two Year,No,Credit Card,19.45,0.0,0,No,5347,1,13-24
Female,61,Yes,0,2,68,Offer A,Yes,46.7,Yes,Fiber Optic,14,Yes,Yes,Yes,No,Yes,Yes,Yes,Yes,Two Year,Yes,Bank Withdrawal,110.8,0.0,0,No,4545,10,49-72
Male,30,No,0,0,67,Offer A,No,0.0,No,Cable,85,Yes,No,Yes,Yes,Yes,No,No,Yes,One Year,Yes,Bank Withdrawal,49.35,0.0,0,No,5905,6,49-72
Male,20,No,0,0,32,No Offer,Yes,36.78,No,No Internet Service,0,No,No,No,No,No,No,No,No,One Year,No,Credit Card,20.35,0.0,0,No,2433,1,25-48
Male,29,No,1,0,1,Offer E,Yes,6.35,No,DSL,76,No,Yes,No,No,No,No,No,Yes,Month-to-Month,Yes,Bank Withdrawal,49.9,0.0,0,No,3239,4,0-12
Female,27,Yes,0,6,48,Offer B,Yes,49.88,No,DSL,42,No,Yes,Yes,No,No,Yes,Yes,Yes,One Year,Yes,Bank Withdrawal,65.65,0.0,0,No,5427,7,25-48
Female,63,Yes,0,6,61,Offer B,Yes,18.03,Yes,Fiber Optic,22,No,No,Yes,Yes,Yes,Yes,Yes,Yes,One Year,Yes,Bank Withdrawal,103.3,0.0,0,No,5401,9,49-72
Female,22,No,0,0,2,Offer E,Yes,18.7,No,DSL,59,No,No,No,No,No,No,No,Yes,Month-to-Month,No,Bank Withdrawal,44.45,0.0,0,No,5694,3,0-12
Female,22,Yes,1,9,71,Offer A,Yes,37.57,Yes,DSL,85,Yes,Yes,Yes,Yes,Yes,Yes,Yes,No,Two Year,No,Bank Withdrawal,89.9,0.0,150,No,5835,10,49-72
Male,57,Yes,0,6,37,No Offer,Yes,27.41,Yes,DSL,10,Yes,No,No,No,No,No,No,Yes,Month-to-Month,Yes,Mailed Check,55.05,0.0,0,No,3839,5,25-48
Male,40,Yes,3,0,65,Offer B,Yes,39.52,Yes,Fiber Optic,57,No,No,Yes,Yes,Yes,Yes,Yes,Yes,Two Year,Yes,Bank Withdrawal,104.1,0.0,0,No,4024,9,49-72
Female,19,No,2,0,67,Offer A,Yes,18.74,Yes,Fiber Optic,59,No,Yes,No,Yes,Yes,Yes,Yes,Yes,One Year,Yes,Bank Withdrawal,106.6,0.0,0,No,5895,9,49-72
Male,53,Yes,2,10,50,Offer B,Yes,44.49,Yes,Cable,28,Yes,No,No,Yes,Yes,No,No,Yes,Two Year,Yes,Credit Card,70.5,0.0,0,No,4022,7,49-72
Male,43,Yes,2,1,25,No Offer,Yes,15.76,No,No Internet Service,0,No,No,No,No,No,No,No,No,One Year,No,Bank Withdrawal,19.6,0.0,0,No,2888,1,25-48
Female,45,Yes,3,5,64,Offer B,Yes,17.93,Yes,No Internet Service,0,No,No,No,No,No,No,No,No,Two Year,Yes,Mailed Check,24.05,0.0,0,No,4582,2,49-72
Male,37,Yes,0,10,25,No Offer,No,0.0,No,Cable,24,No,No,Yes,No,Yes,No,No,No,One Year,Yes,Credit Card,38.1,0.0,100,No,2315,3,25-48
Female,64,No,0,0,37,Offer C,Yes,17.46,Yes,Fiber Optic,22,No,No,Yes,No,Yes,Yes,Yes,Yes,Month-to-Month,Yes,Bank Withdrawal,100.05,0.0,0,No,2904,8,25-48
Female,60,No,0,0,21,Offer D,Yes,30.59,No,Fiber Optic,11,No,No,No,No,No,No,No,Yes,Month-to-Month,Yes,Bank Withdrawal,68.65,0.0,0,No,2006,3,13-24
Male,34,No,0,0,1,No Offer,Yes,13.62,No,Cable,21,No,No,No,No,No,No,No,Yes,Month-to-Month,Yes,Credit Card,45.8,0.0,0,No,2614,3,0-12
Female,37,No,0,0,10,No Offer,Yes,39.85,Yes,Fiber Optic,21,No,No,No,No,No,No,No,Yes,Month-to-Month,Yes,Mailed Check,75.75,0.0,0,No,4525,4,0-12
Male,63,Yes,0,7,51,Offer B,Yes,35.0,Yes,Fiber Optic,8,Yes,Yes,No,No,No,Yes,Yes,Yes,One Year,Yes,Credit Card,96.4,0.0,0,No,4745,8,49-72
Female,63,No,0,0,10,No Offer,Yes,4.76,No,No Internet Service,0,No,No,No,No,No,No,No,No,Month-to-Month,Yes,Mailed Check,20.55,0.0,0,No,3595,1,0-12
Female,43,No,0,0,6,Offer E,No,0.0,No,Cable,23,Yes,Yes,No,Yes,No,Yes,Yes,Yes,Month-to-Month,No,Credit Card,50.95,0.0,0,No,3474,7,0-12
Male,30,Yes,3,10,47,Offer B,Yes,11.74,Yes,DSL,48,Yes,Yes,Yes,Yes,Yes,Yes,Yes,Yes,Two Year,Yes,Mailed Check,90.5,0.0,0,No,3413,11,25-48
Female,52,Yes,2,3,61,Offer B,Yes,40.48,Yes,DSL,20,Yes,Yes,Yes,Yes,No,Yes,Yes,Yes,One Year,Yes,Bank Withdrawal,79.4,0.0,0,No,4666,10,49-72
Female,40,No,0,0,52,Offer B,No,0.0,No,DSL,19,Yes,Yes,Yes,No,Yes,Yes,Yes,Yes,Two Year,Yes,Bank Withdrawal,58.75,0.0,0,No,5122,8,49-72
Female,42,Yes,3,0,35,Offer C,Yes,39.11,Yes,DSL,23,Yes,Yes,No,No,No,No,No,Yes,Month-to-Month,Yes,Credit Card,59.45,0.0,0,No,3682,6,25-48
Male,52,Yes,0,8,71,Offer A,Yes,29.11,Yes,Fiber Optic,28,No,Yes,Yes,No,Yes,Yes,Yes,Yes,One Year,Yes,Bank Withdrawal,105.7,0.0,0,No,4420,9,49-72
Male,37,Yes,0,10,45,No Offer,Yes,43.27,No,DSL,4,Yes,No,Yes,No,No,No,No,No,Two Year,No,Credit Card,53.3,0.0,90,No,2929,4,25-48
Male,19,No,0,0,2,Offer E,No,0.0,No,DSL,59,No,No,No,No,No,No,No,Yes,Month-to-Month,No,Mailed Check,24.3,0.0,0,No,2515,2,0-12
Male,59,No,0,0,51,No Offer,Yes,9.85,Yes,Cable,3,Yes,No,No,Yes,No,No,No,Yes,One Year,No,Credit Card,59.9,0.0,0,No,5233,6,49-72
Male,37,Yes,2,1,60,No Offer,Yes,28.45,Yes,No Internet Service,0,No,No,No,No,No,No,No,No,One Year,No,Credit Card,23.95,0.0,0,No,5449,2,49-72
Male,40,No,0,0,9,Offer E,Yes,48.61,No,No Internet Service,0,No,No,No,No,No,No,No,No,One Year,Yes,Mailed Check,20.15,0.0,0,No,4004,1,0-12
Male,58,No,0,0,17,No Offer,Yes,21.14,Yes,Fiber Optic,5,No,No,Yes,Yes,No,Yes,Yes,Yes,Month-to-Month,Yes,Bank Withdrawal,95.65,0.0,0,No,3139,8,13-24
Male,37,Yes,1,1,46,No Offer,Yes,45.95,No,Cable,10,Yes,No,Yes,Yes,Yes,Yes,Yes,Yes,Two Year,No,Mailed Check,81.0,0.0,0,No,4280,9,25-48
Female,21,No,0,0,68,Offer A,Yes,14.86,No,Cable,59,Yes,Yes,Yes,Yes,Yes,Yes,Yes,No,Two Year,Yes,Credit Card,82.45,0.0,90,No,5308,9,49-72
Female,52,Yes,0,8,4,No Offer,Yes,44.73,No,No Internet Service,0,No,No,No,No,No,No,No,No,One Year,No,Bank Withdrawal,20.5,0.0,0,No,3233,1,0-12
Male,55,No,1,0,28,Offer C,Yes,34.43,No,DSL,22,No,Yes,No,Yes,No,No,No,Yes,One Year,Yes,Credit Card,54.4,0.0,0,No,4711,5,25-48
Female,23,No,0,0,39,Offer C,Yes,48.17,No,DSL,58,No,Yes,No,No,Yes,No,No,Yes,One Year,Yes,Credit Card,58.6,0.0,0,No,5662,5,25-48
Male,54,No,0,0,11,No Offer,Yes,30.57,No,Fiber Optic,15,No,No,Yes,No,No,Yes,Yes,Yes,Month-to-Month,No,Bank Withdrawal,84.8,0.0,0,No,4924,6,0-12
Female,46,Yes,0,2,71,Offer A,No,0.0,No,DSL,27,No,Yes,Yes,Yes,Yes,Yes,Yes,Yes,Two Year,Yes,Credit Card,61.4,0.0,0,No,5119,8,49-72
Male,42,No,2,0,2,No Offer,Yes,49.53,No,No Internet Service,0,No,No,No,No,No,No,No,No,Month-to-Month,No,Mailed Check,20.4,0.0,0,No,3000,1,0-12
Female,35,No,0,0,17,No Offer,Yes,4.38,No,No Internet Service,0,No,No,No,No,No,No,No,No,One Year,No,Mailed Check,20.15,0.0,0,No,4650,1,13-24
Female,64,Yes,0,1,55,No Offer,Yes,34.61,Yes,Fiber Optic,16,No,Yes,Yes,No,Yes,No,No,Yes,Month-to-Month,Yes,Credit Card,94.45,0.0,0,No,5577,7,49-72
Female,47,No,0,0,58,No Offer,Yes,22.71,Yes,Fiber Optic,14,Yes,No,No,No,No,No,No,Yes,Month-to-Month,Yes,Bank Withdrawal,79.8,0.0,0,No,5709,5,49-72
Male,36,No,0,0,26,Offer C,Yes,44.11,No,DSL,8,No,No,No,Yes,No,No,No,Yes,Month-to-Month,No,Bank Withdrawal,49.15,0.0,0,No,2752,4,25-48
Female,36,No,0,0,50,No Offer,Yes,12.62,No,No Internet Service,0,No,No,No,No,No,No,No,No,Two Year,No,Credit Card,19.4,0.0,0,No,6233,1,49-72
Female,35,Yes,0,10,72,Offer A,Yes,29.0,Yes,Fiber Optic,22,Yes,Yes,Yes,Yes,Yes,Yes,Yes,Yes,Two Year,Yes,Bank Withdrawal,113.65,0.0,0,No,5411,11,49-72
Female,47,No,2,0,43,No Offer,Yes,10.19,No,Fiber Optic,10,Yes,Yes,No,Yes,Yes,Yes,Yes,No,One Year,Yes,Credit Card,106.0,0.0,130,No,3528,8,25-48
Male,52,No,0,0,56,No Offer,Yes,47.82,Yes,No Internet Service,0,No,No,No,No,No,No,No,No,Two Year,Yes,Bank Withdrawal,25.95,0.0,0,No,4246,2,49-72
Female,28,No,0,0,1,No Offer,Yes,5.02,No,No Internet Service,0,No,No,No,No,No,No,No,No,Month-to-Month,No,Mailed Check,19.1,0.0,0,No,3313,1,0-12
Male,62,Yes,0,5,72,Offer A,Yes,43.84,Yes,Fiber Optic,15,Yes,Yes,No,Yes,No,Yes,Yes,Yes,Two Year,Yes,Bank Withdrawal,100.55,0.0,0,No,6082,9,49-72
Male,58,Yes,0,4,36,Offer C,Yes,40.58,Yes,Fiber Optic,12,No,No,No,No,Yes,Yes,Yes,Yes,Month-to-Month,Yes,Bank Withdrawal,95.4,0.0,0,No,5111,7,25-48
Male,51,No,0,0,5,No Offer,Yes,45.69,No,Cable,4,No,No,Yes,Yes,Yes,Yes,Yes,Yes,Month-to-Month,No,Bank Withdrawal,75.15,0.0,0,No,5900,8,0-12
Male,60,No,0,0,44,No Offer,Yes,18.14,No,No Internet Service,0,No,No,No,No,No,No,No,No,One Year,No,Credit Card,19.5,0.0,0,No,4220,1,25-48
Female,23,Yes,0,10,69,No Offer,Yes,45.12,Yes,No Internet Service,0,No,No,No,No,No,No,No,No,Two Year,Yes,Credit Card,24.95,0.0,0,No,4106,2,49-72
Male,43,No,0,0,16,No Offer,Yes,27.43,No,Fiber Optic,27,No,No,No,No,No,No,No,Yes,Month-to-Month,Yes,Credit Card,69.95,0.0,0,No,5596,3,13-24
Male,52,Yes,1,1,68,No Offer,Yes,27.59,No,DSL,27,Yes,Yes,No,Yes,Yes,Yes,Yes,Yes,Two Year,No,Bank Withdrawal,82.85,0.0,0,No,5184,9,49-72
Male,31,No,0,0,4,No Offer,Yes,20.16,No,No Internet Service,0,No,No,No,No,No,No,No,No,Month-to-Month,No,Mailed Check,19.0,0.0,0,No,3022,1,0-12
Female,40,Yes,3,4,26,Offer C,No,0.0,No,Cable,23,Yes,Yes,No,Yes,No,No,No,No,Month-to-Month,No,Credit Card,38.85,0.0,30,No,3970,4,25-48
Male,39,No,1,0,5,No Offer,Yes,8.01,No,No Internet Service,0,No,No,No,No,No,No,No,No,Month-to-Month,No,Credit Card,20.35,0.0,0,No,3161,1,0-12
Male,48,Yes,0,5,70,No Offer,Yes,31.13,Yes,Fiber Optic,16,No,Yes,Yes,No,Yes,No,No,Yes,One Year,Yes,Bank Withdrawal,95.0,0.0,0,No,6259,7,49-72
Male,61,Yes,0,10,24,Offer C,Yes,32.86,No,Cable,30,Yes,No,No,Yes,Yes,Yes,Yes,Yes,One Year,No,Bank Withdrawal,74.4,0.0,0,No,4310,8,13-24
Male,37,No,0,0,1,No Offer,Yes,39.55,No,Fiber Optic,21,No,No,No,Yes,No,No,No,Yes,Month-to-Month,Yes,Mailed Check,74.3,0.0,0,No,3063,4,0-12
Male,19,Yes,0,10,70,No Offer,No,0.0,No,DSL,41,No,Yes,Yes,Yes,No,Yes,Yes,No,One Year,Yes,Bank Withdrawal,51.05,0.0,120,No,4042,6,49-72
Female,56,Yes,2,3,36,Offer C,Yes,20.57,No,No Internet Service,0,No,No,No,No,No,No,No,No,Month-to-Month,No,Bank Withdrawal,19.2,0.0,0,No,3043,1,25-48
Female,28,Yes,2,3,41,No Offer,Yes,20.41,Yes,Fiber Optic,59,No,Yes,Yes,Yes,Yes,Yes,Yes,Yes,One Year,Yes,Bank Withdrawal,109.1,0.0,0,No,4854,10,25-48
Male,20,No,0,0,14,No Offer,Yes,18.46,No,Fiber Optic,26,No,No,Yes,No,No,No,No,Yes,Month-to-Month,No,Bank Withdrawal,76.45,0.0,0,No,2292,4,13-24
Male,33,Yes,2,4,13,No Offer,Yes,13.77,Yes,DSL,23,No,Yes,Yes,Yes,Yes,No,No,Yes,Month-to-Month,Yes,Bank Withdrawal,72.8,0.0,0,No,2862,8,13-24
Male,24,No,0,0,6,No Offer,Yes,27.54,No,No Internet Service,0,No,No,No,No,No,No,No,No,Month-to-Month,No,Mailed Check,18.95,0.0,0,No,5920,1,0-12
Female,55,Yes,0,8,15,No Offer,Yes,24.12,No,Fiber Optic,13,Yes,No,Yes,No,Yes,Yes,Yes,Yes,Month-to-Month,No,Bank Withdrawal,101.75,0.0,0,No,2919,8,13-24
Female,19,No,0,0,47,No Offer,Yes,48.03,No,Fiber Optic,69,Yes,No,No,No,No,No,No,Yes,Month-to-Month,No,Credit Card,75.45,0.0,0,No,4995,4,25-48
Female,19,No,0,0,8,No Offer,Yes,45.04,No,DSL,73,No,No,Yes,Yes,No,Yes,Yes,No,Month-to-Month,No,Mailed Check,64.1,0.0,10,No,2804,6,0-12
Male,63,No,0,0,17,No Offer,No,0.0,No,Cable,11,No,No,No,No,No,No,No,Yes,Month-to-Month,Yes,Mailed Check,25.65,0.0,0,No,3090,2,13-24
Male,39,Yes,1,7,15,No Offer,Yes,32.73,No,Fiber Optic,17,Yes,No,No,No,No,No,No,Yes,Month-to-Month,No,Mailed Check,75.1,0.0,0,No,4634,4,13-24
Female,60,No,0,0,26,Offer C,Yes,40.14,No,Fiber Optic,4,Yes,No,Yes,Yes,No,Yes,Yes,Yes,One Year,Yes,Bank Withdrawal,95.85,0.0,0,No,3834,8,25-48
Female,40,No,0,0,23,No Offer,Yes,48.63,Yes,Cable,11,Yes,No,No,No,No,No,No,Yes,Month-to-Month,No,Bank Withdrawal,54.4,0.0,0,No,2989,5,13-24
Male,54,No,3,0,29,Offer C,Yes,2.0,No,No Internet Service,0,No,No,No,No,No,No,No,No,One Year,No,Mailed Check,19.85,0.0,0,No,2941,1,25-48
Female,50,No,0,0,25,Offer C,Yes,30.28,No,No Internet Service,0,No,No,No,No,No,No,No,No,Month-to-Month,No,Mailed Check,19.05,0.0,0,No,2692,1,25-48
Female,29,Yes,2,10,69,No Offer,No,0.0,No,DSL,69,Yes,Yes,Yes,Yes,No,No,No,Yes,Two Year,No,Bank Withdrawal,46.25,0.0,0,No,4180,6,49-72
Male,24,No,0,0,14,Offer D,Yes,26.02,No,No Internet Service,0,No,No,No,No,No,No,No,No,One Year,No,Mailed Check,19.35,0.0,0,No,2400,1,13-24
Male,54,No,0,0,19,Offer D,Yes,13.76,Yes,DSL,4,No,No,No,No,Yes,Yes,Yes,Yes,Month-to-Month,No,Mailed Check,69.6,0.0,0,No,3349,7,13-24
Male,20,No,0,0,31,Offer C,Yes,19.38,No,Fiber Optic,76,No,Yes,Yes,No,Yes,Yes,Yes,Yes,Month-to-Month,Yes,Bank Withdrawal,101.4,0.0,0,No,2025,8,25-48
Male,61,Yes,2,5,24,Offer C,Yes,40.81,No,No Internet Service,0,No,No,No,No,No,No,No,No,One Year,No,Mailed Check,20.25,0.0,0,No,3000,1,13-24
Male,39,Yes,0,4,14,Offer D,Yes,21.34,No,DSL,24,No,No,No,Yes,No,No,No,Yes,Month-to-Month,No,Bank Withdrawal,48.8,0.0,0,No,2168,4,13-24
Female,23,Yes,0,2,64,No Offer,Yes,18.03,No,Cable,42,Yes,Yes,Yes,Yes,No,Yes,Yes,Yes,Two Year,Yes,Mailed Check,74.35,0.0,0,No,4781,9,49-72
Female,29,No,0,0,50,No Offer,Yes,17.88,No,No Internet Service,0,No,No,No,No,No,No,No,No,One Year,Yes,Mailed Check,19.35,29.5,0,No,5247,1,49-72
Male,45,Yes,2,9,52,No Offer,Yes,5.51,No,Cable,19,No,Yes,Yes,Yes,Yes,No,No,Yes,One Year,Yes,Bank Withdrawal,68.75,16.86,0,No,4172,7,49-72
Male,31,No,0,0,28,Offer C,Yes,12.36,Yes,Fiber Optic,13,No,Yes,No,No,Yes,Yes,Yes,Yes,One Year,No,Bank Withdrawal,100.2,42.64,0,No,5137,8,25-48
Female,40,No,0,0,21,Offer D,Yes,22.29,No,No Internet Service,0,No,No,No,No,No,No,No,No,Two Year,Yes,Credit Card,20.85,1.31,0,No,5422,1,13-24
Female,33,Yes,0,3,17,Offer D,Yes,1.64,No,No Internet Service,0,No,No,No,No,No,No,No,No,One Year,No,Mailed Check,19.35,10.57,0,No,2185,1,13-24
Male,53,Yes,0,0,58,No Offer,No,0.0,No,Cable,23,No,No,No,No,Yes,Yes,Yes,Yes,One Year,Yes,Credit Card,45.0,0.0,0,No,5006,5,49-72
Female,59,Yes,0,7,51,No Offer,Yes,20.47,Yes,No Internet Service,0,No,No,No,No,No,No,No,No,Two Year,No,Mailed Check,25.5,0.0,0,No,5447,2,49-72
Male,53,Yes,3,3,72,No Offer,No,0.0,No,DSL,53,Yes,No,Yes,Yes,Yes,No,No,Yes,Two Year,No,Mailed Check,48.9,34.44,0,No,5415,6,49-72
Female,62,No,0,0,27,No Offer,Yes,15.41,No,No Internet Service,0,No,No,No,No,No,No,No,No,Two Year,Yes,Mailed Check,19.6,13.07,0,No,2896,1,25-48
Female,38,No,0,0,3,No Offer,Yes,40.2,No,No Internet Service,0,No,No,No,No,No,No,No,No,Month-to-Month,No,Mailed Check,20.0,0.0,0,No,4258,1,0-12
Female,33,Yes,0,6,64,No Offer,Yes,16.61,Yes,Cable,4,Yes,Yes,Yes,Yes,No,Yes,Yes,Yes,Two Year,Yes,Mailed Check,81.3,22.34,0,No,5254,10,49-72
Female,51,Yes,0,3,45,No Offer,Yes,48.02,No,Fiber Optic,18,No,No,No,Yes,Yes,Yes,Yes,No,Two Year,Yes,Credit Card,95.2,43.95,50,No,3363,6,25-48
Female,56,Yes,0,9,71,No Offer,Yes,13.41,Yes,DSL,18,No,Yes,Yes,Yes,Yes,Yes,Yes,Yes,Two Year,Yes,Credit Card,83.3,37.44,0,No,4264,10,49-72
Female,35,Yes,1,6,58,No Offer,Yes,17.21,No,No Internet Service,0,No,No,No,No,No,No,No,No,Two Year,No,Credit Card,20.3,25.57,0,No,4424,1,49-72
Male,25,Yes,3,5,34,No Offer,Yes,18.36,No,Fiber Optic,85,No,Yes,Yes,No,Yes,No,No,Yes,Month-to-Month,Yes,Bank Withdrawal,89.85,14.93,0,No,3096,6,25-48
Female,49,Yes,1,4,15,Offer D,Yes,17.43,No,No Internet Service,0,No,No,No,No,No,No,No,No,Month-to-Month,No,Mailed Check,19.8,18.55,0,No,4167,1,13-24
Male,49,Yes,3,0,66,No Offer,No,0.0,No,DSL,28,No,No,Yes,Yes,Yes,Yes,Yes,Yes,Two Year,No,Bank Withdrawal,54.65,46.75,0,No,4051,7,49-72
Male,49,No,0,0,58,No Offer,Yes,29.31,No,No Internet Service,0,No,No,No,No,No,No,No,No,Two Year,Yes,Bank Withdrawal,19.15,28.7,0,No,6339,1,49-72
Female,32,Yes,2,9,3,No Offer,Yes,45.33,No,No Internet Service,0,No,No,No,No,No,No,No,No,Two Year,No,Mailed Check,19.1,0.0,0,No,3863,1,0-12
Female,38,No,0,0,9,No Offer,Yes,32.57,No,Fiber Optic,13,No,Yes,Yes,No,No,No,No,Yes,Month-to-Month,No,Bank Withdrawal,80.55,2.28,0,No,3581,5,0-12
Female,60,No,0,0,3,No Offer,Yes,1.47,No,No Internet Service,0,No,No,No,No,No,No,No,No,One Year,No,Mailed Check,20.25,0.0,0,No,4331,1,0-12
Male,37,Yes,0,1,40,Offer B,Yes,29.46,Yes,Fiber Optic,28,No,Yes,Yes,No,Yes,Yes,Yes,Yes,One Year,Yes,Bank Withdrawal,106.0,47.02,0,No,5118,9,25-48
Female,50,No,0,0,68,No Offer,Yes,9.82,Yes,No Internet Service,0,No,No,No,No,No,No,No,No,Two Year,No,Bank Withdrawal,25.5,16.85,0,No,5182,2,49-72
Female,39,No,0,0,50,Offer B,Yes,48.45,Yes,DSL,14,No,Yes,No,Yes,Yes,Yes,Yes,Yes,Two Year,Yes,Mailed Check,79.6,0.0,0,No,5592,9,49-72
Male,21,No,0,0,1,No Offer,Yes,39.19,No,DSL,69,No,No,No,No,No,Yes,Yes,No,Month-to-Month,Yes,Bank Withdrawal,55.25,0.0,60,No,3255,4,0-12
Female,49,Yes,0,1,72,No Offer,Yes,38.28,Yes,DSL,24,Yes,Yes,Yes,Yes,Yes,Yes,Yes,Yes,Two Year,No,Bank Withdrawal,88.05,29.11,0,No,6247,11,49-72
Male,58,No,3,0,40,Offer B,Yes,26.41,No,No Internet Service,0,No,No,No,No,No,No,No,No,One Year,Yes,Bank Withdrawal,20.4,32.55,0,No,3200,1,25-48
Female,28,Yes,1,10,72,No Offer,Yes,47.02,Yes,Fiber Optic,48,Yes,Yes,Yes,Yes,Yes,Yes,Yes,Yes,Two Year,Yes,Bank Withdrawal,117.6,5.44,0,No,6173,11,49-72
Female,60,No,0,0,6,No Offer,Yes,47.46,No,No Internet Service,0,No,No,No,No,No,No,No,No,Month-to-Month,No,Mailed Check,20.0,0.0,0,No,3142,1,0-12
Female,62,No,0,0,5,No Offer,Yes,41.93,No,No Internet Service,0,No,No,No,No,No,No,No,No,Month-to-Month,Yes,Credit Card,19.65,0.0,0,No,2878,1,0-12
Male,41,Yes,0,7,48,Offer B,Yes,38.82,Yes,Cable,8,No,Yes,Yes,No,No,Yes,Yes,Yes,One Year,Yes,Credit Card,70.55,0.0,0,No,3997,8,25-48
Female,39,Yes,2,5,64,Offer B,Yes,26.7,No,Cable,17,Yes,No,No,Yes,Yes,No,No,No,One Year,No,Mailed Check,65.8,27.79,20,No,4754,5,49-72
Female,63,No,0,0,17,Offer D,Yes,3.84,No,No Internet Service,0,No,No,No,No,No,No,No,No,One Year,No,Credit Card,20.05,43.68,0,No,4828,1,13-24
Male,41,Yes,0,8,40,Offer B,Yes,39.22,No,Fiber Optic,27,No,Yes,Yes,No,No,No,No,Yes,Month-to-Month,Yes,Bank Withdrawal,80.0,41.74,0,No,2478,5,25-48
Female,37,Yes,2,1,41,Offer B,No,0.0,No,Cable,16,Yes,No,Yes,No,No,No,No,Yes,One Year,No,Credit Card,35.4,0.0,0,No,4375,4,25-48
Male,36,Yes,0,10,41,Offer B,Yes,39.39,Yes,Fiber Optic,3,No,Yes,No,No,No,No,No,Yes,Month-to-Month,Yes,Bank Withdrawal,80.25,2.18,0,No,5757,5,25-48
Female,31,No,0,0,2,No Offer,Yes,47.19,No,No Internet Service,0,No,No,No,No,No,No,No,No,Month-to-Month,Yes,Mailed Check,20.45,0.0,0,No,2606,1,0-12
Male,50,No,0,0,68,No Offer,Yes,18.53,No,Fiber Optic,21,No,Yes,Yes,No,No,No,No,No,One Year,No,Credit Card,79.6,3.26,10,No,5210,4,49-72
Female,42,Yes,3,7,24,No Offer,Yes,20.74,Yes,No Internet Service,0,No,No,No,No,No,No,No,No,Two Year,No,Mailed Check,24.7,0.0,0,No,5302,2,13-24
Male,22,Yes,0,2,70,No Offer,Yes,4.8,Yes,Cable,41,Yes,No,Yes,Yes,No,Yes,Yes,Yes,Two Year,No,Credit Card,77.3,26.87,0,No,6252,9,49-72
Male,58,No,0,0,3,Offer E,No,0.0,No,DSL,18,No,No,No,Yes,No,No,No,Yes,Month-to-Month,Yes,Bank Withdrawal,29.75,0.0,0,No,3425,3,0-12
Male,56,No,0,0,2,No Offer,Yes,5.08,No,DSL,17,No,No,No,No,No,No,No,Yes,Month-to-Month,No,Bank Withdrawal,44.9,0.0,0,No,4370,3,0-12
Male,62,Yes,0,1,3,Offer E,No,0.0,No,DSL,4,No,Yes,No,No,No,No,No,Yes,Month-to-Month,No,Credit Card,29.8,0.0,0,No,5614,3,0-12
Female,54,No,0,0,13,Offer D,Yes,10.66,No,DSL,5,Yes,No,No,No,Yes,Yes,Yes,Yes,Month-to-Month,Yes,Bank Withdrawal,71.95,10.47,0,No,3605,7,13-24
Male,44,No,0,0,7,Offer E,Yes,47.19,No,No Internet Service,0,No,No,No,No,No,No,No,No,Month-to-Month,No,Mailed Check,20.75,0.0,0,No,4476,1,0-12
Male,49,Yes,2,5,12,Offer D,Yes,17.27,No,Cable,29,No,No,No,No,Yes,No,No,Yes,Month-to-Month,Yes,Mailed Check,56.3,0.0,0,No,2047,4,0-12
Male,40,Yes,1,7,53,Offer B,Yes,3.78,Yes,Fiber Optic,27,No,Yes,Yes,No,Yes,Yes,Yes,Yes,One Year,Yes,Bank Withdrawal,105.25,0.0,0,No,6365,9,49-72
Male,48,Yes,2,4,63,Offer B,Yes,10.67,No,No Internet Service,0,No,No,No,No,No,No,No,No,Two Year,No,Mailed Check,19.55,0.0,0,No,6002,1,49-72
Female,58,No,0,0,15,Offer D,Yes,8.97,No,Cable,2,Yes,Yes,Yes,Yes,Yes,Yes,Yes,Yes,Month-to-Month,No,Mailed Check,84.45,0.0,0,No,4653,10,13-24
Male,40,Yes,1,2,36,No Offer,Yes,8.0,No,Cable,19,Yes,Yes,No,No,No,No,No,Yes,One Year,No,Credit Card,53.65,0.0,0,No,4113,5,25-48
Female,51,Yes,1,8,24,No Offer,Yes,30.41,No,No Internet Service,0,No,No,No,No,No,No,No,No,Two Year,No,Credit Card,19.7,0.0,0,No,4642,1,13-24
Female,59,No,0,0,61,Offer B,No,0.0,No,DSL,8,Yes,Yes,Yes,Yes,No,No,No,Yes,One Year,No,Credit Card,43.7,0.0,0,No,4051,6,49-72
Male,43,No,0,0,16,No Offer,Yes,5.79,Yes,DSL,4,No,Yes,No,No,No,No,No,Yes,Month-to-Month,No,Bank Withdrawal,55.3,0.0,0,No,3771,5,13-24
Male,55,Yes,1,5,65,Offer B,Yes,33.47,No,No Internet Service,0,No,No,No,No,No,No,No,No,Two Year,Yes,Credit Card,19.85,0.0,0,No,6009,1,49-72
Female,40,Yes,2,4,26,No Offer,Yes,12.71,No,No Internet Service,0,No,No,No,No,No,No,No,No,Two Year,No,Credit Card,19.65,0.0,0,No,4184,1,25-48
Male,29,No,0,0,16,No Offer,Yes,48.45,No,DSL,59,No,No,No,Yes,No,No,No,Yes,Month-to-Month,Yes,Credit Card,49.45,0.0,0,No,3446,4,13-24
Male,19,No,1,0,5,Offer E,Yes,29.15,No,No Internet Service,0,No,No,No,No,No,No,No,No,Two Year,No,Credit Card,20.45,0.0,0,No,3353,1,0-12
Female,19,No,0,0,19,No Offer,No,0.0,No,DSL,59,No,Yes,No,No,No,Yes,Yes,No,Month-to-Month,Yes,Bank Withdrawal,39.7,0.0,110,No,4034,4,13-24
Male,29,No,0,0,10,No Offer,Yes,33.98,Yes,DSL,59,Yes,No,No,No,No,No,No,Yes,Month-to-Month,Yes,Credit Card,54.5,0.0,0,No,4163,5,0-12
Female,42,No,0,0,72,No Offer,Yes,24.19,Yes,Fiber Optic,13,No,Yes,Yes,Yes,Yes,Yes,Yes,Yes,Two Year,Yes,Bank Withdrawal,111.6,0.0,0,No,5425,10,49-72
Female,30,Yes,2,6,10,No Offer,Yes,5.74,No,DSL,59,No,Yes,Yes,No,No,No,No,Yes,Month-to-Month,Yes,Credit Card,55.55,0.0,0,No,2530,5,0-12
Male,34,Yes,0,6,11,No Offer,Yes,26.11,No,No Internet Service,0,No,No,No,No,No,No,No,No,One Year,Yes,Credit Card,20.55,0.0,0,No,3971,1,0-12
Male,58,Yes,3,10,17,No Offer,Yes,32.27,Yes,Cable,28,Yes,No,No,Yes,No,No,No,Yes,One Year,Yes,Credit Card,62.1,0.0,0,No,3937,6,13-24
Female,39,Yes,1,4,36,No Offer,Yes,43.7,Yes,Fiber Optic,26,Yes,No,Yes,No,Yes,Yes,Yes,Yes,Month-to-Month,Yes,Credit Card,104.5,0.0,0,No,4102,9,25-48
Male,21,Yes,2,3,61,Offer B,Yes,12.72,No,Cable,48,Yes,Yes,Yes,Yes,Yes,Yes,Yes,Yes,One Year,No,Bank Withdrawal,84.9,0.0,0,No,4413,10,49-72
Male,50,No,0,0,22,No Offer,Yes,46.5,No,Fiber Optic,17,No,Yes,No,No,Yes,Yes,Yes,Yes,Month-to-Month,Yes,Credit Card,93.2,0.0,0,No,4093,7,13-24
Male,40,No,0,0,1,Offer E,No,0.0,No,DSL,6,No,No,No,No,No,No,No,Yes,Month-to-Month,Yes,Bank Withdrawal,24.4,0.0,0,No,3145,2,0-12
Female,52,No,0,0,6,Offer E,Yes,30.54,No,Fiber Optic,27,No,No,No,No,No,No,No,Yes,Month-to-Month,No,Credit Card,70.55,0.0,0,No,4059,3,0-12
Female,61,Yes,1,7,68,No Offer,Yes,6.28,No,DSL,16,Yes,Yes,Yes,Yes,Yes,Yes,Yes,No,Two Year,Yes,Credit Card,85.0,0.0,130,No,6221,9,49-72
Female,61,Yes,1,3,52,Offer B,Yes,16.87,No,Fiber Optic,24,No,Yes,Yes,Yes,No,No,No,Yes,Month-to-Month,No,Bank Withdrawal,85.8,0.0,0,No,5494,6,49-72
Female,43,No,3,0,10,No Offer,Yes,42.93,No,Fiber Optic,52,No,No,Yes,Yes,Yes,No,No,Yes,Month-to-Month,Yes,Bank Withdrawal,91.1,0.0,0,No,3857,6,0-12
Female,39,Yes,2,10,72,No Offer,Yes,14.17,No,No Internet Service,0,No,No,No,No,No,No,No,No,Two Year,No,Bank Withdrawal,20.1,0.0,0,No,4598,1,49-72
Male,28,Yes,1,9,47,Offer B,Yes,6.51,No,No Internet Service,0,No,No,No,No,No,No,No,No,One Year,No,Credit Card,20.05,0.0,0,No,5183,1,25-48
Male,57,Yes,1,9,24,No Offer,Yes,8.67,Yes,Cable,10,Yes,No,No,No,Yes,Yes,Yes,Yes,One Year,No,Credit Card,74.8,0.0,0,No,5535,8,13-24
Male,50,No,0,0,65,Offer B,Yes,45.87,Yes,No Internet Service,0,No,No,No,No,No,No,No,No,One Year,No,Credit Card,24.8,0.0,0,No,5826,2,49-72
Female,31,No,0,0,4,Offer E,Yes,7.94,Yes,Fiber Optic,3,No,No,No,Yes,Yes,Yes,Yes,No,Month-to-Month,Yes,Credit Card,100.85,0.0,10,No,5354,7,0-12
Female,38,No,0,0,34,No Offer,Yes,2.82,No,Fiber Optic,2,No,Yes,Yes,Yes,Yes,Yes,Yes,Yes,Month-to-Month,Yes,Bank Withdrawal,105.1,0.0,0,No,3941,9,25-48
Female,46,Yes,0,0,14,No Offer,Yes,14.61,No,No Internet Service,0,No,No,No,No,No,No,No,No,Two Year,No,Credit Card,20.4,0.0,0,No,4556,1,13-24
Male,54,Yes,2,7,13,No Offer,Yes,4.26,No,No Internet Service,0,No,No,No,No,No,No,No,No,One Year,No,Credit Card,20.0,0.0,0,No,5651,1,13-24
Female,42,Yes,1,10,65,Offer B,Yes,1.83,Yes,Cable,13,No,Yes,No,Yes,Yes,Yes,Yes,Yes,Two Year,Yes,Bank Withdrawal,79.4,0.0,0,No,4023,9,49-72
Male,59,Yes,2,4,23,No Offer,Yes,37.86,No,DSL,30,Yes,No,No,Yes,No,No,No,Yes,One Year,No,Credit Card,57.2,0.0,0,No,4021,5,13-24
Male,38,Yes,0,9,55,Offer B,Yes,6.63,No,DSL,23,Yes,Yes,Yes,No,No,No,No,Yes,Two Year,No,Bank Withdrawal,58.6,0.0,0,No,6231,6,49-72
Male,58,Yes,0,8,49,Offer B,Yes,36.3,No,Fiber Optic,9,No,Yes,No,No,Yes,Yes,Yes,No,Two Year,Yes,Bank Withdrawal,94.8,0.0,70,No,4252,6,49-72
Male,48,Yes,0,8,60,Offer B,Yes,19.22,Yes,Fiber Optic,4,No,Yes,Yes,No,Yes,Yes,Yes,Yes,One Year,No,Bank Withdrawal,102.5,0.0,0,No,4968,9,49-72
Female,24,Yes,2,5,69,No Offer,Yes,23.47,No,No Internet Service,0,No,No,No,No,No,No,No,No,One Year,Yes,Credit Card,20.35,0.0,0,No,5188,1,49-72
Male,59,No,0,0,40,No Offer,Yes,17.83,Yes,Fiber Optic,27,No,No,No,No,Yes,No,No,Yes,Month-to-Month,Yes,Bank Withdrawal,84.9,0.0,0,No,2904,5,25-48
Male,59,Yes,0,0,67,No Offer,Yes,47.46,No,DSL,20,Yes,Yes,No,Yes,No,Yes,Yes,Yes,Two Year,Yes,Credit Card,69.2,0.0,0,No,4323,8,49-72
Female,56,Yes,3,6,13,No Offer,Yes,27.62,No,No Internet Service,0,No,No,No,No,No,No,No,No,Two Year,No,Credit Card,20.85,0.0,0,No,3163,1,13-24
Female,33,No,2,0,41,No Offer,Yes,18.72,Yes,Fiber Optic,10,No,Yes,No,No,Yes,No,No,Yes,Month-to-Month,Yes,Bank Withdrawal,88.5,0.0,0,No,5984,6,25-48
Female,46,No,0,0,4,No Offer,No,0.0,No,DSL,26,Yes,No,Yes,No,No,No,No,No,Month-to-Month,No,Credit Card,35.0,0.0,50,No,3523,3,0-12
Female,29,Yes,3,7,24,No Offer,Yes,27.37,No,DSL,85,Yes,No,No,Yes,No,No,No,Yes,Month-to-Month,No,Bank Withdrawal,55.15,0.0,0,No,2200,5,13-24
Female,46,No,0,0,5,Offer E,No,0.0,No,Cable,26,No,Yes,No,No,Yes,Yes,Yes,Yes,Month-to-Month,Yes,Credit Card,50.95,0.0,0,No,3573,6,0-12
Female,37,No,0,0,5,No Offer,Yes,44.78,Yes,Cable,29,No,Yes,No,No,No,Yes,Yes,Yes,Month-to-Month,Yes,Bank Withdrawal,64.0,0.0,0,No,4421,7,0-12
Female,39,Yes,3,7,72,No Offer,Yes,49.12,Yes,DSL,23,Yes,Yes,Yes,Yes,Yes,No,No,Yes,Two Year,No,Bank Withdrawal,80.2,0.0,0,No,6087,9,49-72
Female,34,No,0,0,24,No Offer,Yes,4.82,No,DSL,16,No,No,Yes,No,No,No,No,Yes,Month-to-Month,Yes,Credit Card,49.3,0.0,0,No,5394,4,13-24
Female,25,Yes,0,4,42,No Offer,Yes,9.84,Yes,DSL,52,Yes,No,Yes,Yes,Yes,Yes,Yes,Yes,Two Year,No,Credit Card,84.35,0.0,0,No,3363,10,25-48
Female,33,No,0,0,4,No Offer,Yes,25.8,No,No Internet Service,0,No,No,No,No,No,No,No,No,Month-to-Month,No,Credit Card,20.05,0.0,0,No,4596,1,0-12
Male,39,No,0,0,68,No Offer,Yes,32.67,Yes,Fiber Optic,3,Yes,Yes,Yes,Yes,Yes,Yes,Yes,Yes,One Year,Yes,Credit Card,117.2,0.0,0,No,4629,11,49-72
Female,23,Yes,3,3,33,No Offer,Yes,28.4,No,No Internet Service,0,No,No,No,No,No,No,No,No,One Year,No,Credit Card,20.1,0.0,0,No,3342,1,25-48
Female,49,Yes,3,2,3,No Offer,Yes,19.18,No,Fiber Optic,22,No,Yes,No,Yes,No,No,No,Yes,Month-to-Month,Yes,Bank Withdrawal,80.0,0.0,0,No,4264,5,0-12
Female,44,Yes,1,5,48,No Offer,Yes,8.94,Yes,DSL,27,No,Yes,No,Yes,Yes,Yes,Yes,Yes,Two Year,No,Bank Withdrawal,79.65,0.0,0,No,3246,9,25-48
Female,35,Yes,0,9,15,No Offer,Yes,46.68,Yes,No Internet Service,0,No,No,No,No,No,No,No,No,Two Year,No,Credit Card,25.2,0.0,0,No,4411,2,13-24
Female,50,No,0,0,25,No Offer,Yes,1.36,No,No Internet Service,0,No,No,No,No,No,No,No,No,One Year,No,Credit Card,19.9,0.0,0,No,3048,1,25-48
Female,62,No,0,0,48,No Offer,No,0.0,No,Cable,23,Yes,Yes,No,No,Yes,No,No,Yes,Month-to-Month,Yes,Bank Withdrawal,44.8,0.0,0,No,2469,5,25-48
Male,29,No,0,0,1,No Offer,Yes,10.84,No,No Internet Service,0,No,No,No,No,No,No,No,No,Month-to-Month,No,Credit Card,20.3,0.0,0,No,4270,1,0-12
Male,22,No,0,0,1,No Offer,Yes,26.37,No,No Internet Service,0,No,No,No,No,No,No,No,No,Month-to-Month,No,Bank Withdrawal,19.2,0.0,0,No,2716,1,0-12
Female,48,No,0,0,37,No Offer,Yes,9.61,No,Fiber Optic,11,No,Yes,Yes,No,No,No,No,Yes,One Year,No,Bank Withdrawal,80.05,0.0,0,No,3364,5,25-48
Female,34,Yes,0,10,26,No Offer,No,0.0,No,Cable,28,Yes,Yes,Yes,No,Yes,No,No,No,One Year,No,Bank Withdrawal,47.85,0.0,80,No,4362,5,25-48
Male,59,Yes,0,6,63,No Offer,Yes,46.99,No,Cable,13,Yes,Yes,No,Yes,Yes,No,No,Yes,One Year,No,Credit Card,70.8,0.0,0,No,5114,7,49-72
Female,40,Yes,0,9,64,No Offer,Yes,49.39,Yes,No Internet Service,0,No,No,No,No,No,No,No,No,Two Year,No,Credit Card,25.55,0.0,0,No,4312,2,49-72
Female,27,No,3,0,28,No Offer,Yes,26.09,No,No Internet Service,0,No,No,No,No,No,No,No,No,Month-to-Month,No,Credit Card,20.25,0.0,0,No,4476,1,25-48
Female,32,No,0,0,1,No Offer,Yes,7.11,No,Fiber Optic,26,No,No,Yes,No,No,No,No,Yes,Month-to-Month,No,Bank Withdrawal,75.55,0.0,0,No,3503,4,0-12
Male,36,Yes,0,1,66,No Offer,Yes,25.83,Yes,Fiber Optic,24,No,Yes,Yes,No,No,Yes,Yes,Yes,One Year,No,Bank Withdrawal,95.3,0.0,0,No,5706,8,49-72
Female,20,No,0,0,1,No Offer,Yes,10.05,No,Fiber Optic,51,No,No,No,No,No,No,No,No,Month-to-Month,Yes,Bank Withdrawal,70.25,0.0,10,No,4063,2,0-12
Female,42,Yes,0,4,18,Offer D,Yes,35.96,No,DSL,17,No,No,No,Yes,No,No,No,Yes,Month-to-Month,Yes,Credit Card,50.3,0.0,0,No,3740,4,13-24
Male,56,Yes,1,5,10,No Offer,Yes,15.51,No,No Internet Service,0,No,No,No,No,No,No,No,No,Two Year,No,Credit Card,19.85,0.0,0,No,2019,1,0-12
Male,44,No,3,0,12,Offer D,Yes,17.23,No,No Internet Service,0,No,No,No,No,No,No,No,No,Two Year,No,Bank Withdrawal,19.35,0.0,0,No,2558,1,0-12
Male,37,No,0,0,12,Offer D,Yes,2.29,Yes,No Internet Service,0,No,No,No,No,No,No,No,No,Month-to-Month,No,Bank Withdrawal,25.0,0.0,0,No,4408,2,0-12
Female,62,Yes,1,3,55,No Offer,Yes,3.18,No,No Internet Service,0,No,No,No,No,No,No,No,No,Two Year,No,Credit Card,20.3,0.0,0,No,5153,1,49-72
Female,63,No,0,0,7,No Offer,Yes,25.17,Yes,Fiber Optic,17,No,No,No,No,No,No,No,Yes,Month-to-Month,Yes,Bank Withdrawal,75.35,0.0,0,No,4989,4,0-12
Female,49,Yes,1,10,68,No Offer,Yes,43.51,Yes,DSL,22,Yes,Yes,Yes,Yes,Yes,Yes,Yes,No,Two Year,No,Credit Card,88.0,0.0,40,No,5436,10,49-72
Male,38,No,0,0,40,No Offer,No,0.0,No,Cable,19,Yes,Yes,Yes,No,Yes,Yes,Yes,Yes,One Year,No,Credit Card,62.05,0.0,0,No,2290,8,25-48
Female,23,No,0,0,16,Offer D,Yes,47.25,No,No Internet Service,0,No,No,No,No,No,No,No,No,One Year,No,Bank Withdrawal,20.1,0.0,0,No,4545,1,13-24
Female,49,Yes,0,6,72,Offer A,Yes,46.1,Yes,Fiber Optic,23,No,Yes,Yes,No,Yes,Yes,Yes,Yes,One Year,Yes,Bank Withdrawal,101.35,0.0,0,No,4497,9,49-72
Male,32,Yes,1,1,23,Offer D,Yes,18.91,No,No Internet Service,0,No,No,No,No,No,No,No,No,Two Year,No,Credit Card,20.9,0.0,0,No,4076,1,13-24
Male,44,Yes,0,1,12,Offer D,Yes,44.6,No,Fiber Optic,20,No,Yes,No,No,No,Yes,Yes,Yes,Month-to-Month,Yes,Credit Card,85.05,0.0,0,No,2540,6,0-12
Female,52,No,0,0,54,No Offer,No,0.0,No,DSL,21,Yes,No,No,Yes,No,Yes,Yes,Yes,One Year,No,Bank Withdrawal,44.1,0.0,0,No,6205,6,49-72
Female,27,Yes,0,3,68,Offer A,Yes,3.41,Yes,Fiber Optic,26,No,Yes,Yes,Yes,No,No,No,Yes,Two Year,No,Credit Card,90.2,0.0,0,No,4095,7,49-72
Male,53,No,0,0,27,No Offer,Yes,15.09,No,Cable,28,Yes,No,No,Yes,No,No,No,Yes,Month-to-Month,No,Credit Card,53.45,0.0,0,No,2191,5,25-48
Male,34,No,0,0,21,Offer D,Yes,44.01,No,No Internet Service,0,No,No,No,No,No,No,No,No,Month-to-Month,Yes,Credit Card,19.95,0.0,0,No,3632,1,13-24
Male,27,Yes,0,2,57,No Offer,No,0.0,No,DSL,69,No,Yes,Yes,Yes,Yes,Yes,Yes,No,Two Year,Yes,Bank Withdrawal,57.5,0.0,150,No,4133,7,49-72
Male,25,No,0,0,19,Offer D,Yes,34.68,No,No Internet Service,0,No,No,No,No,No,No,No,No,Two Year,No,Credit Card,19.65,0.0,0,No,5596,1,13-24
Male,27,Yes,0,2,31,No Offer,Yes,36.69,No,Fiber Optic,52,No,No,Yes,No,Yes,Yes,Yes,Yes,One Year,Yes,Bank Withdrawal,93.8,0.0,0,No,2510,7,25-48
Male,34,No,0,0,52,No Offer,Yes,6.8,Yes,DSL,30,Yes,Yes,Yes,Yes,Yes,Yes,Yes,Yes,Two Year,Yes,Credit Card,89.25,0.0,0,No,4624,11,49-72
Female,55,No,0,0,46,No Offer,Yes,33.18,Yes,Fiber Optic,3,No,Yes,Yes,No,No,Yes,Yes,Yes,One Year,Yes,Bank Withdrawal,94.15,0.0,0,No,3924,8,25-48
Female,40,Yes,3,5,53,No Offer,No,0.0,No,Cable,25,Yes,Yes,Yes,No,No,Yes,Yes,Yes,Month-to-Month,Yes,Bank Withdrawal,48.7,0.0,0,No,4116,7,49-72
Female,34,Yes,1,4,71,Offer A,Yes,12.22,No,No Internet Service,0,No,No,No,No,No,No,No,No,Two Year,No,Bank Withdrawal,19.9,0.0,0,No,5789,1,49-72
Female,58,Yes,2,6,1,No Offer,Yes,48.79,No,No Internet Service,0,No,No,No,No,No,No,No,No,Month-to-Month,Yes,Credit Card,19.4,0.0,0,No,3160,1,0-12
Male,19,Yes,0,4,68,Offer A,Yes,25.19,Yes,No Internet Service,0,No,No,No,No,No,No,No,No,Two Year,No,Credit Card,25.05,0.0,0,No,4187,2,49-72
Male,35,Yes,0,8,72,Offer A,Yes,35.06,No,DSL,26,Yes,Yes,Yes,Yes,Yes,Yes,Yes,Yes,Two Year,No,Credit Card,84.45,0.0,0,No,6297,10,49-72
Female,34,No,0,0,2,No Offer,Yes,49.91,No,No Internet Service,0,No,No,No,No,No,No,No,No,Month-to-Month,No,Credit Card,19.3,0.0,0,No,3009,1,0-12
Female,57,No,0,0,41,No Offer,Yes,38.21,No,DSL,5,Yes,No,Yes,Yes,Yes,Yes,Yes,Yes,One Year,Yes,Bank Withdrawal,79.85,0.0,0,No,5556,9,25-48
Male,53,Yes,3,4,72,Offer A,Yes,36.82,Yes,No Internet Service,0,No,No,No,No,No,No,No,No,Two Year,No,Credit Card,25.55,0.0,0,No,6425,2,49-72
Female,24,Yes,0,8,58,No Offer,Yes,26.99,Yes,Cable,53,Yes,No,No,Yes,No,Yes,Yes,Yes,One Year,Yes,Bank Withdrawal,68.4,0.0,0,No,5269,8,49-72
Female,55,No,0,0,7,No Offer,Yes,15.54,No,No Internet Service,0,No,No,No,No,No,No,No,No,Month-to-Month,No,Credit Card,20.65,0.0,0,No,2100,1,0-12
Female,63,Yes,0,7,65,No Offer,Yes,19.99,No,DSL,26,Yes,No,Yes,No,No,No,No,Yes,Month-to-Month,Yes,Credit Card,55.15,0.0,0,No,6205,5,49-72
Male,31,No,0,0,1,No Offer,Yes,36.12,No,Fiber Optic,14,No,No,No,No,No,No,No,Yes,Month-to-Month,Yes,Credit Card,70.6,0.0,0,No,3530,3,0-12
Male,29,Yes,0,0,56,No Offer,Yes,48.87,No,No Internet Service,0,No,No,No,No,No,No,No,No,One Year,No,Credit Card,19.95,0.0,0,No,4838,1,49-72
Male,21,No,0,0,4,No Offer,Yes,8.38,No,No Internet Service,0,No,No,No,No,No,No,No,No,Month-to-Month,No,Credit Card,19.0,0.0,0,No,4345,1,0-12
Female,44,Yes,3,7,58,No Offer,Yes,22.65,No,Cable,25,No,No,No,No,No,No,No,No,One Year,Yes,Credit Card,44.1,0.0,150,No,5040,2,49-72
Male,54,Yes,0,8,62,No Offer,Yes,34.62,Yes,Fiber Optic,28,No,No,Yes,Yes,Yes,Yes,Yes,Yes,Two Year,Yes,Bank Withdrawal,107.6,0.0,0,No,4697,9,49-72
Male,23,No,0,0,26,No Offer,Yes,38.04,Yes,DSL,73,Yes,Yes,No,No,No,No,No,Yes,One Year,No,Bank Withdrawal,61.55,0.0,0,No,5156,6,25-48
Male,44,No,0,0,62,No Offer,Yes,18.9,Yes,Fiber Optic,2,Yes,Yes,Yes,No,No,No,No,Yes,Month-to-Month,No,Bank Withdrawal,90.7,0.0,0,No,5496,7,49-72
Female,20,Yes,2,9,58,No Offer,Yes,39.05,No,Fiber Optic,76,Yes,Yes,No,No,Yes,Yes,Yes,Yes,One Year,No,Credit Card,99.25,0.0,0,No,4098,8,49-72
Female,45,Yes,0,10,68,Offer A,Yes,15.65,Yes,DSL,5,Yes,Yes,Yes,Yes,Yes,Yes,Yes,Yes,Two Year,Yes,Bank Withdrawal,91.7,0.0,0,No,4113,11,49-72
Female,60,Yes,1,5,61,Offer B,Yes,18.26,Yes,Fiber Optic,19,Yes,Yes,Yes,No,No,Yes,Yes,No,One Year,Yes,Credit Card,100.7,0.0,90,No,4804,8,49-72
Female,56,No,0,0,42,Offer B,Yes,20.27,Yes,DSL,15,No,No,Yes,Yes,Yes,Yes,Yes,Yes,Two Year,Yes,Credit Card,78.45,0.0,0,No,3192,9,25-48
Male,19,No,0,0,18,Offer D,Yes,2.26,Yes,Fiber Optic,73,No,No,No,No,Yes,No,No,Yes,Month-to-Month,No,Bank Withdrawal,84.3,0.0,0,No,4612,5,13-24
Female,57,No,0,0,56,Offer B,Yes,13.89,No,No Internet Service,0,No,No,No,No,No,No,No,No,Two Year,Yes,Bank Withdrawal,19.55,0.0,0,No,5764,1,49-72
Female,31,No,0,0,4,No Offer,Yes,3.05,No,No Internet Service,0,No,No,No,No,No,No,No,No,Month-to-Month,No,Credit Card,20.45,0.0,0,No,4344,1,0-12
Female,46,No,3,0,35,No Offer,Yes,12.56,No,DSL,56,Yes,Yes,No,No,No,No,No,Yes,One Year,No,Credit Card,55.6,0.0,0,No,5964,5,25-48
Female,31,Yes,2,0,64,Offer B,Yes,27.74,Yes,Fiber Optic,12,Yes,No,No,Yes,No,No,No,Yes,Month-to-Month,Yes,Bank Withdrawal,86.8,0.0,0,No,4915,6,49-72
Female,23,No,0,0,31,No Offer,Yes,31.79,No,No Internet Service,0,No,No,No,No,No,No,No,No,One Year,No,Mailed Check,20.95,0.0,0,No,5772,1,25-48
Male,49,Yes,4,8,2,Offer E,Yes,42.55,No,DSL,53,Yes,Yes,No,Yes,No,No,No,Yes,Two Year,No,Mailed Check,59.5,0.0,0,No,5613,6,0-12
Female,32,Yes,2,1,29,No Offer,Yes,33.62,No,Fiber Optic,13,No,No,No,No,Yes,Yes,Yes,Yes,Month-to-Month,Yes,Credit Card,87.8,0.0,0,No,4780,6,25-48
Female,54,No,0,0,47,Offer B,No,0.0,No,Cable,23,Yes,No,Yes,Yes,No,No,No,Yes,Two Year,No,Credit Card,41.9,0.0,0,No,2540,5,25-48
Male,41,No,1,0,12,Offer D,Yes,27.07,No,Cable,29,Yes,No,No,No,Yes,Yes,Yes,Yes,Month-to-Month,Yes,Mailed Check,69.85,0.0,0,No,5796,7,0-12
Female,24,Yes,1,10,8,No Offer,Yes,31.86,No,Cable,59,No,Yes,No,Yes,No,No,No,No,Month-to-Month,No,Bank Withdrawal,56.3,0.0,30,No,3135,4,0-12
Male,35,Yes,0,9,54,Offer B,Yes,49.9,Yes,Fiber Optic,29,Yes,Yes,Yes,No,Yes,Yes,Yes,Yes,Month-to-Month,No,Bank Withdrawal,109.55,0.0,0,No,6130,10,49-72
Male,56,Yes,3,2,69,Offer A,Yes,20.32,No,Fiber Optic,56,No,Yes,No,Yes,Yes,No,No,Yes,Two Year,Yes,Mailed Check,92.15,0.0,0,No,5817,6,49-72
Female,54,No,0,0,26,Offer C,Yes,25.4,Yes,DSL,10,Yes,Yes,No,No,Yes,No,No,Yes,Month-to-Month,Yes,Bank Withdrawal,69.5,0.0,0,No,3866,7,25-48
Female,27,Yes,0,1,72,Offer A,Yes,38.79,Yes,Fiber Optic,42,Yes,Yes,Yes,Yes,No,No,No,Yes,Two Year,Yes,Bank Withdrawal,97.0,0.0,0,No,6302,8,49-72
Female,54,No,0,0,70,Offer A,No,0.0,No,DSL,13,Yes,No,Yes,Yes,Yes,Yes,Yes,Yes,Two Year,Yes,Bank Withdrawal,58.35,0.0,0,No,4093,8,49-72
Female,56,Yes,2,6,28,Offer C,Yes,12.94,No,Fiber Optic,24,No,No,No,No,No,No,No,Yes,One Year,Yes,Bank Withdrawal,70.4,0.0,0,No,5195,3,25-48
Female,60,Yes,0,6,21,Offer D,Yes,27.66,Yes,Fiber Optic,8,No,No,No,No,Yes,Yes,Yes,No,Month-to-Month,Yes,Bank Withdrawal,94.3,0.0,30,No,2058,6,13-24
Female,49,Yes,1,10,53,Offer B,Yes,30.31,No,No Internet Service,0,No,No,No,No,No,No,No,No,One Year,No,Bank Withdrawal,19.55,0.0,0,No,4670,1,49-72
Male,38,No,3,0,53,Offer B,Yes,33.74,No,Fiber Optic,56,Yes,Yes,Yes,No,No,Yes,Yes,Yes,One Year,No,Bank Withdrawal,95.95,0.0,0,No,4523,8,49-72
Female,30,Yes,0,7,70,Offer A,Yes,26.47,Yes,DSL,59,Yes,Yes,Yes,Yes,Yes,Yes,Yes,Yes,Two Year,Yes,Credit Card,94.8,0.0,0,No,5072,11,49-72
Male,30,No,0,0,61,Offer B,Yes,42.4,Yes,Fiber Optic,71,Yes,Yes,Yes,No,Yes,Yes,Yes,Yes,One Year,Yes,Bank Withdrawal,107.75,0.0,0,No,5364,10,49-72
Female,21,No,0,0,11,Offer D,Yes,1.16,No,DSL,41,Yes,No,No,Yes,No,No,No,Yes,One Year,Yes,Mailed Check,54.6,0.0,0,No,2573,5,0-12
Male,53,No,0,0,2,Offer E,Yes,6.74,No,Fiber Optic,3,No,No,No,No,No,No,No,Yes,Month-to-Month,Yes,Credit Card,71.3,0.0,0,No,2274,3,0-12
Male,29,No,0,0,25,Offer C,Yes,3.58,No,No Internet Service,0,No,No,No,No,No,No,No,No,One Year,Yes,Bank Withdrawal,19.5,0.0,0,No,4761,1,25-48
Female,40,No,0,0,41,Offer B,Yes,36.47,Yes,DSL,8,No,Yes,No,No,No,No,No,Yes,One Year,Yes,Credit Card,56.3,0.0,0,No,2994,5,25-48
Female,43,Yes,3,10,71,Offer A,Yes,41.71,Yes,Cable,20,Yes,Yes,Yes,Yes,Yes,Yes,Yes,Yes,Two Year,Yes,Credit Card,90.55,0.0,0,No,6009,11,49-72
Female,34,Yes,1,7,34,Offer C,Yes,49.58,No,Cable,16,Yes,Yes,Yes,No,No,No,No,Yes,One Year,Yes,Mailed Check,60.8,0.0,0,No,4522,6,25-48
Male,62,No,0,0,29,Offer C,Yes,48.2,No,Fiber Optic,19,No,No,Yes,Yes,Yes,Yes,Yes,Yes,Month-to-Month,Yes,Credit Card,98.8,0.0,0,No,4580,8,25-48
Male,37,Yes,0,7,36,Offer C,No,0.0,No,Cable,23,Yes,No,Yes,No,No,No,No,Yes,One Year,No,Mailed Check,35.35,0.0,0,No,3314,4,25-48
Female,41,Yes,0,3,46,Offer B,Yes,33.22,Yes,Fiber Optic,29,No,Yes,No,Yes,Yes,Yes,Yes,No,One Year,Yes,Bank Withdrawal,103.15,0.0,130,No,3517,8,25-48
Female,51,No,0,0,58,Offer B,Yes,46.7,Yes,Fiber Optic,19,Yes,Yes,Yes,No,Yes,Yes,Yes,Yes,One Year,Yes,Bank Withdrawal,107.75,0.0,0,No,5121,10,49-72
Male,54,No,0,0,39,Offer C,Yes,36.93,Yes,Fiber Optic,12,No,Yes,No,No,No,No,No,Yes,One Year,No,Credit Card,81.4,0.0,0,No,4104,5,25-48
Female,53,Yes,3,8,52,Offer B,Yes,8.16,Yes,Fiber Optic,20,No,Yes,Yes,No,Yes,No,No,Yes,One Year,Yes,Credit Card,95.7,0.0,0,No,4415,7,49-72
Male,61,No,0,0,1,Offer E,Yes,13.63,No,DSL,13,No,No,No,No,No,No,No,Yes,Month-to-Month,Yes,Mailed Check,44.95,0.0,0,No,3256,3,0-12
Female,21,Yes,0,9,70,Offer A,Yes,16.66,Yes,Fiber Optic,26,No,No,Yes,No,Yes,Yes,Yes,No,One Year,Yes,Bank Withdrawal,97.65,0.0,80,No,4252,7,49-72
Female,21,No,0,0,67,Offer A,Yes,8.71,Yes,DSL,41,Yes,No,Yes,Yes,Yes,Yes,Yes,Yes,Two Year,Yes,Mailed Check,85.25,1.31,0,No,6322,10,49-72
Female,57,No,0,0,1,Offer E,Yes,33.02,No,No Internet Service,0,No,No,No,No,No,No,No,No,Month-to-Month,Yes,Credit Card,19.5,0.0,0,No,5279,1,0-12
Female,39,Yes,2,6,30,Offer C,Yes,47.21,Yes,No Internet Service,0,No,No,No,No,No,No,No,No,Two Year,Yes,Credit Card,25.1,15.41,0,No,5851,2,25-48
Female,58,Yes,0,3,48,Offer B,Yes,1.02,No,Fiber Optic,2,No,No,Yes,Yes,Yes,Yes,Yes,Yes,Month-to-Month,Yes,Credit Card,100.05,37.45,0,No,3468,8,25-48
Female,49,Yes,2,9,55,Offer B,Yes,36.41,No,DSL,14,Yes,Yes,No,No,No,No,No,Yes,Month-to-Month,No,Bank Withdrawal,55.7,34.16,0,No,4149,5,49-72
Male,29,No,0,0,37,Offer C,Yes,12.69,Yes,Fiber Optic,69,Yes,No,No,No,Yes,No,No,No,Month-to-Month,Yes,Bank Withdrawal,91.15,17.5,50,No,3194,5,25-48
Female,64,Yes,0,1,31,Offer C,Yes,12.03,No,Fiber Optic,9,No,Yes,No,No,No,Yes,Yes,Yes,Month-to-Month,Yes,Bank Withdrawal,83.85,11.37,0,No,4283,6,25-48
Male,46,No,0,0,4,Offer E,Yes,33.93,No,Cable,20,No,No,No,No,No,No,No,Yes,Month-to-Month,Yes,Bank Withdrawal,45.9,0.0,0,No,3200,3,0-12
Male,49,Yes,2,7,72,Offer A,Yes,27.93,Yes,No Internet Service,0,No,No,No,No,No,No,No,No,Two Year,Yes,Credit Card,25.1,46.81,0,No,4185,2,49-72
Male,37,Yes,3,2,1,No Offer,Yes,34.28,No,No Internet Service,0,No,No,No,No,No,No,No,No,Month-to-Month,No,Credit Card,19.7,0.0,0,No,2004,1,0-12
Male,47,Yes,1,7,8,No Offer,Yes,10.36,No,DSL,20,Yes,No,No,No,No,No,No,Yes,Month-to-Month,Yes,Credit Card,51.3,15.02,0,No,2545,4,0-12
Female,61,No,0,0,35,Offer C,Yes,23.77,No,No Internet Service,0,No,No,No,No,No,No,No,No,One Year,No,Credit Card,21.1,14.23,0,No,5707,1,25-48
Female,57,Yes,2,2,2,No Offer,Yes,35.42,No,No Internet Service,0,No,No,No,No,No,No,No,No,One Year,No,Credit Card,20.3,0.0,0,No,2843,1,0-12
Female,43,No,0,0,18,Offer D,Yes,11.36,Yes,Fiber Optic,13,No,No,No,No,No,No,No,Yes,Month-to-Month,Yes,Bank Withdrawal,74.15,0.0,0,No,5033,4,13-24
Female,43,No,0,0,23,No Offer,Yes,48.88,Yes,DSL,12,Yes,No,Yes,No,Yes,Yes,Yes,Yes,One Year,Yes,Bank Withdrawal,78.55,19.63,0,No,3127,9,13-24
Male,30,Yes,0,9,70,Offer A,Yes,3.51,No,No Internet Service,0,No,No,No,No,No,No,No,No,Two Year,No,Credit Card,19.85,45.47,0,No,4442,1,49-72
Female,24,No,0,0,4,No Offer,Yes,16.25,Yes,DSL,51,No,No,No,No,No,No,No,Yes,Month-to-Month,No,Bank Withdrawal,50.7,39.92,0,No,4288,4,0-12
Male,53,No,0,0,19,No Offer,Yes,29.52,No,DSL,5,No,No,No,No,No,No,No,Yes,Month-to-Month,Yes,Bank Withdrawal,45.0,22.55,0,No,4519,3,13-24
Female,61,No,0,0,18,No Offer,Yes,19.93,No,Fiber Optic,26,No,Yes,Yes,No,No,No,No,Yes,Month-to-Month,No,Bank Withdrawal,77.8,29.76,0,No,4228,5,13-24
Male,51,No,0,0,47,Offer B,Yes,40.25,Yes,Fiber Optic,20,Yes,Yes,No,No,Yes,No,No,Yes,One Year,No,Bank Withdrawal,94.8,3.34,0,No,5022,7,25-48
Female,22,Yes,1,10,52,No Offer,Yes,2.44,No,No Internet Service,0,No,No,No,No,No,No,No,No,Two Year,No,Bank Withdrawal,20.1,17.05,0,No,4529,1,49-72
Male,46,No,0,0,9,No Offer,Yes,10.69,Yes,Cable,10,No,No,No,No,No,Yes,Yes,No,Month-to-Month,No,Credit Card,59.9,38.33,10,No,5414,5,0-12
Female,46,Yes,0,1,26,Offer C,Yes,25.63,Yes,DSL,19,Yes,Yes,Yes,Yes,Yes,Yes,Yes,Yes,One Year,Yes,Credit Card,90.1,47.79,0,No,2068,11,25-48
Male,19,Yes,0,1,44,No Offer,Yes,29.61,No,DSL,48,No,Yes,Yes,Yes,Yes,No,No,Yes,One Year,Yes,Bank Withdrawal,70.95,24.92,0,No,3678,7,25-48
Female,34,No,0,0,3,No Offer,No,0.0,No,DSL,22,No,Yes,No,No,No,No,No,Yes,Month-to-Month,No,Credit Card,29.2,0.0,0,No,4699,3,0-12
Male,45,No,0,0,2,No Offer,Yes,1.87,No,DSL,12,No,No,No,No,No,No,No,Yes,Month-to-Month,Yes,Bank Withdrawal,46.6,0.0,0,No,5096,3,0-12
Male,53,No,0,0,25,Offer C,Yes,17.3,No,Fiber Optic,26,Yes,No,No,No,No,No,No,Yes,Month-to-Month,No,Bank Withdrawal,74.3,40.54,0,No,4815,4,25-48
Female,49,Yes,0,1,58,No Offer,Yes,21.38,Yes,Fiber Optic,26,No,Yes,Yes,No,No,Yes,Yes,No,One Year,Yes,Bank Withdrawal,94.3,5.55,150,No,6166,7,49-72
Female,33,Yes,1,0,59,No Offer,Yes,13.27,Yes,DSL,15,Yes,No,Yes,Yes,Yes,No,No,Yes,Two Year,Yes,Credit Card,76.45,30.22,0,No,5978,8,49-72
Male,55,No,0,0,44,No Offer,No,0.0,No,Cable,17,Yes,No,Yes,No,Yes,Yes,Yes,Yes,One Year,Yes,Bank Withdrawal,54.0,5.47,0,No,4256,7,25-48
Male,43,No,0,0,66,Offer A,Yes,33.02,Yes,Fiber Optic,6,No,Yes,No,Yes,Yes,Yes,Yes,Yes,One Year,Yes,Bank Withdrawal,104.25,44.0,0,No,4915,9,49-72
Male,45,Yes,3,1,68,Offer A,Yes,35.89,No,No Internet Service,0,No,No,No,No,No,No,No,No,Two Year,No,Bank Withdrawal,19.95,28.98,0,No,4165,1,49-72
Male,61,No,0,0,9,No Offer,No,0.0,No,DSL,7,No,No,No,No,No,No,No,Yes,Month-to-Month,Yes,Bank Withdrawal,24.95,0.0,0,No,5473,2,0-12
Male,29,No,0,0,19,No Offer,Yes,11.42,Yes,Fiber Optic,41,Yes,No,Yes,No,No,No,No,Yes,Month-to-Month,Yes,Bank Withdrawal,84.75,49.38,0,No,5157,6,13-24
Male,20,No,0,0,4,No Offer,Yes,41.94,No,No Internet Service,0,No,No,No,No,No,No,No,No,Month-to-Month,No,Credit Card,19.75,0.0,0,No,4987,1,0-12
Female,28,No,0,0,70,Offer A,Yes,17.32,Yes,Fiber Optic,30,Yes,Yes,Yes,Yes,Yes,Yes,Yes,Yes,Two Year,Yes,Bank Withdrawal,113.65,0.0,0,No,6424,11,49-72
Male,44,No,0,0,1,Offer E,Yes,15.76,No,DSL,13,No,No,No,No,No,No,No,Yes,Month-to-Month,Yes,Credit Card,44.9,0.0,0,No,2451,3,0-12
Female,51,No,0,0,8,No Offer,Yes,18.82,Yes,Fiber Optic,3,No,No,No,No,No,No,No,Yes,Month-to-Month,Yes,Bank Withdrawal,75.25,0.0,0,No,2332,4,0-12
Male,24,No,0,0,53,No Offer,Yes,34.16,Yes,No Internet Service,0,No,No,No,No,No,No,No,No,Two Year,No,Credit Card,24.6,37.68,0,No,4610,2,49-72
Male,33,Yes,2,1,11,No Offer,Yes,15.73,No,No Internet Service,0,No,No,No,No,No,No,No,No,Month-to-Month,No,Bank Withdrawal,20.95,18.17,0,No,4075,1,0-12
Male,48,Yes,3,1,60,No Offer,Yes,40.36,Yes,Fiber Optic,76,Yes,No,Yes,Yes,Yes,Yes,Yes,No,Two Year,Yes,Bank Withdrawal,110.6,36.38,80,No,5756,9,49-72
Male,64,No,0,0,17,No Offer,Yes,33.68,No,DSL,14,Yes,Yes,No,No,No,No,No,Yes,Month-to-Month,Yes,Credit Card,55.5,0.0,0,No,3190,5,13-24
Male,34,No,0,0,1,Offer E,Yes,29.15,No,No Internet Service,0,No,No,No,No,No,No,No,No,Month-to-Month,No,Credit Card,19.45,0.0,0,No,2133,1,0-12
Female,48,Yes,0,1,16,No Offer,Yes,46.86,No,No Internet Service,0,No,No,No,No,No,No,No,No,Month-to-Month,No,Credit Card,19.6,26.83,0,No,4298,1,13-24
Female,33,Yes,2,1,57,No Offer,Yes,17.01,No,DSL,11,Yes,Yes,No,No,No,No,No,Yes,One Year,No,Bank Withdrawal,53.45,0.0,0,No,5660,5,49-72
Male,31,Yes,1,1,37,No Offer,Yes,43.68,No,No Internet Service,0,No,No,No,No,No,No,No,No,One Year,No,Credit Card,19.8,29.21,0,No,5137,1,25-48
Female,56,Yes,0,1,72,No Offer,Yes,4.56,Yes,Fiber Optic,18,Yes,Yes,Yes,Yes,Yes,Yes,Yes,Yes,Two Year,No,Credit Card,112.1,18.88,0,No,4272,11,49-72
Female,53,No,0,0,17,No Offer,Yes,5.49,Yes,DSL,14,No,No,Yes,Yes,Yes,No,No,Yes,Month-to-Month,Yes,Credit Card,69.0,33.67,0,No,4439,7,13-24
Female,63,No,0,0,16,No Offer,Yes,40.95,No,No Internet Service,0,No,No,No,No,No,No,No,No,One Year,No,Credit Card,19.35,0.0,0,No,2017,1,13-24
Female,57,No,0,0,10,No Offer,Yes,2.84,No,No Internet Service,0,No,No,No,No,No,No,No,No,One Year,Yes,Credit Card,19.8,0.0,0,No,5270,1,0-12
Male,53,Yes,1,1,64,No Offer,Yes,13.73,Yes,Fiber Optic,12,No,Yes,Yes,Yes,Yes,Yes,Yes,Yes,Two Year,Yes,Credit Card,109.2,17.3,0,No,5543,10,49-72
Female,33,No,0,0,1,Offer E,Yes,18.0,Yes,Fiber Optic,23,No,Yes,No,No,No,No,No,No,Month-to-Month,Yes,Credit Card,79.15,0.0,60,No,2742,4,0-12
Male,63,Yes,3,1,25,No Offer,Yes,36.17,No,DSL,53,No,Yes,Yes,No,No,No,No,Yes,One Year,No,Credit Card,53.65,0.0,0,No,5854,5,25-48
Male,22,Yes,1,1,71,No Offer,Yes,33.69,No,Fiber Optic,27,Yes,Yes,Yes,Yes,Yes,No,No,Yes,Two Year,No,Credit Card,100.2,0.0,0,No,5502,8,49-72
Female,63,Yes,1,1,72,No Offer,Yes,14.46,No,Fiber Optic,29,Yes,Yes,Yes,Yes,Yes,Yes,Yes,Yes,Two Year,Yes,Bank Withdrawal,108.65,0.0,0,No,5730,10,49-72
Female,57,Yes,0,6,49,No Offer,No,0.0,No,Cable,11,Yes,No,No,No,Yes,No,No,Yes,Month-to-Month,No,Bank Withdrawal,40.65,0.0,0,No,5565,4,49-72
Male,62,Yes,3,6,29,No Offer,No,0.0,No,DSL,57,Yes,Yes,Yes,Yes,No,Yes,Yes,Yes,One Year,Yes,Credit Card,55.35,0.0,0,No,5138,8,25-48
Male,59,Yes,0,5,72,No Offer,Yes,6.15,Yes,Fiber Optic,5,Yes,Yes,Yes,Yes,No,Yes,Yes,Yes,Two Year,No,Bank Withdrawal,105.6,0.0,0,No,5981,10,49-72
Female,42,No,0,0,50,No Offer,Yes,49.14,Yes,Fiber Optic,6,No,No,No,No,Yes,Yes,Yes,No,Month-to-Month,Yes,Bank Withdrawal,95.7,0.0,140,No,4164,6,49-72
Male,47,Yes,0,6,71,No Offer,Yes,35.09,Yes,DSL,12,Yes,No,Yes,Yes,Yes,Yes,Yes,Yes,Two Year,No,Bank Withdrawal,83.2,0.0,0,No,5350,10,49-72
Male,47,No,0,0,71,No Offer,Yes,16.57,Yes,Fiber Optic,5,Yes,No,No,Yes,No,Yes,Yes,Yes,One Year,No,Credit Card,97.65,0.0,0,No,5319,8,49-72
Male,23,Yes,2,2,61,No Offer,Yes,42.31,No,DSL,59,Yes,Yes,Yes,Yes,No,No,No,Yes,Two Year,Yes,Bank Withdrawal,68.05,0.0,0,No,4436,7,49-72
Male,40,No,0,0,68,No Offer,Yes,49.42,Yes,Fiber Optic,7,Yes,Yes,Yes,No,No,Yes,Yes,Yes,Two Year,Yes,Bank Withdrawal,102.1,0.0,0,No,5228,9,49-72
Male,43,No,0,0,62,No Offer,Yes,48.93,Yes,No Internet Service,0,No,No,No,No,No,No,No,No,Two Year,No,Bank Withdrawal,23.4,0.0,0,No,5822,2,49-72
Female,48,No,1,0,7,Offer E,Yes,28.5,No,Fiber Optic,13,No,No,No,No,No,No,No,No,Month-to-Month,Yes,Bank Withdrawal,71.05,0.0,10,No,4668,2,0-12
Male,53,Yes,3,10,6,Offer E,Yes,1.57,No,No Internet Service,0,No,No,No,No,No,No,No,No,One Year,No,Credit Card,19.45,0.0,0,No,3461,1,0-12
Male,37,Yes,3,1,28,No Offer,Yes,13.19,Yes,Fiber Optic,30,No,No,No,No,Yes,Yes,Yes,Yes,One Year,No,Bank Withdrawal,92.2,0.0,0,No,5116,7,25-48
Male,27,No,0,0,27,No Offer,Yes,47.65,No,No Internet Service,0,No,No,No,No,No,No,No,No,Two Year,No,Credit Card,19.85,0.0,0,No,2176,1,25-48
Male,41,No,0,0,7,Offer E,Yes,30.04,No,DSL,6,No,No,No,No,No,No,No,Yes,Month-to-Month,No,Credit Card,43.9,0.0,0,No,3565,3,0-12
Male,33,No,0,0,63,No Offer,Yes,9.21,Yes,Fiber Optic,28,No,Yes,No,No,No,Yes,Yes,No,One Year,No,Credit Card,90.45,0.0,100,No,4616,6,49-72
Female,55,No,2,0,53,No Offer,Yes,14.54,Yes,Cable,18,No,Yes,Yes,Yes,Yes,Yes,Yes,Yes,One Year,Yes,Bank Withdrawal,84.6,0.0,0,No,4733,10,49-72
Female,22,No,0,0,21,Offer D,Yes,6.12,No,Fiber Optic,51,No,Yes,No,Yes,Yes,Yes,Yes,Yes,Month-to-Month,Yes,Bank Withdrawal,99.15,0.0,0,No,5324,8,13-24
Male,23,No,0,0,17,Offer D,Yes,25.91,No,No Internet Service,0,No,No,No,No,No,No,No,No,One Year,No,Credit Card,19.95,0.0,0,No,2221,1,13-24
Male,30,Yes,2,3,16,Offer D,Yes,27.24,No,No Internet Service,0,No,No,No,No,No,No,No,No,Two Year,No,Credit Card,20.5,0.0,0,No,2856,1,13-24
Female,61,No,0,0,35,No Offer,Yes,2.15,No,DSL,7,No,No,Yes,No,No,Yes,Yes,Yes,Month-to-Month,Yes,Bank Withdrawal,62.1,0.0,0,No,5315,6,25-48
Female,27,Yes,3,9,28,No Offer,Yes,15.85,No,No Internet Service,0,No,No,No,No,No,No,No,No,Month-to-Month,Yes,Bank Withdrawal,19.55,0.0,0,No,3948,1,25-48
Female,30,No,0,0,1,Offer E,Yes,29.86,No,No Internet Service,0,No,No,No,No,No,No,No,No,Month-to-Month,Yes,Credit Card,20.35,0.0,0,No,2183,1,0-12
Male,43,No,0,0,59,No Offer,No,0.0,No,DSL,7,No,No,No,Yes,Yes,Yes,Yes,Yes,Month-to-Month,Yes,Bank Withdrawal,51.7,0.0,0,No,6107,6,49-72
Female,26,Yes,2,6,72,No Offer,Yes,18.14,Yes,No Internet Service,0,No,No,No,No,No,No,No,No,One Year,Yes,Bank Withdrawal,23.3,0.0,0,No,4152,2,49-72
Female,32,No,0,0,40,No Offer,Yes,11.56,No,DSL,26,Yes,Yes,No,No,Yes,No,No,Yes,Month-to-Month,No,Credit Card,65.1,0.0,0,No,3885,6,25-48
Male,55,Yes,3,4,40,No Offer,Yes,3.52,Yes,Fiber Optic,56,No,No,Yes,No,No,No,No,Yes,Month-to-Month,Yes,Bank Withdrawal,81.2,0.0,0,No,5370,5,25-48
Male,22,Yes,2,9,63,No Offer,Yes,42.17,No,DSL,73,Yes,Yes,Yes,Yes,Yes,No,No,Yes,Two Year,No,Credit Card,74.5,0.0,0,No,6382,8,49-72
Female,48,No,0,0,3,No Offer,Yes,26.86,No,Fiber Optic,5,No,No,No,No,Yes,No,No,No,Month-to-Month,Yes,Bank Withdrawal,80.5,0.0,0,No,2032,3,0-12
Male,19,Yes,2,3,40,No Offer,No,0.0,No,DSL,26,No,Yes,Yes,Yes,Yes,Yes,Yes,Yes,One Year,No,Credit Card,60.3,0.0,0,No,3724,8,25-48
Male,57,Yes,0,8,8,Offer E,Yes,20.67,No,Fiber Optic,18,Yes,No,No,No,No,No,No,Yes,Month-to-Month,Yes,Credit Card,75.0,0.0,0,No,5413,4,0-12
Male,27,Yes,0,4,9,Offer E,Yes,26.03,Yes,Cable,59,No,Yes,Yes,No,No,Yes,Yes,Yes,Month-to-Month,Yes,Credit Card,69.05,0.0,0,No,2907,8,0-12
Male,21,Yes,1,6,31,No Offer,Yes,30.67,Yes,DSL,59,No,No,No,No,No,Yes,Yes,Yes,Month-to-Month,No,Bank Withdrawal,59.7,0.0,0,No,2425,6,25-48
Female,30,Yes,0,1,50,No Offer,Yes,28.1,No,No Internet Service,0,No,No,No,No,No,No,No,No,One Year,Yes,Bank Withdrawal,19.85,0.0,0,No,4358,1,49-72
Female,45,No,0,0,9,Offer E,No,0.0,No,DSL,21,No,Yes,No,No,No,Yes,Yes,No,Month-to-Month,No,Bank Withdrawal,40.75,0.0,20,No,2973,4,0-12
Male,51,Yes,0,7,25,No Offer,Yes,3.81,No,Fiber Optic,8,No,No,No,Yes,Yes,Yes,Yes,Yes,Month-to-Month,Yes,Credit Card,95.7,0.0,0,No,4535,7,25-48
Female,51,Yes,2,9,45,Offer B,Yes,10.21,Yes,DSL,11,Yes,Yes,Yes,Yes,Yes,No,No,Yes,Month-to-Month,No,Credit Card,81.3,0.0,0,No,3111,9,25-48
Female,31,Yes,1,4,55,Offer B,Yes,31.3,No,No Internet Service,0,No,No,No,No,No,No,No,No,Month-to-Month,No,Credit Card,20.0,0.0,0,No,4277,1,49-72
Female,39,No,0,0,38,No Offer,Yes,20.14,Yes,DSL,13,Yes,Yes,Yes,No,No,No,No,Yes,Month-to-Month,Yes,Bank Withdrawal,66.15,0.0,0,No,4933,7,25-48
Male,40,Yes,2,3,38,No Offer,Yes,24.16,No,No Internet Service,0,No,No,No,No,No,No,No,No,Month-to-Month,No,Bank Withdrawal,19.6,0.0,0,No,3854,1,25-48
Male,34,No,0,0,34,No Offer,Yes,4.89,No,Cable,27,No,Yes,No,No,No,No,No,No,Month-to-Month,Yes,Bank Withdrawal,49.8,0.0,70,No,2711,3,25-48
Female,19,Yes,0,0,70,No Offer,Yes,19.88,Yes,Fiber Optic,26,No,No,Yes,No,Yes,Yes,Yes,Yes,One Year,Yes,Bank Withdrawal,101.75,0.0,0,No,5596,8,49-72
Female,20,No,0,0,13,Offer D,Yes,46.68,No,DSL,59,Yes,No,No,Yes,No,No,Yes,Yes,One Year,No,Credit Card,55.15,0.0,0,No,3161,6,13-24
Female,21,No,0,0,61,Offer B,Yes,15.44,Yes,Fiber Optic,30,No,Yes,Yes,No,Yes,Yes,Yes,Yes,One Year,Yes,Bank Withdrawal,103.95,0.0,0,No,4148,9,49-72
Male,29,No,0,0,41,Offer B,Yes,21.64,No,Fiber Optic,59,No,Yes,No,Yes,Yes,Yes,Yes,Yes,Two Year,Yes,Credit Card,99.65,0.0,0,No,2640,8,25-48
Male,28,No,0,0,21,Offer D,Yes,28.54,Yes,Fiber Optic,42,No,No,No,No,No,No,Yes,Yes,Month-to-Month,Yes,Bank Withdrawal,73.7,0.0,0,No,2071,5,13-24
Male,22,Yes,0,7,69,No Offer,No,0.0,No,DSL,59,Yes,No,Yes,Yes,Yes,Yes,Yes,No,Two Year,No,Bank Withdrawal,60.25,0.0,120,No,5717,7,49-72
Male,28,Yes,1,1,47,Offer B,Yes,39.25,Yes,DSL,26,No,Yes,No,No,No,No,Yes,Yes,Month-to-Month,No,Bank Withdrawal,54.25,0.0,0,No,2320,6,25-48
Female,46,Yes,1,0,72,No Offer,Yes,36.13,No,Cable,21,Yes,Yes,Yes,Yes,Yes,Yes,Yes,Yes,Two Year,No,Bank Withdrawal,85.3,0.0,0,No,4456,10,49-72
Female,20,Yes,1,2,72,No Offer,Yes,45.66,Yes,DSL,47,Yes,Yes,Yes,Yes,Yes,Yes,Yes,Yes,Two Year,No,Credit Card,90.95,0.0,0,No,5096,11,49-72
Female,44,Yes,0,10,71,No Offer,Yes,18.41,No,No Internet Service,0,No,No,No,No,No,No,No,No,Two Year,No,Credit Card,19.85,0.0,0,No,4121,1,49-72
Male,25,No,3,0,23,Offer D,Yes,1.58,No,DSL,47,No,Yes,No,Yes,No,No,Yes,Yes,Month-to-Month,Yes,Bank Withdrawal,55.3,0.0,0,No,4028,6,13-24
Female,35,No,0,0,16,Offer D,Yes,20.65,No,No Internet Service,0,No,No,No,No,No,No,No,No,One Year,No,Credit Card,20.1,0.0,0,No,5052,1,13-24
Male,24,No,0,0,9,No Offer,Yes,34.43,No,DSL,51,Yes,No,Yes,Yes,Yes,No,Yes,Yes,Month-to-Month,Yes,Credit Card,69.5,0.0,0,No,3628,8,0-12
Male,33,Yes,3,8,17,Offer D,Yes,45.24,Yes,No Internet Service,0,No,No,No,No,No,No,No,No,Two Year,Yes,Credit Card,25.15,0.0,0,No,3931,2,13-24
Female,24,Yes,0,2,24,No Offer,Yes,44.93,Yes,Fiber Optic,82,No,No,Yes,No,No,No,Yes,Yes,Month-to-Month,Yes,Credit Card,79.65,0.0,0,No,3816,6,13-24
Female,41,Yes,0,8,72,No Offer,Yes,8.98,Yes,No Internet Service,0,No,No,No,No,No,No,No,No,Two Year,No,Bank Withdrawal,24.55,0.0,0,No,4169,2,49-72
Female,57,No,1,0,11,Offer D,Yes,44.88,No,No Internet Service,0,No,No,No,No,No,No,No,No,Month-to-Month,No,Credit Card,19.7,0.0,0,No,3838,1,0-12
Female,58,No,0,0,49,Offer B,Yes,7.51,No,DSL,13,No,No,Yes,Yes,Yes,Yes,Yes,Yes,Two Year,Yes,Bank Withdrawal,74.45,0.0,0,No,4517,8,49-72
Female,50,Yes,0,5,53,Offer B,Yes,46.24,No,No Internet Service,0,No,No,No,No,No,No,No,No,One Year,No,Credit Card,19.05,0.0,0,No,6160,1,49-72
Male,52,No,3,0,39,No Offer,Yes,49.95,Yes,No Internet Service,0,No,No,No,No,No,No,No,No,Two Year,No,Credit Card,25.0,0.0,0,No,4295,2,25-48
Female,45,No,0,0,9,Offer E,Yes,31.28,No,No Internet Service,0,No,No,No,No,No,No,No,No,Month-to-Month,No,Credit Card,19.05,0.0,0,No,3248,1,0-12
Male,47,No,0,0,39,No Offer,Yes,35.13,No,Fiber Optic,29,No,No,Yes,Yes,No,No,No,Yes,One Year,No,Bank Withdrawal,81.9,0.0,0,No,3446,5,25-48
Female,21,Yes,3,4,51,Offer B,Yes,19.9,Yes,Fiber Optic,59,No,No,Yes,No,No,Yes,Yes,Yes,One Year,Yes,Bank Withdrawal,90.15,0.0,0,No,5692,7,49-72
Male,21,Yes,2,2,71,No Offer,Yes,9.2,Yes,No Internet Service,0,No,No,No,No,No,No,No,No,Two Year,No,Credit Card,25.35,0.0,0,No,5747,2,49-72
Male,47,Yes,0,5,38,No Offer,No,0.0,No,Cable,25,Yes,Yes,No,Yes,Yes,Yes,Yes,Yes,Two Year,Yes,Bank Withdrawal,60.0,0.0,0,No,2187,8,25-48
Female,56,Yes,0,7,28,No Offer,Yes,33.09,No,Fiber Optic,19,No,Yes,Yes,No,No,Yes,Yes,Yes,Month-to-Month,No,Credit Card,89.9,0.0,0,No,3676,7,25-48
Female,57,Yes,0,1,32,No Offer,Yes,12.35,No,No Internet Service,0,No,No,No,No,No,No,No,No,Month-to-Month,No,Bank Withdrawal,19.4,0.0,0,No,3846,1,25-48
Female,40,Yes,1,5,37,No Offer,Yes,44.68,Yes,No Internet Service,0,No,No,No,No,No,No,No,No,Two Year,Yes,Bank Withdrawal,24.1,0.0,0,No,3753,2,25-48
Female,41,No,0,0,10,Offer D,Yes,12.96,No,DSL,29,No,No,Yes,Yes,No,No,No,Yes,Month-to-Month,No,Bank Withdrawal,54.25,0.0,0,No,2253,5,0-12
Male,36,Yes,0,1,67,No Offer,Yes,23.13,Yes,Fiber Optic,24,Yes,Yes,Yes,No,Yes,Yes,Yes,Yes,One Year,No,Credit Card,109.9,0.0,0,No,5416,10,49-72
Male,28,No,0,0,7,Offer E,No,0.0,No,DSL,48,No,No,Yes,Yes,No,No,No,Yes,One Year,Yes,Credit Card,35.5,0.0,0,No,5124,4,0-12
Female,36,No,0,0,51,Offer B,Yes,14.37,No,Fiber Optic,7,No,No,No,No,Yes,Yes,Yes,Yes,One Year,No,Credit Card,87.55,0.0,0,No,6021,6,49-72
Female,23,No,0,0,9,Offer E,Yes,35.45,No,Fiber Optic,52,No,No,No,No,Yes,Yes,Yes,Yes,Month-to-Month,Yes,Credit Card,88.4,0.0,0,No,2952,6,0-12
Male,58,No,0,0,4,Offer E,Yes,1.88,No,DSL,21,No,No,No,Yes,No,No,No,Yes,Month-to-Month,Yes,Credit Card,50.8,0.0,0,No,4521,4,0-12
Male,50,Yes,0,5,71,No Offer,Yes,44.06,Yes,Fiber Optic,6,Yes,Yes,Yes,No,Yes,No,No,No,Two Year,Yes,Bank Withdrawal,99.0,0.0,40,No,5295,7,49-72
Male,22,Yes,0,10,22,Offer D,Yes,6.03,No,DSL,51,Yes,No,No,No,Yes,No,No,Yes,One Year,Yes,Bank Withdrawal,59.75,0.0,0,No,3947,5,13-24
Male,48,No,0,0,44,Offer B,Yes,44.45,Yes,Fiber Optic,19,Yes,Yes,Yes,No,Yes,Yes,Yes,Yes,Month-to-Month,Yes,Bank Withdrawal,111.5,0.0,0,No,2827,10,25-48
Female,49,Yes,2,2,33,No Offer,Yes,9.97,Yes,No Internet Service,0,No,No,No,No,No,No,No,No,Month-to-Month,No,Bank Withdrawal,24.25,0.0,0,No,5531,2,25-48
Female,54,No,0,0,1,No Offer,Yes,8.56,No,No Internet Service,0,No,No,No,No,No,No,No,No,Month-to-Month,No,Credit Card,20.5,0.0,0,No,4454,1,0-12
Male,47,No,0,0,30,No Offer,Yes,32.41,No,Cable,22,Yes,Yes,No,Yes,Yes,No,No,Yes,One Year,No,Bank Withdrawal,70.4,0.0,0,No,3380,7,25-48
Female,60,No,0,0,1,No Offer,No,0.0,No,DSL,9,No,No,No,Yes,No,No,No,No,Month-to-Month,No,Credit Card,30.55,0.0,40,No,5565,2,0-12
Male,22,Yes,2,5,16,Offer D,Yes,9.16,Yes,DSL,59,Yes,Yes,No,Yes,Yes,Yes,Yes,Yes,Month-to-Month,No,Bank Withdrawal,84.9,0.0,0,No,2269,10,13-24
Male,21,Yes,0,5,71,No Offer,Yes,48.32,No,DSL,59,Yes,No,No,Yes,No,No,No,Yes,Two Year,No,Bank Withdrawal,54.5,0.0,0,No,4957,5,49-72
Male,39,No,0,0,43,Offer B,Yes,19.66,Yes,Fiber Optic,28,No,No,No,No,No,No,No,Yes,Month-to-Month,Yes,Credit Card,75.35,0.0,0,No,4898,4,25-48
Male,20,Yes,0,3,50,Offer B,No,0.0,No,DSL,73,Yes,No,No,Yes,Yes,No,No,Yes,One Year,Yes,Bank Withdrawal,44.45,0.0,0,No,5363,5,49-72
Female,43,No,0,0,41,Offer B,Yes,29.19,Yes,Fiber Optic,4,No,No,Yes,No,Yes,Yes,Yes,Yes,Month-to-Month,No,Bank Withdrawal,98.05,0.0,0,No,5614,8,25-48
Female,27,Yes,0,4,40,Offer B,Yes,42.1,Yes,DSL,52,No,Yes,No,No,Yes,No,No,Yes,One Year,No,Bank Withdrawal,63.9,0.0,0,No,2654,6,25-48
Female,23,Yes,3,3,3,No Offer,Yes,24.28,Yes,DSL,73,No,Yes,Yes,No,Yes,No,No,No,Month-to-Month,Yes,Bank Withdrawal,69.15,0.0,0,No,2301,6,0-12
Female,42,No,0,0,37,No Offer,Yes,37.18,Yes,Cable,9,Yes,No,No,No,Yes,No,No,Yes,One Year,No,Bank Withdrawal,64.65,0.0,0,No,5255,6,25-48
Female,59,Yes,1,2,32,No Offer,Yes,24.04,Yes,Fiber Optic,22,No,Yes,No,No,Yes,Yes,Yes,Yes,Month-to-Month,Yes,Bank Withdrawal,98.85,0.0,0,No,3149,8,25-48
Female,25,Yes,3,6,32,No Offer,Yes,48.49,Yes,Fiber Optic,82,Yes,No,No,No,Yes,No,No,Yes,Month-to-Month,No,Bank Withdrawal,89.6,0.0,0,No,4444,6,25-48
Female,48,No,0,0,59,Offer B,Yes,31.23,Yes,Fiber Optic,16,No,Yes,Yes,No,No,No,No,Yes,Month-to-Month,Yes,Bank Withdrawal,83.25,0.0,0,No,4094,6,49-72
Female,53,Yes,0,7,30,No Offer,Yes,17.33,No,DSL,13,No,Yes,Yes,Yes,No,Yes,Yes,Yes,One Year,No,Bank Withdrawal,70.25,0.0,0,No,5417,8,25-48
Female,51,Yes,1,1,27,No Offer,Yes,35.52,Yes,No Internet Service,0,No,No,No,No,No,No,No,No,Two Year,No,Bank Withdrawal,24.5,0.0,0,No,2645,2,25-48
Male,60,No,3,0,9,No Offer,Yes,27.34,No,No Internet Service,0,No,No,No,No,No,No,No,No,One Year,No,Credit Card,20.1,0.0,0,No,3444,1,0-12
Female,47,Yes,2,8,68,No Offer,Yes,20.15,Yes,DSL,16,Yes,Yes,Yes,No,Yes,No,No,Yes,One Year,Yes,Credit Card,73.0,0.0,0,No,4156,8,49-72
Female,56,Yes,2,10,69,No Offer,Yes,39.07,Yes,DSL,19,Yes,No,No,Yes,No,No,No,Yes,Two Year,No,Credit Card,61.4,0.0,0,No,5266,6,49-72
Male,62,No,0,0,26,No Offer,Yes,37.69,Yes,Fiber Optic,30,No,No,Yes,Yes,No,No,No,Yes,Month-to-Month,Yes,Credit Card,84.3,0.0,0,No,5471,6,25-48
Male,49,Yes,2,10,69,Offer A,Yes,28.19,No,No Internet Service,0,No,No,No,No,No,No,No,No,Two Year,No,Bank Withdrawal,19.9,0.0,0,No,6058,1,49-72
Male,60,No,0,0,11,Offer D,Yes,49.8,No,No Internet Service,0,No,No,No,No,No,No,No,No,Two Year,No,Credit Card,20.4,0.0,0,No,5397,1,0-12
Male,19,No,0,0,1,No Offer,Yes,24.66,Yes,DSL,26,No,No,No,No,No,No,No,Yes,Month-to-Month,No,Credit Card,50.75,0.0,0,No,3631,4,0-12
Male,37,Yes,1,0,10,Offer D,Yes,37.59,No,No Internet Service,0,No,No,No,No,No,No,No,No,One Year,No,Credit Card,20.45,0.0,0,No,4613,1,0-12
Female,41,Yes,3,7,55,Offer B,Yes,16.16,Yes,DSL,29,Yes,Yes,No,Yes,No,Yes,Yes,Yes,One Year,Yes,Bank Withdrawal,75.75,0.0,0,No,4489,9,49-72
Male,42,No,0,0,44,Offer B,Yes,34.98,No,Cable,2,Yes,No,No,Yes,Yes,No,No,Yes,One Year,No,Bank Withdrawal,65.4,0.0,0,No,5827,6,25-48
Male,32,Yes,1,4,69,Offer A,Yes,49.4,No,DSL,12,Yes,Yes,Yes,No,No,No,No,Yes,Two Year,Yes,Bank Withdrawal,59.75,0.0,0,No,4665,6,49-72
Male,34,No,0,0,29,Offer C,Yes,10.06,No,DSL,25,No,No,Yes,No,No,No,No,Yes,Month-to-Month,No,Bank Withdrawal,48.95,0.0,0,No,4825,4,25-48
Female,32,Yes,0,0,57,Offer B,Yes,12.19,Yes,Fiber Optic,16,Yes,No,No,No,Yes,Yes,Yes,Yes,Month-to-Month,Yes,Bank Withdrawal,99.65,0.0,0,No,5106,8,49-72
Male,58,No,0,0,28,Offer C,Yes,40.39,No,No Internet Service,0,No,No,No,No,No,No,No,No,One Year,No,Credit Card,18.25,0.0,0,No,5327,1,25-48
Female,42,No,0,0,42,Offer B,Yes,32.16,No,DSL,8,Yes,No,Yes,No,No,No,No,Yes,Month-to-Month,No,Credit Card,54.55,0.0,0,No,5387,5,25-48
Male,61,No,1,0,23,No Offer,No,0.0,No,DSL,19,Yes,Yes,No,Yes,No,No,No,Yes,One Year,No,Bank Withdrawal,40.65,0.0,0,No,5230,5,13-24
Female,39,Yes,2,8,18,No Offer,Yes,14.6,No,No Internet Service,0,No,No,No,No,No,No,No,No,Month-to-Month,No,Credit Card,20.45,0.0,0,No,2047,1,13-24
Male,60,Yes,1,1,62,No Offer,Yes,16.48,Yes,No Internet Service,0,No,No,No,No,No,No,No,No,One Year,No,Bank Withdrawal,24.8,0.0,0,No,5105,2,49-72
Male,19,No,0,0,67,Offer A,Yes,37.32,Yes,DSL,59,Yes,Yes,Yes,Yes,Yes,Yes,Yes,Yes,One Year,Yes,Bank Withdrawal,88.8,0.0,0,No,4081,11,49-72
Male,19,No,0,0,62,No Offer,Yes,33.68,No,No Internet Service,0,No,No,No,No,No,No,No,No,Two Year,Yes,Credit Card,20.05,0.0,0,No,4568,1,49-72
Male,31,No,0,0,2,No Offer,Yes,11.19,No,Fiber Optic,14,No,No,No,No,No,No,No,No,Month-to-Month,Yes,Bank Withdrawal,69.8,0.0,10,No,3527,2,0-12
Female,62,Yes,2,10,23,No Offer,Yes,33.02,Yes,DSL,12,Yes,No,Yes,Yes,Yes,No,No,Yes,Two Year,Yes,Bank Withdrawal,77.15,0.0,0,No,2572,8,13-24
Female,32,No,3,0,25,Offer C,No,0.0,No,Cable,75,Yes,No,No,Yes,No,No,No,Yes,Two Year,No,Bank Withdrawal,35.05,0.0,0,No,2754,4,25-48
Female,40,Yes,0,9,2,No Offer,Yes,22.23,Yes,Fiber Optic,13,No,No,No,No,Yes,No,No,Yes,Month-to-Month,Yes,Bank Withdrawal,84.05,0.0,0,No,2115,5,0-12
Female,26,No,0,0,8,No Offer,Yes,5.27,No,No Internet Service,0,No,No,No,No,No,No,No,No,One Year,Yes,Bank Withdrawal,20.2,0.0,0,No,5066,1,0-12
Male,47,No,0,0,35,Offer C,No,0.0,No,DSL,26,No,No,Yes,No,Yes,Yes,Yes,Yes,Month-to-Month,No,Bank Withdrawal,49.2,0.0,0,No,2782,6,25-48
Male,60,No,0,0,24,Offer C,Yes,47.33,Yes,No Internet Service,0,No,No,No,No,No,No,No,No,One Year,No,Bank Withdrawal,24.6,0.0,0,No,5448,2,13-24
Female,33,Yes,1,5,2,No Offer,Yes,29.03,No,Fiber Optic,10,No,No,No,No,No,No,No,Yes,Month-to-Month,Yes,Bank Withdrawal,71.65,0.0,0,No,3916,3,0-12
Male,38,Yes,3,6,72,Offer A,Yes,32.22,Yes,Fiber Optic,25,Yes,Yes,Yes,Yes,No,Yes,Yes,Yes,Two Year,Yes,Credit Card,104.9,0.0,0,No,6378,10,49-72
Female,20,No,0,0,41,No Offer,Yes,36.7,Yes,Fiber Optic,59,Yes,Yes,Yes,Yes,Yes,No,No,Yes,Month-to-Month,Yes,Bank Withdrawal,106.5,0.0,0,No,4434,9,25-48
Male,59,No,0,0,26,Offer C,Yes,39.63,No,Fiber Optic,29,No,Yes,No,No,No,No,No,Yes,One Year,No,Bank Withdrawal,75.5,0.0,0,No,5184,4,25-48
Female,28,Yes,3,9,4,No Offer,Yes,35.2,Yes,DSL,52,No,Yes,No,Yes,No,No,No,Yes,Month-to-Month,Yes,Credit Card,58.5,0.0,0,No,5605,6,0-12
Male,45,No,0,0,48,No Offer,Yes,3.59,No,DSL,10,No,Yes,Yes,Yes,Yes,Yes,Yes,Yes,Two Year,No,Credit Card,78.9,0.0,0,No,4063,9,25-48
Male,36,Yes,0,6,60,No Offer,Yes,4.59,Yes,Fiber Optic,9,Yes,No,Yes,Yes,Yes,Yes,Yes,Yes,Month-to-Month,Yes,Bank Withdrawal,109.45,0.0,0,No,4350,10,49-72
Male,20,No,0,0,55,No Offer,Yes,12.28,No,DSL,48,Yes,No,Yes,Yes,No,No,No,Yes,Two Year,Yes,Bank Withdrawal,59.2,0.0,0,No,5162,6,49-72
Male,34,No,0,0,1,No Offer,No,0.0,No,DSL,22,No,No,No,Yes,No,No,No,Yes,Month-to-Month,No,Credit Card,29.15,0.0,0,No,3923,3,0-12
Male,30,No,0,0,1,No Offer,Yes,11.1,No,No Internet Service,0,No,No,No,No,No,No,No,No,Month-to-Month,No,Credit Card,20.05,0.0,0,No,2313,1,0-12
Female,33,No,0,0,42,No Offer,Yes,34.76,No,Cable,20,No,No,Yes,Yes,No,Yes,Yes,Yes,Two Year,No,Credit Card,66.5,0.0,0,No,4668,7,25-48
Female,45,No,0,0,1,No Offer,Yes,10.83,No,DSL,15,Yes,No,No,No,No,No,No,Yes,Month-to-Month,No,Bank Withdrawal,49.55,0.0,0,No,5277,4,0-12
Male,29,No,0,0,3,No Offer,Yes,27.34,No,Fiber Optic,71,No,No,Yes,No,No,No,No,No,Month-to-Month,Yes,Credit Card,73.6,0.0,10,No,5510,3,0-12
Female,53,Yes,0,7,72,Offer A,Yes,17.28,Yes,DSL,11,Yes,Yes,Yes,No,Yes,Yes,Yes,Yes,Two Year,Yes,Credit Card,82.65,0.0,0,No,4324,10,49-72
Male,40,No,0,0,15,No Offer,Yes,11.75,Yes,DSL,28,No,No,No,No,No,No,No,Yes,Month-to-Month,Yes,Bank Withdrawal,49.0,0.0,0,No,2597,4,13-24
Female,50,No,0,0,11,No Offer,Yes,1.87,Yes,No Internet Service,0,No,No,No,No,No,No,No,No,One Year,No,Bank Withdrawal,25.2,0.0,0,No,4998,2,0-12
Female,63,No,0,0,5,No Offer,Yes,5.41,Yes,No Internet Service,0,No,No,No,No,No,No,No,No,Month-to-Month,No,Credit Card,25.45,0.0,0,No,4855,2,0-12
Male,37,Yes,0,6,72,Offer A,Yes,46.16,Yes,Fiber Optic,14,Yes,No,Yes,Yes,Yes,Yes,Yes,Yes,Two Year,Yes,Credit Card,110.9,0.0,0,No,4938,10,49-72
Female,20,Yes,0,3,55,No Offer,Yes,23.45,Yes,Fiber Optic,53,No,Yes,No,No,No,No,No,Yes,Month-to-Month,Yes,Credit Card,77.75,0.0,0,No,4621,5,49-72
Female,49,Yes,4,5,40,No Offer,Yes,49.22,Yes,No Internet Service,0,No,No,No,No,No,No,No,No,Month-to-Month,Yes,Bank Withdrawal,26.2,0.0,0,No,2211,2,25-48
Female,43,Yes,0,6,57,No Offer,Yes,44.86,No,No Internet Service,0,No,No,No,No,No,No,No,No,Two Year,No,Bank Withdrawal,19.9,0.0,0,No,4408,1,49-72
Male,50,Yes,0,9,43,No Offer,Yes,4.34,No,DSL,23,No,No,No,No,Yes,No,No,Yes,One Year,Yes,Credit Card,56.35,0.0,0,No,4928,4,25-48
Female,24,Yes,3,1,47,No Offer,Yes,2.56,No,No Internet Service,0,No,No,No,No,No,No,No,No,Two Year,No,Bank Withdrawal,19.3,0.0,0,No,5829,1,25-48
Male,28,No,0,0,3,No Offer,Yes,29.74,Yes,DSL,59,No,No,No,No,No,No,No,Yes,Month-to-Month,No,Bank Withdrawal,50.4,0.0,0,No,4639,4,0-12
Male,24,Yes,1,5,55,No Offer,Yes,46.61,No,DSL,30,No,No,Yes,Yes,No,No,No,Yes,Two Year,Yes,Credit Card,55.25,0.0,0,No,5821,5,49-72
Male,40,No,0,0,29,Offer C,Yes,49.52,No,No Internet Service,0,No,No,No,No,No,No,No,No,One Year,No,Credit Card,19.1,0.0,0,No,5880,1,25-48
Female,56,No,1,0,12,No Offer,Yes,17.85,Yes,Fiber Optic,19,No,No,No,No,Yes,No,No,Yes,Month-to-Month,Yes,Bank Withdrawal,84.05,0.0,0,No,4621,5,0-12
Female,39,Yes,0,6,66,Offer A,Yes,42.23,Yes,Fiber Optic,30,No,Yes,Yes,No,Yes,Yes,Yes,Yes,Month-to-Month,Yes,Bank Withdrawal,105.2,0.0,0,No,4016,9,49-72
Male,60,Yes,3,7,27,Offer C,Yes,25.26,Yes,Fiber Optic,23,No,No,No,No,No,No,No,Yes,Month-to-Month,Yes,Bank Withdrawal,75.75,0.0,0,No,4994,4,25-48
Female,20,No,0,0,58,No Offer,Yes,35.55,No,Fiber Optic,73,No,No,No,Yes,Yes,Yes,Yes,Yes,Month-to-Month,Yes,Bank Withdrawal,95.3,0.0,0,No,6460,7,49-72
Male,56,No,0,0,9,No Offer,Yes,40.74,No,No Internet Service,0,No,No,No,No,No,No,No,No,Month-to-Month,No,Credit Card,19.85,0.0,0,No,2788,1,0-12
Male,59,No,0,0,6,Offer E,Yes,18.65,No,Fiber Optic,18,No,No,No,No,No,No,No,Yes,Month-to-Month,Yes,Bank Withdrawal,69.1,0.0,0,No,5741,3,0-12
Female,57,No,0,0,9,Offer E,Yes,2.6,No,No Internet Service,0,No,No,No,No,No,No,No,No,Month-to-Month,No,Credit Card,20.25,0.0,0,No,5546,1,0-12
Male,36,Yes,0,10,8,Offer E,Yes,19.0,No,Cable,8,No,Yes,Yes,No,No,No,No,Yes,Month-to-Month,Yes,Credit Card,54.75,0.0,0,No,4099,5,0-12
Male,32,No,0,0,12,No Offer,Yes,11.04,No,Fiber Optic,16,No,No,No,No,Yes,No,No,Yes,Month-to-Month,Yes,Bank Withdrawal,81.45,0.0,0,No,2916,4,0-12
Male,30,Yes,0,7,43,No Offer,Yes,33.97,Yes,DSL,69,Yes,No,Yes,No,Yes,Yes,Yes,Yes,One Year,Yes,Bank Withdrawal,80.2,0.0,0,No,5888,9,25-48
Male,48,No,0,0,42,No Offer,Yes,25.69,Yes,Fiber Optic,13,No,No,No,Yes,Yes,Yes,Yes,Yes,Month-to-Month,Yes,Bank Withdrawal,100.3,0.0,0,No,3286,8,25-48
Female,20,No,1,0,66,Offer A,Yes,27.09,Yes,Fiber Optic,51,Yes,No,Yes,Yes,No,No,No,Yes,Two Year,Yes,Credit Card,90.95,0.0,0,No,6204,7,49-72
Male,55,No,0,0,1,Offer E,Yes,25.99,No,No Internet Service,0,No,No,No,No,No,No,No,No,Month-to-Month,No,Credit Card,20.0,0.0,0,No,5650,1,0-12
Male,43,No,0,0,10,No Offer,Yes,15.6,Yes,Fiber Optic,22,No,Yes,No,No,No,No,No,Yes,Month-to-Month,No,Bank Withdrawal,79.85,0.0,0,No,5739,5,0-12
Female,53,Yes,2,5,3,No Offer,Yes,10.13,No,No Internet Service,0,No,No,No,No,No,No,No,No,Month-to-Month,No,Credit Card,19.3,0.0,0,No,5722,1,0-12
Male,24,No,0,0,50,No Offer,Yes,21.72,No,No Internet Service,0,No,No,No,No,No,No,No,No,One Year,No,Credit Card,20.15,0.0,0,No,5249,1,49-72
Male,48,Yes,2,1,1,No Offer,Yes,41.1,No,DSL,18,No,No,No,No,No,No,No,Yes,Month-to-Month,No,Bank Withdrawal,44.55,0.0,0,No,3408,3,0-12
Male,32,No,0,0,2,No Offer,Yes,19.87,No,DSL,19,Yes,No,No,Yes,No,No,No,Yes,Month-to-Month,Yes,Credit Card,54.45,0.0,0,No,5753,5,0-12
Male,27,No,0,0,17,No Offer,Yes,47.79,No,No Internet Service,0,No,No,No,No,No,No,No,No,One Year,Yes,Bank Withdrawal,19.65,0.0,0,No,4774,1,13-24
Male,47,Yes,2,9,69,Offer A,Yes,22.49,Yes,Fiber Optic,11,No,Yes,Yes,No,Yes,Yes,Yes,Yes,Two Year,Yes,Bank Withdrawal,105.0,0.0,0,No,5436,9,49-72
Male,63,Yes,0,4,72,Offer A,Yes,47.66,Yes,DSL,19,Yes,Yes,Yes,Yes,Yes,Yes,Yes,Yes,Two Year,Yes,Credit Card,88.7,0.0,0,No,5764,11,49-72
Female,28,No,0,0,53,No Offer,Yes,28.46,No,No Internet Service,0,No,No,No,No,No,No,No,No,Two Year,No,Credit Card,20.25,0.0,0,No,4218,1,49-72
Female,51,Yes,0,6,58,No Offer,Yes,37.15,Yes,Fiber Optic,7,Yes,Yes,No,Yes,Yes,Yes,Yes,Yes,Two Year,Yes,Credit Card,109.1,0.0,0,No,4935,10,49-72
Male,44,No,0,0,46,No Offer,No,0.0,No,Cable,19,Yes,No,No,No,No,No,No,Yes,One Year,Yes,Bank Withdrawal,30.75,0.0,0,No,5646,3,25-48
Female,39,Yes,2,7,6,No Offer,Yes,41.29,Yes,Fiber Optic,19,No,Yes,Yes,No,Yes,No,No,Yes,Month-to-Month,Yes,Credit Card,94.05,0.0,0,No,3083,7,0-12
Male,24,Yes,0,2,72,Offer A,Yes,39.61,Yes,DSL,85,Yes,Yes,Yes,Yes,No,Yes,Yes,Yes,Two Year,No,Bank Withdrawal,78.85,0.0,0,No,5091,10,49-72
Male,33,No,0,0,4,No Offer,Yes,21.03,No,DSL,3,No,No,No,No,No,Yes,Yes,Yes,Month-to-Month,Yes,Credit Card,55.3,0.0,0,No,3684,5,0-12
Female,44,Yes,2,3,52,No Offer,Yes,9.87,No,No Internet Service,0,No,No,No,No,No,No,No,No,Two Year,No,Credit Card,19.35,0.0,0,No,5699,1,49-72
Male,22,Yes,2,3,10,No Offer,Yes,36.37,Yes,No Internet Service,0,No,No,No,No,No,No,No,No,Two Year,No,Credit Card,25.35,0.0,0,No,2299,2,0-12
Female,23,No,0,0,2,No Offer,Yes,46.0,No,No Internet Service,0,No,No,No,No,No,No,No,No,One Year,No,Credit Card,20.45,0.0,0,No,4196,1,0-12
Female,29,Yes,0,7,65,Offer B,Yes,48.66,No,No Internet Service,0,No,No,No,No,No,No,No,No,Two Year,No,Bank Withdrawal,19.35,0.0,0,No,5076,1,49-72
Female,35,Yes,0,10,51,Offer B,Yes,25.45,Yes,DSL,4,No,Yes,No,Yes,Yes,Yes,Yes,Yes,One Year,Yes,Credit Card,78.65,0.0,0,No,5408,9,49-72
Male,21,No,0,0,12,No Offer,Yes,18.52,Yes,DSL,53,No,No,Yes,No,Yes,Yes,Yes,Yes,Month-to-Month,No,Bank Withdrawal,74.75,0.0,0,No,3521,8,0-12
Female,38,Yes,3,1,24,Offer C,Yes,4.47,No,No Internet Service,0,No,No,No,No,No,No,No,No,One Year,No,Credit Card,19.9,0.0,0,No,4158,1,13-24
Female,27,Yes,0,1,64,Offer B,Yes,40.28,Yes,DSL,52,No,No,Yes,Yes,No,No,No,Yes,One Year,No,Bank Withdrawal,58.35,0.0,0,No,5331,6,49-72
Female,60,No,0,0,26,Offer C,Yes,25.66,Yes,Fiber Optic,3,No,No,Yes,No,Yes,Yes,Yes,Yes,Month-to-Month,Yes,Bank Withdrawal,100.5,0.0,0,No,2921,8,25-48
Female,57,Yes,1,3,15,No Offer,Yes,37.9,No,No Internet Service,0,No,No,No,No,No,No,No,No,Month-to-Month,No,Credit Card,20.05,0.0,0,No,3591,1,13-24
Female,21,Yes,0,1,27,Offer C,Yes,18.42,Yes,Fiber Optic,26,No,No,No,No,Yes,Yes,Yes,Yes,Month-to-Month,No,Credit Card,95.0,0.0,0,No,4235,7,25-48
Female,30,Yes,2,0,8,Offer E,Yes,5.09,No,DSL,51,No,No,No,No,No,No,No,Yes,Month-to-Month,Yes,Bank Withdrawal,45.45,0.0,0,No,4651,3,0-12
Male,51,No,0,0,10,Offer D,Yes,19.1,No,No Internet Service,0,No,No,No,No,No,No,No,No,Month-to-Month,Yes,Credit Card,20.0,0.0,0,No,4802,1,0-12
Female,44,No,0,0,2,Offer E,Yes,29.28,No,Cable,4,No,Yes,No,No,No,No,No,Yes,Month-to-Month,No,Credit Card,49.2,0.0,0,No,2342,4,0-12
Male,33,Yes,0,1,51,Offer B,Yes,40.34,No,DSL,9,Yes,Yes,Yes,Yes,Yes,Yes,Yes,Yes,Two Year,Yes,Credit Card,83.25,0.0,0,No,5340,10,49-72
Female,52,Yes,2,1,46,Offer B,Yes,24.33,No,No Internet Service,0,No,No,No,No,No,No,No,No,Two Year,Yes,Credit Card,19.25,0.0,0,No,5596,1,25-48
Male,40,No,0,0,1,Offer E,Yes,13.85,No,No Internet Service,0,No,No,No,No,No,No,No,No,Month-to-Month,Yes,Bank Withdrawal,19.65,0.0,0,No,3075,1,0-12
Male,38,No,0,0,46,Offer B,Yes,41.1,Yes,Fiber Optic,26,No,No,No,No,No,No,No,Yes,Month-to-Month,No,Bank Withdrawal,72.8,0.0,0,No,2642,4,25-48
Female,62,Yes,0,4,50,Offer B,Yes,34.57,Yes,Fiber Optic,13,Yes,Yes,No,Yes,Yes,Yes,Yes,Yes,Month-to-Month,Yes,Bank Withdrawal,109.65,0.0,0,No,4676,10,49-72
Male,31,Yes,1,9,53,Offer B,Yes,2.11,No,DSL,19,No,Yes,No,Yes,Yes,No,No,Yes,Month-to-Month,No,Credit Card,65.0,0.0,0,No,5534,6,49-72
Male,48,Yes,0,8,61,Offer B,Yes,12.32,Yes,Fiber Optic,7,No,Yes,Yes,Yes,Yes,Yes,Yes,Yes,Month-to-Month,Yes,Bank Withdrawal,114.1,0.0,0,No,5239,10,49-72
Male,40,No,0,0,5,Offer E,Yes,42.52,No,No Internet Service,0,No,No,No,No,No,No,No,No,Month-to-Month,No,Bank Withdrawal,20.65,0.0,0,No,5597,1,0-12
Male,33,No,0,0,47,Offer B,Yes,36.78,No,DSL,25,Yes,Yes,Yes,Yes,Yes,Yes,Yes,Yes,One Year,Yes,Bank Withdrawal,86.95,0.0,0,No,5631,10,25-48
Female,30,No,0,0,54,Offer B,Yes,37.65,Yes,Fiber Optic,30,No,Yes,Yes,No,Yes,No,No,No,One Year,Yes,Bank Withdrawal,94.75,0.0,70,No,5665,6,49-72
Male,19,No,2,0,19,Offer D,No,0.0,No,DSL,59,No,No,No,No,No,No,Yes,Yes,Month-to-Month,Yes,Credit Card,25.35,0.0,0,No,3072,3,13-24
Female,63,No,1,0,26,Offer C,Yes,2.48,No,Fiber Optic,19,No,Yes,Yes,Yes,Yes,Yes,Yes,Yes,Two Year,Yes,Bank Withdrawal,105.45,0.0,0,No,5980,9,25-48
Male,31,Yes,1,10,70,Offer A,Yes,9.33,Yes,No Internet Service,0,No,No,No,No,No,No,No,No,Two Year,No,Credit Card,25.4,0.0,0,No,4954,2,49-72
Male,58,Yes,0,2,17,Offer D,Yes,10.11,Yes,Fiber Optic,2,No,Yes,Yes,No,Yes,Yes,Yes,Yes,Month-to-Month,Yes,Bank Withdrawal,102.55,0.0,0,No,3803,9,13-24
Female,45,No,1,0,1,Offer E,Yes,32.95,Yes,No Internet Service,0,No,No,No,No,No,No,No,No,Month-to-Month,No,Credit Card,24.0,0.0,0,No,2559,2,0-12
Female,50,Yes,2,4,19,Offer D,Yes,38.43,Yes,No Internet Service,0,No,No,No,No,No,No,No,No,Two Year,No,Credit Card,25.6,0.0,0,No,5038,2,13-24
Female,23,Yes,0,6,26,Offer C,Yes,34.12,No,DSL,58,No,Yes,Yes,No,Yes,Yes,Yes,No,Two Year,Yes,Credit Card,73.5,17.03,70,No,3596,7,25-48
Male,46,Yes,0,10,50,Offer B,Yes,38.29,Yes,Fiber Optic,16,No,Yes,No,No,Yes,Yes,Yes,Yes,One Year,Yes,Bank Withdrawal,98.25,3.55,0,No,5154,8,49-72
Female,58,Yes,0,8,68,Offer A,No,0.0,No,DSL,11,Yes,No,Yes,No,Yes,Yes,Yes,Yes,One Year,Yes,Bank Withdrawal,54.4,25.62,0,No,4897,7,49-72
Male,32,Yes,3,10,9,Offer E,Yes,44.37,No,Fiber Optic,57,No,No,Yes,Yes,Yes,Yes,Yes,Yes,Month-to-Month,No,Bank Withdrawal,103.1,18.62,0,No,4171,8,0-12
Female,23,Yes,2,7,51,Offer B,No,0.0,No,Cable,27,Yes,No,No,Yes,No,No,Yes,Yes,Two Year,No,Bank Withdrawal,34.2,9.39,0,No,6404,5,49-72
Female,48,No,0,0,9,No Offer,Yes,40.73,No,DSL,29,No,No,No,No,No,No,No,Yes,Month-to-Month,Yes,Bank Withdrawal,43.75,5.9,0,No,5644,3,0-12
Male,26,No,0,0,22,Offer D,Yes,28.42,Yes,Fiber Optic,73,No,Yes,No,No,Yes,Yes,Yes,Yes,Month-to-Month,Yes,Bank Withdrawal,100.65,5.01,0,No,4094,8,13-24
Male,41,Yes,1,5,71,Offer A,Yes,26.38,Yes,Fiber Optic,18,Yes,Yes,Yes,Yes,Yes,Yes,Yes,No,Two Year,Yes,Bank Withdrawal,116.05,42.57,110,No,6481,10,49-72
Male,51,Yes,3,2,26,Offer C,Yes,36.71,Yes,DSL,57,No,No,Yes,Yes,Yes,Yes,Yes,Yes,One Year,Yes,Credit Card,82.0,42.43,0,No,3973,9,25-48
Male,29,Yes,0,2,71,Offer A,Yes,40.63,Yes,DSL,69,Yes,Yes,No,Yes,No,No,Yes,Yes,Two Year,No,Bank Withdrawal,65.15,4.7,0,No,4384,8,49-72
Male,28,No,0,0,4,Offer E,Yes,43.77,No,DSL,41,No,No,No,No,No,No,Yes,Yes,Month-to-Month,Yes,Credit Card,44.8,0.0,0,No,5565,4,0-12
Female,61,No,0,0,12,Offer D,Yes,14.42,Yes,Fiber Optic,14,Yes,No,No,No,No,No,No,Yes,Month-to-Month,Yes,Bank Withdrawal,79.8,21.53,0,No,5906,5,0-12
Female,23,Yes,0,8,18,Offer D,Yes,18.55,Yes,Fiber Optic,59,No,No,No,Yes,Yes,No,Yes,Yes,Month-to-Month,Yes,Bank Withdrawal,88.85,21.58,0,No,3127,7,13-24
Female,42,No,0,0,3,Offer E,Yes,1.64,Yes,Fiber Optic,8,No,No,No,No,No,No,No,Yes,Month-to-Month,Yes,Bank Withdrawal,74.95,27.6,0,No,3641,4,0-12
Male,44,No,0,0,13,Offer D,Yes,45.03,No,No Internet Service,0,No,No,No,No,No,No,No,No,One Year,No,Credit Card,19.3,35.28,0,No,2823,1,13-24
Male,56,Yes,0,1,42,Offer B,Yes,20.65,Yes,DSL,25,Yes,No,No,No,No,No,No,Yes,One Year,No,Credit Card,56.1,28.83,0,No,5904,5,25-48
Female,27,No,0,0,17,Offer D,Yes,22.26,No,No Internet Service,0,No,No,No,No,No,No,No,No,Month-to-Month,No,Credit Card,19.7,0.0,0,No,4222,1,13-24
Female,27,Yes,0,1,68,Offer A,Yes,1.29,Yes,Fiber Optic,27,Yes,Yes,Yes,Yes,Yes,Yes,Yes,Yes,Two Year,No,Credit Card,118.6,38.57,0,No,4175,11,49-72
Male,54,Yes,2,1,56,Offer B,Yes,37.67,Yes,No Internet Service,0,No,No,No,No,No,No,No,No,Two Year,No,Bank Withdrawal,24.15,29.41,0,No,5137,2,49-72
Female,52,Yes,3,1,38,Offer C,Yes,44.32,No,No Internet Service,0,No,No,No,No,No,No,No,No,One Year,No,Credit Card,20.3,10.65,0,No,4686,1,25-48
Female,53,Yes,1,1,72,Offer A,Yes,36.82,Yes,Fiber Optic,10,Yes,Yes,Yes,Yes,Yes,Yes,Yes,Yes,Two Year,Yes,Bank Withdrawal,115.5,42.29,0,No,4017,11,49-72
Female,44,No,0,0,48,Offer B,Yes,34.96,Yes,No Internet Service,0,No,No,No,No,No,No,No,No,One Year,No,Credit Card,25.05,16.38,0,No,3642,2,25-48
Female,30,Yes,2,1,35,Offer C,Yes,18.29,No,No Internet Service,0,No,No,No,No,No,No,No,No,One Year,No,Credit Card,19.65,0.0,0,No,3739,1,25-48
Male,60,Yes,0,1,67,Offer A,Yes,21.71,Yes,Fiber Optic,30,No,Yes,Yes,Yes,Yes,Yes,Yes,Yes,Two Year,Yes,Bank Withdrawal,111.3,36.66,0,No,4469,10,49-72
Female,42,No,0,0,1,No Offer,No,0.0,No,DSL,24,Yes,No,No,No,No,No,No,Yes,Month-to-Month,No,Credit Card,29.9,0.0,0,No,4155,3,0-12
Male,56,No,0,0,53,Offer B,Yes,49.21,No,Fiber Optic,29,No,Yes,No,Yes,No,No,No,No,Month-to-Month,Yes,Credit Card,80.6,39.45,90,No,6113,4,49-72
Male,44,Yes,1,1,34,Offer C,Yes,44.54,No,No Internet Service,0,No,No,No,No,No,No,No,No,Month-to-Month,No,Credit Card,20.8,46.07,0,No,4985,1,25-48
Male,49,No,0,0,19,Offer D,Yes,9.55,No,Fiber Optic,6,No,No,Yes,Yes,Yes,No,No,Yes,Month-to-Month,No,Credit Card,89.95,29.64,0,No,3402,6,13-24
Male,45,No,0,0,11,Offer D,Yes,17.12,No,No Internet Service,0,No,No,No,No,No,No,No,No,Two Year,No,Credit Card,19.55,26.32,0,No,5433,1,0-12
Female,41,Yes,1,1,60,Offer B,Yes,43.33,Yes,Fiber Optic,28,Yes,Yes,Yes,Yes,Yes,Yes,Yes,Yes,Two Year,No,Credit Card,115.25,11.85,0,No,5328,11,49-72
Male,38,Yes,0,1,72,No Offer,Yes,13.72,Yes,No Internet Service,0,No,No,No,No,No,No,No,No,Two Year,No,Credit Card,24.8,16.26,0,No,6251,2,49-72
Male,26,No,0,0,39,Offer C,Yes,48.02,No,No Internet Service,0,No,No,No,No,No,No,No,No,One Year,No,Credit Card,19.9,20.17,0,No,4041,1,25-48
Female,43,Yes,0,1,59,No Offer,Yes,29.6,No,Fiber Optic,12,Yes,No,Yes,No,No,No,No,Yes,One Year,Yes,Credit Card,81.25,0.0,0,No,4709,5,49-72
Male,48,Yes,2,6,2,Offer E,Yes,29.1,No,Fiber Optic,19,No,No,No,No,No,No,No,Yes,Month-to-Month,No,Credit Card,69.95,0.0,0,No,5010,3,0-12
Male,53,No,0,0,71,No Offer,Yes,6.75,Yes,Fiber Optic,15,No,No,Yes,Yes,No,No,No,Yes,Two Year,Yes,Credit Card,86.4,0.0,0,No,4069,6,49-72
Female,21,Yes,0,6,24,No Offer,Yes,9.3,Yes,DSL,27,Yes,Yes,Yes,No,No,No,No,Yes,Month-to-Month,No,Credit Card,66.3,32.59,0,No,2235,7,13-24
Female,41,Yes,0,4,37,No Offer,Yes,42.45,Yes,DSL,23,No,Yes,No,Yes,No,Yes,Yes,Yes,One Year,No,Credit Card,72.1,16.36,0,No,2703,8,25-48
Male,60,No,0,0,11,Offer D,No,0.0,No,DSL,22,No,Yes,Yes,No,No,No,No,No,Month-to-Month,No,Credit Card,34.7,22.53,150,No,4310,3,0-12
Female,56,Yes,0,9,18,Offer D,Yes,29.6,No,Fiber Optic,7,No,No,Yes,No,Yes,Yes,Yes,Yes,Month-to-Month,Yes,Credit Card,95.95,6.72,0,No,5009,7,13-24
Male,22,Yes,2,10,50,No Offer,Yes,36.61,No,DSL,41,No,No,No,No,No,No,No,Yes,One Year,Yes,Bank Withdrawal,44.8,36.22,0,No,6115,3,49-72
Female,53,Yes,2,7,67,No Offer,Yes,3.3,Yes,Fiber Optic,19,Yes,No,Yes,Yes,Yes,Yes,Yes,Yes,One Year,Yes,Bank Withdrawal,109.4,38.34,0,No,4103,10,49-72
Female,25,Yes,0,10,25,No Offer,Yes,2.34,No,DSL,73,Yes,Yes,No,Yes,No,Yes,Yes,Yes,Month-to-Month,Yes,Credit Card,71.05,28.08,0,No,5620,8,25-48
Male,37,No,0,0,9,Offer E,Yes,24.89,No,No Internet Service,0,No,No,No,No,No,No,No,No,Month-to-Month,No,Credit Card,19.7,0.0,0,No,4194,1,0-12
Female,52,No,5,0,10,Offer D,No,0.0,No,DSL,57,Yes,Yes,No,Yes,No,No,No,No,One Year,No,Credit Card,40.25,17.96,30,No,2876,4,0-12
Female,34,Yes,0,0,70,No Offer,Yes,40.91,No,No Internet Service,0,No,No,No,No,No,No,No,No,Two Year,No,Credit Card,19.85,33.29,0,No,4311,1,49-72
Male,45,No,0,0,9,Offer E,Yes,32.31,No,Cable,24,Yes,No,Yes,Yes,No,Yes,Yes,Yes,Month-to-Month,Yes,Bank Withdrawal,68.25,0.0,0,No,4366,8,0-12
Female,53,No,0,0,4,Offer E,Yes,1.3,No,No Internet Service,0,No,No,No,No,No,No,No,No,Month-to-Month,Yes,Credit Card,20.15,0.0,0,No,5221,1,0-12
Female,42,No,0,0,2,Offer E,Yes,36.96,No,DSL,24,Yes,No,No,No,No,No,No,Yes,Month-to-Month,No,Credit Card,50.95,0.0,0,No,5968,4,0-12
Male,37,No,0,0,19,Offer D,No,0.0,No,DSL,6,No,No,No,No,No,No,No,Yes,Month-to-Month,Yes,Bank Withdrawal,25.15,0.0,0,No,3784,2,13-24
Male,22,Yes,3,0,7,Offer E,Yes,49.83,No,No Internet Service,0,No,No,No,No,No,No,No,No,Month-to-Month,Yes,Bank Withdrawal,20.25,0.0,0,No,3149,1,0-12
Female,59,Yes,3,10,9,No Offer,Yes,12.55,No,No Internet Service,0,No,No,No,No,No,No,No,No,One Year,No,Credit Card,20.25,0.0,0,No,4272,1,0-12
Female,42,No,0,0,5,No Offer,Yes,24.83,No,DSL,26,Yes,No,Yes,No,No,No,No,Yes,Month-to-Month,No,Credit Card,55.8,0.0,0,No,5104,5,0-12
Female,49,Yes,1,4,56,No Offer,Yes,12.97,No,Fiber Optic,28,No,No,No,No,Yes,Yes,Yes,Yes,One Year,No,Bank Withdrawal,88.9,0.0,0,No,4170,6,49-72
Female,25,No,2,0,18,Offer D,Yes,17.51,Yes,DSL,30,Yes,No,No,No,No,No,No,Yes,Month-to-Month,No,Credit Card,57.65,0.0,0,No,3425,5,13-24
Male,40,Yes,0,1,70,No Offer,Yes,39.35,Yes,DSL,2,Yes,Yes,Yes,Yes,Yes,No,No,Yes,Two Year,No,Credit Card,79.15,0.0,0,No,4408,9,49-72
Female,19,No,0,0,72,No Offer,Yes,10.05,Yes,Fiber Optic,82,No,Yes,Yes,Yes,Yes,Yes,Yes,Yes,Two Year,Yes,Credit Card,108.05,0.0,0,No,5430,10,49-72
Male,43,Yes,0,3,29,No Offer,No,0.0,No,DSL,15,No,No,No,No,Yes,Yes,Yes,No,Month-to-Month,Yes,Bank Withdrawal,45.9,0.0,20,No,5074,4,25-48
Male,35,Yes,0,4,63,No Offer,Yes,2.72,Yes,Fiber Optic,22,No,No,Yes,No,Yes,Yes,Yes,Yes,Two Year,No,Bank Withdrawal,102.6,0.0,0,No,4004,8,49-72
Male,46,No,0,0,59,No Offer,Yes,9.7,No,DSL,6,No,No,Yes,No,No,Yes,Yes,Yes,One Year,Yes,Bank Withdrawal,61.35,0.0,0,No,6250,6,49-72
Female,21,No,0,0,3,No Offer,Yes,48.3,No,Cable,42,No,No,Yes,No,Yes,No,No,Yes,Month-to-Month,No,Bank Withdrawal,57.55,0.0,0,No,4099,5,0-12
Female,57,No,0,0,8,No Offer,No,0.0,No,DSL,2,No,Yes,No,No,No,No,No,Yes,Month-to-Month,Yes,Credit Card,29.25,0.0,0,No,2038,3,0-12
Female,37,No,0,0,68,No Offer,Yes,32.99,No,No Internet Service,0,No,No,No,No,No,No,No,No,Two Year,No,Credit Card,19.6,0.0,0,No,6161,1,49-72
Female,40,Yes,3,3,68,No Offer,Yes,14.11,Yes,Fiber Optic,57,Yes,No,Yes,Yes,Yes,Yes,Yes,Yes,Two Year,No,Credit Card,111.75,0.0,0,No,4967,10,49-72
Male,29,Yes,1,4,72,No Offer,Yes,41.94,Yes,Fiber Optic,85,Yes,Yes,No,Yes,Yes,Yes,Yes,Yes,Two Year,Yes,Credit Card,107.7,0.0,0,No,4351,10,49-72
Female,42,Yes,0,1,32,No Offer,Yes,45.26,No,No Internet Service,0,No,No,No,No,No,No,No,No,One Year,No,Credit Card,19.3,0.0,0,No,5817,1,25-48
Female,44,Yes,0,1,72,No Offer,Yes,47.24,No,No Internet Service,0,No,No,No,No,No,No,No,No,Two Year,No,Bank Withdrawal,20.05,0.0,0,No,4747,1,49-72
Male,46,Yes,1,10,1,No Offer,Yes,11.45,No,Fiber Optic,14,No,No,No,No,No,No,No,Yes,Month-to-Month,Yes,Credit Card,69.95,0.0,0,No,5133,3,0-12
Male,29,Yes,3,10,42,No Offer,Yes,44.95,No,DSL,69,Yes,No,No,Yes,No,Yes,Yes,Yes,One Year,No,Credit Card,63.7,0.0,0,No,3764,7,25-48
Male,45,No,0,0,45,No Offer,Yes,19.39,No,DSL,16,Yes,No,No,No,No,No,No,Yes,Month-to-Month,Yes,Bank Withdrawal,50.9,0.0,0,No,5274,4,25-48
Female,46,Yes,2,8,43,No Offer,No,0.0,No,DSL,10,Yes,No,Yes,Yes,Yes,Yes,Yes,No,One Year,Yes,Credit Card,60.4,0.0,100,No,2725,7,25-48
Male,43,Yes,0,6,37,No Offer,Yes,9.26,Yes,DSL,28,Yes,No,Yes,No,Yes,Yes,Yes,Yes,One Year,No,Credit Card,79.25,0.0,0,No,2322,9,25-48
Male,46,Yes,0,8,63,No Offer,Yes,3.18,No,Fiber Optic,15,Yes,Yes,Yes,Yes,Yes,Yes,Yes,Yes,Two Year,Yes,Credit Card,110.1,0.0,0,No,6216,10,49-72
Male,47,No,0,0,3,No Offer,Yes,5.39,No,Fiber Optic,10,No,No,No,No,Yes,Yes,Yes,Yes,Month-to-Month,No,Credit Card,90.7,0.0,0,No,3953,6,0-12
Male,59,Yes,3,5,66,No Offer,Yes,38.55,Yes,No Internet Service,0,No,No,No,No,No,No,No,No,Two Year,Yes,Credit Card,25.3,0.0,0,No,5617,2,49-72
Male,36,No,3,0,71,No Offer,Yes,4.89,Yes,No Internet Service,0,No,No,No,No,No,No,No,No,Two Year,No,Credit Card,24.35,0.0,0,No,4155,2,49-72
Female,43,Yes,2,4,72,No Offer,Yes,35.62,Yes,No Internet Service,0,No,No,No,No,No,No,No,No,Two Year,No,Bank Withdrawal,25.1,0.0,0,No,5611,2,49-72
Male,43,Yes,0,5,66,No Offer,Yes,36.55,Yes,Fiber Optic,20,Yes,Yes,Yes,Yes,No,No,No,Yes,Two Year,No,Credit Card,96.6,0.0,0,No,4454,8,49-72
Male,22,No,0,0,51,No Offer,Yes,34.75,Yes,Cable,59,Yes,Yes,Yes,Yes,Yes,No,No,Yes,One Year,Yes,Credit Card,81.15,0.0,0,No,4549,9,49-72
Female,22,No,1,0,8,No Offer,No,0.0,No,DSL,51,Yes,No,No,No,No,Yes,Yes,Yes,Month-to-Month,Yes,Bank Withdrawal,38.5,0.0,0,No,4194,5,0-12
Male,47,No,0,0,14,Offer D,Yes,27.8,No,Fiber Optic,17,No,No,No,No,Yes,Yes,Yes,Yes,Month-to-Month,Yes,Bank Withdrawal,92.9,0.0,0,No,4296,6,13-24
Female,44,No,0,0,70,No Offer,Yes,16.93,Yes,DSL,10,Yes,Yes,Yes,No,Yes,Yes,Yes,Yes,Two Year,No,Credit Card,84.7,0.0,0,No,4180,10,49-72
Female,54,No,3,0,70,No Offer,Yes,16.75,Yes,DSL,57,Yes,Yes,No,Yes,No,No,No,No,Two Year,No,Bank Withdrawal,66.0,0.0,90,No,5265,6,49-72
Male,40,No,0,0,24,No Offer,Yes,47.51,No,No Internet Service,0,No,No,No,No,No,No,No,No,Two Year,No,Credit Card,20.75,0.0,0,No,4117,1,13-24
Female,27,Yes,0,1,69,No Offer,Yes,2.73,No,DSL,69,No,Yes,No,No,No,Yes,Yes,Yes,Two Year,Yes,Credit Card,61.45,0.0,0,No,4162,6,49-72
Male,30,Yes,1,7,42,No Offer,Yes,18.93,No,DSL,73,Yes,Yes,No,No,No,No,No,Yes,Month-to-Month,No,Credit Card,54.5,0.0,0,No,3449,5,25-48
Male,62,Yes,3,2,45,No Offer,Yes,7.48,Yes,Fiber Optic,27,No,Yes,Yes,Yes,Yes,Yes,Yes,Yes,Two Year,Yes,Bank Withdrawal,109.75,0.0,0,No,4221,10,25-48
Male,55,Yes,2,6,72,No Offer,Yes,9.3,Yes,DSL,12,Yes,Yes,Yes,Yes,Yes,No,No,Yes,Two Year,Yes,Bank Withdrawal,80.85,0.0,0,No,6067,9,49-72
Female,43,No,0,0,38,No Offer,Yes,43.19,No,No Internet Service,0,No,No,No,No,No,No,No,No,Two Year,No,Credit Card,20.3,0.0,0,No,5919,1,25-48
Male,46,Yes,0,1,72,No Offer,Yes,15.52,Yes,Cable,6,Yes,Yes,Yes,Yes,No,No,No,Yes,Two Year,Yes,Bank Withdrawal,67.8,0.0,0,No,5242,8,49-72
Male,54,Yes,2,10,72,No Offer,Yes,38.84,No,No Internet Service,0,No,No,No,No,No,No,No,No,Two Year,Yes,Credit Card,19.8,0.0,0,No,5027,1,49-72
Male,54,Yes,0,1,55,No Offer,Yes,12.21,Yes,No Internet Service,0,No,No,No,No,No,No,No,No,Two Year,No,Bank Withdrawal,25.7,0.0,0,No,6228,2,49-72
Female,42,Yes,3,4,51,No Offer,No,0.0,No,DSL,76,No,No,Yes,Yes,Yes,Yes,Yes,Yes,One Year,Yes,Bank Withdrawal,56.15,0.0,0,No,4132,7,49-72
Male,24,No,0,0,63,No Offer,Yes,29.58,No,DSL,47,Yes,Yes,Yes,Yes,Yes,Yes,Yes,Yes,Two Year,Yes,Bank Withdrawal,86.7,0.0,0,No,5841,10,49-72
Female,29,No,0,0,1,No Offer,Yes,45.91,No,No Internet Service,0,No,No,No,No,No,No,No,No,Month-to-Month,No,Credit Card,20.4,0.0,0,No,2152,1,0-12
Female,24,Yes,3,9,23,Offer D,Yes,1.88,No,No Internet Service,0,No,No,No,No,No,No,No,No,Two Year,Yes,Credit Card,19.65,0.0,0,No,4896,1,13-24
Female,38,No,0,0,2,No Offer,Yes,25.81,Yes,Cable,7,No,No,No,Yes,No,No,No,Yes,Month-to-Month,Yes,Credit Card,54.35,0.0,0,No,4916,5,0-12
Female,40,No,0,0,36,No Offer,Yes,25.95,Yes,DSL,21,Yes,No,No,No,No,No,No,Yes,One Year,No,Credit Card,54.45,0.0,0,No,4462,5,25-48
Female,39,No,0,0,1,No Offer,Yes,12.46,No,DSL,14,No,No,No,No,No,No,No,Yes,Month-to-Month,No,Credit Card,45.35,0.0,0,No,3980,3,0-12
Female,35,No,0,0,28,No Offer,Yes,33.05,Yes,Cable,7,Yes,No,Yes,No,No,No,No,Yes,One Year,No,Credit Card,59.0,0.0,0,No,4891,6,25-48
Female,39,Yes,3,1,7,No Offer,Yes,18.91,No,DSL,29,Yes,Yes,Yes,No,Yes,No,No,Yes,One Year,No,Bank Withdrawal,69.45,0.0,0,No,3334,7,0-12
Female,60,No,0,0,10,Offer D,Yes,41.04,No,No Internet Service,0,No,No,No,No,No,No,No,No,Month-to-Month,No,Credit Card,18.85,0.0,0,No,5949,1,0-12
Male,55,No,0,0,42,No Offer,Yes,38.74,No,No Internet Service,0,No,No,No,No,No,No,No,No,One Year,No,Bank Withdrawal,19.8,0.0,0,No,3575,1,25-48
Female,42,No,0,0,7,No Offer,No,0.0,No,DSL,4,No,No,No,No,No,No,No,Yes,Month-to-Month,No,Bank Withdrawal,25.05,0.0,0,No,4404,2,0-12
Male,43,Yes,1,1,72,No Offer,Yes,15.94,Yes,Fiber Optic,13,Yes,Yes,Yes,Yes,Yes,Yes,Yes,Yes,Two Year,Yes,Credit Card,114.3,0.0,0,No,5879,11,49-72
Male,36,No,0,0,63,No Offer,Yes,13.14,No,Fiber Optic,17,Yes,Yes,Yes,Yes,Yes,Yes,Yes,Yes,Two Year,No,Credit Card,109.2,0.0,0,No,4273,10,49-72
Female,39,No,0,0,56,No Offer,No,0.0,No,DSL,19,Yes,Yes,Yes,Yes,No,No,No,Yes,Two Year,No,Bank Withdrawal,45.05,0.0,0,No,5795,6,49-72
Female,22,No,1,0,5,No Offer,Yes,40.03,No,DSL,52,No,No,No,Yes,No,No,No,No,Month-to-Month,Yes,Credit Card,51.0,0.0,0,No,2789,3,0-12
Female,33,Yes,0,1,72,No Offer,Yes,46.23,Yes,Fiber Optic,18,No,Yes,Yes,Yes,Yes,Yes,Yes,Yes,Two Year,Yes,Bank Withdrawal,110.45,0.0,0,No,6030,10,49-72
Male,43,Yes,2,1,67,No Offer,Yes,6.53,No,Cable,19,Yes,Yes,No,Yes,No,No,No,Yes,One Year,No,Credit Card,60.05,0.0,0,No,6148,6,49-72
Male,45,Yes,3,1,8,No Offer,Yes,30.77,No,DSL,75,No,No,No,No,No,No,No,Yes,Month-to-Month,No,Bank Withdrawal,44.65,0.0,0,No,5724,3,0-12
Male,49,Yes,1,1,52,No Offer,Yes,11.3,Yes,Fiber Optic,10,No,Yes,No,Yes,No,Yes,Yes,Yes,Month-to-Month,Yes,Bank Withdrawal,93.25,0.0,0,No,4740,8,49-72
Female,29,Yes,1,10,18,Offer D,Yes,35.44,No,No Internet Service,0,No,No,No,No,No,No,No,No,Month-to-Month,Yes,Credit Card,20.25,0.0,0,No,2429,1,13-24
Female,40,Yes,2,0,59,Offer B,Yes,42.37,Yes,No Internet Service,0,No,No,No,No,No,No,No,No,Two Year,No,Credit Card,25.45,0.0,0,No,4746,2,49-72
Female,60,No,0,0,60,Offer B,Yes,47.07,No,No Internet Service,0,No,No,No,No,No,No,No,No,Two Year,No,Credit Card,20.6,0.0,0,No,4192,1,49-72
Male,55,No,0,0,7,No Offer,Yes,7.37,Yes,Fiber Optic,6,No,No,No,No,Yes,Yes,Yes,Yes,Month-to-Month,Yes,Bank Withdrawal,94.1,0.0,0,No,5259,7,0-12
Male,59,Yes,2,0,59,Offer B,No,0.0,No,DSL,19,Yes,No,Yes,No,No,No,No,Yes,One Year,No,Credit Card,34.8,0.0,0,No,6300,4,49-72
Male,33,No,0,0,46,Offer B,No,0.0,No,DSL,13,Yes,No,Yes,Yes,Yes,Yes,Yes,Yes,Two Year,Yes,Bank Withdrawal,60.75,0.0,0,No,2694,8,25-48
Male,39,No,0,0,5,Offer E,Yes,17.16,No,DSL,7,No,Yes,No,No,No,No,No,Yes,Month-to-Month,Yes,Bank Withdrawal,51.35,0.0,0,No,2893,4,0-12
Female,53,Yes,0,7,70,No Offer,Yes,9.28,Yes,DSL,24,No,Yes,Yes,Yes,Yes,Yes,Yes,No,Two Year,Yes,Bank Withdrawal,84.8,0.0,120,No,4032,9,49-72
Female,64,No,0,0,44,Offer B,Yes,18.42,Yes,DSL,22,No,No,No,No,No,No,No,Yes,Month-to-Month,Yes,Credit Card,50.15,0.0,0,No,5790,4,25-48
Female,45,Yes,0,7,64,Offer B,Yes,1.27,Yes,Fiber Optic,13,Yes,No,Yes,No,Yes,No,No,Yes,Two Year,Yes,Credit Card,94.6,0.0,0,No,5038,7,49-72
Female,25,Yes,3,8,58,Offer B,No,0.0,No,DSL,59,Yes,No,Yes,Yes,Yes,Yes,Yes,Yes,Two Year,No,Credit Card,59.75,0.0,0,No,4678,8,49-72
Female,26,Yes,0,7,72,Offer A,Yes,28.59,Yes,Fiber Optic,58,No,Yes,No,No,Yes,Yes,Yes,Yes,Two Year,Yes,Credit Card,97.7,0.0,0,No,5406,8,49-72
Male,51,No,0,0,54,Offer B,No,0.0,No,DSL,7,Yes,Yes,No,No,No,Yes,Yes,Yes,Two Year,No,Bank Withdrawal,46.2,0.0,0,No,6143,6,49-72
Female,42,Yes,3,5,72,Offer A,Yes,18.21,Yes,No Internet Service,0,No,No,No,No,No,No,No,No,Two Year,No,Credit Card,24.9,0.0,0,No,5192,2,49-72
Male,29,Yes,3,1,54,Offer B,Yes,36.09,Yes,DSL,59,No,No,Yes,No,No,Yes,Yes,Yes,Two Year,No,Credit Card,63.35,0.0,0,No,4232,7,49-72
Female,19,No,0,0,14,No Offer,Yes,36.22,No,Cable,59,Yes,No,No,No,No,No,No,Yes,Month-to-Month,No,Bank Withdrawal,50.1,0.0,0,No,2331,4,13-24
Female,63,No,0,0,1,Offer E,Yes,38.33,No,DSL,24,Yes,No,No,No,No,No,No,No,Month-to-Month,No,Bank Withdrawal,50.15,0.0,50,No,4421,3,0-12
Male,22,No,0,0,56,Offer B,Yes,48.32,Yes,DSL,59,Yes,Yes,No,Yes,No,No,No,Yes,One Year,Yes,Bank Withdrawal,64.65,0.0,0,No,4656,7,49-72
Female,38,Yes,0,7,68,Offer A,Yes,47.95,No,DSL,14,Yes,Yes,No,Yes,Yes,Yes,Yes,Yes,Two Year,Yes,Bank Withdrawal,79.6,0.0,0,No,5601,9,49-72
Female,58,Yes,1,2,14,No Offer,Yes,41.05,No,No Internet Service,0,No,No,No,No,No,No,No,No,One Year,Yes,Credit Card,19.5,0.0,0,No,2993,1,13-24
Male,38,Yes,3,9,68,Offer A,Yes,38.75,No,Fiber Optic,28,Yes,No,No,Yes,Yes,Yes,Yes,Yes,Two Year,Yes,Bank Withdrawal,99.55,0.0,0,No,4319,8,49-72
Female,34,No,0,0,16,No Offer,No,0.0,No,DSL,30,Yes,No,No,No,Yes,No,No,Yes,Month-to-Month,Yes,Bank Withdrawal,38.9,0.0,0,No,3300,4,13-24
Male,37,No,0,0,53,Offer B,No,0.0,No,DSL,24,Yes,Yes,No,No,No,Yes,Yes,Yes,Month-to-Month,Yes,Bank Withdrawal,46.3,0.0,0,No,6245,6,49-72
Male,58,Yes,0,10,70,Offer A,Yes,48.0,Yes,Fiber Optic,13,Yes,Yes,Yes,No,Yes,No,No,Yes,Two Year,Yes,Credit Card,99.35,0.0,0,No,4120,8,49-72
Female,23,Yes,0,4,10,No Offer,Yes,38.03,Yes,Fiber Optic,42,Yes,No,No,No,No,No,No,Yes,Month-to-Month,Yes,Credit Card,78.15,0.0,0,No,3403,5,0-12
Female,62,Yes,2,8,29,No Offer,Yes,5.35,Yes,No Internet Service,0,No,No,No,No,No,No,No,No,Two Year,No,Credit Card,26.1,0.0,0,No,2828,2,25-48
Female,23,No,0,0,30,No Offer,No,0.0,No,Cable,42,No,No,No,Yes,No,Yes,Yes,Yes,One Year,Yes,Credit Card,40.35,0.0,0,No,5455,5,25-48
Female,21,Yes,0,9,72,Offer A,Yes,22.41,Yes,DSL,59,Yes,Yes,Yes,Yes,Yes,No,No,No,Two Year,No,Credit Card,79.2,0.0,20,No,4288,8,49-72
Female,27,No,0,0,10,No Offer,Yes,12.39,No,No Internet Service,0,No,No,No,No,No,No,No,No,Month-to-Month,Yes,Credit Card,20.9,0.0,0,No,4905,1,0-12
Female,39,No,3,0,1,Offer E,Yes,9.0,No,Cable,53,Yes,No,No,No,No,No,No,Yes,Month-to-Month,No,Credit Card,49.9,0.0,0,No,5969,4,0-12
Female,44,No,0,0,20,No Offer,Yes,22.75,Yes,Cable,11,No,Yes,No,Yes,No,Yes,Yes,Yes,Month-to-Month,Yes,Credit Card,68.9,0.0,0,No,3265,8,13-24
Female,42,No,0,0,1,Offer E,Yes,28.18,No,No Internet Service,0,No,No,No,No,No,No,No,No,Month-to-Month,Yes,Credit Card,20.25,0.0,0,No,5854,1,0-12
Female,24,No,0,0,29,No Offer,Yes,7.01,Yes,Fiber Optic,42,No,No,No,No,No,No,No,Yes,Month-to-Month,Yes,Credit Card,76.0,0.0,0,No,5324,4,25-48
Male,34,No,0,0,1,Offer E,Yes,23.7,No,Fiber Optic,25,No,No,No,Yes,No,No,No,Yes,Month-to-Month,No,Bank Withdrawal,74.0,0.0,0,No,4148,4,0-12
Male,61,No,0,0,3,No Offer,Yes,44.97,No,Fiber Optic,16,Yes,No,No,Yes,No,No,No,No,Month-to-Month,Yes,Credit Card,82.3,0.0,20,No,5755,4,0-12
Female,48,No,0,0,20,No Offer,Yes,30.52,No,Fiber Optic,21,Yes,No,Yes,No,Yes,No,No,Yes,Month-to-Month,Yes,Bank Withdrawal,89.4,0.0,0,No,2098,6,13-24
Male,31,No,1,0,64,Offer B,Yes,22.41,No,Fiber Optic,24,No,Yes,No,Yes,Yes,Yes,Yes,Yes,Month-to-Month,Yes,Credit Card,99.15,0.0,0,No,4590,8,49-72
Female,22,No,0,0,6,Offer E,No,0.0,No,Cable,52,Yes,No,No,No,No,No,No,Yes,Month-to-Month,No,Bank Withdrawal,29.45,0.0,0,No,4391,3,0-12
Male,55,Yes,0,5,50,Offer B,Yes,1.87,No,No Internet Service,0,No,No,No,No,No,No,No,No,Two Year,No,Bank Withdrawal,19.8,0.0,0,No,5914,1,49-72
Male,60,No,0,0,6,Offer E,Yes,20.11,No,DSL,5,Yes,No,No,No,No,Yes,Yes,Yes,Month-to-Month,Yes,Bank Withdrawal,59.15,0.0,0,No,3613,6,0-12
Male,42,Yes,1,7,7,Offer E,Yes,28.7,No,DSL,17,No,No,No,No,No,No,No,Yes,Month-to-Month,No,Bank Withdrawal,44.75,0.0,0,No,4699,3,0-12
Male,22,Yes,1,1,72,Offer A,Yes,23.7,Yes,Fiber Optic,59,No,No,Yes,No,No,Yes,Yes,No,Two Year,Yes,Credit Card,90.8,0.0,60,No,6188,6,49-72
Male,24,Yes,0,6,8,Offer E,Yes,2.38,No,DSL,53,No,Yes,No,No,No,No,No,Yes,Month-to-Month,Yes,Bank Withdrawal,49.55,0.0,0,No,5922,4,0-12
Female,35,Yes,2,3,67,Offer A,Yes,40.35,Yes,Fiber Optic,16,Yes,No,No,Yes,Yes,Yes,Yes,Yes,Two Year,No,Credit Card,106.7,0.0,0,No,4780,9,49-72
Female,22,Yes,0,5,72,Offer A,Yes,22.74,Yes,Fiber Optic,48,Yes,Yes,No,No,No,Yes,Yes,Yes,Two Year,Yes,Credit Card,94.45,0.0,0,No,5274,8,49-72
Male,25,Yes,1,6,33,No Offer,Yes,5.86,No,No Internet Service,0,No,No,No,No,No,No,No,No,One Year,Yes,Bank Withdrawal,19.45,0.0,0,No,3470,1,25-48
Male,41,Yes,0,7,70,Offer A,Yes,24.93,No,DSL,15,Yes,Yes,No,Yes,No,Yes,Yes,Yes,Two Year,No,Credit Card,67.95,0.0,0,No,5514,8,49-72
Female,22,No,0,0,22,No Offer,Yes,1.74,No,DSL,85,No,Yes,Yes,No,Yes,No,No,Yes,One Year,No,Bank Withdrawal,65.25,0.0,0,No,5146,6,13-24
Female,54,No,0,0,59,Offer B,Yes,39.42,Yes,Fiber Optic,12,Yes,Yes,Yes,No,No,Yes,Yes,No,Month-to-Month,Yes,Bank Withdrawal,99.45,0.0,30,No,5247,8,49-72
Male,37,No,0,0,36,No Offer,Yes,12.72,No,No Internet Service,0,No,No,No,No,No,No,No,No,One Year,Yes,Credit Card,20.35,0.0,0,No,3526,1,25-48
Female,60,Yes,1,10,51,Offer B,Yes,14.54,No,No Internet Service,0,No,No,No,No,No,No,No,No,Two Year,No,Credit Card,19.95,0.0,0,No,4057,1,49-72
Male,52,Yes,0,1,53,Offer B,Yes,47.55,Yes,DSL,13,Yes,No,Yes,Yes,Yes,No,No,Yes,One Year,No,Bank Withdrawal,77.4,0.0,0,No,5313,8,49-72
Female,50,Yes,3,7,20,No Offer,Yes,7.31,No,No Internet Service,0,No,No,No,No,No,No,No,No,One Year,No,Bank Withdrawal,19.7,0.0,0,No,4910,1,13-24
Male,46,Yes,0,3,63,Offer B,Yes,26.81,No,Fiber Optic,6,Yes,No,Yes,No,Yes,Yes,Yes,Yes,Two Year,No,Credit Card,99.7,0.0,0,No,5135,8,49-72
Female,50,No,0,0,40,Offer B,Yes,18.57,No,Fiber Optic,15,No,Yes,No,No,No,No,No,Yes,Month-to-Month,No,Credit Card,74.8,0.0,0,No,3258,4,25-48
Male,53,No,0,0,35,No Offer,Yes,7.74,No,No Internet Service,0,No,No,No,No,No,No,No,No,One Year,Yes,Credit Card,19.15,0.0,0,No,4052,1,25-48
Male,54,Yes,3,3,26,No Offer,Yes,24.17,No,Fiber Optic,75,No,No,No,No,No,Yes,Yes,Yes,One Year,No,Bank Withdrawal,78.95,0.0,0,No,4237,5,25-48
Male,20,No,2,0,53,Offer B,Yes,47.81,No,Cable,59,Yes,Yes,No,Yes,No,No,No,Yes,One Year,No,Credit Card,62.85,0.0,0,No,6281,6,49-72
Male,48,Yes,0,10,43,Offer B,Yes,7.63,No,Fiber Optic,20,Yes,Yes,Yes,No,No,No,No,Yes,Month-to-Month,Yes,Credit Card,86.1,0.0,0,No,2358,6,25-48
Male,48,Yes,3,5,6,Offer E,Yes,36.54,No,No Internet Service,0,No,No,No,No,No,No,No,No,Month-to-Month,No,Credit Card,19.55,0.0,0,No,3072,1,0-12
Male,48,No,3,0,56,Offer B,Yes,22.47,Yes,No Internet Service,0,No,No,No,No,No,No,No,No,Two Year,Yes,Credit Card,24.8,0.0,0,No,4262,2,49-72
Male,63,Yes,1,10,34,No Offer,Yes,5.65,No,Fiber Optic,26,No,No,Yes,No,Yes,No,No,Yes,Month-to-Month,Yes,Credit Card,84.05,0.0,0,No,3476,5,25-48
Female,33,No,0,0,10,No Offer,No,0.0,No,DSL,23,No,Yes,No,Yes,No,No,No,Yes,Month-to-Month,No,Bank Withdrawal,36.25,0.0,0,No,4571,4,0-12
Male,62,No,0,0,56,Offer B,Yes,10.99,Yes,Fiber Optic,28,No,Yes,No,No,Yes,Yes,Yes,Yes,Month-to-Month,No,Bank Withdrawal,98.6,0.0,0,No,5601,8,49-72
Female,54,Yes,0,4,55,Offer B,Yes,33.66,Yes,Fiber Optic,25,No,Yes,Yes,No,Yes,Yes,Yes,Yes,Month-to-Month,Yes,Credit Card,103.65,0.0,0,No,4768,9,49-72
Female,23,Yes,2,7,36,No Offer,Yes,40.54,Yes,Cable,59,Yes,Yes,Yes,Yes,Yes,Yes,Yes,Yes,Two Year,Yes,Credit Card,92.9,0.0,0,No,3570,11,25-48
Male,26,Yes,0,0,47,Offer B,Yes,43.2,No,No Internet Service,0,No,No,No,No,No,No,No,No,One Year,No,Bank Withdrawal,19.9,0.0,0,No,5394,1,25-48
Female,43,Yes,1,3,12,No Offer,Yes,24.65,No,No Internet Service,0,No,No,No,No,No,No,No,No,Month-to-Month,Yes,Credit Card,20.1,0.0,0,No,2360,1,0-12
Female,28,No,0,0,67,Offer A,Yes,35.99,No,DSL,73,Yes,Yes,No,Yes,No,No,No,Yes,One Year,No,Credit Card,60.5,0.0,0,No,4363,6,49-72
Male,60,No,0,0,21,Offer D,Yes,15.89,Yes,Fiber Optic,3,Yes,No,Yes,No,Yes,Yes,Yes,Yes,Month-to-Month,No,Credit Card,103.85,0.0,0,No,4520,9,13-24
Female,36,No,0,0,13,Offer D,Yes,28.45,No,DSL,30,Yes,Yes,No,Yes,No,Yes,Yes,Yes,Month-to-Month,No,Bank Withdrawal,67.8,0.0,0,No,4115,8,13-24
Female,46,No,0,0,29,No Offer,Yes,2.76,No,No Internet Service,0,No,No,No,No,No,No,No,No,Month-to-Month,No,Credit Card,19.35,0.0,0,No,5227,1,25-48
Male,45,Yes,0,2,65,Offer B,Yes,21.58,Yes,DSL,13,Yes,No,Yes,Yes,No,Yes,Yes,Yes,Two Year,No,Bank Withdrawal,76.15,0.0,0,No,6177,9,49-72
Male,44,No,0,0,27,No Offer,Yes,21.66,No,No Internet Service,0,No,No,No,No,No,No,No,No,One Year,No,Credit Card,20.3,0.0,0,No,3159,1,25-48
Male,31,No,0,0,1,Offer E,Yes,10.22,No,No Internet Service,0,No,No,No,No,No,No,No,No,Month-to-Month,Yes,Credit Card,19.75,0.0,0,No,4441,1,0-12
Male,44,No,0,0,11,Offer D,Yes,40.59,No,DSL,22,No,No,No,No,No,No,No,No,Month-to-Month,No,Credit Card,45.2,0.0,150,No,5253,2,0-12
Male,64,Yes,2,8,39,No Offer,Yes,20.49,Yes,No Internet Service,0,No,No,No,No,No,No,No,No,Two Year,No,Credit Card,25.2,0.0,0,No,5453,2,25-48
Male,24,No,0,0,26,No Offer,Yes,49.61,No,DSL,76,Yes,No,No,Yes,Yes,Yes,Yes,Yes,One Year,No,Bank Withdrawal,75.0,0.0,0,No,4705,8,25-48
Female,44,Yes,2,5,72,Offer A,No,0.0,No,Cable,23,Yes,Yes,Yes,Yes,Yes,Yes,Yes,Yes,Two Year,No,Bank Withdrawal,65.7,0.0,0,No,6187,9,49-72
Male,50,Yes,0,6,65,Offer B,Yes,39.49,Yes,DSL,18,Yes,Yes,Yes,No,No,No,No,Yes,One Year,No,Credit Card,67.05,0.0,0,No,5224,7,49-72
Male,31,Yes,1,5,72,Offer A,Yes,45.32,Yes,Fiber Optic,11,No,Yes,Yes,Yes,Yes,Yes,Yes,No,Two Year,No,Credit Card,110.9,0.0,130,No,6444,9,49-72
Male,37,No,0,0,6,No Offer,Yes,43.37,Yes,Fiber Optic,12,No,No,No,Yes,No,Yes,Yes,Yes,Month-to-Month,Yes,Bank Withdrawal,87.95,0.0,0,No,2684,7,0-12
Female,40,Yes,0,5,50,Offer B,Yes,9.47,Yes,DSL,28,No,No,Yes,No,Yes,Yes,Yes,Yes,One Year,No,Bank Withdrawal,75.7,0.0,0,No,6144,8,49-72
Male,22,Yes,0,1,61,Offer B,No,0.0,No,DSL,59,Yes,No,Yes,Yes,Yes,Yes,Yes,Yes,Two Year,Yes,Credit Card,62.15,0.0,0,No,6427,8,49-72
Male,29,Yes,0,4,72,Offer A,Yes,35.71,Yes,Fiber Optic,58,Yes,Yes,Yes,Yes,Yes,Yes,Yes,Yes,Two Year,No,Bank Withdrawal,115.15,0.0,0,No,5398,11,49-72
Female,42,No,0,0,1,Offer E,Yes,20.11,No,No Internet Service,0,No,No,No,No,No,No,No,No,Month-to-Month,No,Credit Card,19.5,0.0,0,No,3107,1,0-12
Female,33,No,0,0,12,Offer D,Yes,18.75,Yes,Fiber Optic,25,No,No,No,No,No,Yes,Yes,No,Month-to-Month,Yes,Bank Withdrawal,86.55,0.0,110,No,2061,5,0-12
Male,42,Yes,3,7,61,Offer B,Yes,31.49,No,No Internet Service,0,No,No,No,No,No,No,No,No,One Year,No,Credit Card,20.4,0.0,0,No,5897,1,49-72
Male,39,Yes,3,1,18,Offer D,Yes,45.18,No,No Internet Service,0,No,No,No,No,No,No,No,No,One Year,No,Bank Withdrawal,19.8,0.0,0,No,4808,1,13-24
Male,60,No,2,0,21,Offer D,Yes,19.57,No,DSL,29,No,No,No,No,No,No,No,Yes,Month-to-Month,No,Credit Card,45.65,0.0,0,No,5731,3,13-24
Male,47,Yes,2,10,68,Offer A,No,0.0,No,DSL,19,Yes,Yes,Yes,Yes,No,Yes,Yes,Yes,Two Year,Yes,Credit Card,56.4,0.0,0,No,4556,8,49-72
Female,30,Yes,0,10,62,Offer B,Yes,15.06,Yes,Fiber Optic,82,No,No,Yes,No,Yes,Yes,Yes,Yes,Month-to-Month,Yes,Bank Withdrawal,101.35,0.0,0,No,5049,8,49-72
Male,44,No,1,0,1,Offer E,No,0.0,No,Cable,19,No,Yes,No,Yes,No,No,No,No,Month-to-Month,No,Credit Card,33.6,0.0,50,No,4369,3,0-12
Female,27,No,0,0,1,No Offer,Yes,45.86,No,No Internet Service,0,No,No,No,No,No,No,No,No,Month-to-Month,No,Bank Withdrawal,20.7,0.0,0,No,3061,1,0-12
Male,44,No,1,0,62,Offer B,Yes,17.67,Yes,Fiber Optic,19,No,No,Yes,Yes,Yes,Yes,Yes,Yes,Two Year,Yes,Bank Withdrawal,104.05,0.0,0,No,5900,9,49-72
Female,26,Yes,2,8,36,Offer C,Yes,42.51,No,No Internet Service,0,No,No,No,No,No,No,No,No,Two Year,No,Bank Withdrawal,20.25,0.0,0,No,5272,1,25-48
Female,59,Yes,3,10,69,Offer A,Yes,7.84,Yes,Cable,21,Yes,Yes,No,Yes,Yes,No,No,Yes,One Year,No,Credit Card,73.7,0.0,0,No,4268,8,49-72
Female,49,Yes,0,10,63,Offer B,Yes,20.37,Yes,Fiber Optic,26,No,Yes,Yes,Yes,Yes,Yes,Yes,Yes,Month-to-Month,Yes,Bank Withdrawal,108.75,0.0,0,No,4582,10,49-72
Male,63,No,0,0,23,Offer D,Yes,26.37,No,No Internet Service,0,No,No,No,No,No,No,No,No,One Year,No,Bank Withdrawal,20.15,0.0,0,No,4402,1,13-24
Male,24,No,0,0,10,Offer D,Yes,20.29,No,No Internet Service,0,No,No,No,No,No,No,No,No,Month-to-Month,No,Credit Card,19.75,0.0,0,No,3926,1,0-12
Female,42,Yes,0,2,71,Offer A,Yes,24.71,Yes,No Internet Service,0,No,No,No,No,No,No,No,No,Two Year,Yes,Credit Card,25.95,0.0,0,No,5072,2,49-72
Female,24,Yes,2,4,70,Offer A,Yes,4.27,Yes,No Internet Service,0,No,No,No,No,No,No,No,No,Two Year,No,Credit Card,24.05,0.0,0,No,4722,2,49-72
Female,32,No,2,0,22,Offer D,Yes,33.73,Yes,Fiber Optic,19,No,No,No,No,No,Yes,Yes,Yes,Month-to-Month,Yes,Bank Withdrawal,84.75,0.0,0,No,4240,6,13-24
Female,42,Yes,2,1,52,No Offer,Yes,19.21,Yes,No Internet Service,0,No,No,No,No,No,No,No,No,Two Year,No,Credit Card,23.05,0.0,0,No,4922,2,49-72
Female,45,No,0,0,65,No Offer,No,0.0,No,Cable,22,Yes,No,Yes,Yes,Yes,Yes,Yes,Yes,Two Year,No,Credit Card,59.95,0.0,0,No,6251,8,49-72
Female,58,Yes,1,6,72,No Offer,Yes,17.33,No,No Internet Service,0,No,No,No,No,No,No,No,No,Two Year,No,Bank Withdrawal,19.55,0.0,0,No,4424,1,49-72
Male,23,Yes,0,3,10,Offer D,Yes,39.35,No,No Internet Service,0,No,No,No,No,No,No,No,No,One Year,No,Bank Withdrawal,19.6,0.0,0,No,3778,1,0-12
Female,56,No,3,0,7,Offer E,Yes,49.66,No,No Internet Service,0,No,No,No,No,No,No,No,No,One Year,No,Credit Card,20.05,0.0,0,No,3810,1,0-12
Female,63,Yes,3,8,24,Offer C,Yes,21.43,Yes,DSL,56,Yes,No,Yes,No,Yes,Yes,Yes,Yes,Two Year,No,Credit Card,78.6,0.0,0,No,2939,9,13-24
Female,25,Yes,2,2,72,No Offer,Yes,16.01,Yes,Fiber Optic,59,Yes,Yes,Yes,Yes,Yes,Yes,Yes,Yes,Two Year,Yes,Credit Card,116.8,0.0,0,No,6252,11,49-72
Male,29,No,0,0,21,Offer D,No,0.0,No,DSL,26,Yes,No,No,Yes,Yes,No,No,Yes,Month-to-Month,Yes,Credit Card,43.55,0.0,0,No,5808,5,13-24
Male,23,Yes,0,7,69,No Offer,No,0.0,No,DSL,42,No,Yes,Yes,Yes,Yes,Yes,Yes,Yes,One Year,Yes,Credit Card,60.8,0.0,0,No,5683,8,49-72
Male,58,Yes,3,4,44,No Offer,Yes,46.54,No,DSL,52,No,Yes,No,Yes,No,No,No,No,Month-to-Month,Yes,Bank Withdrawal,54.9,0.0,130,No,4412,4,25-48
Male,21,Yes,0,10,72,No Offer,Yes,14.19,Yes,Fiber Optic,71,No,Yes,Yes,Yes,Yes,Yes,Yes,Yes,Two Year,Yes,Bank Withdrawal,108.2,0.0,0,No,4773,10,49-72
Male,55,No,0,0,72,No Offer,Yes,45.41,Yes,Cable,20,Yes,Yes,Yes,Yes,Yes,Yes,Yes,Yes,Two Year,No,Bank Withdrawal,92.0,0.0,0,No,4200,11,49-72
Male,26,No,0,0,7,Offer E,Yes,45.13,Yes,No Internet Service,0,No,No,No,No,No,No,No,No,Month-to-Month,Yes,Bank Withdrawal,25.05,0.0,0,No,4868,2,0-12
Female,64,No,0,0,48,No Offer,Yes,41.26,No,Fiber Optic,23,No,Yes,No,No,No,No,No,Yes,One Year,No,Bank Withdrawal,75.15,0.0,0,No,3345,4,25-48
Male,43,Yes,3,5,55,No Offer,Yes,36.23,No,No Internet Service,0,No,No,No,No,No,No,No,No,One Year,No,Credit Card,19.5,0.0,0,No,5067,1,49-72
Male,50,No,0,0,1,Offer E,Yes,16.36,No,No Internet Service,0,No,No,No,No,No,No,No,No,Month-to-Month,No,Credit Card,19.3,0.0,0,No,5626,1,0-12
Male,57,No,0,0,45,No Offer,Yes,28.72,No,Fiber Optic,3,Yes,Yes,Yes,Yes,Yes,Yes,Yes,Yes,One Year,No,Credit Card,112.2,0.0,0,No,3091,10,25-48
Male,35,No,0,0,3,No Offer,Yes,9.74,No,Fiber Optic,27,No,No,No,No,No,No,No,Yes,Month-to-Month,Yes,Credit Card,70.3,0.0,0,No,4275,3,0-12
Female,46,Yes,0,2,71,No Offer,Yes,37.83,No,No Internet Service,0,No,No,No,No,No,No,No,No,Two Year,No,Credit Card,19.6,0.0,0,No,4890,1,49-72
Male,29,Yes,0,9,8,No Offer,Yes,4.98,No,No Internet Service,0,No,No,No,No,No,No,No,No,Month-to-Month,No,Credit Card,20.25,0.0,0,No,4964,1,0-12
Male,48,Yes,3,5,69,No Offer,Yes,40.36,No,Cable,53,Yes,Yes,No,Yes,Yes,Yes,Yes,Yes,Two Year,No,Bank Withdrawal,80.65,0.0,0,No,4618,9,49-72
Male,51,No,0,0,71,No Offer,Yes,12.27,Yes,DSL,21,Yes,Yes,Yes,Yes,No,Yes,Yes,Yes,Two Year,No,Bank Withdrawal,80.6,0.0,0,No,5447,10,49-72
Female,52,Yes,0,7,33,Offer C,No,0.0,No,DSL,7,Yes,No,Yes,Yes,Yes,Yes,Yes,Yes,Two Year,No,Bank Withdrawal,59.55,0.0,0,No,5980,8,25-48
Female,62,No,0,0,16,Offer D,Yes,41.51,No,No Internet Service,0,No,No,No,No,No,No,No,No,One Year,No,Credit Card,19.05,0.0,0,No,4336,1,13-24
Female,58,No,0,0,1,No Offer,Yes,38.84,No,No Internet Service,0,No,No,No,No,No,No,No,No,Month-to-Month,No,Credit Card,19.95,0.0,0,No,2732,1,0-12
Male,45,Yes,2,1,57,No Offer,Yes,41.56,No,No Internet Service,0,No,No,No,No,No,No,No,No,One Year,No,Credit Card,19.4,0.0,0,No,4194,1,49-72
Male,61,Yes,1,1,56,No Offer,No,0.0,No,DSL,28,No,Yes,Yes,No,No,No,No,No,One Year,Yes,Credit Card,36.1,0.0,60,No,5092,3,49-72
Female,59,No,0,0,1,No Offer,Yes,41.28,No,No Internet Service,0,No,No,No,No,No,No,No,No,Month-to-Month,No,Credit Card,19.75,0.0,0,No,4099,1,0-12
Female,63,No,1,0,40,No Offer,Yes,20.13,No,DSL,10,Yes,No,No,Yes,Yes,No,No,Yes,Month-to-Month,Yes,Credit Card,64.1,0.0,0,No,5056,6,25-48
Male,62,Yes,3,0,46,No Offer,Yes,7.67,No,No Internet Service,0,No,No,No,No,No,No,No,No,Two Year,No,Credit Card,19.75,0.0,0,No,2610,1,25-48
Male,47,Yes,1,0,63,No Offer,Yes,3.65,No,No Internet Service,0,No,No,No,No,No,No,No,No,Two Year,No,Credit Card,19.7,0.0,0,No,4235,1,49-72
Male,51,Yes,3,1,68,No Offer,Yes,18.47,Yes,Fiber Optic,75,Yes,Yes,Yes,No,Yes,Yes,Yes,Yes,Two Year,Yes,Bank Withdrawal,110.2,0.0,0,No,4108,10,49-72
Male,38,Yes,2,1,69,No Offer,Yes,42.9,No,Fiber Optic,24,Yes,Yes,No,Yes,Yes,Yes,Yes,Yes,Two Year,Yes,Credit Card,106.35,0.0,0,No,6315,9,49-72
Female,63,Yes,0,1,56,No Offer,Yes,2.8,Yes,Fiber Optic,20,No,Yes,Yes,Yes,No,No,No,No,Month-to-Month,No,Bank Withdrawal,90.55,0.0,40,No,6161,6,49-72
Female,32,Yes,2,1,10,Offer D,Yes,42.0,No,DSL,14,No,Yes,Yes,No,No,Yes,Yes,Yes,One Year,Yes,Credit Card,65.9,0.0,0,No,5289,7,0-12
Male,26,No,0,0,63,No Offer,Yes,21.45,Yes,Fiber Optic,85,Yes,Yes,Yes,Yes,Yes,No,No,Yes,One Year,No,Credit Card,104.5,0.0,0,No,4908,9,49-72
Female,34,Yes,3,1,24,Offer C,No,0.0,No,DSL,75,Yes,Yes,Yes,Yes,No,Yes,Yes,Yes,Two Year,Yes,Credit Card,52.5,0.0,0,No,3303,8,13-24
Female,54,No,0,0,19,Offer D,Yes,36.88,Yes,DSL,27,No,No,Yes,No,No,No,No,Yes,Month-to-Month,Yes,Credit Card,56.1,0.0,0,No,3367,5,13-24
Male,53,Yes,3,1,22,Offer D,Yes,11.39,Yes,Fiber Optic,56,No,No,Yes,No,Yes,No,No,Yes,Month-to-Month,Yes,Bank Withdrawal,88.75,0.0,0,No,5585,6,13-24
Female,44,Yes,0,1,70,No Offer,Yes,14.15,Yes,No Internet Service,0,No,No,No,No,No,No,No,No,Two Year,Yes,Bank Withdrawal,26.0,0.0,0,No,6170,2,49-72
Female,20,Yes,0,1,49,No Offer,Yes,12.39,No,Fiber Optic,46,No,Yes,Yes,No,Yes,Yes,Yes,No,Month-to-Month,No,Bank Withdrawal,99.4,0.0,10,No,4725,7,49-72
Male,54,Yes,2,1,42,No Offer,Yes,14.8,No,DSL,23,No,No,Yes,Yes,Yes,Yes,Yes,Yes,One Year,No,Bank Withdrawal,73.15,0.0,0,No,2531,8,25-48
Male,57,No,0,0,57,No Offer,Yes,9.32,No,DSL,20,No,Yes,No,Yes,No,No,No,Yes,One Year,Yes,Credit Card,54.65,0.0,0,No,4223,5,49-72
Female,23,Yes,0,1,72,No Offer,Yes,1.67,Yes,Fiber Optic,59,Yes,Yes,Yes,Yes,Yes,Yes,Yes,Yes,Two Year,Yes,Credit Card,115.55,0.0,0,No,5076,11,49-72
Female,53,Yes,0,4,72,No Offer,Yes,2.95,Yes,Cable,26,Yes,Yes,Yes,Yes,Yes,Yes,Yes,Yes,Two Year,Yes,Bank Withdrawal,91.15,0.0,0,No,4311,11,49-72
Male,50,Yes,3,5,35,Offer C,Yes,1.53,No,Fiber Optic,57,No,Yes,No,Yes,Yes,No,No,Yes,One Year,Yes,Bank Withdrawal,89.7,0.0,0,No,2775,6,25-48
Female,20,Yes,0,8,72,No Offer,Yes,37.45,Yes,DSL,48,Yes,Yes,Yes,Yes,Yes,Yes,Yes,No,Two Year,Yes,Bank Withdrawal,92.4,0.0,150,No,5527,10,49-72
Female,64,Yes,1,9,28,Offer C,Yes,21.91,No,No Internet Service,0,No,No,No,No,No,No,No,No,One Year,No,Credit Card,19.9,0.0,0,No,2987,1,25-48
Male,47,No,0,0,45,No Offer,Yes,40.59,No,No Internet Service,0,No,No,No,No,No,No,No,No,One Year,No,Bank Withdrawal,18.85,0.0,0,No,2653,1,25-48
Female,23,No,0,0,1,No Offer,Yes,15.22,Yes,No Internet Service,0,No,No,No,No,No,No,No,No,Month-to-Month,Yes,Credit Card,25.75,0.0,0,No,2569,2,0-12
Female,40,No,0,0,6,No Offer,Yes,43.19,No,No Internet Service,0,No,No,No,No,No,No,No,No,Month-to-Month,Yes,Credit Card,20.95,0.0,0,No,5554,1,0-12
Female,29,Yes,0,4,48,No Offer,Yes,47.64,No,Fiber Optic,59,No,Yes,Yes,No,Yes,Yes,Yes,Yes,One Year,Yes,Bank Withdrawal,97.05,0.0,0,No,5893,8,25-48
Male,61,Yes,4,8,25,Offer C,Yes,19.56,Yes,No Internet Service,0,No,No,No,No,No,No,No,No,Month-to-Month,Yes,Bank Withdrawal,25.4,0.0,0,No,5250,2,25-48
Male,28,Yes,1,3,64,Offer B,Yes,14.93,No,No Internet Service,0,No,No,No,No,No,No,No,No,Two Year,Yes,Bank Withdrawal,19.7,0.0,0,No,5431,1,49-72
Male,51,No,0,0,50,Offer B,No,0.0,No,DSL,20,Yes,Yes,No,No,No,No,No,Yes,Month-to-Month,Yes,Credit Card,35.0,0.0,0,No,5629,4,49-72
Female,20,Yes,1,1,52,Offer B,Yes,44.79,Yes,Fiber Optic,52,No,No,Yes,No,Yes,Yes,Yes,Yes,One Year,No,Bank Withdrawal,101.25,0.0,0,No,5954,8,49-72
Male,21,Yes,1,9,45,Offer B,Yes,25.69,Yes,DSL,26,Yes,Yes,No,Yes,Yes,No,No,Yes,Two Year,No,Credit Card,73.85,0.0,0,No,5264,8,25-48
Male,49,Yes,0,3,9,No Offer,Yes,22.41,Yes,Fiber Optic,21,Yes,No,No,No,No,Yes,Yes,Yes,Month-to-Month,Yes,Bank Withdrawal,88.05,0.0,0,No,2715,7,0-12
Female,45,No,0,0,54,Offer B,Yes,26.25,No,No Internet Service,0,No,No,No,No,No,No,No,No,Two Year,No,Credit Card,20.1,0.0,0,No,5755,1,49-72
Female,49,Yes,1,7,64,Offer B,Yes,21.16,Yes,Fiber Optic,23,Yes,Yes,No,Yes,Yes,Yes,Yes,Yes,Two Year,No,Bank Withdrawal,110.3,0.0,0,No,5574,10,49-72
Female,61,No,0,0,12,Offer D,Yes,15.97,No,Fiber Optic,19,Yes,No,No,No,Yes,No,No,Yes,One Year,Yes,Credit Card,85.15,0.0,0,No,2452,5,0-12
Female,60,No,0,0,45,Offer B,Yes,44.29,Yes,DSL,15,Yes,No,No,Yes,No,Yes,Yes,Yes,Two Year,No,Credit Card,73.55,0.0,0,No,2280,8,25-48
Male,45,No,0,0,10,Offer D,Yes,13.51,No,DSL,14,No,No,No,No,No,No,No,Yes,Month-to-Month,No,Credit Card,46.0,0.0,0,No,3903,3,0-12
Female,58,No,0,0,24,Offer C,Yes,42.66,Yes,No Internet Service,0,No,No,No,No,No,No,No,No,One Year,No,Bank Withdrawal,24.6,0.0,0,No,4147,2,13-24
Male,62,Yes,2,7,66,No Offer,Yes,31.53,No,No Internet Service,0,No,No,No,No,No,No,No,No,Two Year,Yes,Credit Card,19.75,0.0,0,No,4485,1,49-72
Male,51,No,0,0,51,Offer B,Yes,27.3,No,Fiber Optic,13,Yes,No,No,No,Yes,No,No,Yes,One Year,No,Credit Card,86.35,0.0,0,No,5311,5,49-72
Female,35,Yes,0,6,45,Offer B,Yes,42.32,Yes,No Internet Service,0,No,No,No,No,No,No,No,No,Two Year,No,Credit Card,25.5,0.0,0,No,3146,2,25-48
Female,54,Yes,0,3,49,Offer B,Yes,13.13,No,No Internet Service,0,No,No,No,No,No,No,No,No,One Year,No,Credit Card,19.0,0.0,0,No,4066,1,49-72
Female,44,Yes,0,6,29,Offer C,Yes,49.96,No,No Internet Service,0,No,No,No,No,No,No,No,No,Two Year,Yes,Credit Card,19.55,0.0,0,No,5758,1,25-48
Male,59,Yes,3,6,40,Offer B,Yes,11.5,Yes,Fiber Optic,22,Yes,Yes,No,Yes,Yes,Yes,Yes,Yes,Month-to-Month,Yes,Credit Card,110.1,0.0,0,No,2283,10,25-48
Male,42,No,0,0,25,Offer C,Yes,40.11,No,Fiber Optic,18,No,No,No,No,No,No,No,No,Month-to-Month,No,Bank Withdrawal,69.75,0.0,100,No,3080,2,25-48
Female,34,No,0,0,22,No Offer,No,0.0,No,DSL,8,No,No,Yes,No,Yes,Yes,Yes,Yes,Month-to-Month,Yes,Bank Withdrawal,50.6,0.0,0,No,2854,6,13-24
Male,36,No,0,0,72,No Offer,No,0.0,No,Cable,9,Yes,Yes,Yes,Yes,Yes,Yes,Yes,Yes,Two Year,Yes,Bank Withdrawal,65.6,0.0,0,No,4369,9,49-72
Male,44,Yes,1,1,33,Offer C,Yes,1.62,No,Cable,30,No,Yes,Yes,Yes,Yes,Yes,Yes,Yes,Two Year,No,Credit Card,82.1,0.0,0,No,2281,9,25-48
Female,22,No,0,0,23,No Offer,Yes,15.18,No,Fiber Optic,46,No,Yes,No,Yes,No,No,No,Yes,Month-to-Month,Yes,Credit Card,79.1,0.0,0,No,3619,5,13-24
Male,42,No,0,0,69,No Offer,Yes,47.43,Yes,DSL,22,Yes,Yes,Yes,Yes,Yes,Yes,Yes,Yes,Two Year,No,Credit Card,90.65,0.0,0,No,6487,11,49-72
Female,37,No,2,0,3,No Offer,Yes,11.27,No,No Internet Service,0,No,No,No,No,No,No,No,No,One Year,Yes,Credit Card,20.55,0.0,0,No,2774,1,0-12
Male,61,No,0,0,56,Offer B,Yes,18.42,No,DSL,13,No,Yes,No,Yes,Yes,Yes,Yes,No,One Year,Yes,Bank Withdrawal,75.75,0.0,90,No,6487,7,49-72
Male,61,No,0,0,65,No Offer,Yes,33.11,Yes,Fiber Optic,10,Yes,No,Yes,Yes,Yes,Yes,Yes,Yes,One Year,Yes,Credit Card,110.0,0.0,0,No,6351,10,49-72
Male,55,Yes,0,5,71,No Offer,Yes,44.82,No,No Internet Service,0,No,No,No,No,No,No,No,No,One Year,No,Bank Withdrawal,20.85,0.0,0,No,4837,1,49-72
Female,57,No,0,0,2,No Offer,Yes,33.75,No,Fiber Optic,10,No,No,No,No,No,No,No,Yes,Month-to-Month,Yes,Bank Withdrawal,70.15,0.0,0,No,4840,3,0-12
Male,28,No,0,0,40,No Offer,Yes,39.05,No,DSL,58,Yes,No,Yes,No,No,Yes,Yes,Yes,Month-to-Month,No,Bank Withdrawal,67.45,0.0,0,No,4714,7,25-48
Male,49,No,0,0,1,No Offer,Yes,36.28,No,No Internet Service,0,No,No,No,No,No,No,No,No,Month-to-Month,No,Credit Card,20.75,0.0,0,No,2791,1,0-12
Female,25,No,0,0,7,No Offer,Yes,30.99,No,Fiber Optic,42,No,No,No,No,No,No,No,Yes,Month-to-Month,Yes,Credit Card,69.9,0.0,0,No,4562,3,0-12
Female,60,Yes,0,1,15,No Offer,Yes,31.13,Yes,DSL,5,No,No,No,No,No,No,No,Yes,Month-to-Month,Yes,Bank Withdrawal,51.1,0.0,0,No,4858,4,13-24
Male,43,No,0,0,71,No Offer,Yes,39.08,Yes,No Internet Service,0,No,No,No,No,No,No,No,No,Two Year,No,Bank Withdrawal,25.55,0.0,0,No,6305,2,49-72
Female,22,Yes,3,6,54,No Offer,Yes,8.53,Yes,Cable,73,Yes,No,No,Yes,No,No,No,Yes,Two Year,No,Bank Withdrawal,60.0,0.0,0,No,4798,6,49-72
Male,47,Yes,0,4,31,Offer C,Yes,22.42,Yes,Fiber Optic,21,Yes,Yes,No,Yes,No,No,No,Yes,Month-to-Month,Yes,Credit Card,90.55,0.0,0,No,5722,7,25-48
Female,46,No,0,0,11,No Offer,Yes,36.52,No,Fiber Optic,20,Yes,No,No,No,No,No,No,Yes,Month-to-Month,No,Bank Withdrawal,76.4,0.0,0,No,4033,4,0-12
Male,34,Yes,0,2,38,Offer C,Yes,32.11,Yes,DSL,16,No,No,Yes,Yes,No,Yes,Yes,Yes,One Year,No,Credit Card,69.0,0.0,0,No,4487,8,25-48
Male,57,No,2,0,5,No Offer,Yes,13.54,No,DSL,21,No,No,No,Yes,No,No,No,Yes,Month-to-Month,Yes,Bank Withdrawal,48.65,0.0,0,No,3307,4,0-12
Female,52,No,0,0,68,No Offer,Yes,20.3,Yes,DSL,13,No,Yes,Yes,No,Yes,Yes,Yes,No,Two Year,Yes,Bank Withdrawal,80.65,0.0,90,No,5914,8,49-72
Male,23,Yes,2,8,69,Offer A,Yes,26.44,No,No Internet Service,0,No,No,No,No,No,No,No,No,One Year,Yes,Credit Card,20.55,0.0,0,No,5366,1,49-72
Female,56,Yes,0,4,42,No Offer,Yes,36.35,Yes,DSL,30,Yes,Yes,No,Yes,No,No,No,Yes,Month-to-Month,Yes,Credit Card,66.4,0.0,0,No,3773,7,25-48
Female,36,No,0,0,50,No Offer,Yes,15.1,No,Fiber Optic,9,No,Yes,No,Yes,Yes,Yes,Yes,Yes,Two Year,Yes,Credit Card,100.2,0.0,0,No,5419,8,49-72
Male,23,Yes,0,6,33,Offer C,Yes,48.49,No,DSL,51,No,No,No,No,No,No,No,Yes,Month-to-Month,Yes,Credit Card,44.55,0.0,0,No,2422,3,25-48
Female,43,No,0,0,7,Offer E,Yes,41.57,No,No Internet Service,0,No,No,No,No,No,No,No,No,Month-to-Month,No,Credit Card,20.35,0.0,0,No,3098,1,0-12
Male,21,Yes,1,0,64,No Offer,Yes,34.58,Yes,Fiber Optic,27,Yes,Yes,Yes,No,No,No,No,Yes,Month-to-Month,Yes,Bank Withdrawal,91.8,0.0,0,No,5371,7,49-72
Male,47,No,0,0,59,No Offer,Yes,47.17,No,No Internet Service,0,No,No,No,No,No,No,No,No,Two Year,Yes,Bank Withdrawal,20.2,0.0,0,No,5216,1,49-72
Female,30,Yes,0,10,6,Offer E,Yes,42.66,Yes,Cable,85,No,No,No,No,No,No,No,Yes,Month-to-Month,No,Bank Withdrawal,50.35,0.0,0,No,3442,4,0-12
Female,44,No,0,0,3,Offer E,Yes,6.61,No,No Internet Service,0,No,No,No,No,No,No,No,No,Month-to-Month,No,Credit Card,18.8,0.0,0,No,3010,1,0-12
Female,21,Yes,0,3,15,No Offer,Yes,12.41,No,No Internet Service,0,No,No,No,No,No,No,No,No,Month-to-Month,No,Credit Card,20.45,0.0,0,No,5184,1,13-24
Male,59,Yes,1,1,13,No Offer,Yes,13.32,No,DSL,21,No,No,No,No,Yes,Yes,Yes,Yes,One Year,Yes,Bank Withdrawal,64.75,0.0,0,No,4741,6,13-24
Female,40,No,0,0,23,No Offer,Yes,14.45,Yes,Fiber Optic,19,No,Yes,No,No,Yes,Yes,Yes,Yes,Month-to-Month,Yes,Credit Card,98.7,0.0,0,No,5781,8,13-24
Male,35,No,0,0,29,Offer C,Yes,8.0,No,DSL,9,Yes,Yes,No,Yes,No,No,No,No,One Year,Yes,Bank Withdrawal,58.75,0.0,50,No,5198,5,25-48
Female,62,Yes,0,0,49,No Offer,Yes,29.18,No,No Internet Service,0,No,No,No,No,No,No,No,No,One Year,No,Credit Card,20.7,0.0,0,No,4074,1,49-72
Female,25,Yes,0,9,56,No Offer,Yes,42.81,Yes,Fiber Optic,51,No,No,No,No,Yes,No,No,Yes,Month-to-Month,Yes,Bank Withdrawal,85.6,0.0,0,No,6483,5,49-72
Female,50,No,0,0,63,No Offer,Yes,31.34,Yes,DSL,26,Yes,Yes,Yes,Yes,No,Yes,Yes,Yes,Two Year,Yes,Credit Card,80.3,0.0,0,No,5554,10,49-72
Male,51,Yes,0,5,63,No Offer,Yes,10.07,Yes,Cable,20,No,No,Yes,Yes,Yes,Yes,Yes,Yes,Two Year,No,Credit Card,79.8,0.0,0,No,4073,9,49-72
Female,55,Yes,0,7,21,No Offer,Yes,11.27,No,DSL,19,Yes,No,Yes,Yes,Yes,Yes,Yes,No,One Year,No,Credit Card,80.9,0.0,60,No,5733,8,13-24
Male,31,Yes,2,8,13,No Offer,Yes,48.7,Yes,No Internet Service,0,No,No,No,No,No,No,No,No,One Year,No,Bank Withdrawal,24.5,0.0,0,No,5077,2,13-24
Male,25,Yes,2,7,1,Offer E,Yes,18.63,No,No Internet Service,0,No,No,No,No,No,No,No,No,Month-to-Month,Yes,Bank Withdrawal,20.15,0.0,0,No,3960,1,0-12
Female,52,Yes,2,7,25,Offer C,Yes,13.06,No,No Internet Service,0,No,No,No,No,No,No,No,No,One Year,No,Credit Card,20.05,0.0,0,No,2010,1,25-48
Male,64,Yes,3,6,71,Offer A,Yes,16.13,No,No Internet Service,0,No,No,No,No,No,No,No,No,Two Year,Yes,Bank Withdrawal,19.6,0.0,0,No,6444,1,49-72
Male,27,No,0,0,66,Offer A,Yes,4.32,Yes,Fiber Optic,73,Yes,Yes,Yes,Yes,Yes,Yes,Yes,Yes,One Year,Yes,Bank Withdrawal,114.3,0.0,0,No,5303,11,49-72
Female,27,No,0,0,45,No Offer,Yes,1.03,No,Fiber Optic,47,Yes,Yes,No,No,Yes,Yes,Yes,Yes,One Year,Yes,Bank Withdrawal,100.3,0.0,0,No,4868,8,25-48
Female,20,Yes,0,1,22,No Offer,Yes,45.1,No,Fiber Optic,41,No,No,No,No,Yes,No,No,No,Month-to-Month,Yes,Credit Card,80.0,0.0,50,No,2640,3,13-24
Female,57,Yes,0,5,67,Offer A,Yes,7.91,No,No Internet Service,0,No,No,No,No,No,No,No,No,One Year,Yes,Bank Withdrawal,20.85,0.0,0,No,5972,1,49-72
Female,30,Yes,0,5,68,Offer A,Yes,28.36,Yes,Fiber Optic,82,No,No,Yes,No,Yes,No,No,Yes,Two Year,Yes,Bank Withdrawal,89.95,0.0,0,No,5672,6,49-72
Female,23,Yes,3,4,10,Offer E,Yes,20.05,No,No Internet Service,0,No,No,No,No,No,No,No,No,Two Year,No,Credit Card,20.0,0.0,0,No,3763,1,0-12
Male,34,Yes,0,9,63,No Offer,Yes,34.02,Yes,DSL,18,Yes,Yes,Yes,Yes,No,Yes,Yes,Yes,One Year,No,Credit Card,80.0,0.0,0,No,5540,10,49-72
Male,31,No,0,0,21,No Offer,Yes,22.53,No,No Internet Service,0,No,No,No,No,No,No,No,No,One Year,Yes,Credit Card,20.35,0.0,0,No,3721,1,13-24
Male,21,No,2,0,1,Offer E,Yes,47.25,No,No Internet Service,0,No,No,No,No,No,No,No,No,Month-to-Month,Yes,Credit Card,20.25,0.0,0,No,2448,1,0-12
Female,58,No,0,0,17,Offer D,Yes,30.07,No,No Internet Service,0,No,No,No,No,No,No,No,No,Two Year,No,Credit Card,19.4,0.0,0,No,3561,1,13-24
Male,45,No,0,0,30,Offer C,Yes,17.26,Yes,Fiber Optic,19,Yes,No,No,No,Yes,Yes,Yes,Yes,Month-to-Month,Yes,Bank Withdrawal,100.4,0.0,0,No,3778,8,25-48
Male,21,Yes,3,9,22,Offer D,Yes,42.58,No,DSL,82,Yes,Yes,No,Yes,No,No,Yes,Yes,Month-to-Month,Yes,Credit Card,57.95,0.0,0,No,5036,7,13-24
Female,33,No,0,0,9,Offer E,Yes,39.19,No,Cable,20,No,No,No,Yes,Yes,No,No,Yes,Month-to-Month,Yes,Bank Withdrawal,59.5,0.0,0,No,4011,5,0-12
Male,57,Yes,3,10,1,No Offer,Yes,32.78,No,No Internet Service,0,No,No,No,No,No,No,No,No,Month-to-Month,No,Credit Card,19.2,0.0,0,No,3007,1,0-12
Male,40,No,0,0,19,Offer D,Yes,11.85,Yes,DSL,18,No,No,Yes,Yes,No,No,No,Yes,Month-to-Month,No,Bank Withdrawal,59.55,0.0,0,No,3949,6,13-24
Female,33,Yes,0,10,72,Offer A,Yes,44.27,Yes,Fiber Optic,8,Yes,Yes,Yes,Yes,Yes,No,No,No,Two Year,Yes,Bank Withdrawal,103.95,0.0,70,No,5096,8,49-72
Male,49,Yes,1,9,70,Offer A,Yes,22.67,Yes,DSL,29,Yes,No,Yes,No,Yes,No,No,Yes,Two Year,No,Credit Card,68.95,0.0,0,No,4858,7,49-72
Female,33,No,0,0,66,Offer A,Yes,43.14,Yes,Fiber Optic,20,Yes,Yes,Yes,Yes,No,Yes,Yes,Yes,Month-to-Month,Yes,Bank Withdrawal,103.1,0.0,0,No,6183,10,49-72
Female,20,Yes,2,3,7,No Offer,No,0.0,No,DSL,76,No,No,No,No,No,No,Yes,Yes,Month-to-Month,Yes,Bank Withdrawal,24.7,0.0,0,No,3872,3,0-12
Female,29,Yes,1,9,32,Offer C,Yes,33.28,Yes,DSL,51,No,Yes,Yes,No,No,No,Yes,Yes,Month-to-Month,No,Bank Withdrawal,62.45,0.0,0,No,5442,7,25-48
Male,21,No,0,0,24,No Offer,Yes,27.91,No,Fiber Optic,59,No,Yes,Yes,No,No,Yes,Yes,Yes,Month-to-Month,Yes,Bank Withdrawal,89.55,0.0,0,No,2007,7,13-24
Female,43,No,0,0,37,No Offer,Yes,42.41,Yes,DSL,4,Yes,Yes,Yes,Yes,Yes,No,No,No,Month-to-Month,Yes,Credit Card,78.9,0.0,30,No,3801,8,25-48
Male,61,No,1,0,8,No Offer,Yes,14.37,No,No Internet Service,0,No,No,No,No,No,No,No,No,Month-to-Month,No,Credit Card,20.35,0.0,0,No,4577,1,0-12
Female,26,Yes,1,8,72,Offer A,Yes,38.99,Yes,Cable,73,Yes,No,Yes,No,Yes,No,Yes,Yes,Two Year,Yes,Bank Withdrawal,71.45,0.0,0,No,5656,8,49-72
Female,56,Yes,0,3,16,Offer D,Yes,10.5,No,Fiber Optic,2,No,Yes,No,No,Yes,Yes,Yes,Yes,Month-to-Month,Yes,Bank Withdrawal,94.65,0.0,0,No,3050,7,13-24
Female,44,Yes,0,2,57,No Offer,No,0.0,No,DSL,14,Yes,No,Yes,Yes,No,Yes,Yes,Yes,Month-to-Month,Yes,Bank Withdrawal,49.9,0.0,0,No,5866,7,49-72
Male,40,No,0,0,66,Offer A,Yes,32.22,Yes,No Internet Service,0,No,No,No,No,No,No,No,No,One Year,No,Bank Withdrawal,25.45,0.0,0,No,4163,2,49-72
Female,38,No,2,0,21,Offer D,Yes,8.68,No,No Internet Service,0,No,No,No,No,No,No,No,No,Month-to-Month,No,Credit Card,20.75,0.0,0,No,2143,1,13-24
Male,43,Yes,0,9,66,Offer A,Yes,37.71,Yes,DSL,15,Yes,Yes,Yes,No,No,No,No,Yes,Two Year,Yes,Credit Card,66.1,0.0,0,No,5933,7,49-72
Female,29,Yes,0,5,17,Offer D,Yes,7.6,Yes,DSL,52,No,Yes,No,No,Yes,Yes,Yes,Yes,Month-to-Month,Yes,Bank Withdrawal,75.4,0.0,0,No,4852,8,13-24
Female,54,Yes,3,5,8,No Offer,Yes,43.05,No,No Internet Service,0,No,No,No,No,No,No,No,No,Month-to-Month,No,Credit Card,21.05,0.0,0,No,2158,1,0-12
Male,19,No,0,0,27,No Offer,Yes,36.39,No,DSL,26,Yes,No,Yes,Yes,Yes,No,Yes,Yes,One Year,No,Credit Card,69.35,0.0,0,No,2450,8,25-48
Male,28,Yes,0,10,34,No Offer,Yes,13.97,Yes,Fiber Optic,48,No,Yes,No,No,No,Yes,Yes,Yes,Month-to-Month,No,Credit Card,88.85,0.0,0,No,4014,7,25-48
Male,44,No,0,0,30,No Offer,Yes,12.17,No,Fiber Optic,16,No,Yes,No,No,Yes,Yes,Yes,Yes,One Year,Yes,Bank Withdrawal,97.0,0.0,0,No,4126,7,25-48
Male,19,No,0,0,33,No Offer,Yes,45.72,No,Cable,51,No,Yes,Yes,No,Yes,No,Yes,No,Month-to-Month,Yes,Credit Card,66.4,0.0,0,No,3843,6,25-48
Male,52,Yes,3,8,14,Offer D,Yes,2.96,Yes,DSL,76,Yes,Yes,No,No,No,Yes,Yes,Yes,Month-to-Month,No,Credit Card,69.2,0.0,0,No,2871,8,13-24
Female,30,No,3,0,16,Offer D,Yes,27.23,Yes,Fiber Optic,69,No,No,No,Yes,No,No,No,Yes,One Year,Yes,Credit Card,79.5,0.0,0,No,5040,5,13-24
Female,49,No,0,0,49,No Offer,Yes,11.11,No,Fiber Optic,27,No,No,Yes,Yes,Yes,Yes,Yes,Yes,Two Year,No,Credit Card,100.65,0.0,0,No,5499,8,49-72
Female,44,Yes,1,3,70,Offer A,Yes,8.36,Yes,DSL,19,Yes,Yes,Yes,Yes,Yes,No,No,Yes,Two Year,No,Bank Withdrawal,79.7,0.0,0,No,4848,9,49-72
Female,49,Yes,1,3,32,No Offer,Yes,46.66,No,DSL,17,Yes,Yes,No,Yes,No,No,No,Yes,Month-to-Month,No,Bank Withdrawal,61.4,0.0,0,No,2649,6,25-48
Female,35,No,0,0,18,Offer D,Yes,34.12,No,Fiber Optic,20,No,No,No,No,No,No,No,Yes,Month-to-Month,Yes,Bank Withdrawal,69.8,0.0,0,No,2421,3,13-24
Male,26,No,0,0,37,No Offer,No,0.0,No,DSL,69,Yes,Yes,No,Yes,No,No,Yes,No,Two Year,Yes,Credit Card,40.55,0.0,50,No,4050,5,25-48
Female,36,No,0,0,4,No Offer,Yes,23.5,Yes,Fiber Optic,22,No,No,No,No,No,No,No,Yes,Month-to-Month,Yes,Bank Withdrawal,75.65,0.0,0,No,5396,4,0-12
Female,19,Yes,0,2,16,Offer D,Yes,27.83,Yes,Fiber Optic,52,Yes,Yes,Yes,No,No,No,Yes,Yes,Month-to-Month,No,Bank Withdrawal,90.7,0.0,0,No,4839,8,13-24
Male,31,Yes,0,7,17,Offer D,Yes,46.71,Yes,Fiber Optic,8,No,Yes,No,No,No,No,No,Yes,Month-to-Month,Yes,Bank Withdrawal,80.5,0.0,0,No,3591,5,13-24
Female,52,No,3,0,19,Offer D,Yes,36.48,No,DSL,20,Yes,Yes,Yes,No,No,No,No,Yes,Month-to-Month,Yes,Bank Withdrawal,60.6,0.0,0,No,2463,6,13-24
Male,27,Yes,0,0,60,No Offer,Yes,10.05,Yes,Fiber Optic,48,No,No,Yes,No,Yes,Yes,Yes,Yes,Two Year,No,Credit Card,101.15,0.0,0,No,5301,8,49-72
Male,46,Yes,2,7,51,No Offer,Yes,16.85,Yes,No Internet Service,0,No,No,No,No,No,No,No,No,Two Year,Yes,Credit Card,24.95,0.0,0,No,5461,2,49-72
Male,30,Yes,2,8,28,No Offer,Yes,19.18,No,No Internet Service,0,No,No,No,No,No,No,No,No,Two Year,Yes,Credit Card,20.3,0.0,0,No,2948,1,25-48
Male,64,No,0,0,43,No Offer,Yes,21.64,No,DSL,13,No,Yes,No,No,No,Yes,Yes,Yes,Two Year,Yes,Bank Withdrawal,60.0,0.0,0,No,4614,6,25-48
Male,49,Yes,0,10,42,No Offer,Yes,45.75,No,No Internet Service,0,No,No,No,No,No,No,No,No,Two Year,No,Bank Withdrawal,20.25,0.0,0,No,5940,1,25-48
Female,35,No,0,0,1,No Offer,Yes,40.87,No,Cable,21,No,No,No,No,No,No,No,Yes,Month-to-Month,No,Credit Card,44.75,0.0,0,No,4118,3,0-12
Female,49,No,0,0,63,No Offer,Yes,23.62,Yes,Fiber Optic,21,Yes,Yes,Yes,No,Yes,No,No,Yes,Two Year,No,Credit Card,98.0,0.0,0,No,5989,8,49-72
Male,25,Yes,0,2,68,Offer A,Yes,24.01,Yes,Fiber Optic,48,Yes,Yes,No,Yes,Yes,Yes,Yes,Yes,Month-to-Month,Yes,Bank Withdrawal,107.7,0.0,0,No,5015,10,49-72
Female,23,No,0,0,60,No Offer,Yes,35.47,Yes,Fiber Optic,51,No,Yes,Yes,No,Yes,Yes,Yes,No,Two Year,No,Bank Withdrawal,104.7,0.0,150,No,6186,8,49-72
Female,31,Yes,0,0,70,Offer A,Yes,31.15,No,DSL,5,Yes,Yes,Yes,Yes,Yes,Yes,Yes,Yes,Two Year,No,Credit Card,86.45,0.0,0,No,5950,10,49-72
Male,26,No,0,0,4,No Offer,Yes,22.54,No,No Internet Service,0,No,No,No,No,No,No,No,No,Month-to-Month,No,Credit Card,19.4,0.0,0,No,4402,1,0-12
Female,38,Yes,0,2,68,Offer A,Yes,26.64,Yes,No Internet Service,0,No,No,No,No,No,No,No,No,Two Year,Yes,Credit Card,24.95,0.0,0,No,6146,2,49-72
Male,50,Yes,2,1,22,Offer D,Yes,38.82,No,Fiber Optic,19,Yes,No,No,No,No,No,No,Yes,Month-to-Month,No,Bank Withdrawal,75.0,0.0,0,No,4040,4,13-24
Male,55,Yes,0,6,18,Offer D,Yes,31.79,No,Fiber Optic,19,No,No,Yes,Yes,No,No,No,Yes,Month-to-Month,No,Bank Withdrawal,78.2,0.0,0,No,2831,5,13-24
Male,50,No,0,0,29,No Offer,Yes,2.05,No,Fiber Optic,17,No,No,No,Yes,Yes,Yes,Yes,No,Month-to-Month,Yes,Bank Withdrawal,94.2,0.0,20,No,4561,6,25-48
Male,35,No,0,0,31,No Offer,No,0.0,No,DSL,5,No,No,Yes,No,Yes,Yes,Yes,Yes,One Year,Yes,Bank Withdrawal,50.05,0.0,0,No,4529,6,25-48
Female,45,Yes,0,3,48,No Offer,Yes,17.03,Yes,DSL,15,No,No,Yes,Yes,No,Yes,Yes,Yes,One Year,Yes,Credit Card,69.55,0.0,0,No,2478,8,25-48
Male,34,No,0,0,50,No Offer,Yes,15.37,No,Fiber Optic,22,Yes,Yes,Yes,Yes,No,No,No,Yes,One Year,Yes,Credit Card,90.1,0.0,0,No,6435,7,49-72
Male,22,No,0,0,7,No Offer,Yes,26.76,No,DSL,46,No,No,No,No,No,No,No,Yes,Month-to-Month,Yes,Bank Withdrawal,44.65,0.0,0,No,4300,3,0-12
Male,25,Yes,3,8,68,Offer A,Yes,24.08,No,Fiber Optic,41,Yes,No,Yes,No,No,No,No,Yes,Two Year,No,Credit Card,80.35,0.0,0,No,5954,5,49-72
Male,33,No,0,0,57,No Offer,No,0.0,No,DSL,28,No,No,Yes,Yes,Yes,Yes,Yes,No,Two Year,No,Credit Card,53.35,0.0,100,No,5461,6,49-72
Female,60,No,0,0,3,No Offer,Yes,40.98,No,No Internet Service,0,No,No,No,No,No,No,No,No,Month-to-Month,No,Bank Withdrawal,19.55,0.0,0,No,3889,1,0-12
Male,59,Yes,1,1,19,Offer D,Yes,11.75,No,Cable,21,Yes,No,No,No,No,No,No,Yes,One Year,Yes,Bank Withdrawal,48.95,0.0,0,No,2394,4,13-24
Female,50,No,0,0,3,No Offer,Yes,41.38,No,DSL,5,No,No,No,No,Yes,No,No,Yes,Month-to-Month,Yes,Bank Withdrawal,54.2,0.0,0,No,3167,4,0-12
Female,64,No,0,0,59,Offer B,Yes,41.23,Yes,No Internet Service,0,No,No,No,No,No,No,No,No,Two Year,No,Bank Withdrawal,24.45,0.0,0,No,6196,2,49-72
Male,37,Yes,0,1,42,Offer B,No,0.0,No,DSL,7,Yes,No,No,No,Yes,No,No,Yes,Month-to-Month,Yes,Bank Withdrawal,40.15,0.0,0,No,4348,4,25-48
Male,58,Yes,0,1,67,Offer A,Yes,11.74,Yes,No Internet Service,0,No,No,No,No,No,No,No,No,Two Year,No,Credit Card,25.6,0.0,0,No,4879,2,49-72
Male,63,No,0,0,1,No Offer,Yes,14.42,No,Fiber Optic,27,No,No,No,No,No,No,No,No,Month-to-Month,Yes,Bank Withdrawal,70.35,0.0,10,No,2722,2,0-12
Male,19,Yes,0,1,66,Offer A,Yes,23.27,Yes,DSL,58,Yes,Yes,Yes,Yes,Yes,Yes,Yes,Yes,Two Year,No,Bank Withdrawal,91.7,0.0,0,No,5453,11,49-72
Female,60,No,0,0,61,Offer B,Yes,14.52,Yes,Fiber Optic,27,No,No,Yes,No,No,Yes,Yes,Yes,Month-to-Month,No,Credit Card,89.2,0.0,0,No,5536,7,49-72
Male,55,Yes,2,1,4,Offer E,Yes,16.68,Yes,No Internet Service,0,No,No,No,No,No,No,No,No,One Year,No,Credit Card,24.1,0.0,0,No,4463,2,0-12
Female,53,Yes,2,10,64,Offer B,Yes,17.07,Yes,DSL,25,No,Yes,No,No,No,No,No,Yes,One Year,Yes,Bank Withdrawal,53.85,0.0,0,No,4954,5,49-72
Male,58,No,0,0,1,Offer E,Yes,1.61,No,No Internet Service,0,No,No,No,No,No,No,No,No,Month-to-Month,Yes,Credit Card,19.75,0.0,0,No,5809,1,0-12
Male,19,Yes,2,7,54,Offer B,Yes,41.58,Yes,No Internet Service,0,No,No,No,No,No,No,No,No,Two Year,Yes,Bank Withdrawal,24.05,0.0,0,No,4039,2,49-72
Female,45,No,2,0,18,Offer D,Yes,30.22,Yes,No Internet Service,0,No,No,No,No,No,No,No,No,Two Year,No,Credit Card,25.3,0.0,0,No,3416,2,13-24
Male,46,No,0,0,3,Offer E,Yes,13.72,No,Fiber Optic,26,No,Yes,No,No,No,Yes,Yes,Yes,Month-to-Month,No,Bank Withdrawal,84.3,0.0,0,No,5828,6,0-12
Female,41,Yes,1,1,72,Offer A,Yes,15.58,Yes,DSL,20,Yes,Yes,Yes,Yes,Yes,Yes,Yes,Yes,Two Year,No,Credit Card,89.75,0.0,0,No,5096,11,49-72
Female,37,Yes,1,8,11,Offer D,Yes,49.19,No,No Internet Service,0,No,No,No,No,No,No,No,No,One Year,Yes,Credit Card,20.0,0.0,0,No,5837,1,0-12
Male,37,Yes,1,3,61,Offer B,Yes,43.08,No,Fiber Optic,19,No,Yes,Yes,Yes,Yes,Yes,Yes,Yes,One Year,No,Credit Card,103.9,0.0,0,No,4079,9,49-72
Female,23,No,0,0,39,No Offer,Yes,29.79,No,No Internet Service,0,No,No,No,No,No,No,No,No,Two Year,No,Credit Card,20.7,0.0,0,No,3733,1,25-48
Male,36,No,0,0,37,No Offer,Yes,34.37,No,No Internet Service,0,No,No,No,No,No,No,No,No,One Year,No,Credit Card,20.15,0.0,0,No,4422,1,25-48
Female,60,Yes,0,8,72,Offer A,Yes,26.98,Yes,No Internet Service,0,No,No,No,No,No,No,No,No,Two Year,Yes,Credit Card,26.0,0.0,0,No,5374,2,49-72
Female,34,No,0,0,8,Offer E,Yes,33.54,No,DSL,14,Yes,No,No,Yes,No,Yes,Yes,Yes,Month-to-Month,No,Bank Withdrawal,66.05,0.0,0,No,4157,7,0-12
Female,27,Yes,2,2,22,Offer D,Yes,49.51,No,No Internet Service,0,No,No,No,No,No,No,No,No,Month-to-Month,No,Credit Card,19.9,0.0,0,No,5657,1,13-24
Female,61,No,0,0,38,No Offer,Yes,21.19,Yes,DSL,24,No,Yes,No,Yes,No,Yes,Yes,Yes,Month-to-Month,No,Credit Card,68.15,0.0,0,No,3371,8,25-48
Male,25,No,1,0,17,No Offer,Yes,45.92,No,DSL,73,No,Yes,Yes,Yes,Yes,Yes,Yes,No,One Year,No,Bank Withdrawal,80.85,0.0,50,No,3913,8,13-24
Female,62,No,0,0,28,No Offer,Yes,33.84,No,Fiber Optic,5,No,No,No,No,No,Yes,Yes,Yes,Month-to-Month,Yes,Bank Withdrawal,80.6,0.0,0,No,2951,5,25-48
Female,60,No,0,0,15,No Offer,Yes,10.43,No,Fiber Optic,29,No,Yes,No,No,Yes,No,No,Yes,Month-to-Month,Yes,Bank Withdrawal,83.2,0.0,0,No,4096,5,13-24
Male,59,Yes,3,1,72,No Offer,Yes,44.61,Yes,DSL,53,Yes,Yes,Yes,Yes,Yes,Yes,Yes,Yes,Two Year,Yes,Bank Withdrawal,87.55,0.0,0,No,5341,11,49-72
Female,20,Yes,0,10,57,Offer B,Yes,8.01,Yes,Fiber Optic,73,No,Yes,Yes,Yes,Yes,Yes,Yes,Yes,One Year,Yes,Bank Withdrawal,109.4,0.0,0,No,6026,10,49-72
Female,50,Yes,0,3,46,Offer B,No,0.0,No,DSL,30,Yes,Yes,No,No,Yes,No,No,Yes,Month-to-Month,No,Bank Withdrawal,45.55,0.0,0,No,5565,5,25-48
Male,45,Yes,0,2,30,No Offer,Yes,22.89,No,No Internet Service,0,No,No,No,No,No,No,No,No,One Year,No,Credit Card,20.7,0.0,0,No,2492,1,25-48
Male,22,No,0,0,32,No Offer,Yes,46.33,No,Fiber Optic,85,Yes,Yes,Yes,No,No,Yes,Yes,Yes,Month-to-Month,Yes,Credit Card,93.4,0.0,0,No,3224,8,25-48
Male,34,No,0,0,13,No Offer,Yes,30.06,No,Fiber Optic,5,Yes,No,No,No,No,No,No,Yes,Month-to-Month,Yes,Credit Card,73.75,0.0,0,No,2070,4,13-24
Female,35,No,0,0,44,Offer B,Yes,32.83,No,Fiber Optic,24,No,Yes,Yes,No,Yes,No,No,Yes,Month-to-Month,Yes,Credit Card,88.15,0.0,0,No,4112,6,25-48
Female,22,Yes,0,4,67,No Offer,Yes,33.01,No,No Internet Service,0,No,No,No,No,No,No,No,No,Two Year,No,Credit Card,19.65,0.0,0,No,4994,1,49-72
Female,37,Yes,0,4,71,No Offer,Yes,10.46,Yes,Fiber Optic,3,No,Yes,Yes,No,Yes,Yes,Yes,No,Two Year,Yes,Bank Withdrawal,105.15,0.0,60,No,5707,8,49-72
Male,32,No,0,0,1,No Offer,Yes,49.19,No,DSL,17,No,No,No,Yes,No,No,No,Yes,Month-to-Month,No,Credit Card,49.0,0.0,0,No,5289,4,0-12
Male,27,Yes,0,1,17,No Offer,No,0.0,No,DSL,52,No,Yes,No,No,Yes,Yes,Yes,Yes,Month-to-Month,Yes,Credit Card,49.8,0.0,0,No,5575,6,13-24
Male,52,No,0,0,1,Offer E,Yes,2.29,No,No Internet Service,0,No,No,No,No,No,No,No,No,Month-to-Month,No,Bank Withdrawal,20.95,0.0,0,No,2285,1,0-12
Male,27,Yes,1,8,41,Offer B,Yes,39.53,No,No Internet Service,0,No,No,No,No,No,No,No,No,One Year,No,Bank Withdrawal,19.5,0.0,0,No,2446,1,25-48
Female,45,No,0,0,1,Offer E,Yes,9.82,No,Cable,13,No,No,No,No,No,No,No,Yes,Month-to-Month,No,Bank Withdrawal,44.15,0.0,0,No,3103,3,0-12
Male,22,Yes,1,8,62,Offer B,Yes,14.75,Yes,Fiber Optic,52,Yes,Yes,No,No,Yes,Yes,Yes,No,Month-to-Month,Yes,Bank Withdrawal,105.5,0.0,150,No,4271,8,49-72
Female,37,No,2,0,17,No Offer,Yes,49.78,Yes,Fiber Optic,19,No,Yes,Yes,Yes,No,No,No,Yes,Month-to-Month,Yes,Credit Card,92.7,0.0,0,No,2347,7,13-24
Female,37,Yes,1,8,72,No Offer,Yes,2.57,Yes,No Internet Service,0,No,No,No,No,No,No,No,No,Two Year,Yes,Bank Withdrawal,26.25,0.0,0,No,5098,2,49-72
Male,39,Yes,3,4,56,Offer B,Yes,23.52,Yes,Fiber Optic,53,No,Yes,No,Yes,Yes,No,No,Yes,Month-to-Month,Yes,Credit Card,96.95,0.0,0,No,6484,7,49-72
Female,32,No,0,0,9,Offer E,Yes,45.99,No,No Internet Service,0,No,No,No,No,No,No,No,No,Month-to-Month,Yes,Credit Card,20.45,0.0,0,No,2392,1,0-12
Male,58,Yes,0,0,72,No Offer,Yes,43.12,Yes,Fiber Optic,6,Yes,Yes,Yes,Yes,Yes,Yes,Yes,Yes,Two Year,Yes,Bank Withdrawal,115.8,0.0,0,No,6479,11,49-72
Male,40,No,0,0,20,No Offer,Yes,16.05,No,Fiber Optic,18,Yes,Yes,Yes,Yes,Yes,Yes,Yes,Yes,Month-to-Month,Yes,Bank Withdrawal,108.2,0.0,0,No,2102,10,13-24
Male,32,Yes,3,3,19,No Offer,Yes,31.7,No,No Internet Service,0,No,No,No,No,No,No,No,No,Two Year,No,Credit Card,20.2,0.0,0,No,4821,1,13-24
Male,62,No,0,0,53,Offer B,No,0.0,No,Cable,17,No,No,Yes,Yes,Yes,Yes,Yes,Yes,One Year,No,Credit Card,54.9,0.0,0,No,5677,7,49-72
Male,56,No,0,0,6,No Offer,Yes,6.93,No,No Internet Service,0,No,No,No,No,No,No,No,No,Month-to-Month,No,Bank Withdrawal,20.15,0.0,0,No,5761,1,0-12
Male,22,Yes,3,9,9,Offer E,Yes,30.46,Yes,Fiber Optic,82,No,No,Yes,No,Yes,No,No,Yes,One Year,Yes,Bank Withdrawal,90.35,0.0,0,No,2993,6,0-12
Female,62,Yes,3,1,8,Offer E,Yes,12.41,Yes,DSL,53,No,Yes,No,No,No,No,No,Yes,Month-to-Month,No,Bank Withdrawal,55.75,0.0,0,No,5681,5,0-12
Female,45,Yes,3,5,71,No Offer,Yes,4.91,Yes,Fiber Optic,29,Yes,Yes,Yes,Yes,Yes,Yes,Yes,Yes,Two Year,No,Bank Withdrawal,114.6,0.0,0,No,4071,11,49-72
Female,23,Yes,0,10,71,No Offer,No,0.0,No,Cable,85,Yes,Yes,Yes,Yes,Yes,Yes,Yes,Yes,One Year,No,Bank Withdrawal,66.8,0.0,0,No,4698,9,49-72
Male,43,Yes,0,1,68,No Offer,Yes,49.51,No,Fiber Optic,3,No,Yes,No,Yes,Yes,Yes,Yes,No,One Year,Yes,Bank Withdrawal,100.3,0.0,90,No,5757,7,49-72
Male,51,No,0,0,34,No Offer,Yes,28.0,Yes,Fiber Optic,18,No,Yes,No,Yes,Yes,Yes,Yes,Yes,Month-to-Month,Yes,Bank Withdrawal,105.35,0.0,0,No,5503,9,25-48
Male,51,No,0,0,26,No Offer,Yes,29.72,No,Fiber Optic,11,No,Yes,Yes,Yes,No,No,No,Yes,One Year,Yes,Bank Withdrawal,85.2,0.0,0,No,5156,6,25-48
Male,42,No,0,0,7,Offer E,Yes,33.18,No,No Internet Service,0,No,No,No,No,No,No,No,No,Month-to-Month,Yes,Credit Card,18.95,0.0,0,No,4097,1,0-12
Female,51,Yes,0,0,20,No Offer,Yes,43.49,No,Fiber Optic,28,No,No,No,No,No,No,No,Yes,Month-to-Month,Yes,Bank Withdrawal,69.8,0.0,0,No,5456,3,13-24
Female,48,Yes,0,5,60,Offer B,Yes,9.98,Yes,Fiber Optic,22,No,Yes,Yes,No,Yes,Yes,Yes,Yes,Month-to-Month,Yes,Bank Withdrawal,106.15,0.0,0,No,4115,9,49-72
Male,51,Yes,1,5,72,No Offer,Yes,37.11,No,No Internet Service,0,No,No,No,No,No,No,No,No,Two Year,No,Bank Withdrawal,20.55,0.0,0,No,5809,1,49-72
Male,64,No,0,0,4,Offer E,Yes,3.69,Yes,No Internet Service,0,No,No,No,No,No,No,No,No,Month-to-Month,No,Credit Card,25.25,0.0,0,No,3962,2,0-12
Male,40,Yes,1,2,16,No Offer,Yes,31.99,No,No Internet Service,0,No,No,No,No,No,No,No,No,Month-to-Month,No,Bank Withdrawal,19.75,0.0,0,No,3677,1,13-24
Female,58,No,0,0,10,No Offer,Yes,8.35,No,Cable,29,No,No,No,Yes,No,Yes,Yes,Yes,Month-to-Month,Yes,Credit Card,60.95,0.0,0,No,4323,6,0-12
Male,60,No,0,0,31,No Offer,Yes,42.05,Yes,Fiber Optic,12,No,Yes,No,No,No,No,No,Yes,Month-to-Month,Yes,Bank Withdrawal,81.15,0.0,0,No,3031,5,25-48
Female,26,Yes,0,2,71,No Offer,Yes,39.44,No,No Internet Service,0,No,No,No,No,No,No,No,No,Two Year,No,Credit Card,19.1,0.0,0,No,4241,1,49-72
Male,29,No,0,0,58,Offer B,Yes,49.02,No,No Internet Service,0,No,No,No,No,No,No,No,No,Two Year,No,Credit Card,20.8,0.0,0,No,4758,1,49-72
Male,31,Yes,1,7,70,No Offer,Yes,2.5,Yes,Cable,13,Yes,Yes,Yes,Yes,Yes,Yes,Yes,Yes,Two Year,Yes,Credit Card,90.15,0.0,0,No,5824,11,49-72
Female,30,Yes,0,2,71,No Offer,Yes,22.33,Yes,Cable,71,Yes,Yes,Yes,Yes,Yes,Yes,Yes,Yes,Two Year,No,Bank Withdrawal,90.1,0.0,0,No,5054,11,49-72
Female,33,Yes,3,1,72,No Offer,Yes,41.14,Yes,Fiber Optic,53,Yes,Yes,Yes,Yes,Yes,Yes,Yes,Yes,Two Year,Yes,Bank Withdrawal,118.75,0.0,0,No,5475,11,49-72
Female,56,Yes,0,1,26,No Offer,Yes,42.26,No,Fiber Optic,2,No,No,No,Yes,No,Yes,Yes,Yes,Month-to-Month,No,Credit Card,85.9,0.0,0,No,4038,6,25-48
Female,41,Yes,0,1,33,No Offer,Yes,10.34,Yes,Fiber Optic,22,No,No,Yes,Yes,No,Yes,Yes,No,Month-to-Month,Yes,Credit Card,95.0,0.0,60,No,4639,7,25-48
Female,51,Yes,3,1,10,No Offer,Yes,18.62,No,No Internet Service,0,No,No,No,No,No,No,No,No,Two Year,No,Credit Card,20.15,0.0,0,No,2836,1,0-12
Female,52,No,0,0,10,No Offer,Yes,10.46,No,No Internet Service,0,No,No,No,No,No,No,No,No,Month-to-Month,Yes,Bank Withdrawal,21.2,0.0,0,No,2066,1,0-12
Female,31,Yes,2,1,39,No Offer,Yes,5.88,Yes,No Internet Service,0,No,No,No,No,No,No,No,No,One Year,Yes,Credit Card,24.2,0.0,0,No,3109,2,25-48
Female,40,No,0,0,11,No Offer,Yes,48.92,No,No Internet Service,0,No,No,No,No,No,No,No,No,Month-to-Month,No,Bank Withdrawal,20.3,0.0,0,No,4188,1,0-12
Female,36,Yes,2,1,68,No Offer,Yes,25.16,Yes,Cable,26,No,Yes,Yes,Yes,Yes,Yes,Yes,Yes,Two Year,No,Bank Withdrawal,85.3,0.0,0,No,4732,10,49-72
Male,43,No,0,0,18,No Offer,Yes,34.78,Yes,Fiber Optic,2,No,No,Yes,No,Yes,No,No,Yes,One Year,Yes,Credit Card,89.6,0.0,0,No,2269,6,13-24
Male,47,No,0,0,18,No Offer,Yes,33.8,Yes,Cable,17,Yes,No,No,No,No,No,No,No,Month-to-Month,No,Credit Card,56.25,0.0,30,No,2277,4,13-24
Female,59,Yes,2,2,52,Offer B,Yes,10.03,No,Cable,29,No,No,Yes,No,No,No,No,Yes,One Year,Yes,Bank Withdrawal,50.95,0.0,0,No,4298,4,49-72
Male,42,Yes,3,8,56,Offer B,Yes,40.86,Yes,Fiber Optic,27,Yes,Yes,Yes,Yes,Yes,Yes,Yes,Yes,Two Year,No,Credit Card,115.85,0.0,0,No,4937,11,49-72
Male,51,No,0,0,45,Offer B,Yes,24.75,Yes,Fiber Optic,13,No,No,Yes,Yes,Yes,Yes,Yes,Yes,Month-to-Month,Yes,Bank Withdrawal,103.65,0.0,0,No,2183,9,25-48
Female,45,No,0,0,67,No Offer,Yes,43.3,Yes,No Internet Service,0,No,No,No,No,No,No,No,No,Two Year,Yes,Credit Card,26.1,0.0,0,No,6466,2,49-72
Male,33,Yes,0,3,3,Offer E,No,0.0,No,Cable,25,Yes,No,No,Yes,No,No,No,Yes,Month-to-Month,No,Credit Card,35.1,0.0,0,No,3610,4,0-12
Male,52,Yes,0,2,63,No Offer,Yes,48.14,Yes,Cable,28,No,Yes,No,Yes,No,Yes,Yes,No,Two Year,No,Credit Card,67.25,0.0,150,No,6438,7,49-72
Female,50,Yes,2,1,11,No Offer,Yes,15.04,Yes,No Internet Service,0,No,No,No,No,No,No,No,No,Two Year,No,Credit Card,25.0,0.0,0,No,5409,2,0-12
Male,20,No,1,0,1,No Offer,Yes,41.39,No,Cable,48,No,No,No,Yes,No,Yes,Yes,Yes,Month-to-Month,Yes,Credit Card,59.55,0.0,0,No,5824,6,0-12
Male,48,No,0,0,55,No Offer,Yes,26.3,Yes,DSL,23,No,No,Yes,No,Yes,Yes,Yes,Yes,Two Year,Yes,Bank Withdrawal,77.8,0.0,0,No,6483,8,49-72
Male,34,Yes,1,2,25,No Offer,Yes,47.1,Yes,DSL,25,No,No,No,Yes,No,No,No,Yes,One Year,Yes,Credit Card,55.1,0.0,0,No,2499,5,25-48
Female,55,Yes,0,7,72,No Offer,Yes,37.98,Yes,No Internet Service,0,No,No,No,No,No,No,No,No,Two Year,Yes,Credit Card,24.15,0.0,0,No,5613,2,49-72
Female,33,No,2,0,65,No Offer,No,0.0,No,DSL,25,No,Yes,No,Yes,Yes,No,No,Yes,Two Year,No,Credit Card,45.25,0.0,0,No,5712,5,49-72
Male,31,Yes,1,9,7,No Offer,Yes,39.98,No,No Internet Service,0,No,No,No,No,No,No,No,No,Month-to-Month,No,Credit Card,20.25,0.0,0,No,4954,1,0-12
Female,45,Yes,0,7,72,No Offer,Yes,15.23,Yes,DSL,26,Yes,Yes,No,Yes,No,No,No,Yes,Two Year,No,Bank Withdrawal,64.75,0.0,0,No,4675,7,49-72
Male,57,Yes,0,4,21,No Offer,Yes,17.19,No,DSL,11,No,No,No,No,Yes,No,No,Yes,Month-to-Month,No,Bank Withdrawal,54.6,0.0,0,No,5763,4,13-24
Female,28,No,0,0,2,No Offer,Yes,13.89,No,No Internet Service,0,No,No,No,No,No,No,No,No,Month-to-Month,Yes,Bank Withdrawal,20.7,0.0,0,No,2107,1,0-12
Male,50,Yes,0,8,72,No Offer,Yes,27.59,Yes,Fiber Optic,25,Yes,Yes,Yes,Yes,Yes,Yes,Yes,Yes,Two Year,No,Credit Card,115.8,0.0,0,No,5130,11,49-72
Female,63,No,0,0,6,No Offer,Yes,39.16,No,DSL,8,Yes,No,No,No,No,No,No,Yes,Month-to-Month,Yes,Bank Withdrawal,49.45,0.0,0,No,3672,4,0-12
Male,58,No,0,0,52,No Offer,Yes,5.92,No,Fiber Optic,23,No,No,Yes,No,No,Yes,Yes,No,Month-to-Month,Yes,Credit Card,83.8,0.0,70,No,6339,5,49-72
Male,22,No,0,0,60,No Offer,Yes,44.24,Yes,Fiber Optic,52,Yes,Yes,Yes,Yes,Yes,Yes,Yes,Yes,One Year,Yes,Credit Card,116.6,0.0,0,No,5680,11,49-72
Female,24,Yes,0,4,12,Offer D,Yes,23.99,No,DSL,51,Yes,No,No,Yes,No,No,No,Yes,Month-to-Month,No,Bank Withdrawal,54.2,0.0,0,No,4474,5,0-12
Female,50,No,0,0,13,Offer D,Yes,21.36,No,No Internet Service,0,No,No,No,No,No,No,No,No,Month-to-Month,Yes,Credit Card,19.3,0.0,0,No,5917,1,13-24
Male,20,No,0,0,22,Offer D,Yes,43.78,Yes,DSL,47,Yes,Yes,Yes,No,No,No,No,No,Month-to-Month,No,Credit Card,65.05,0.0,10,No,4709,6,13-24
Female,59,Yes,3,4,72,No Offer,Yes,48.29,Yes,No Internet Service,0,No,No,No,No,No,No,No,No,Two Year,Yes,Bank Withdrawal,24.05,0.0,0,No,4755,2,49-72
Female,23,No,0,0,2,No Offer,Yes,4.92,No,No Internet Service,0,No,No,No,No,No,No,No,No,Month-to-Month,No,Bank Withdrawal,18.75,0.0,0,No,5355,1,0-12
Female,42,Yes,3,1,40,No Offer,Yes,3.01,No,No Internet Service,0,No,No,No,No,No,No,No,No,Two Year,No,Bank Withdrawal,20.15,0.0,0,No,3556,1,25-48
Male,23,Yes,3,2,44,No Offer,Yes,36.86,No,No Internet Service,0,No,No,No,No,No,No,No,No,One Year,No,Bank Withdrawal,20.0,0.0,0,No,3743,1,25-48
Female,19,No,0,0,1,No Offer,No,0.0,No,DSL,76,No,No,No,No,No,No,Yes,No,Month-to-Month,No,Credit Card,24.4,0.0,10,No,5092,2,0-12
Male,32,No,0,0,3,No Offer,Yes,42.68,Yes,Cable,27,No,No,No,Yes,Yes,No,No,Yes,Month-to-Month,Yes,Credit Card,65.25,0.0,0,No,2562,6,0-12
Male,28,No,0,0,13,Offer D,Yes,33.95,No,DSL,59,No,No,No,Yes,No,No,Yes,Yes,Month-to-Month,Yes,Credit Card,50.55,0.0,0,No,5530,5,13-24
Female,19,No,0,0,1,No Offer,Yes,38.81,No,Fiber Optic,52,No,No,No,No,No,No,Yes,Yes,Month-to-Month,Yes,Credit Card,70.7,0.0,0,No,4056,4,0-12
Male,33,Yes,2,8,4,Offer E,Yes,35.09,No,DSL,30,No,No,No,No,No,No,No,Yes,Month-to-Month,No,Credit Card,45.25,0.0,0,No,2776,3,0-12
Male,51,No,0,0,2,Offer E,Yes,1.57,No,Fiber Optic,26,No,No,No,No,No,No,No,Yes,Month-to-Month,Yes,Bank Withdrawal,70.3,0.0,0,No,2980,3,0-12
Male,28,Yes,0,0,72,No Offer,Yes,21.26,Yes,Fiber Optic,53,Yes,Yes,No,Yes,Yes,Yes,Yes,Yes,Two Year,Yes,Credit Card,108.95,0.0,0,No,5758,10,49-72
Female,42,Yes,2,1,37,No Offer,Yes,31.83,Yes,No Internet Service,0,No,No,No,No,No,No,No,No,Month-to-Month,No,Credit Card,26.45,0.0,0,No,5359,2,25-48
Female,34,No,0,0,23,Offer D,Yes,10.41,No,No Internet Service,0,No,No,No,No,No,No,No,No,One Year,Yes,Credit Card,19.65,0.0,0,No,5916,1,13-24
Female,31,Yes,3,4,42,No Offer,Yes,34.66,No,No Internet Service,0,No,No,No,No,No,No,No,No,One Year,Yes,Bank Withdrawal,19.05,0.0,0,No,5091,1,25-48
Female,45,No,0,0,32,Offer C,Yes,33.45,Yes,DSL,5,Yes,No,No,No,Yes,Yes,Yes,Yes,One Year,No,Credit Card,74.75,0.0,0,No,2830,8,25-48
Female,59,Yes,3,3,22,Offer D,Yes,4.67,Yes,Fiber Optic,58,No,No,No,No,No,No,No,Yes,Month-to-Month,Yes,Bank Withdrawal,75.8,0.0,0,No,4479,4,13-24
Male,26,Yes,0,5,42,No Offer,No,0.0,No,DSL,59,No,No,No,No,No,No,Yes,Yes,Month-to-Month,Yes,Credit Card,25.1,0.0,0,No,4959,3,25-48
Female,56,No,0,0,8,No Offer,Yes,10.91,No,DSL,16,No,No,No,No,No,No,No,Yes,Month-to-Month,No,Credit Card,44.45,0.0,0,No,4909,3,0-12
Female,23,Yes,1,5,65,No Offer,Yes,13.17,Yes,Fiber Optic,59,Yes,No,Yes,No,Yes,Yes,Yes,No,Two Year,Yes,Credit Card,104.3,0.0,70,No,4997,8,49-72
Female,30,Yes,1,3,70,No Offer,Yes,33.24,Yes,DSL,51,Yes,Yes,Yes,Yes,Yes,Yes,Yes,Yes,Two Year,Yes,Bank Withdrawal,89.0,0.0,0,No,5650,11,49-72
Male,43,No,2,0,22,Offer D,Yes,34.07,No,No Internet Service,0,No,No,No,No,No,No,No,No,Month-to-Month,No,Credit Card,20.15,0.0,0,No,2722,1,13-24
Female,58,Yes,1,5,67,No Offer,No,0.0,No,DSL,15,Yes,Yes,No,No,No,No,No,Yes,Two Year,No,Bank Withdrawal,36.15,0.0,0,No,6314,4,49-72
Female,42,No,0,0,25,Offer C,Yes,6.0,No,No Internet Service,0,No,No,No,No,No,No,No,No,Month-to-Month,Yes,Credit Card,19.2,0.0,0,No,2159,1,25-48
Female,49,Yes,0,0,20,Offer D,Yes,48.03,No,No Internet Service,0,No,No,No,No,No,No,No,No,Month-to-Month,No,Bank Withdrawal,19.25,0.0,0,No,4137,1,13-24
Female,28,No,2,0,2,Offer E,Yes,32.06,No,Cable,52,Yes,No,No,No,No,Yes,Yes,Yes,Month-to-Month,Yes,Credit Card,61.2,0.0,0,No,5056,6,0-12
Male,36,No,0,0,51,No Offer,Yes,47.43,No,No Internet Service,0,No,No,No,No,No,No,No,No,Two Year,No,Credit Card,20.45,0.0,0,No,6097,1,49-72
Female,27,Yes,2,9,46,No Offer,No,0.0,No,DSL,52,Yes,Yes,No,No,No,No,Yes,Yes,Month-to-Month,No,Bank Withdrawal,35.05,0.0,0,No,4829,5,25-48
Male,20,No,1,0,13,Offer D,Yes,26.63,No,DSL,27,No,No,No,No,No,No,Yes,Yes,Month-to-Month,No,Credit Card,44.0,0.0,0,No,5611,4,13-24
Male,32,Yes,1,4,26,Offer C,Yes,4.62,No,DSL,19,No,No,Yes,No,No,No,No,Yes,One Year,No,Credit Card,50.35,0.0,0,No,3386,4,25-48
Male,41,No,3,0,19,Offer D,Yes,24.1,No,No Internet Service,0,No,No,No,No,No,No,No,No,Month-to-Month,Yes,Bank Withdrawal,20.0,0.0,0,No,5188,1,13-24
Female,21,Yes,0,6,72,No Offer,Yes,15.35,Yes,DSL,41,Yes,Yes,No,Yes,Yes,Yes,Yes,Yes,Two Year,Yes,Bank Withdrawal,86.4,0.0,0,No,6114,10,49-72
Male,60,No,0,0,24,Offer C,Yes,30.42,Yes,Fiber Optic,14,No,No,No,No,Yes,Yes,Yes,No,Month-to-Month,Yes,Bank Withdrawal,94.1,0.0,110,No,3192,6,13-24
Female,29,Yes,0,6,46,No Offer,Yes,2.0,Yes,Fiber Optic,48,No,Yes,Yes,Yes,Yes,Yes,Yes,Yes,Two Year,Yes,Credit Card,108.9,0.0,0,No,5119,10,25-48
Female,52,No,0,0,2,Offer E,Yes,26.9,No,No Internet Service,0,No,No,No,No,No,No,No,No,Month-to-Month,No,Bank Withdrawal,19.9,0.0,0,No,2822,1,0-12
Male,56,Yes,0,7,31,Offer C,Yes,25.3,No,Cable,28,No,No,Yes,Yes,No,Yes,Yes,Yes,Month-to-Month,Yes,Credit Card,66.4,0.0,0,No,3282,7,25-48
Female,57,Yes,3,10,16,Offer D,Yes,27.27,No,Fiber Optic,76,Yes,No,Yes,No,Yes,Yes,Yes,Yes,Month-to-Month,No,Bank Withdrawal,100.7,0.0,0,No,3337,8,13-24
Male,26,No,1,0,52,No Offer,Yes,23.12,Yes,No Internet Service,0,No,No,No,No,No,No,No,No,Two Year,No,Credit Card,25.6,0.0,0,No,5662,2,49-72
Male,35,Yes,3,1,13,Offer D,Yes,40.2,No,No Internet Service,0,No,No,No,No,No,No,No,No,Month-to-Month,Yes,Credit Card,19.85,0.0,0,No,2928,1,13-24
Female,34,No,0,0,35,Offer C,Yes,35.5,No,No Internet Service,0,No,No,No,No,No,No,No,No,One Year,No,Credit Card,20.75,0.0,0,No,4261,1,25-48
Female,36,No,0,0,59,No Offer,Yes,30.44,No,Fiber Optic,30,No,No,Yes,No,Yes,Yes,Yes,Yes,Two Year,No,Bank Withdrawal,95.8,0.0,0,No,5470,7,49-72
Male,39,Yes,0,9,72,No Offer,Yes,33.22,No,Fiber Optic,23,No,No,Yes,No,Yes,Yes,Yes,Yes,Month-to-Month,Yes,Bank Withdrawal,94.65,0.0,0,No,5943,7,49-72
Female,35,Yes,0,10,49,No Offer,Yes,40.67,Yes,Fiber Optic,12,Yes,Yes,Yes,Yes,No,Yes,Yes,Yes,Two Year,No,Credit Card,106.65,0.0,0,No,5948,10,49-72
Female,43,No,0,0,2,Offer E,Yes,5.47,No,DSL,29,No,No,No,No,No,No,No,Yes,Month-to-Month,Yes,Credit Card,45.85,0.0,0,No,2245,3,0-12
Male,47,No,0,0,1,Offer E,Yes,17.07,Yes,DSL,3,Yes,Yes,No,No,No,No,No,Yes,Month-to-Month,No,Bank Withdrawal,61.15,0.0,0,No,4592,6,0-12
Male,55,No,0,0,6,Offer E,Yes,29.52,No,Fiber Optic,28,Yes,Yes,No,No,No,No,No,Yes,Month-to-Month,Yes,Bank Withdrawal,78.95,0.0,0,No,4093,5,0-12
Male,35,No,3,0,49,No Offer,Yes,4.76,Yes,Fiber Optic,58,Yes,Yes,Yes,No,Yes,Yes,Yes,Yes,One Year,Yes,Credit Card,109.2,0.0,0,No,6005,10,49-72
Female,59,Yes,3,7,56,No Offer,Yes,18.99,No,Cable,53,Yes,Yes,Yes,No,No,No,No,Yes,Two Year,Yes,Credit Card,61.3,0.0,0,No,4173,6,49-72
Female,61,Yes,2,7,6,Offer E,No,0.0,No,Cable,10,No,Yes,Yes,Yes,No,No,No,No,Two Year,No,Credit Card,40.55,0.0,50,No,2866,4,0-12
Male,55,No,0,0,32,Offer C,Yes,41.52,No,No Internet Service,0,No,No,No,No,No,No,No,No,One Year,No,Credit Card,19.8,0.0,0,No,4636,1,25-48
Male,34,Yes,1,3,50,No Offer,Yes,41.58,Yes,Fiber Optic,19,Yes,Yes,Yes,No,Yes,Yes,Yes,Yes,One Year,Yes,Bank Withdrawal,108.25,0.0,0,No,4972,10,49-72
Male,33,Yes,2,2,58,No Offer,Yes,33.82,Yes,Fiber Optic,10,No,No,Yes,Yes,Yes,Yes,Yes,Yes,One Year,Yes,Bank Withdrawal,105.05,0.0,0,No,5870,9,49-72
Female,43,Yes,1,3,65,No Offer,Yes,28.46,Yes,Cable,14,Yes,Yes,Yes,Yes,Yes,Yes,Yes,Yes,Two Year,Yes,Credit Card,90.45,0.0,0,No,5509,11,49-72
Female,21,No,0,0,64,No Offer,Yes,8.52,Yes,DSL,73,Yes,Yes,Yes,Yes,Yes,Yes,Yes,Yes,Two Year,Yes,Credit Card,86.4,0.0,0,No,6474,11,49-72
Female,49,Yes,0,5,66,Offer A,Yes,44.4,Yes,DSL,11,Yes,Yes,Yes,No,No,No,No,No,Two Year,No,Bank Withdrawal,66.9,0.0,70,No,5546,6,49-72
Male,59,Yes,0,9,38,Offer C,Yes,42.08,Yes,Fiber Optic,15,Yes,No,Yes,Yes,Yes,Yes,Yes,Yes,One Year,Yes,Bank Withdrawal,110.7,0.0,0,No,5461,10,25-48
Female,21,Yes,0,2,20,Offer D,Yes,19.15,No,No Internet Service,0,No,No,No,No,No,No,No,No,One Year,Yes,Credit Card,20.0,0.0,0,No,3585,1,13-24
Female,49,No,0,0,60,No Offer,Yes,38.88,No,DSL,2,No,Yes,Yes,Yes,Yes,No,No,Yes,One Year,Yes,Credit Card,70.15,0.0,0,No,4260,7,49-72
Female,50,Yes,3,6,50,Offer B,Yes,49.18,Yes,DSL,76,Yes,Yes,Yes,Yes,No,Yes,Yes,Yes,One Year,Yes,Bank Withdrawal,80.05,0.0,0,No,5823,10,49-72
Female,57,Yes,0,2,72,Offer A,No,0.0,No,DSL,15,Yes,Yes,Yes,No,No,Yes,Yes,Yes,Two Year,Yes,Bank Withdrawal,49.2,0.0,0,No,4700,7,49-72
Male,28,Yes,0,9,60,Offer B,Yes,31.29,No,No Internet Service,0,No,No,No,No,No,No,No,No,Two Year,Yes,Bank Withdrawal,20.5,0.0,0,No,5848,1,49-72
Male,40,No,0,0,46,Offer B,No,0.0,No,DSL,2,Yes,No,Yes,Yes,No,No,No,Yes,Two Year,No,Credit Card,38.25,0.0,0,No,2653,5,25-48
Female,60,Yes,3,4,69,Offer A,No,0.0,No,Cable,56,No,Yes,Yes,No,Yes,Yes,Yes,Yes,Two Year,Yes,Credit Card,54.95,0.0,0,No,4175,7,49-72
Male,49,Yes,3,2,19,Offer D,Yes,32.47,No,No Internet Service,0,No,No,No,No,No,No,No,No,One Year,No,Credit Card,19.9,0.0,0,No,5964,1,13-24
Female,28,Yes,2,1,71,Offer A,Yes,20.49,No,No Internet Service,0,No,No,No,No,No,No,No,No,Two Year,No,Credit Card,19.9,0.0,0,No,6015,1,49-72
Male,62,Yes,0,9,12,Offer D,Yes,39.0,No,Fiber Optic,7,Yes,Yes,Yes,No,No,No,No,Yes,Month-to-Month,Yes,Bank Withdrawal,84.6,0.0,0,No,2499,6,0-12
Male,54,No,0,0,44,Offer B,Yes,49.57,Yes,Cable,21,No,Yes,Yes,Yes,Yes,Yes,Yes,No,One Year,Yes,Bank Withdrawal,85.25,0.0,100,No,2292,9,25-48
Female,51,Yes,2,10,56,Offer B,Yes,25.9,Yes,Cable,30,Yes,Yes,Yes,Yes,Yes,No,No,Yes,Two Year,No,Credit Card,81.25,0.0,0,No,5907,9,49-72
Female,26,Yes,0,4,72,Offer A,Yes,24.32,Yes,Fiber Optic,76,Yes,Yes,Yes,Yes,Yes,Yes,Yes,Yes,Two Year,Yes,Bank Withdrawal,115.5,0.0,0,No,4697,11,49-72
Female,28,No,0,0,11,Offer D,Yes,10.06,Yes,Fiber Optic,48,Yes,No,No,No,No,No,No,Yes,Month-to-Month,Yes,Bank Withdrawal,79.0,0.0,0,No,3885,5,0-12
Male,31,No,0,0,72,Offer A,Yes,23.43,No,No Internet Service,0,No,No,No,No,No,No,No,No,Two Year,Yes,Credit Card,20.8,0.0,0,No,4626,1,49-72
Male,34,Yes,0,9,56,Offer B,Yes,35.55,Yes,DSL,17,No,Yes,Yes,No,No,No,No,Yes,Two Year,No,Credit Card,59.5,0.0,0,No,5477,6,49-72
Female,20,Yes,0,10,34,Offer C,Yes,35.29,Yes,Fiber Optic,47,No,No,Yes,No,Yes,Yes,Yes,Yes,Month-to-Month,Yes,Bank Withdrawal,100.45,0.0,0,No,3744,8,25-48
Male,22,No,0,0,35,Offer C,Yes,42.02,No,No Internet Service,0,No,No,No,No,No,No,No,No,One Year,No,Bank Withdrawal,20.6,0.0,0,No,2858,1,25-48
Male,24,No,0,0,22,Offer D,Yes,23.03,No,No Internet Service,0,No,No,No,No,No,No,No,No,One Year,No,Credit Card,20.3,0.0,0,No,2768,1,13-24
Male,34,No,0,0,9,Offer E,No,0.0,No,Cable,19,Yes,Yes,Yes,No,No,No,No,Yes,One Year,No,Credit Card,39.55,0.0,0,No,3755,5,0-12
Male,56,No,0,0,23,Offer D,Yes,46.17,No,No Internet Service,0,No,No,No,No,No,No,No,No,One Year,No,Credit Card,20.45,0.0,0,No,3434,1,13-24
Male,47,Yes,0,5,68,Offer A,Yes,22.83,Yes,No Internet Service,0,No,No,No,No,No,No,No,No,Two Year,No,Bank Withdrawal,25.25,0.0,0,No,4571,2,49-72
Male,55,Yes,0,1,33,Offer C,Yes,26.8,No,Fiber Optic,17,No,No,No,No,Yes,Yes,Yes,No,Month-to-Month,No,Bank Withdrawal,91.25,0.0,130,No,3296,5,25-48
Male,48,No,0,0,31,No Offer,Yes,41.23,No,DSL,27,Yes,Yes,Yes,Yes,Yes,No,No,Yes,Month-to-Month,Yes,Bank Withdrawal,72.45,0.0,0,No,3175,8,25-48
Female,42,No,0,0,56,Offer B,Yes,32.88,No,No Internet Service,0,No,No,No,No,No,No,No,No,Two Year,No,Bank Withdrawal,19.7,0.0,0,No,4831,1,49-72
Male,59,Yes,3,0,66,Offer A,Yes,29.5,No,DSL,76,Yes,Yes,Yes,Yes,Yes,No,No,Yes,One Year,Yes,Bank Withdrawal,75.1,0.0,0,No,6123,8,49-72
Male,22,Yes,2,3,72,Offer A,Yes,19.04,Yes,No Internet Service,0,No,No,No,No,No,No,No,No,Two Year,No,Bank Withdrawal,25.0,0.0,0,No,4275,2,49-72
Female,49,Yes,2,5,58,Offer B,Yes,40.74,No,Fiber Optic,17,No,Yes,Yes,No,Yes,No,No,Yes,Month-to-Month,Yes,Bank Withdrawal,91.55,0.0,0,No,6423,6,49-72
Male,51,No,0,0,37,No Offer,No,0.0,No,DSL,25,No,No,No,No,Yes,No,No,No,Two Year,No,Credit Card,35.8,0.0,100,No,5658,2,25-48
Female,25,No,0,0,71,Offer A,Yes,28.4,Yes,Fiber Optic,76,Yes,Yes,Yes,Yes,Yes,Yes,Yes,Yes,Two Year,Yes,Credit Card,113.15,0.0,0,No,4955,11,49-72
Male,55,Yes,1,5,1,No Offer,Yes,47.46,No,No Internet Service,0,No,No,No,No,No,No,No,No,One Year,No,Credit Card,19.85,0.0,0,No,2618,1,0-12
Male,63,Yes,2,7,35,No Offer,Yes,24.23,No,No Internet Service,0,No,No,No,No,No,No,No,No,One Year,No,Bank Withdrawal,19.9,0.0,0,No,2334,1,25-48
Female,62,Yes,3,5,6,No Offer,Yes,44.13,No,No Internet Service,0,No,No,No,No,No,No,No,No,One Year,No,Credit Card,19.7,0.0,0,No,4122,1,0-12
Female,47,Yes,1,5,69,Offer A,Yes,14.48,No,DSL,19,No,Yes,Yes,Yes,No,No,No,Yes,One Year,No,Bank Withdrawal,59.1,0.0,0,No,5846,6,49-72
Female,21,Yes,0,2,53,Offer B,Yes,42.18,Yes,Fiber Optic,53,No,No,No,Yes,No,Yes,Yes,No,One Year,Yes,Bank Withdrawal,91.15,0.0,150,No,6439,6,49-72
Female,58,Yes,0,0,5,No Offer,Yes,18.65,No,Fiber Optic,10,No,No,No,No,No,No,No,Yes,Month-to-Month,Yes,Bank Withdrawal,68.95,0.0,0,No,5536,3,0-12
Female,21,No,1,0,2,No Offer,Yes,18.61,No,DSL,27,No,Yes,No,No,No,No,No,Yes,Month-to-Month,No,Credit Card,51.55,0.0,0,No,4057,4,0-12
Male,62,No,1,0,62,Offer B,Yes,17.56,Yes,No Internet Service,0,No,No,No,No,No,No,No,No,Two Year,Yes,Credit Card,24.4,0.0,0,No,4889,2,49-72
Female,58,Yes,0,9,19,Offer D,Yes,10.68,No,Fiber Optic,23,No,No,Yes,No,Yes,Yes,Yes,Yes,Month-to-Month,Yes,Bank Withdrawal,96.8,0.0,0,No,3249,7,13-24
Male,42,No,0,0,9,No Offer,Yes,48.25,No,Fiber Optic,24,No,No,No,No,No,No,No,Yes,Month-to-Month,No,Credit Card,70.05,0.0,0,No,3522,3,0-12
Male,29,No,0,0,53,Offer B,Yes,24.17,No,No Internet Service,0,No,No,No,No,No,No,No,No,Two Year,No,Credit Card,19.5,0.0,0,No,5625,1,49-72
Male,32,No,0,0,5,No Offer,Yes,32.91,No,Fiber Optic,24,No,No,No,No,No,Yes,Yes,No,Month-to-Month,No,Credit Card,78.75,0.0,10,No,2610,4,0-12
Female,44,No,0,0,1,No Offer,Yes,10.2,No,No Internet Service,0,No,No,No,No,No,No,No,No,Month-to-Month,Yes,Credit Card,19.55,0.0,0,No,5607,1,0-12
Male,64,No,0,0,72,Offer A,Yes,10.87,Yes,Fiber Optic,16,No,Yes,Yes,No,Yes,Yes,Yes,Yes,Two Year,Yes,Bank Withdrawal,103.65,0.0,0,No,6088,9,49-72
Female,36,Yes,0,2,4,No Offer,Yes,6.77,No,Cable,3,Yes,Yes,No,No,No,No,No,Yes,Month-to-Month,No,Credit Card,54.7,0.0,0,No,3475,5,0-12
Male,35,No,0,0,59,Offer B,Yes,49.48,Yes,Cable,9,No,No,Yes,No,No,No,No,Yes,Two Year,No,Credit Card,54.15,0.0,0,No,4293,5,49-72
Male,51,Yes,0,3,3,No Offer,Yes,31.06,No,No Internet Service,0,No,No,No,No,No,No,No,No,Month-to-Month,No,Bank Withdrawal,20.0,0.0,0,No,3985,1,0-12
Male,23,Yes,0,4,49,Offer B,Yes,33.93,No,Fiber Optic,27,No,No,Yes,Yes,Yes,Yes,Yes,Yes,One Year,Yes,Credit Card,99.25,0.0,0,No,4995,8,49-72
Male,42,No,0,0,2,No Offer,Yes,44.34,No,No Internet Service,0,No,No,No,No,No,No,No,No,Month-to-Month,No,Credit Card,19.35,0.0,0,No,5863,1,0-12
Female,59,Yes,0,6,55,Offer B,Yes,24.93,No,Fiber Optic,17,Yes,No,No,No,Yes,Yes,Yes,Yes,One Year,Yes,Bank Withdrawal,94.75,0.0,0,No,6021,7,49-72
Male,56,Yes,1,4,72,Offer A,Yes,5.81,Yes,Fiber Optic,29,Yes,Yes,Yes,Yes,Yes,Yes,Yes,Yes,Two Year,Yes,Credit Card,114.05,0.0,0,No,6254,11,49-72
Female,46,Yes,1,6,10,Offer D,Yes,19.05,No,No Internet Service,0,No,No,No,No,No,No,No,No,Month-to-Month,Yes,Bank Withdrawal,19.8,0.0,0,No,3196,1,0-12
Female,40,Yes,2,5,72,Offer A,Yes,9.72,Yes,Cable,15,Yes,Yes,Yes,Yes,No,Yes,Yes,No,Two Year,No,Bank Withdrawal,80.85,0.0,10,No,6317,9,49-72
Female,55,No,0,0,28,No Offer,Yes,25.59,No,Cable,7,No,Yes,No,Yes,No,No,No,Yes,Month-to-Month,No,Bank Withdrawal,54.65,0.0,0,No,3185,5,25-48
Male,36,Yes,0,3,38,No Offer,Yes,12.71,Yes,Fiber Optic,9,Yes,No,No,No,Yes,No,No,Yes,Month-to-Month,No,Bank Withdrawal,91.7,0.0,0,No,3676,6,25-48
Female,25,No,0,0,61,Offer B,Yes,38.78,Yes,Fiber Optic,42,Yes,Yes,Yes,Yes,Yes,Yes,Yes,Yes,One Year,Yes,Bank Withdrawal,118.6,0.0,0,No,5536,11,49-72
Male,34,Yes,1,6,52,Offer B,Yes,29.55,Yes,No Internet Service,0,No,No,No,No,No,No,No,No,Two Year,No,Credit Card,24.55,0.0,0,No,5535,2,49-72
Male,45,No,0,0,67,Offer A,Yes,9.05,No,No Internet Service,0,No,No,No,No,No,No,No,No,One Year,Yes,Credit Card,19.45,0.0,0,No,5343,1,49-72
Female,26,No,3,0,34,No Offer,Yes,27.47,Yes,Fiber Optic,51,Yes,Yes,Yes,Yes,Yes,Yes,Yes,Yes,Two Year,Yes,Credit Card,116.15,0.0,0,No,5104,11,25-48
Female,46,No,0,0,54,No Offer,Yes,36.68,No,DSL,28,Yes,No,Yes,Yes,Yes,Yes,Yes,No,Two Year,No,Bank Withdrawal,80.6,0.0,140,No,4231,8,49-72
Female,60,Yes,0,7,1,No Offer,Yes,6.64,No,No Internet Service,0,No,No,No,No,No,No,No,No,Month-to-Month,Yes,Bank Withdrawal,20.3,0.0,0,No,4215,1,0-12
Female,26,No,2,0,46,No Offer,Yes,17.51,No,Fiber Optic,85,No,Yes,Yes,No,Yes,Yes,Yes,Yes,Month-to-Month,Yes,Bank Withdrawal,99.8,0.0,0,No,2405,8,25-48
Female,27,Yes,2,7,55,No Offer,Yes,33.5,Yes,DSL,51,Yes,Yes,No,Yes,Yes,No,No,Yes,One Year,Yes,Credit Card,75.0,0.0,0,No,5011,8,49-72
Female,21,No,0,0,1,No Offer,Yes,1.5,No,No Internet Service,0,No,No,No,No,No,No,No,No,Month-to-Month,No,Credit Card,19.9,0.0,0,No,5057,1,0-12
Female,29,Yes,0,1,58,No Offer,Yes,31.27,Yes,DSL,59,Yes,No,Yes,Yes,Yes,Yes,Yes,Yes,Two Year,Yes,Bank Withdrawal,84.3,0.0,0,No,5724,10,49-72
Male,20,Yes,0,10,56,No Offer,No,0.0,No,DSL,30,No,No,Yes,Yes,Yes,Yes,Yes,No,One Year,Yes,Bank Withdrawal,54.05,0.0,40,No,6445,6,49-72
Male,43,Yes,3,5,72,Offer A,Yes,6.95,No,Fiber Optic,57,Yes,No,Yes,Yes,Yes,Yes,Yes,Yes,Two Year,Yes,Credit Card,104.9,0.0,0,No,5169,9,49-72
Male,35,No,0,0,22,Offer D,Yes,11.46,Yes,Fiber Optic,16,No,No,No,No,No,Yes,Yes,Yes,Month-to-Month,No,Bank Withdrawal,83.05,0.0,0,No,5357,6,13-24
Female,35,No,0,0,39,No Offer,No,0.0,No,DSL,8,No,Yes,Yes,Yes,No,No,No,Yes,Month-to-Month,No,Bank Withdrawal,41.1,0.0,0,No,3618,5,25-48
Female,47,No,0,0,12,No Offer,Yes,36.11,No,DSL,13,No,No,No,No,No,No,No,Yes,Month-to-Month,Yes,Bank Withdrawal,45.0,0.0,0,No,4998,3,0-12
Male,48,Yes,0,8,54,No Offer,Yes,14.18,No,DSL,25,Yes,Yes,No,No,Yes,Yes,Yes,Yes,Two Year,Yes,Bank Withdrawal,74.55,0.0,0,No,4544,8,49-72
Female,28,No,0,0,18,No Offer,No,0.0,No,DSL,48,Yes,Yes,No,Yes,No,No,No,No,One Year,Yes,Credit Card,40.2,0.0,90,No,4624,4,13-24
Male,47,Yes,0,7,32,No Offer,Yes,44.45,No,DSL,6,Yes,Yes,No,Yes,No,Yes,Yes,Yes,One Year,No,Credit Card,70.5,0.0,0,No,5870,8,25-48
Female,40,No,0,0,41,No Offer,Yes,37.46,No,No Internet Service,0,No,No,No,No,No,No,No,No,One Year,Yes,Credit Card,19.75,0.0,0,No,5678,1,25-48
Male,60,Yes,2,6,67,No Offer,Yes,14.41,Yes,No Internet Service,0,No,No,No,No,No,No,No,No,Two Year,No,Bank Withdrawal,24.65,0.0,0,No,4444,2,49-72
Male,48,Yes,0,4,65,No Offer,Yes,41.2,Yes,Fiber Optic,10,Yes,No,Yes,No,Yes,Yes,Yes,Yes,Month-to-Month,Yes,Bank Withdrawal,104.25,0.0,0,No,5089,9,49-72
Female,19,No,0,0,25,No Offer,Yes,28.05,Yes,Cable,85,Yes,Yes,Yes,Yes,Yes,No,No,Yes,Month-to-Month,Yes,Bank Withdrawal,78.35,0.0,0,No,4855,9,25-48
Female,50,Yes,0,6,67,No Offer,Yes,17.72,Yes,Fiber Optic,23,No,Yes,Yes,Yes,Yes,Yes,Yes,Yes,One Year,Yes,Credit Card,109.7,0.0,0,No,4017,10,49-72
Female,37,No,0,0,24,No Offer,Yes,35.56,No,Fiber Optic,3,Yes,No,No,No,Yes,Yes,Yes,Yes,Month-to-Month,Yes,Bank Withdrawal,94.6,0.0,0,No,3667,7,13-24
Male,29,Yes,1,2,69,No Offer,Yes,23.55,No,No Internet Service,0,No,No,No,No,No,No,No,No,Two Year,No,Bank Withdrawal,20.2,0.0,0,No,5463,1,49-72
Female,28,No,3,0,37,No Offer,Yes,10.23,No,No Internet Service,0,No,No,No,No,No,No,No,No,One Year,No,Bank Withdrawal,20.3,0.0,0,No,4186,1,25-48
Male,33,Yes,1,4,20,No Offer,No,0.0,No,Cable,22,Yes,No,Yes,Yes,No,No,No,Yes,Two Year,Yes,Credit Card,39.4,0.0,0,No,3899,5,13-24
Male,54,No,0,0,7,No Offer,Yes,21.12,No,Fiber Optic,7,No,No,No,No,No,No,No,Yes,Month-to-Month,No,Bank Withdrawal,69.15,0.0,0,No,4320,3,0-12
Male,50,No,0,0,41,No Offer,No,0.0,No,Cable,8,No,No,Yes,No,Yes,Yes,Yes,No,One Year,Yes,Bank Withdrawal,51.35,0.0,80,No,5622,5,25-48
Female,36,No,0,0,54,No Offer,Yes,34.27,No,Fiber Optic,20,Yes,Yes,No,No,Yes,Yes,Yes,Yes,One Year,Yes,Credit Card,100.05,0.0,0,No,4478,8,49-72
Female,59,No,0,0,53,No Offer,Yes,33.88,No,Fiber Optic,6,No,Yes,Yes,Yes,No,Yes,Yes,Yes,One Year,Yes,Credit Card,94.45,0.0,0,No,5452,8,49-72
Male,25,Yes,2,2,18,No Offer,No,0.0,No,DSL,59,No,Yes,Yes,No,Yes,No,No,Yes,One Year,No,Credit Card,46.4,0.0,0,No,4003,5,13-24
Male,61,Yes,0,1,64,No Offer,Yes,4.76,No,Fiber Optic,8,Yes,Yes,No,Yes,Yes,Yes,Yes,Yes,Two Year,Yes,Credit Card,104.05,0.0,0,No,4337,9,49-72
Female,41,No,0,0,20,No Offer,No,0.0,No,DSL,21,No,No,No,No,No,No,No,Yes,Month-to-Month,No,Credit Card,24.9,0.0,0,No,5942,2,13-24
Male,37,Yes,3,7,57,No Offer,Yes,14.55,No,DSL,58,Yes,Yes,No,Yes,No,No,No,No,One Year,No,Credit Card,59.6,0.0,70,No,4778,5,49-72
Male,58,Yes,3,0,13,No Offer,No,0.0,No,DSL,57,Yes,Yes,No,Yes,No,No,No,Yes,Two Year,No,Credit Card,40.55,0.0,0,No,2898,5,13-24
Male,60,Yes,2,8,57,No Offer,Yes,29.64,No,No Internet Service,0,No,No,No,No,No,No,No,No,Two Year,No,Credit Card,20.75,0.0,0,No,4937,1,49-72
Male,50,Yes,0,8,71,No Offer,Yes,27.16,Yes,Fiber Optic,3,No,Yes,Yes,Yes,Yes,Yes,Yes,Yes,One Year,Yes,Bank Withdrawal,113.15,0.0,0,No,4068,10,49-72
Female,56,Yes,2,1,7,Offer E,Yes,9.1,Yes,DSL,28,No,No,No,No,No,No,No,Yes,Month-to-Month,No,Bank Withdrawal,48.8,0.0,0,No,4785,4,0-12
Female,56,No,0,0,16,No Offer,Yes,42.73,Yes,DSL,23,No,No,No,No,No,Yes,Yes,No,Month-to-Month,Yes,Bank Withdrawal,63.05,0.0,10,No,3214,5,13-24
Male,21,Yes,0,8,34,No Offer,Yes,33.55,Yes,Fiber Optic,41,No,No,Yes,No,Yes,Yes,Yes,Yes,Month-to-Month,No,Bank Withdrawal,100.85,0.0,0,No,5891,8,25-48
Male,58,No,0,0,16,No Offer,Yes,34.18,Yes,Fiber Optic,8,No,Yes,No,No,No,No,No,Yes,Month-to-Month,Yes,Credit Card,80.55,0.0,0,No,5183,5,13-24
Male,39,No,3,0,48,No Offer,Yes,26.24,Yes,Cable,53,Yes,Yes,Yes,No,No,No,No,Yes,One Year,Yes,Bank Withdrawal,64.4,0.0,0,No,2545,7,25-48
Male,54,Yes,2,9,58,No Offer,Yes,35.35,No,DSL,29,No,Yes,No,Yes,Yes,Yes,Yes,Yes,One Year,Yes,Credit Card,75.2,0.0,0,No,4559,8,49-72
Female,36,Yes,0,7,72,No Offer,Yes,1.34,Yes,DSL,19,Yes,No,Yes,Yes,Yes,Yes,Yes,Yes,Two Year,Yes,Bank Withdrawal,84.9,0.0,0,No,4447,10,49-72
Female,51,No,0,0,7,No Offer,Yes,7.32,No,No Internet Service,0,No,No,No,No,No,No,No,No,Month-to-Month,No,Credit Card,19.3,0.0,0,No,4764,1,0-12
Female,52,No,0,0,30,No Offer,Yes,4.22,No,DSL,13,Yes,Yes,Yes,Yes,Yes,No,No,No,One Year,No,Credit Card,74.65,0.0,50,No,5616,7,25-48
Male,33,Yes,0,0,31,No Offer,Yes,28.72,Yes,Cable,21,No,No,No,No,Yes,No,No,Yes,Month-to-Month,Yes,Credit Card,59.05,0.0,0,No,5841,5,25-48
Male,32,Yes,0,4,50,No Offer,Yes,46.91,No,No Internet Service,0,No,No,No,No,No,No,No,No,Two Year,No,Credit Card,20.55,0.0,0,No,4745,1,49-72
Male,31,Yes,0,10,28,No Offer,Yes,21.91,No,Fiber Optic,5,No,No,No,Yes,No,No,No,Yes,Month-to-Month,No,Bank Withdrawal,76.55,0.0,0,No,2085,4,25-48
Female,52,No,0,0,66,No Offer,No,0.0,No,DSL,15,Yes,Yes,Yes,Yes,Yes,Yes,Yes,Yes,Two Year,Yes,Bank Withdrawal,62.5,0.0,0,No,4165,9,49-72
Female,25,Yes,3,2,41,No Offer,Yes,43.19,No,Fiber Optic,59,No,No,Yes,No,Yes,Yes,Yes,Yes,Month-to-Month,Yes,Bank Withdrawal,94.9,0.0,0,No,3539,7,25-48
Female,29,No,0,0,7,Offer E,Yes,16.2,No,No Internet Service,0,No,No,No,No,No,No,No,No,One Year,No,Credit Card,19.9,0.0,0,No,2750,1,0-12
Female,26,Yes,2,6,38,No Offer,Yes,2.86,No,No Internet Service,0,No,No,No,No,No,No,No,No,Month-to-Month,No,Credit Card,20.45,0.0,0,No,5587,1,25-48
Male,25,No,0,0,44,No Offer,Yes,38.33,No,Fiber Optic,41,Yes,Yes,Yes,No,Yes,Yes,Yes,Yes,One Year,Yes,Bank Withdrawal,106.05,0.0,0,No,4588,9,25-48
Male,58,Yes,1,7,47,No Offer,Yes,9.19,Yes,Fiber Optic,19,Yes,Yes,Yes,Yes,Yes,Yes,Yes,Yes,One Year,Yes,Bank Withdrawal,113.45,0.0,0,No,3729,11,25-48
Male,25,Yes,2,5,53,No Offer,Yes,24.33,No,Fiber Optic,52,No,Yes,No,Yes,Yes,No,No,Yes,Month-to-Month,Yes,Bank Withdrawal,92.55,0.0,0,No,4700,6,49-72
Male,49,Yes,0,7,4,Offer E,Yes,10.13,Yes,DSL,3,No,No,Yes,No,Yes,No,No,Yes,Month-to-Month,No,Bank Withdrawal,65.6,0.0,0,No,4552,6,0-12
Male,25,No,0,0,24,No Offer,Yes,38.68,No,DSL,73,No,No,Yes,No,No,No,No,Yes,Month-to-Month,Yes,Credit Card,49.7,0.0,0,No,5832,4,13-24
Male,59,Yes,2,8,15,No Offer,No,0.0,No,Cable,16,Yes,No,No,No,No,No,No,Yes,Month-to-Month,Yes,Bank Withdrawal,30.2,0.0,0,No,5825,3,13-24
Female,45,No,0,0,24,No Offer,Yes,30.18,No,DSL,4,Yes,No,No,Yes,No,No,No,Yes,Month-to-Month,No,Credit Card,56.35,0.0,0,No,5128,5,13-24
Female,39,No,0,0,33,No Offer,Yes,49.69,Yes,Fiber Optic,12,No,Yes,Yes,No,Yes,Yes,Yes,Yes,Month-to-Month,No,Bank Withdrawal,107.55,0.0,0,No,4800,9,25-48
Female,48,Yes,3,9,58,Offer B,Yes,11.81,No,No Internet Service,0,No,No,No,No,No,No,No,No,Two Year,Yes,Credit Card,19.85,0.0,0,No,6440,1,49-72
Female,26,Yes,3,9,72,No Offer,Yes,11.85,Yes,Fiber Optic,59,Yes,Yes,No,No,Yes,No,No,Yes,Two Year,Yes,Bank Withdrawal,95.9,0.0,0,No,4213,7,49-72
Female,55,Yes,0,4,71,No Offer,Yes,21.19,Yes,No Internet Service,0,No,No,No,No,No,No,No,No,Two Year,No,Credit Card,23.85,0.0,0,No,6166,2,49-72
Male,20,Yes,0,5,51,Offer B,Yes,6.89,No,Cable,41,Yes,Yes,Yes,Yes,Yes,Yes,Yes,Yes,Two Year,Yes,Credit Card,83.85,0.0,0,No,5703,10,49-72
Male,24,No,3,0,14,No Offer,Yes,36.73,No,Cable,52,Yes,Yes,Yes,Yes,No,Yes,Yes,Yes,Two Year,No,Bank Withdrawal,76.1,0.0,0,No,2045,9,13-24
Female,61,Yes,3,9,72,No Offer,Yes,21.84,Yes,DSL,30,Yes,Yes,No,Yes,Yes,No,No,Yes,Two Year,No,Credit Card,74.55,0.0,0,No,4703,8,49-72
Female,53,Yes,1,4,22,No Offer,No,0.0,No,DSL,19,No,Yes,No,No,Yes,No,No,No,Month-to-Month,No,Bank Withdrawal,39.2,0.0,50,No,3288,3,13-24
Female,45,No,0,0,2,Offer E,Yes,25.56,Yes,Fiber Optic,6,No,Yes,No,No,No,No,No,Yes,Month-to-Month,No,Bank Withdrawal,79.55,0.0,0,No,5965,5,0-12
Female,48,No,0,0,15,No Offer,Yes,39.87,No,No Internet Service,0,No,No,No,No,No,No,No,No,Month-to-Month,No,Credit Card,19.6,0.0,0,No,3195,1,13-24
Male,40,Yes,1,1,51,Offer B,Yes,28.96,No,No Internet Service,0,No,No,No,No,No,No,No,No,Two Year,No,Credit Card,19.55,0.0,0,No,5974,1,49-72
Male,47,Yes,0,1,70,No Offer,No,0.0,No,DSL,18,Yes,No,Yes,Yes,No,No,No,Yes,Two Year,Yes,Credit Card,39.15,0.0,0,No,5840,5,49-72
Female,45,Yes,2,1,71,No Offer,Yes,31.03,No,No Internet Service,0,No,No,No,No,No,No,No,No,Two Year,No,Bank Withdrawal,20.1,0.0,0,No,5043,1,49-72
Female,35,Yes,3,1,39,No Offer,Yes,24.38,Yes,Fiber Optic,53,No,No,No,Yes,Yes,Yes,Yes,Yes,Month-to-Month,Yes,Credit Card,99.95,0.0,0,No,4447,8,25-48
Female,27,Yes,1,1,61,Offer B,Yes,26.7,Yes,DSL,30,Yes,Yes,No,No,No,No,No,No,Month-to-Month,No,Bank Withdrawal,59.8,0.0,100,No,5381,5,49-72
Female,33,No,0,0,52,Offer B,Yes,38.93,No,DSL,8,Yes,No,No,No,No,No,No,Yes,Month-to-Month,Yes,Bank Withdrawal,49.75,0.0,0,No,6334,4,49-72
Male,27,Yes,0,1,64,Offer B,Yes,4.01,Yes,Fiber Optic,71,Yes,No,Yes,Yes,Yes,Yes,Yes,Yes,One Year,Yes,Credit Card,108.5,0.0,0,No,4576,10,49-72
Male,47,Yes,0,1,62,Offer B,Yes,33.7,No,Cable,15,No,Yes,Yes,Yes,No,No,No,Yes,Two Year,Yes,Credit Card,60.15,0.0,0,No,4404,6,49-72
Male,64,Yes,0,1,30,No Offer,Yes,11.38,No,No Internet Service,0,No,No,No,No,No,No,No,No,Two Year,No,Credit Card,19.05,0.0,0,No,2347,1,25-48
Female,27,No,0,0,1,Offer E,Yes,23.04,No,Cable,82,No,No,No,No,No,No,No,Yes,Month-to-Month,Yes,Credit Card,44.55,0.0,0,No,5825,3,0-12
Male,59,Yes,0,1,15,No Offer,Yes,18.6,Yes,Fiber Optic,13,No,No,Yes,Yes,Yes,Yes,Yes,No,Month-to-Month,Yes,Bank Withdrawal,103.45,0.0,140,No,5640,8,13-24
Male,47,Yes,3,1,27,No Offer,Yes,15.71,No,Fiber Optic,53,Yes,Yes,No,No,No,No,No,Yes,One Year,Yes,Credit Card,80.65,0.0,0,No,5856,5,25-48
Female,31,No,3,0,4,Offer E,No,0.0,No,Cable,52,Yes,Yes,Yes,No,Yes,Yes,Yes,Yes,Month-to-Month,Yes,Credit Card,57.2,0.0,0,No,2421,8,0-12
Female,48,Yes,0,1,72,No Offer,Yes,39.74,Yes,Fiber Optic,5,Yes,Yes,Yes,No,Yes,Yes,Yes,Yes,Two Year,Yes,Bank Withdrawal,110.75,0.0,0,No,4848,10,49-72
Female,33,No,0,0,36,No Offer,Yes,44.87,No,Cable,8,Yes,Yes,Yes,Yes,Yes,No,No,Yes,One Year,Yes,Credit Card,76.35,0.0,0,No,4771,8,25-48
Male,24,No,0,0,1,Offer E,Yes,49.51,No,No Internet Service,0,No,No,No,No,No,No,No,No,Month-to-Month,No,Credit Card,18.9,0.0,0,No,4480,1,0-12
Female,33,Yes,0,0,71,No Offer,Yes,3.09,No,DSL,26,Yes,Yes,Yes,Yes,Yes,Yes,Yes,Yes,Two Year,Yes,Credit Card,84.4,0.0,0,No,5619,10,49-72
Male,27,Yes,1,4,10,No Offer,Yes,4.16,Yes,No Internet Service,0,No,No,No,No,No,No,No,No,Month-to-Month,Yes,Credit Card,24.4,0.0,0,No,4458,2,0-12
Male,55,Yes,1,4,20,No Offer,Yes,3.87,No,No Internet Service,0,No,No,No,No,No,No,No,No,Two Year,No,Credit Card,20.05,0.0,0,No,4328,1,13-24
Female,57,No,0,0,4,Offer E,Yes,38.96,No,DSL,10,No,No,No,No,Yes,No,No,Yes,Month-to-Month,No,Credit Card,55.5,0.0,0,No,2328,4,0-12
Male,49,No,0,0,2,Offer E,Yes,22.56,No,Fiber Optic,15,Yes,Yes,No,No,Yes,Yes,Yes,No,Month-to-Month,No,Bank Withdrawal,100.2,0.0,10,No,4855,7,0-12
Female,30,No,0,0,29,No Offer,Yes,15.06,No,No Internet Service,0,No,No,No,No,No,No,No,No,Two Year,No,Credit Card,19.4,0.0,0,No,2265,1,25-48
Male,56,No,0,0,13,No Offer,Yes,46.92,No,No Internet Service,0,No,No,No,No,No,No,No,No,Month-to-Month,Yes,Bank Withdrawal,20.4,0.0,0,No,2486,1,13-24
Female,60,Yes,0,4,59,Offer B,Yes,16.39,Yes,Fiber Optic,14,Yes,Yes,No,No,Yes,No,No,Yes,Month-to-Month,Yes,Bank Withdrawal,94.75,0.0,0,No,5238,7,49-72
Male,41,Yes,0,10,18,Offer D,Yes,45.92,No,DSL,17,No,No,No,No,No,No,No,Yes,Month-to-Month,Yes,Bank Withdrawal,44.35,0.0,0,No,2935,3,13-24
Female,22,Yes,2,8,17,Offer D,Yes,44.9,No,DSL,47,Yes,Yes,No,No,Yes,Yes,Yes,Yes,Month-to-Month,No,Credit Card,74.55,0.0,0,No,4451,8,13-24
Male,55,Yes,0,10,47,Offer B,Yes,14.14,No,DSL,28,No,Yes,Yes,No,Yes,Yes,Yes,Yes,Two Year,No,Bank Withdrawal,73.6,0.0,0,No,4795,8,25-48
Male,51,Yes,2,10,19,Offer D,Yes,9.47,Yes,DSL,13,No,No,No,No,No,No,No,No,Month-to-Month,No,Credit Card,50.1,0.0,120,No,5749,3,13-24
Female,27,Yes,0,8,2,Offer E,Yes,36.05,No,No Internet Service,0,No,No,No,No,No,No,No,No,Month-to-Month,No,Bank Withdrawal,19.85,0.0,0,No,4107,1,0-12
Male,23,No,0,0,7,Offer E,No,0.0,No,Cable,48,No,No,No,No,No,No,No,Yes,One Year,Yes,Credit Card,24.35,0.0,0,No,4665,2,0-12
Female,49,No,0,0,18,Offer D,Yes,10.67,No,No Internet Service,0,No,No,No,No,No,No,No,No,Month-to-Month,Yes,Credit Card,19.55,0.0,0,No,2386,1,13-24
Female,46,Yes,0,0,71,No Offer,Yes,44.84,Yes,No Internet Service,0,No,No,No,No,No,No,No,No,Two Year,No,Credit Card,25.05,0.0,0,No,6334,2,49-72
Male,38,Yes,0,8,72,No Offer,Yes,16.5,Yes,Fiber Optic,22,No,Yes,Yes,No,Yes,Yes,Yes,No,Two Year,Yes,Bank Withdrawal,103.75,0.0,130,No,4655,8,49-72
Male,35,Yes,3,4,66,No Offer,No,0.0,No,Cable,25,No,Yes,Yes,No,Yes,Yes,Yes,Yes,Two Year,Yes,Credit Card,56.75,0.0,0,No,5748,7,49-72
Male,19,Yes,2,6,24,Offer C,Yes,25.84,No,No Internet Service,0,No,No,No,No,No,No,No,No,One Year,Yes,Credit Card,20.8,0.0,0,No,4654,1,13-24
Female,20,Yes,2,2,56,Offer B,Yes,31.53,Yes,No Internet Service,0,No,No,No,No,No,No,No,No,Two Year,Yes,Credit Card,24.45,0.0,0,No,5577,2,49-72
Female,27,No,0,0,42,Offer B,Yes,22.08,No,Cable,26,Yes,Yes,Yes,No,No,No,No,Yes,Month-to-Month,No,Bank Withdrawal,59.65,0.0,0,No,3048,6,25-48
Female,28,Yes,3,3,72,No Offer,Yes,24.48,Yes,Cable,69,Yes,No,Yes,Yes,Yes,Yes,Yes,No,Two Year,Yes,Bank Withdrawal,83.3,0.0,80,No,4505,9,49-72
Female,47,No,0,0,12,Offer D,Yes,21.93,Yes,Fiber Optic,16,No,No,No,Yes,No,No,No,Yes,Month-to-Month,Yes,Credit Card,79.55,0.0,0,No,3445,5,0-12
Male,24,Yes,0,2,71,No Offer,Yes,33.61,Yes,No Internet Service,0,No,No,No,No,No,No,No,No,Two Year,No,Bank Withdrawal,24.45,0.0,0,No,4766,2,49-72
Female,42,Yes,0,10,26,Offer C,Yes,1.75,No,No Internet Service,0,No,No,No,No,No,No,No,No,One Year,No,Credit Card,19.2,0.0,0,No,3656,1,25-48
Female,33,No,2,0,7,No Offer,No,0.0,No,Cable,19,Yes,No,No,No,No,No,No,Yes,Month-to-Month,No,Credit Card,29.8,0.0,0,No,4236,3,0-12
Female,41,Yes,1,1,6,No Offer,Yes,29.41,No,DSL,29,No,No,No,No,No,No,No,Yes,Month-to-Month,No,Credit Card,45.5,0.0,0,No,5450,3,0-12
Male,61,Yes,0,9,51,No Offer,No,0.0,No,DSL,6,No,Yes,No,No,No,No,No,Yes,Month-to-Month,Yes,Credit Card,30.05,0.0,0,No,5045,3,49-72
Male,32,Yes,1,1,72,No Offer,No,0.0,No,DSL,16,Yes,Yes,Yes,Yes,Yes,Yes,Yes,No,Two Year,Yes,Bank Withdrawal,65.65,0.0,60,No,4934,8,49-72
Female,56,No,0,0,47,No Offer,Yes,45.67,Yes,DSL,3,Yes,Yes,No,Yes,No,Yes,Yes,Yes,Two Year,No,Credit Card,74.05,0.0,0,No,2831,9,25-48
Female,44,Yes,2,10,16,Offer D,Yes,7.14,No,No Internet Service,0,No,No,No,No,No,No,No,No,Two Year,No,Credit Card,19.7,0.0,0,No,5293,1,13-24
Male,60,No,0,0,6,No Offer,Yes,26.76,No,DSL,22,No,No,No,Yes,No,No,No,Yes,Month-to-Month,Yes,Credit Card,49.5,0.0,0,No,5552,4,0-12
Female,19,Yes,1,7,69,No Offer,No,0.0,No,DSL,59,Yes,No,Yes,No,No,Yes,Yes,Yes,Two Year,Yes,Credit Card,43.95,0.0,0,No,4479,6,49-72
Female,41,Yes,0,4,64,No Offer,Yes,8.6,Yes,Fiber Optic,21,No,Yes,Yes,Yes,Yes,Yes,Yes,Yes,Month-to-Month,Yes,Bank Withdrawal,111.15,0.0,0,No,5455,10,49-72
Male,33,No,0,0,25,Offer C,Yes,13.36,No,No Internet Service,0,No,No,No,No,No,No,No,No,Month-to-Month,No,Credit Card,20.6,0.0,0,No,2305,1,25-48
Female,43,No,0,0,6,No Offer,Yes,29.09,No,No Internet Service,0,No,No,No,No,No,No,No,No,Two Year,No,Credit Card,19.65,0.0,0,No,3945,1,0-12
Male,28,Yes,0,9,66,No Offer,Yes,43.77,Yes,Fiber Optic,41,Yes,Yes,Yes,Yes,Yes,Yes,Yes,Yes,One Year,No,Bank Withdrawal,115.8,0.0,0,No,5845,11,49-72
Female,60,No,0,0,61,No Offer,Yes,19.58,Yes,DSL,22,No,Yes,Yes,Yes,Yes,Yes,Yes,Yes,Two Year,No,Credit Card,88.65,0.0,0,No,4730,10,49-72
Female,25,No,0,0,12,Offer D,Yes,8.82,No,No Internet Service,0,No,No,No,No,No,No,No,No,Month-to-Month,No,Credit Card,20.1,0.0,0,No,5179,1,0-12
Female,32,No,0,0,34,Offer C,Yes,45.28,Yes,Cable,27,No,No,No,Yes,Yes,No,No,Yes,Month-to-Month,No,Credit Card,65.0,0.0,0,No,5567,6,25-48
Female,59,Yes,0,10,41,No Offer,No,0.0,No,Cable,17,No,Yes,No,Yes,No,No,No,Yes,One Year,No,Credit Card,35.45,0.0,0,No,2954,4,25-48
Female,53,Yes,1,9,72,No Offer,Yes,48.04,No,No Internet Service,0,No,No,No,No,No,No,No,No,Two Year,No,Credit Card,19.7,0.0,0,No,5451,1,49-72
Female,53,No,0,0,41,No Offer,Yes,2.32,No,No Internet Service,0,No,No,No,No,No,No,No,No,Two Year,Yes,Credit Card,19.85,0.0,0,No,3523,1,25-48
Female,51,Yes,3,3,23,Offer D,Yes,5.7,Yes,Fiber Optic,30,Yes,No,No,No,No,No,No,Yes,One Year,No,Credit Card,81.85,0.0,0,No,5939,5,13-24
Male,36,Yes,3,4,71,No Offer,Yes,28.47,No,Fiber Optic,57,Yes,Yes,Yes,Yes,Yes,Yes,Yes,No,Two Year,No,Credit Card,109.3,0.0,70,No,5737,9,49-72
Male,40,Yes,0,8,72,No Offer,Yes,4.15,Yes,No Internet Service,0,No,No,No,No,No,No,No,No,Two Year,No,Credit Card,25.4,0.0,0,No,6011,2,49-72
Male,48,Yes,3,9,6,No Offer,Yes,38.5,No,Fiber Optic,20,No,No,No,No,No,No,No,Yes,Month-to-Month,Yes,Bank Withdrawal,69.8,0.0,0,No,2651,3,0-12
Male,64,Yes,1,2,23,Offer D,Yes,24.22,No,No Internet Service,0,No,No,No,No,No,No,No,No,One Year,Yes,Credit Card,20.0,0.0,0,No,2170,1,13-24
Female,19,No,0,0,72,No Offer,Yes,41.91,No,Fiber Optic,73,Yes,Yes,Yes,Yes,Yes,Yes,Yes,Yes,Two Year,Yes,Bank Withdrawal,109.9,0.0,0,No,5234,10,49-72
Female,19,Yes,0,7,7,No Offer,Yes,33.24,No,DSL,53,Yes,No,No,No,No,No,No,Yes,Month-to-Month,Yes,Bank Withdrawal,50.3,0.0,0,No,2547,4,0-12
Male,33,Yes,1,1,9,No Offer,Yes,36.94,No,Fiber Optic,16,No,Yes,No,Yes,Yes,Yes,Yes,Yes,Month-to-Month,Yes,Bank Withdrawal,101.5,0.0,0,No,2757,8,0-12
Female,52,No,0,0,12,Offer D,Yes,34.73,Yes,Fiber Optic,6,No,Yes,No,No,No,Yes,Yes,No,Month-to-Month,Yes,Bank Withdrawal,89.15,0.0,70,No,4041,6,0-12
Female,43,No,0,0,1,No Offer,Yes,23.97,No,No Internet Service,0,No,No,No,No,No,No,No,No,Month-to-Month,Yes,Credit Card,19.4,0.0,0,No,2742,1,0-12
Male,45,No,0,0,20,Offer D,Yes,45.39,No,Fiber Optic,24,No,No,No,No,Yes,No,No,Yes,Month-to-Month,No,Bank Withdrawal,78.8,0.0,0,No,2317,4,13-24
Female,25,No,0,0,10,Offer D,Yes,45.42,No,No Internet Service,0,No,No,No,No,No,No,No,No,One Year,Yes,Credit Card,19.3,0.0,0,No,4190,1,0-12
Male,32,Yes,3,7,20,Offer D,Yes,42.06,Yes,Fiber Optic,23,No,Yes,No,Yes,Yes,No,No,Yes,Month-to-Month,No,Credit Card,96.8,0.0,0,No,3222,7,13-24
Male,27,Yes,0,8,20,Offer D,Yes,46.47,No,No Internet Service,0,No,No,No,No,No,No,No,No,One Year,No,Credit Card,20.65,0.0,0,No,4147,1,13-24
Male,33,Yes,1,1,19,Offer D,Yes,13.13,No,No Internet Service,0,No,No,No,No,No,No,No,No,One Year,No,Credit Card,19.8,0.0,0,No,4464,1,13-24
Male,53,Yes,0,1,22,Offer D,Yes,49.66,No,Fiber Optic,3,Yes,Yes,No,Yes,Yes,Yes,Yes,Yes,Month-to-Month,Yes,Bank Withdrawal,104.6,0.0,0,No,2429,9,13-24
Female,63,No,0,0,35,Offer C,Yes,13.14,Yes,Fiber Optic,6,No,No,No,Yes,No,No,No,Yes,Month-to-Month,No,Credit Card,80.05,0.0,0,No,3999,5,25-48
Female,43,No,0,0,1,No Offer,Yes,42.34,No,DSL,10,No,No,No,No,No,No,No,Yes,Month-to-Month,No,Credit Card,45.15,0.0,0,No,4131,3,0-12
Male,43,No,0,0,39,Offer C,Yes,8.69,Yes,Fiber Optic,24,No,No,No,No,No,No,No,Yes,Month-to-Month,Yes,Credit Card,73.15,0.0,0,No,3271,4,25-48
Male,31,No,0,0,56,No Offer,Yes,37.99,Yes,Fiber Optic,24,Yes,No,No,Yes,Yes,Yes,Yes,Yes,Month-to-Month,Yes,Credit Card,105.35,0.0,0,No,5680,9,49-72
Male,58,No,2,0,18,Offer D,Yes,34.07,No,DSL,28,No,No,No,No,No,No,No,No,Month-to-Month,Yes,Credit Card,45.65,0.0,40,No,4403,2,13-24
Female,30,Yes,2,1,16,Offer D,Yes,49.85,Yes,Fiber Optic,69,No,Yes,No,No,No,No,No,Yes,Month-to-Month,Yes,Credit Card,79.95,0.0,0,No,3855,5,13-24
Female,45,No,0,0,68,Offer A,Yes,17.41,No,Cable,27,Yes,No,Yes,No,No,No,No,Yes,One Year,Yes,Credit Card,54.45,0.0,0,No,6309,5,49-72
Female,46,Yes,1,1,72,Offer A,Yes,24.9,Yes,DSL,19,Yes,No,Yes,Yes,Yes,Yes,Yes,Yes,Two Year,No,Credit Card,84.7,0.0,0,No,6375,10,49-72
Male,52,No,0,0,9,Offer E,Yes,7.32,Yes,Fiber Optic,11,No,No,No,No,No,No,No,Yes,Month-to-Month,Yes,Bank Withdrawal,75.85,0.0,0,No,5212,4,0-12
Female,37,No,0,0,30,Offer C,Yes,10.74,No,DSL,13,Yes,No,No,No,No,No,No,Yes,Month-to-Month,Yes,Credit Card,48.8,0.0,0,No,4864,4,25-48
Female,45,No,0,0,18,Offer D,No,0.0,No,DSL,11,No,No,Yes,Yes,No,No,No,No,Month-to-Month,Yes,Bank Withdrawal,35.2,0.0,50,No,5381,3,13-24
Male,63,Yes,0,1,44,No Offer,No,0.0,No,Cable,18,No,Yes,Yes,No,Yes,Yes,Yes,Yes,Two Year,No,Bank Withdrawal,54.3,0.0,0,No,3222,7,25-48
Female,47,Yes,2,1,30,Offer C,Yes,16.48,No,DSL,17,Yes,No,No,Yes,No,Yes,Yes,Yes,Month-to-Month,No,Bank Withdrawal,66.3,0.0,0,No,4631,7,25-48
Female,44,Yes,0,0,71,Offer A,Yes,14.91,No,No Internet Service,0,No,No,No,No,No,No,No,No,Two Year,Yes,Bank Withdrawal,20.9,0.0,0,No,4030,1,49-72
Male,32,Yes,0,1,1,Offer E,Yes,38.89,No,Fiber Optic,9,No,No,Yes,No,No,No,No,Yes,Month-to-Month,No,Credit Card,75.35,0.0,0,No,3514,4,0-12
Female,55,No,2,0,22,No Offer,No,0.0,No,DSL,29,No,No,Yes,No,Yes,Yes,Yes,Yes,One Year,Yes,Credit Card,49.45,0.0,0,No,5941,6,13-24
Female,25,No,1,0,49,No Offer,Yes,45.64,No,No Internet Service,0,No,No,No,No,No,No,No,No,One Year,No,Credit Card,19.45,0.0,0,No,4170,1,49-72
Female,33,Yes,3,10,42,No Offer,Yes,17.75,No,Fiber Optic,53,No,No,Yes,No,Yes,Yes,Yes,Yes,Month-to-Month,Yes,Bank Withdrawal,92.15,0.0,0,No,5697,7,25-48
Female,38,Yes,1,2,7,Offer E,Yes,35.26,No,No Internet Service,0,No,No,No,No,No,No,No,No,Two Year,No,Credit Card,19.85,0.0,0,No,3973,1,0-12
Female,52,Yes,3,10,67,Offer A,Yes,3.04,Yes,Fiber Optic,30,Yes,No,Yes,Yes,No,Yes,Yes,Yes,One Year,Yes,Bank Withdrawal,100.25,0.0,0,No,5588,9,49-72
Male,24,No,0,0,15,No Offer,Yes,9.97,Yes,Fiber Optic,47,No,Yes,No,Yes,No,Yes,Yes,Yes,Month-to-Month,No,Bank Withdrawal,95.7,0.0,0,No,4999,8,13-24
Male,42,Yes,0,5,67,Offer A,Yes,17.4,Yes,Fiber Optic,11,No,Yes,Yes,No,No,Yes,Yes,No,Two Year,Yes,Bank Withdrawal,93.15,0.0,90,No,4001,7,49-72
Male,61,Yes,2,3,53,No Offer,Yes,31.69,No,DSL,16,Yes,Yes,No,Yes,Yes,No,No,Yes,Two Year,Yes,Credit Card,69.7,0.0,0,No,4590,7,49-72
Male,38,Yes,1,10,21,No Offer,Yes,18.0,No,No Internet Service,0,No,No,No,No,No,No,No,No,One Year,No,Credit Card,19.8,0.0,0,No,3243,1,13-24
Female,30,Yes,2,4,40,No Offer,Yes,29.14,No,DSL,48,Yes,Yes,No,Yes,No,Yes,Yes,Yes,Month-to-Month,Yes,Credit Card,71.35,0.0,0,No,5807,8,25-48
Female,49,Yes,2,8,22,No Offer,Yes,45.35,No,No Internet Service,0,No,No,No,No,No,No,No,No,One Year,No,Bank Withdrawal,20.75,0.0,0,No,2258,1,13-24
Male,25,No,0,0,39,Offer C,No,0.0,No,Cable,26,No,No,No,Yes,No,Yes,Yes,Yes,Month-to-Month,Yes,Bank Withdrawal,40.6,0.0,0,No,4436,5,25-48
Female,35,Yes,0,3,2,Offer E,Yes,5.42,No,No Internet Service,0,No,No,No,No,No,No,No,No,Month-to-Month,No,Credit Card,20.35,0.0,0,No,5761,1,0-12
Female,43,Yes,2,3,57,No Offer,Yes,12.26,No,No Internet Service,0,No,No,No,No,No,No,No,No,Two Year,No,Bank Withdrawal,19.75,0.0,0,No,4235,1,49-72
Male,49,Yes,3,10,8,Offer E,Yes,1.56,No,DSL,57,No,No,No,No,Yes,No,No,Yes,Month-to-Month,Yes,Bank Withdrawal,54.4,0.0,0,No,4854,4,0-12
Female,30,Yes,1,3,7,Offer E,Yes,5.84,No,No Internet Service,0,No,No,No,No,No,No,No,No,Month-to-Month,No,Credit Card,20.45,0.0,0,No,4484,1,0-12
Male,49,No,0,0,49,No Offer,Yes,17.77,Yes,DSL,13,No,No,No,Yes,Yes,No,No,Yes,Two Year,Yes,Bank Withdrawal,66.15,0.0,0,No,6138,6,49-72
Female,47,No,0,0,65,No Offer,Yes,38.33,Yes,Fiber Optic,7,Yes,Yes,No,Yes,No,No,No,Yes,One Year,Yes,Bank Withdrawal,89.85,0.0,0,No,6421,7,49-72
Female,48,No,0,0,55,No Offer,Yes,33.6,No,DSL,5,No,No,No,No,No,No,No,Yes,One Year,No,Bank Withdrawal,45.05,0.0,0,No,4055,3,49-72
Male,28,Yes,3,10,71,Offer A,Yes,10.11,Yes,DSL,59,Yes,Yes,Yes,Yes,Yes,Yes,Yes,Yes,Two Year,No,Bank Withdrawal,86.85,0.0,0,No,6452,11,49-72
Male,62,No,0,0,35,Offer C,Yes,39.87,Yes,Fiber Optic,23,Yes,Yes,Yes,Yes,No,No,No,No,Month-to-Month,Yes,Credit Card,96.75,0.0,130,No,5154,7,25-48
Male,29,No,0,0,17,No Offer,Yes,38.78,Yes,Fiber Optic,59,Yes,Yes,Yes,Yes,Yes,No,No,Yes,Month-to-Month,Yes,Bank Withdrawal,106.65,0.0,0,No,2754,9,13-24
Female,20,Yes,0,5,72,Offer A,Yes,23.7,Yes,Fiber Optic,85,Yes,No,Yes,Yes,Yes,Yes,Yes,Yes,Two Year,Yes,Credit Card,110.15,0.0,0,No,4498,10,49-72
Female,30,Yes,1,4,28,Offer C,Yes,16.13,No,Fiber Optic,69,Yes,No,No,No,No,Yes,Yes,Yes,One Year,Yes,Bank Withdrawal,82.85,0.0,0,No,5802,6,25-48
Female,59,Yes,0,4,18,No Offer,Yes,25.54,No,No Internet Service,0,No,No,No,No,No,No,No,No,Two Year,No,Credit Card,20.1,0.0,0,No,4329,1,13-24
Female,30,No,0,0,52,No Offer,Yes,9.37,No,DSL,59,No,No,Yes,No,No,Yes,Yes,Yes,Month-to-Month,Yes,Bank Withdrawal,59.45,0.0,0,No,6107,6,49-72
Female,53,Yes,0,8,47,No Offer,Yes,3.2,No,Cable,18,No,Yes,No,No,Yes,No,No,Yes,Month-to-Month,Yes,Bank Withdrawal,58.6,0.0,0,No,2613,5,25-48
Female,44,No,0,0,23,No Offer,Yes,42.26,No,Cable,2,No,No,Yes,No,No,No,No,No,Month-to-Month,No,Credit Card,49.7,0.0,150,No,4790,3,13-24
Male,59,Yes,2,10,66,Offer A,Yes,26.91,No,Cable,30,Yes,Yes,Yes,Yes,No,No,No,Yes,Two Year,No,Credit Card,65.85,0.0,0,No,5500,7,49-72
Female,22,No,0,0,8,No Offer,Yes,17.3,Yes,Fiber Optic,41,No,No,No,No,No,No,No,Yes,Month-to-Month,Yes,Bank Withdrawal,73.5,0.0,0,No,5777,4,0-12
Female,23,Yes,2,2,71,Offer A,Yes,4.32,Yes,Fiber Optic,41,Yes,Yes,Yes,Yes,Yes,Yes,Yes,Yes,Two Year,No,Credit Card,113.65,0.0,0,No,6208,11,49-72
Male,23,Yes,0,3,46,No Offer,Yes,46.71,No,Cable,41,Yes,Yes,Yes,Yes,No,No,No,Yes,Two Year,No,Credit Card,65.65,0.0,0,No,2680,7,25-48
Female,25,No,0,0,66,Offer A,No,0.0,No,DSL,73,Yes,No,Yes,Yes,Yes,Yes,Yes,No,Two Year,Yes,Bank Withdrawal,61.35,0.0,130,No,4824,7,49-72
Female,60,Yes,0,8,42,No Offer,Yes,20.58,Yes,Fiber Optic,13,No,No,Yes,Yes,No,No,No,Yes,Month-to-Month,Yes,Credit Card,85.9,0.0,0,No,2219,6,25-48
Female,62,No,0,0,5,No Offer,Yes,29.75,No,Fiber Optic,6,No,No,No,Yes,No,No,No,Yes,Month-to-Month,Yes,Credit Card,75.65,0.0,0,No,2296,4,0-12
Male,25,No,0,0,29,Offer C,Yes,28.83,Yes,DSL,47,No,Yes,Yes,No,No,Yes,Yes,Yes,One Year,No,Credit Card,70.9,0.0,0,No,2064,8,25-48
Female,37,Yes,5,5,27,Offer C,Yes,19.32,No,DSL,30,No,Yes,No,No,No,No,No,Yes,Month-to-Month,No,Credit Card,49.85,0.0,0,No,5580,4,25-48
Female,25,Yes,3,1,25,Offer C,Yes,4.57,No,No Internet Service,0,No,No,No,No,No,No,No,No,Two Year,No,Credit Card,20.1,0.0,0,No,5306,1,25-48
Male,36,Yes,0,4,57,No Offer,Yes,31.79,Yes,Fiber Optic,13,Yes,Yes,Yes,Yes,Yes,No,No,Yes,Month-to-Month,Yes,Bank Withdrawal,103.05,0.0,0,No,5586,9,49-72
Female,47,No,0,0,13,No Offer,Yes,34.18,No,Fiber Optic,19,No,No,No,No,Yes,No,No,Yes,Month-to-Month,Yes,Credit Card,81.9,0.0,0,No,2054,4,13-24
Male,42,Yes,3,0,71,Offer A,Yes,37.03,Yes,DSL,26,Yes,No,No,No,Yes,No,No,Yes,One Year,Yes,Bank Withdrawal,66.2,0.0,0,No,4756,6,49-72
Female,57,No,0,0,1,No Offer,Yes,37.62,No,No Internet Service,0,No,No,No,No,No,No,No,No,Month-to-Month,No,Bank Withdrawal,19.75,0.0,0,No,3666,1,0-12
Male,33,Yes,1,3,50,No Offer,Yes,22.3,Yes,No Internet Service,0,No,No,No,No,No,No,No,No,Two Year,No,Credit Card,24.95,0.0,0,No,6019,2,49-72
Male,49,No,0,0,1,No Offer,Yes,16.64,No,Fiber Optic,2,No,No,No,No,Yes,Yes,Yes,Yes,Month-to-Month,Yes,Bank Withdrawal,89.25,0.0,0,No,5579,6,0-12
Male,32,No,0,0,5,No Offer,Yes,21.01,No,No Internet Service,0,No,No,No,No,No,No,No,No,Month-to-Month,Yes,Credit Card,19.25,0.0,0,No,3056,1,0-12
Female,44,No,0,0,66,Offer A,Yes,16.39,Yes,Fiber Optic,26,Yes,Yes,Yes,Yes,Yes,No,No,Yes,One Year,Yes,Bank Withdrawal,104.55,0.0,0,No,4494,9,49-72
Female,32,Yes,2,4,49,No Offer,Yes,33.07,No,DSL,23,Yes,Yes,Yes,Yes,Yes,Yes,Yes,Yes,One Year,Yes,Credit Card,87.2,0.0,0,No,4567,10,49-72
Male,32,Yes,3,3,66,Offer A,Yes,42.84,Yes,No Internet Service,0,No,No,No,No,No,No,No,No,One Year,Yes,Credit Card,25.7,0.0,0,No,5517,2,49-72
Male,31,No,2,0,11,No Offer,Yes,5.84,Yes,Fiber Optic,10,No,No,No,No,No,Yes,Yes,No,Month-to-Month,No,Bank Withdrawal,86.2,0.0,30,No,3157,5,0-12
Male,29,No,0,0,28,Offer C,No,0.0,No,DSL,48,No,No,No,Yes,No,No,No,Yes,Month-to-Month,Yes,Credit Card,30.1,0.0,0,No,2653,3,25-48
Male,31,Yes,0,9,65,No Offer,Yes,30.44,Yes,Fiber Optic,20,Yes,Yes,Yes,No,Yes,No,No,Yes,Two Year,Yes,Bank Withdrawal,99.35,0.0,0,No,6300,8,49-72
Female,45,No,0,0,62,No Offer,Yes,24.03,No,No Internet Service,0,No,No,No,No,No,No,No,No,Two Year,Yes,Credit Card,19.2,0.0,0,No,4937,1,49-72
Female,38,Yes,0,9,2,No Offer,Yes,32.86,No,No Internet Service,0,No,No,No,No,No,No,No,No,Month-to-Month,No,Bank Withdrawal,20.1,0.0,0,No,4158,1,0-12
Female,57,No,0,0,2,No Offer,Yes,2.46,No,No Internet Service,0,No,No,No,No,No,No,No,No,Month-to-Month,No,Credit Card,20.35,0.0,0,No,3746,1,0-12
Female,36,Yes,3,1,55,Offer B,Yes,1.44,Yes,No Internet Service,0,No,No,No,No,No,No,No,No,Two Year,Yes,Credit Card,25.65,0.0,0,No,4466,2,49-72
Female,64,No,0,0,30,No Offer,Yes,2.67,No,Fiber Optic,27,No,No,No,Yes,Yes,Yes,Yes,Yes,One Year,Yes,Bank Withdrawal,94.4,0.0,0,No,4584,7,25-48
Male,58,No,0,0,17,No Offer,Yes,36.47,No,Cable,15,Yes,Yes,No,No,No,No,No,Yes,One Year,No,Credit Card,56.1,0.0,0,No,5025,5,13-24
Female,32,Yes,1,10,16,No Offer,Yes,20.12,No,Cable,30,Yes,Yes,No,Yes,No,Yes,Yes,Yes,Two Year,No,Bank Withdrawal,68.25,0.0,0,No,3559,8,13-24
Male,25,No,0,0,72,Offer A,Yes,29.29,Yes,No Internet Service,0,No,No,No,No,No,No,No,No,Two Year,No,Bank Withdrawal,24.75,0.0,0,No,5398,2,49-72
Male,48,No,0,0,9,No Offer,Yes,34.75,Yes,Fiber Optic,3,No,No,No,No,No,No,No,Yes,Month-to-Month,Yes,Bank Withdrawal,76.25,0.0,0,No,2062,4,0-12
Female,43,No,0,0,1,No Offer,Yes,24.41,No,Fiber Optic,4,No,Yes,No,No,No,No,No,Yes,Month-to-Month,No,Bank Withdrawal,74.35,0.0,0,No,4237,4,0-12
Male,64,No,1,0,23,No Offer,Yes,8.4,No,Cable,27,No,Yes,No,Yes,No,No,No,No,Month-to-Month,No,Bank Withdrawal,54.15,0.0,40,No,2496,4,13-24
Male,28,No,3,0,8,No Offer,Yes,1.95,No,No Internet Service,0,No,No,No,No,No,No,No,No,Month-to-Month,No,Bank Withdrawal,19.45,0.0,0,No,4119,1,0-12
Male,23,Yes,1,3,19,No Offer,No,0.0,No,Cable,52,Yes,Yes,No,No,No,No,No,Yes,Month-to-Month,Yes,Credit Card,34.95,0.0,0,No,3422,4,13-24
Female,46,No,0,0,7,Offer E,Yes,40.42,Yes,Cable,17,Yes,No,No,No,No,No,No,Yes,Month-to-Month,Yes,Bank Withdrawal,53.65,0.0,0,No,4389,5,0-12
Male,24,No,0,0,61,Offer B,Yes,45.69,Yes,Fiber Optic,48,Yes,No,Yes,No,Yes,Yes,Yes,Yes,One Year,No,Bank Withdrawal,104.0,0.0,0,No,4344,9,49-72
Female,32,Yes,0,1,57,Offer B,Yes,48.0,No,Cable,24,Yes,Yes,No,Yes,Yes,No,No,Yes,Two Year,Yes,Credit Card,70.35,0.0,0,No,5779,7,49-72
Male,31,No,3,0,15,No Offer,Yes,43.69,No,DSL,29,Yes,No,Yes,No,No,Yes,Yes,Yes,One Year,No,Credit Card,64.85,0.0,0,No,4442,7,13-24
Female,42,No,0,0,1,Offer E,Yes,23.67,No,No Internet Service,0,No,No,No,No,No,No,No,No,Month-to-Month,No,Credit Card,19.65,0.0,0,No,4639,1,0-12
Female,39,Yes,0,0,12,No Offer,Yes,30.79,No,DSL,4,No,No,No,No,No,No,No,Yes,Month-to-Month,No,Bank Withdrawal,45.9,0.0,0,No,5790,3,0-12
Male,48,No,0,0,54,Offer B,Yes,27.3,No,No Internet Service,0,No,No,No,No,No,No,No,No,Two Year,No,Credit Card,20.0,0.0,0,No,6094,1,49-72
Male,40,Yes,2,1,4,Offer E,Yes,25.9,No,DSL,19,No,No,No,No,No,No,No,Yes,Month-to-Month,No,Bank Withdrawal,44.8,0.0,0,No,2114,3,0-12
Female,23,Yes,0,1,20,No Offer,Yes,27.96,No,No Internet Service,0,No,No,No,No,No,No,No,No,One Year,No,Credit Card,20.35,0.0,0,No,4390,1,13-24
Female,51,No,2,0,26,No Offer,No,0.0,No,DSL,19,Yes,No,No,Yes,No,Yes,Yes,Yes,Month-to-Month,No,Credit Card,45.8,0.0,0,No,3287,6,25-48
Female,36,Yes,0,1,53,Offer B,Yes,18.0,Yes,Fiber Optic,20,No,Yes,Yes,Yes,Yes,Yes,Yes,Yes,One Year,Yes,Bank Withdrawal,108.95,0.0,0,No,4163,10,49-72
Female,38,No,0,0,68,Offer A,No,0.0,No,DSL,28,Yes,Yes,Yes,Yes,Yes,Yes,Yes,No,Two Year,No,Credit Card,64.35,0.0,130,No,4146,8,49-72
Male,64,Yes,2,1,72,Offer A,Yes,20.63,Yes,DSL,26,Yes,Yes,Yes,Yes,Yes,Yes,Yes,Yes,Two Year,Yes,Credit Card,90.8,0.0,0,No,5028,11,49-72
Male,61,No,0,0,12,Offer D,Yes,25.57,Yes,No Internet Service,0,No,No,No,No,No,No,No,No,One Year,No,Credit Card,24.95,0.0,0,No,4443,2,0-12
Female,52,Yes,0,1,68,Offer A,Yes,7.87,Yes,Fiber Optic,4,Yes,Yes,No,No,No,No,No,Yes,Two Year,Yes,Bank Withdrawal,84.7,0.0,0,No,5520,6,49-72
Female,25,No,2,0,50,Offer B,Yes,37.52,No,DSL,71,Yes,No,Yes,Yes,Yes,No,No,Yes,One Year,Yes,Credit Card,70.8,0.0,0,No,4798,7,49-72
Male,62,No,0,0,1,Offer E,Yes,34.02,Yes,DSL,24,No,Yes,No,No,No,No,No,No,Month-to-Month,No,Bank Withdrawal,54.3,0.0,10,No,3259,4,0-12
Female,20,Yes,2,1,23,Offer D,Yes,27.97,Yes,Cable,51,Yes,Yes,Yes,Yes,Yes,Yes,Yes,Yes,Two Year,Yes,Credit Card,91.1,0.0,0,No,5991,11,13-24
Male,49,No,2,0,60,Offer B,Yes,16.59,No,No Internet Service,0,No,No,No,No,No,No,No,No,Two Year,No,Credit Card,19.95,0.0,0,No,5316,1,49-72
Female,21,Yes,0,1,72,Offer A,Yes,22.22,Yes,No Internet Service,0,No,No,No,No,No,No,No,No,Two Year,No,Credit Card,26.45,0.0,0,No,5534,2,49-72
Male,32,No,0,0,72,Offer A,Yes,15.03,No,Cable,22,Yes,Yes,Yes,Yes,Yes,No,No,Yes,Two Year,Yes,Bank Withdrawal,75.1,0.0,0,No,6284,8,49-72
Female,54,Yes,0,7,72,Offer A,Yes,12.85,Yes,Fiber Optic,24,No,Yes,Yes,Yes,Yes,Yes,Yes,No,Two Year,Yes,Bank Withdrawal,110.15,0.0,70,No,5065,9,49-72
Female,19,No,0,0,51,Offer B,Yes,43.79,Yes,Fiber Optic,82,No,Yes,Yes,Yes,Yes,Yes,Yes,Yes,One Year,Yes,Bank Withdrawal,111.5,0.0,0,No,4363,10,49-72
Female,47,Yes,1,2,70,Offer A,Yes,5.93,Yes,Fiber Optic,19,No,Yes,Yes,No,Yes,Yes,Yes,Yes,One Year,Yes,Bank Withdrawal,106.5,0.0,0,No,6319,9,49-72
Male,28,No,0,0,9,No Offer,Yes,4.02,No,No Internet Service,0,No,No,No,No,No,No,No,No,One Year,Yes,Bank Withdrawal,19.9,0.0,0,No,3643,1,0-12
Male,40,Yes,3,1,59,Offer B,Yes,46.1,Yes,Fiber Optic,57,Yes,Yes,No,Yes,Yes,Yes,Yes,Yes,Two Year,Yes,Credit Card,111.1,0.0,0,No,4952,10,49-72
Male,44,No,1,0,3,Offer E,Yes,25.04,No,Cable,17,No,No,No,Yes,Yes,Yes,Yes,Yes,Month-to-Month,No,Credit Card,70.7,0.0,0,No,2584,7,0-12
Female,52,No,0,0,37,No Offer,Yes,11.73,Yes,Fiber Optic,30,Yes,Yes,Yes,No,No,No,No,No,Month-to-Month,No,Bank Withdrawal,91.2,0.0,0,No,5135,6,25-48
Male,35,No,0,0,37,No Offer,Yes,38.43,No,Cable,30,Yes,Yes,Yes,Yes,No,No,No,Yes,Two Year,No,Bank Withdrawal,65.6,0.0,0,No,3183,7,25-48
Female,29,Yes,2,4,14,Offer D,Yes,42.64,No,DSL,69,Yes,Yes,No,Yes,No,No,No,Yes,Month-to-Month,No,Bank Withdrawal,59.45,0.0,0,No,5723,6,13-24
Male,58,Yes,0,9,72,Offer A,Yes,40.78,Yes,Fiber Optic,22,Yes,Yes,No,Yes,Yes,Yes,Yes,Yes,Two Year,Yes,Credit Card,109.95,0.0,0,No,6258,10,49-72
Male,25,Yes,3,8,72,Offer A,No,0.0,No,DSL,82,Yes,Yes,Yes,No,No,No,No,Yes,Two Year,No,Credit Card,38.5,0.0,0,No,4710,5,49-72
Female,51,No,0,0,10,Offer D,Yes,17.01,Yes,No Internet Service,0,No,No,No,No,No,No,No,No,Month-to-Month,Yes,Credit Card,24.5,0.0,0,No,5594,2,0-12
Male,38,Yes,2,5,10,Offer E,Yes,46.23,No,No Internet Service,0,No,No,No,No,No,No,No,No,One Year,Yes,Credit Card,19.7,0.0,0,No,4890,1,0-12
Male,55,No,0,0,1,Offer E,Yes,1.48,No,No Internet Service,0,No,No,No,No,No,No,No,No,Month-to-Month,No,Credit Card,20.6,0.0,0,No,5370,1,0-12
Female,42,No,0,0,29,No Offer,Yes,14.46,No,DSL,25,Yes,No,Yes,Yes,No,No,No,Yes,One Year,No,Credit Card,58.0,0.0,0,No,2810,6,25-48
Female,37,No,0,0,8,Offer E,Yes,8.73,Yes,DSL,28,Yes,Yes,Yes,No,No,No,No,Yes,Month-to-Month,Yes,Bank Withdrawal,65.5,0.0,0,No,3033,7,0-12
Male,48,Yes,0,2,61,Offer B,Yes,11.53,Yes,No Internet Service,0,No,No,No,No,No,No,No,No,Two Year,No,Bank Withdrawal,25.45,0.0,0,No,6015,2,49-72
Male,35,Yes,1,5,72,Offer A,Yes,17.49,Yes,Fiber Optic,12,No,Yes,Yes,No,Yes,Yes,Yes,No,One Year,Yes,Credit Card,104.45,0.0,130,No,4750,8,49-72
Male,50,Yes,2,8,12,Offer D,Yes,33.9,No,No Internet Service,0,No,No,No,No,No,No,No,No,Month-to-Month,Yes,Bank Withdrawal,21.15,0.0,0,No,5209,1,0-12
Male,22,No,0,0,7,No Offer,Yes,45.93,Yes,Fiber Optic,48,No,No,No,No,Yes,Yes,Yes,Yes,Month-to-Month,No,Bank Withdrawal,96.2,0.0,0,No,4329,7,0-12
Male,19,No,0,0,9,Offer E,Yes,38.65,No,DSL,26,No,No,No,No,No,No,No,Yes,Month-to-Month,Yes,Credit Card,44.4,0.0,0,No,5457,3,0-12
Male,54,Yes,2,2,58,Offer B,Yes,5.01,Yes,Fiber Optic,23,No,No,Yes,Yes,No,Yes,Yes,Yes,Two Year,No,Bank Withdrawal,94.35,0.0,0,No,4777,8,49-72
Male,37,Yes,2,5,2,Offer E,Yes,7.27,No,No Internet Service,0,No,No,No,No,No,No,No,No,Month-to-Month,No,Credit Card,20.3,0.0,0,No,5113,1,0-12
Female,24,Yes,0,5,40,Offer B,Yes,22.2,Yes,Fiber Optic,76,Yes,No,Yes,No,Yes,Yes,Yes,Yes,One Year,No,Bank Withdrawal,105.75,0.0,0,No,4078,9,25-48
Male,43,No,0,0,9,Offer E,Yes,34.34,Yes,Fiber Optic,6,Yes,No,No,No,No,No,No,No,Month-to-Month,Yes,Bank Withdrawal,81.15,0.0,50,No,4544,4,0-12
Male,62,No,0,0,41,Offer B,Yes,45.22,No,Fiber Optic,15,No,Yes,No,Yes,Yes,No,No,Yes,One Year,Yes,Bank Withdrawal,89.55,0.0,0,No,5549,6,25-48
Female,27,No,0,0,26,No Offer,Yes,39.84,No,Cable,42,No,Yes,Yes,No,No,No,No,Yes,Month-to-Month,Yes,Credit Card,54.75,0.0,0,No,4020,5,25-48
Female,27,Yes,0,1,33,No Offer,Yes,15.45,No,Cable,59,No,Yes,No,Yes,No,No,No,Yes,One Year,Yes,Credit Card,53.75,0.0,0,No,3160,5,25-48
Male,56,Yes,2,9,68,No Offer,Yes,8.88,No,Fiber Optic,17,No,Yes,Yes,Yes,Yes,Yes,Yes,Yes,One Year,No,Credit Card,105.75,0.0,0,No,4437,9,49-72
Male,47,No,0,0,55,Offer B,Yes,27.65,No,Cable,26,No,Yes,No,Yes,No,Yes,Yes,No,One Year,Yes,Bank Withdrawal,64.2,0.0,0,No,5151,6,49-72
Male,49,No,0,0,19,Offer D,Yes,43.11,No,Fiber Optic,2,No,No,No,Yes,No,Yes,Yes,Yes,One Year,Yes,Credit Card,87.7,0.0,0,No,4446,6,13-24
Female,42,No,0,0,45,Offer B,Yes,13.82,Yes,Fiber Optic,8,No,No,Yes,No,No,Yes,Yes,Yes,Month-to-Month,Yes,Credit Card,89.3,0.0,0,No,5470,7,25-48
Female,32,Yes,1,0,70,No Offer,Yes,26.85,No,No Internet Service,0,No,No,No,No,No,No,No,No,Two Year,Yes,Credit Card,20.15,0.0,0,No,5219,1,49-72
Female,60,Yes,0,10,12,Offer D,Yes,40.34,No,No Internet Service,0,No,No,No,No,No,No,No,No,Two Year,Yes,Bank Withdrawal,20.05,0.0,0,No,5453,1,0-12
Male,20,No,3,0,72,No Offer,No,0.0,No,Cable,71,Yes,Yes,Yes,Yes,Yes,Yes,Yes,Yes,Two Year,No,Credit Card,67.2,0.0,0,No,5592,9,49-72
Male,38,No,0,0,12,Offer D,Yes,13.88,Yes,Fiber Optic,8,No,No,No,No,Yes,Yes,Yes,Yes,Month-to-Month,No,Bank Withdrawal,94.55,0.0,0,No,5674,7,0-12
Male,54,Yes,3,10,70,No Offer,Yes,39.06,Yes,Fiber Optic,75,Yes,Yes,Yes,Yes,Yes,Yes,Yes,Yes,Two Year,No,Credit Card,114.75,0.0,0,No,5035,11,49-72
Female,30,No,0,0,31,No Offer,Yes,38.78,Yes,Fiber Optic,59,No,No,No,No,No,No,No,Yes,Month-to-Month,Yes,Bank Withdrawal,76.05,0.0,0,No,2421,4,25-48
Female,26,No,0,0,33,No Offer,Yes,16.76,Yes,Fiber Optic,85,Yes,No,No,No,No,Yes,Yes,Yes,Month-to-Month,Yes,Bank Withdrawal,90.65,0.0,0,No,4460,7,25-48
Female,62,No,0,0,59,Offer B,Yes,28.32,Yes,DSL,9,Yes,No,No,Yes,No,Yes,Yes,No,One Year,No,Bank Withdrawal,68.7,0.0,150,No,4244,7,49-72
Female,33,No,0,0,66,No Offer,Yes,31.93,Yes,Fiber Optic,15,No,Yes,No,No,Yes,No,No,Yes,One Year,Yes,Bank Withdrawal,88.9,0.0,0,No,5868,6,49-72
Male,28,Yes,3,1,37,No Offer,Yes,35.67,No,DSL,76,Yes,No,Yes,Yes,No,No,No,Yes,One Year,Yes,Credit Card,58.75,0.0,0,No,3483,6,25-48
Male,47,Yes,3,9,69,No Offer,Yes,26.35,Yes,DSL,53,Yes,No,Yes,Yes,Yes,Yes,Yes,Yes,Two Year,No,Bank Withdrawal,86.9,0.0,0,No,4667,10,49-72
Male,36,No,0,0,10,Offer D,Yes,1.48,No,DSL,25,No,Yes,No,No,Yes,No,No,No,Month-to-Month,Yes,Credit Card,59.65,0.0,90,No,2385,4,0-12
Male,50,No,1,0,13,Offer D,Yes,30.19,No,DSL,17,No,No,No,No,Yes,Yes,Yes,Yes,Month-to-Month,No,Credit Card,66.4,0.0,0,No,3660,6,13-24
Female,64,Yes,3,6,69,No Offer,Yes,11.47,No,No Internet Service,0,No,No,No,No,No,No,No,No,Two Year,No,Bank Withdrawal,20.15,0.0,0,No,4554,1,49-72
Male,52,Yes,2,9,46,Offer B,Yes,38.45,No,DSL,15,Yes,No,Yes,Yes,No,No,No,Yes,One Year,No,Credit Card,56.9,0.0,0,No,4258,6,25-48
Female,36,Yes,2,5,56,Offer B,Yes,13.94,Yes,Fiber Optic,11,Yes,No,Yes,Yes,Yes,Yes,Yes,Yes,Month-to-Month,Yes,Credit Card,109.6,0.0,0,No,5012,10,49-72
Male,28,Yes,3,0,70,No Offer,Yes,1.22,Yes,No Internet Service,0,No,No,No,No,No,No,No,No,Two Year,No,Credit Card,25.15,0.0,0,No,5114,2,49-72
Female,47,Yes,2,2,33,No Offer,Yes,31.59,Yes,Cable,18,No,No,Yes,Yes,Yes,Yes,Yes,No,One Year,Yes,Bank Withdrawal,79.15,0.0,20,No,3555,8,25-48
Female,56,Yes,3,8,72,No Offer,Yes,22.62,Yes,Cable,27,Yes,Yes,No,Yes,No,No,No,Yes,Two Year,No,Credit Card,66.75,0.0,0,No,6063,7,49-72
Female,59,No,2,0,19,Offer D,Yes,4.03,No,Cable,26,No,No,No,Yes,No,No,No,Yes,Month-to-Month,No,Credit Card,48.8,0.0,0,No,3749,4,13-24
Female,48,Yes,0,8,71,No Offer,Yes,43.61,No,Cable,27,No,Yes,Yes,Yes,Yes,Yes,Yes,Yes,Two Year,Yes,Credit Card,80.7,0.0,0,No,5617,9,49-72
Male,29,No,0,0,1,Offer E,Yes,7.32,No,No Internet Service,0,No,No,No,No,No,No,No,No,Month-to-Month,No,Credit Card,20.55,0.0,0,No,4801,1,0-12
Female,58,No,0,0,61,Offer B,Yes,5.55,Yes,Fiber Optic,7,Yes,Yes,Yes,Yes,Yes,Yes,Yes,Yes,One Year,Yes,Credit Card,115.1,0.0,0,No,4785,11,49-72
Female,44,Yes,1,6,71,Offer A,No,0.0,No,Cable,19,Yes,Yes,No,Yes,Yes,Yes,Yes,Yes,Two Year,No,Bank Withdrawal,59.7,0.0,0,No,6420,8,49-72
Female,48,Yes,0,5,68,Offer A,Yes,9.76,Yes,Fiber Optic,15,No,Yes,Yes,No,No,No,No,No,One Year,No,Credit Card,86.45,0.0,150,No,4480,5,49-72
Male,35,No,0,0,46,Offer B,No,0.0,No,DSL,18,No,No,Yes,Yes,No,No,No,Yes,One Year,No,Credit Card,33.7,0.0,0,No,3007,4,25-48
Male,29,No,0,0,33,No Offer,Yes,25.71,Yes,Fiber Optic,48,Yes,No,No,No,No,No,No,Yes,One Year,No,Bank Withdrawal,80.1,0.0,0,No,3957,5,25-48
Female,64,Yes,1,1,53,Offer B,Yes,28.36,Yes,Fiber Optic,17,Yes,Yes,Yes,Yes,No,Yes,Yes,Yes,Two Year,Yes,Bank Withdrawal,104.05,0.0,0,No,4190,10,49-72
Female,44,No,0,0,57,No Offer,No,0.0,No,DSL,24,Yes,No,Yes,Yes,No,No,No,Yes,One Year,Yes,Credit Card,41.1,0.0,0,No,5281,5,49-72
Female,48,Yes,4,1,54,No Offer,Yes,41.93,No,No Internet Service,0,No,No,No,No,No,No,No,No,Two Year,Yes,Bank Withdrawal,20.35,0.0,0,No,5646,1,49-72
Female,59,Yes,1,1,10,Offer D,Yes,25.89,No,DSL,22,No,Yes,No,Yes,No,Yes,Yes,Yes,Month-to-Month,Yes,Bank Withdrawal,65.5,0.0,0,No,3137,7,0-12
Male,41,No,2,0,43,No Offer,No,0.0,No,DSL,25,Yes,Yes,Yes,No,No,No,No,Yes,Month-to-Month,Yes,Bank Withdrawal,40.45,0.0,0,No,3176,5,25-48
Female,42,Yes,0,1,43,No Offer,Yes,38.53,No,DSL,27,Yes,No,Yes,Yes,Yes,Yes,Yes,Yes,Two Year,Yes,Bank Withdrawal,78.8,24.9,0,No,3972,9,25-48
Male,20,Yes,3,1,1,No Offer,Yes,24.33,No,Fiber Optic,59,No,No,No,No,Yes,Yes,Yes,Yes,Month-to-Month,Yes,Bank Withdrawal,90.1,0.0,0,No,4142,6,0-12
Female,46,No,0,0,69,Offer A,Yes,25.73,No,DSL,22,Yes,No,Yes,Yes,Yes,Yes,Yes,Yes,Two Year,Yes,Credit Card,82.45,15.38,0,No,4631,9,49-72
Female,64,Yes,0,1,61,No Offer,Yes,10.94,No,No Internet Service,0,No,No,No,No,No,No,No,No,Two Year,No,Credit Card,20.25,5.15,0,No,5974,1,49-72
Male,42,Yes,0,1,43,No Offer,Yes,26.1,Yes,DSL,17,Yes,Yes,No,Yes,No,No,No,Yes,Month-to-Month,No,Bank Withdrawal,66.25,6.41,0,No,2168,7,25-48
Male,43,Yes,0,1,56,No Offer,Yes,3.79,No,Fiber Optic,14,No,No,No,No,Yes,Yes,Yes,Yes,Month-to-Month,No,Credit Card,89.7,41.66,0,No,5955,6,49-72
Female,21,Yes,0,5,70,Offer A,No,0.0,No,Cable,46,Yes,Yes,Yes,Yes,Yes,Yes,Yes,Yes,Two Year,No,Bank Withdrawal,64.55,46.06,0,No,4858,9,49-72
Male,27,Yes,2,7,49,No Offer,Yes,36.08,Yes,Fiber Optic,59,No,Yes,Yes,No,Yes,No,No,Yes,One Year,Yes,Bank Withdrawal,93.65,33.13,0,No,5542,7,49-72
Female,26,Yes,1,1,32,No Offer,Yes,19.76,No,DSL,59,Yes,Yes,Yes,Yes,No,Yes,Yes,Yes,Two Year,No,Credit Card,73.6,12.66,0,No,4343,9,25-48
Male,45,No,1,0,37,No Offer,Yes,49.99,No,Cable,27,Yes,Yes,No,Yes,No,No,No,No,Two Year,No,Credit Card,61.45,48.79,110,No,5447,5,25-48
Female,59,Yes,0,9,69,Offer A,Yes,24.17,No,Fiber Optic,5,Yes,Yes,No,Yes,Yes,Yes,Yes,Yes,One Year,Yes,Credit Card,106.4,3.59,0,No,4328,9,49-72
Female,26,Yes,0,7,26,No Offer,Yes,11.23,No,Cable,48,No,Yes,Yes,Yes,Yes,Yes,Yes,Yes,Month-to-Month,No,Bank Withdrawal,81.9,44.86,0,No,3350,9,25-48
Female,61,Yes,3,2,58,No Offer,Yes,43.01,Yes,Fiber Optic,30,No,Yes,Yes,No,Yes,Yes,Yes,Yes,One Year,Yes,Credit Card,105.2,34.83,0,No,4605,9,49-72
Male,28,No,0,0,24,No Offer,Yes,7.52,Yes,Cable,85,No,No,No,Yes,No,No,No,Yes,One Year,No,Bank Withdrawal,54.6,28.42,0,No,3398,5,13-24
Male,27,Yes,2,1,5,No Offer,Yes,41.21,No,No Internet Service,0,No,No,No,No,No,No,No,No,One Year,No,Bank Withdrawal,20.55,0.0,0,No,3629,1,0-12
Female,24,Yes,1,1,30,No Offer,Yes,12.85,No,No Internet Service,0,No,No,No,No,No,No,No,No,Two Year,No,Credit Card,19.7,49.79,0,No,5045,1,25-48
Female,41,Yes,0,0,55,No Offer,Yes,35.38,Yes,Cable,13,Yes,Yes,No,Yes,No,No,No,No,One Year,Yes,Credit Card,66.05,44.53,150,No,5501,6,49-72
Male,19,Yes,2,1,44,No Offer,No,0.0,No,Cable,59,Yes,Yes,Yes,Yes,No,Yes,Yes,Yes,Two Year,Yes,Credit Card,54.05,47.45,0,No,4896,8,25-48
Female,55,No,0,0,47,No Offer,Yes,26.35,No,Cable,5,Yes,Yes,No,Yes,No,No,No,Yes,One Year,Yes,Credit Card,58.9,0.0,0,No,5774,6,25-48
Female,31,Yes,0,10,64,No Offer,Yes,19.22,No,Fiber Optic,21,Yes,No,No,Yes,Yes,Yes,Yes,Yes,One Year,Yes,Credit Card,96.9,13.37,0,No,5369,8,49-72
Male,61,No,0,0,1,No Offer,Yes,44.22,No,No Internet Service,0,No,No,No,No,No,No,No,No,Month-to-Month,No,Credit Card,19.1,0.0,0,No,2091,1,0-12
Male,38,No,0,0,20,Offer D,Yes,49.81,No,DSL,4,No,No,No,Yes,No,No,No,Yes,Month-to-Month,No,Credit Card,50.0,2.81,0,No,5741,4,13-24
Female,23,Yes,0,1,37,No Offer,No,0.0,No,DSL,27,Yes,No,No,Yes,Yes,No,No,Yes,Two Year,No,Bank Withdrawal,45.4,44.13,0,No,4051,5,25-48
Male,63,Yes,2,9,30,No Offer,Yes,21.72,Yes,Fiber Optic,19,No,No,No,No,Yes,No,No,No,Month-to-Month,No,Bank Withdrawal,85.45,23.13,120,No,3409,4,25-48
Female,57,No,0,0,38,No Offer,Yes,25.11,Yes,DSL,13,Yes,Yes,Yes,No,Yes,Yes,Yes,Yes,One Year,No,Bank Withdrawal,84.1,0.0,0,No,2604,10,25-48
Female,22,Yes,0,3,52,No Offer,No,0.0,No,DSL,52,Yes,Yes,Yes,Yes,Yes,Yes,Yes,Yes,Two Year,No,Credit Card,66.25,0.0,0,No,4275,9,49-72
Male,20,No,3,0,71,Offer A,Yes,4.76,No,DSL,52,Yes,Yes,Yes,Yes,Yes,No,No,Yes,Two Year,Yes,Credit Card,76.9,0.0,0,No,4633,8,49-72
Male,56,No,0,0,66,Offer A,Yes,45.57,Yes,DSL,11,Yes,Yes,Yes,No,No,Yes,Yes,Yes,Two Year,Yes,Credit Card,74.6,0.0,0,No,4838,9,49-72
Male,45,Yes,0,9,72,Offer A,Yes,17.87,Yes,Fiber Optic,3,Yes,Yes,Yes,Yes,Yes,Yes,Yes,Yes,Two Year,Yes,Credit Card,116.95,0.0,0,No,5949,11,49-72
Male,56,No,2,0,25,No Offer,No,0.0,No,DSL,18,Yes,No,No,No,Yes,No,No,Yes,One Year,Yes,Credit Card,40.65,0.0,0,No,5079,4,25-48
Male,24,Yes,3,7,69,Offer A,Yes,37.97,Yes,Fiber Optic,27,Yes,Yes,Yes,Yes,Yes,Yes,Yes,No,Two Year,Yes,Bank Withdrawal,114.35,0.0,10,No,6082,10,49-72
Male,54,Yes,3,9,53,No Offer,Yes,27.93,Yes,DSL,57,Yes,Yes,No,No,No,Yes,Yes,Yes,Two Year,No,Bank Withdrawal,69.7,0.0,0,No,4975,8,49-72
Male,26,No,0,0,26,No Offer,Yes,37.0,No,Fiber Optic,76,No,No,Yes,Yes,Yes,Yes,Yes,Yes,Month-to-Month,Yes,Bank Withdrawal,98.65,0.0,0,No,4191,8,25-48
Male,25,No,0,0,21,Offer D,Yes,39.85,No,DSL,52,No,No,Yes,No,No,Yes,Yes,Yes,Month-to-Month,No,Credit Card,61.65,0.0,0,No,2926,6,13-24
Female,38,No,1,0,1,No Offer,Yes,5.36,No,Fiber Optic,19,No,No,No,No,Yes,Yes,Yes,Yes,Month-to-Month,Yes,Bank Withdrawal,89.35,0.0,0,No,2432,6,0-12
Male,28,No,0,0,48,No Offer,Yes,4.15,Yes,Fiber Optic,46,Yes,No,No,Yes,No,Yes,Yes,Yes,Month-to-Month,Yes,Bank Withdrawal,95.4,0.0,0,No,4334,8,25-48
Female,24,Yes,0,4,26,No Offer,No,0.0,No,DSL,51,Yes,No,Yes,No,No,No,No,Yes,One Year,No,Credit Card,35.4,0.0,0,No,2519,4,25-48
Male,39,Yes,0,7,60,No Offer,Yes,30.14,No,No Internet Service,0,No,No,No,No,No,No,No,No,Two Year,No,Credit Card,19.95,0.0,0,No,5971,1,49-72
Male,50,No,0,0,18,Offer D,Yes,31.33,No,No Internet Service,0,No,No,No,No,No,No,No,No,Month-to-Month,No,Credit Card,19.25,0.0,0,No,4769,1,13-24
Female,52,No,1,0,4,No Offer,Yes,32.15,No,No Internet Service,0,No,No,No,No,No,No,No,No,One Year,Yes,Credit Card,20.4,0.0,0,No,5602,1,0-12
Male,52,Yes,2,4,65,No Offer,Yes,36.5,Yes,No Internet Service,0,No,No,No,No,No,No,No,No,Two Year,No,Credit Card,24.75,0.0,0,No,6263,2,49-72
Male,63,Yes,1,6,70,Offer A,Yes,10.46,Yes,No Internet Service,0,No,No,No,No,No,No,No,No,Two Year,No,Credit Card,25.35,0.0,0,No,6059,2,49-72
Male,44,No,2,0,62,No Offer,Yes,24.48,No,No Internet Service,0,No,No,No,No,No,No,No,No,Two Year,No,Bank Withdrawal,20.0,0.0,0,No,4402,1,49-72
Female,58,Yes,2,9,66,Offer A,Yes,8.39,No,DSL,16,Yes,No,No,No,Yes,No,No,Yes,Two Year,Yes,Bank Withdrawal,59.75,0.0,0,No,5979,5,49-72
Female,23,Yes,2,0,65,Offer B,Yes,4.75,Yes,DSL,69,Yes,Yes,No,Yes,Yes,Yes,Yes,No,Two Year,Yes,Bank Withdrawal,82.5,0.0,40,No,5314,9,49-72
Female,19,No,0,0,34,No Offer,Yes,36.75,No,No Internet Service,0,No,No,No,No,No,No,No,No,Month-to-Month,No,Credit Card,20.35,0.0,0,No,2864,1,25-48
Male,49,Yes,2,8,16,Offer D,Yes,48.71,Yes,Fiber Optic,12,No,No,Yes,No,Yes,No,No,Yes,Month-to-Month,Yes,Bank Withdrawal,90.8,0.0,0,No,5560,6,13-24
Male,54,Yes,0,10,71,Offer A,Yes,37.69,No,Fiber Optic,8,No,Yes,Yes,Yes,Yes,Yes,Yes,Yes,Two Year,Yes,Bank Withdrawal,105.25,0.0,0,No,6319,9,49-72
Male,45,No,0,0,18,Offer D,Yes,12.97,Yes,No Internet Service,0,No,No,No,No,No,No,No,No,One Year,No,Credit Card,23.75,0.0,0,No,3076,2,13-24
Male,54,No,0,0,4,No Offer,Yes,37.7,No,DSL,2,No,No,No,Yes,Yes,No,No,No,Month-to-Month,Yes,Bank Withdrawal,61.3,0.0,10,No,5281,4,0-12
Female,28,Yes,2,1,58,Offer B,Yes,2.87,Yes,DSL,69,Yes,No,Yes,Yes,Yes,No,No,Yes,Two Year,No,Credit Card,75.8,0.0,0,No,4292,8,49-72
Female,33,Yes,0,10,56,Offer B,Yes,37.5,Yes,Fiber Optic,11,Yes,No,No,No,Yes,Yes,Yes,Yes,One Year,Yes,Bank Withdrawal,98.0,0.0,0,No,4615,8,49-72
Male,24,Yes,2,8,56,Offer B,No,0.0,No,Cable,41,Yes,Yes,No,Yes,Yes,No,No,Yes,One Year,Yes,Credit Card,52.0,0.0,0,No,5845,6,49-72
Female,58,No,0,0,4,No Offer,Yes,1.1,Yes,Cable,19,No,No,No,Yes,Yes,No,No,Yes,Month-to-Month,Yes,Credit Card,64.4,0.0,0,No,3334,6,0-12
Male,34,No,0,0,10,No Offer,Yes,15.45,No,Cable,22,No,No,No,No,No,No,No,Yes,Month-to-Month,Yes,Credit Card,45.8,0.0,0,No,5586,3,0-12
Male,52,No,0,0,4,No Offer,No,0.0,No,Cable,22,No,No,No,Yes,No,No,No,Yes,Month-to-Month,No,Bank Withdrawal,30.5,0.0,0,No,3030,3,0-12
Female,63,Yes,0,1,51,Offer B,Yes,45.76,No,Fiber Optic,13,No,No,No,No,No,No,No,No,Month-to-Month,No,Credit Card,69.15,0.0,110,No,5187,2,49-72
Female,29,No,0,0,6,No Offer,No,0.0,No,Cable,48,No,No,No,Yes,Yes,Yes,Yes,Yes,One Year,Yes,Credit Card,49.25,0.0,0,No,2979,6,0-12
Male,45,Yes,2,7,63,Offer B,No,0.0,No,DSL,16,No,Yes,Yes,Yes,No,No,No,Yes,Two Year,No,Bank Withdrawal,39.35,0.0,0,No,5374,5,49-72
Female,22,Yes,0,4,48,Offer B,Yes,39.25,Yes,Fiber Optic,51,No,Yes,No,Yes,Yes,Yes,Yes,Yes,Month-to-Month,Yes,Credit Card,105.1,0.0,0,No,3109,9,25-48
Female,44,No,1,0,35,No Offer,Yes,25.52,No,No Internet Service,0,No,No,No,No,No,No,No,No,One Year,Yes,Credit Card,20.1,0.0,0,No,3726,1,25-48
Male,58,No,0,0,2,No Offer,Yes,1.97,No,No Internet Service,0,No,No,No,No,No,No,No,No,Month-to-Month,No,Credit Card,19.75,0.0,0,No,4064,1,0-12
Female,63,No,0,0,50,Offer B,Yes,37.95,No,No Internet Service,0,No,No,No,No,No,No,No,No,One Year,No,Bank Withdrawal,19.75,0.0,0,No,4934,1,49-72
Female,43,No,0,0,33,No Offer,Yes,49.45,No,Fiber Optic,19,No,No,No,No,No,No,No,No,Month-to-Month,Yes,Bank Withdrawal,70.4,0.0,60,No,4860,2,25-48
Male,59,No,0,0,31,No Offer,Yes,34.57,No,No Internet Service,0,No,No,No,No,No,No,No,No,Two Year,No,Credit Card,20.45,0.0,0,No,2598,1,25-48
Female,22,Yes,1,9,9,No Offer,Yes,30.83,No,No Internet Service,0,No,No,No,No,No,No,No,No,Two Year,No,Credit Card,20.35,0.0,0,No,5352,1,0-12
Female,40,Yes,2,7,54,Offer B,Yes,4.33,Yes,DSL,12,No,Yes,Yes,Yes,Yes,Yes,Yes,Yes,Month-to-Month,Yes,Bank Withdrawal,86.2,0.0,0,No,6275,10,49-72
Female,27,No,0,0,46,Offer B,Yes,30.6,No,Fiber Optic,59,Yes,Yes,Yes,No,Yes,No,No,Yes,One Year,Yes,Credit Card,95.65,0.0,0,No,4727,7,25-48
Male,35,No,1,0,34,Offer C,Yes,4.28,Yes,Fiber Optic,16,Yes,Yes,No,No,Yes,Yes,Yes,Yes,One Year,Yes,Bank Withdrawal,103.8,0.0,0,No,5382,9,25-48
Male,28,Yes,2,7,71,Offer A,Yes,39.09,Yes,Fiber Optic,69,Yes,No,No,No,Yes,Yes,Yes,Yes,Two Year,Yes,Bank Withdrawal,97.2,0.0,0,No,4603,8,49-72
Female,62,Yes,2,6,63,Offer B,Yes,1.18,No,DSL,27,Yes,Yes,Yes,Yes,No,No,No,No,Two Year,No,Credit Card,63.55,0.0,90,No,5733,6,49-72
Female,56,No,0,0,51,Offer B,Yes,44.35,Yes,No Internet Service,0,No,No,No,No,No,No,No,No,Two Year,No,Bank Withdrawal,24.95,0.0,0,No,5458,2,49-72
Female,35,Yes,0,7,64,Offer B,Yes,35.92,No,Fiber Optic,11,Yes,No,Yes,No,Yes,Yes,Yes,Yes,Two Year,Yes,Bank Withdrawal,99.0,0.0,0,No,5483,8,49-72
Female,54,No,0,0,15,No Offer,Yes,15.28,No,Fiber Optic,16,No,No,Yes,No,Yes,Yes,Yes,Yes,Month-to-Month,Yes,Credit Card,94.0,0.0,0,No,4521,7,13-24
Female,40,No,0,0,18,No Offer,Yes,38.32,Yes,DSL,20,No,No,No,No,No,No,No,Yes,Month-to-Month,Yes,Bank Withdrawal,50.3,0.0,0,No,5877,4,13-24
Female,35,Yes,2,3,57,Offer B,Yes,42.18,No,Fiber Optic,22,No,Yes,No,No,Yes,Yes,Yes,Yes,One Year,Yes,Bank Withdrawal,95.0,0.0,0,No,6245,7,49-72
Male,20,Yes,1,3,14,No Offer,Yes,10.74,No,DSL,59,Yes,Yes,No,No,No,Yes,Yes,No,Two Year,Yes,Bank Withdrawal,61.4,0.0,20,No,3186,6,13-24
Male,23,Yes,0,10,70,Offer A,Yes,21.68,Yes,Fiber Optic,30,Yes,Yes,Yes,Yes,Yes,Yes,Yes,Yes,Two Year,No,Credit Card,114.3,0.0,0,No,4280,11,49-72
Female,33,No,0,0,38,Offer C,Yes,41.63,No,No Internet Service,0,No,No,No,No,No,No,No,No,Two Year,No,Credit Card,20.05,0.0,0,No,2295,1,25-48
Male,38,Yes,1,4,68,Offer A,Yes,36.51,No,DSL,24,Yes,Yes,Yes,Yes,No,No,No,Yes,Two Year,No,Credit Card,62.65,0.0,0,No,5215,7,49-72
Female,27,No,0,0,30,Offer C,Yes,34.49,Yes,Fiber Optic,59,No,No,Yes,No,Yes,Yes,Yes,No,Month-to-Month,No,Bank Withdrawal,100.45,0.0,80,No,3936,7,25-48
Male,39,Yes,0,10,51,Offer B,Yes,9.99,Yes,DSL,5,No,No,No,Yes,Yes,Yes,Yes,Yes,Two Year,Yes,Bank Withdrawal,75.2,0.0,0,No,4708,8,49-72
Female,30,No,0,0,31,Offer C,Yes,24.21,Yes,Fiber Optic,48,Yes,No,Yes,No,No,No,No,Yes,Month-to-Month,Yes,Credit Card,84.75,0.0,0,No,3727,6,25-48
Female,35,Yes,1,5,72,Offer A,Yes,32.59,Yes,DSL,14,Yes,Yes,Yes,Yes,No,Yes,Yes,Yes,Two Year,Yes,Bank Withdrawal,79.5,0.0,0,No,4390,10,49-72
Female,62,No,0,0,37,Offer C,Yes,30.17,No,No Internet Service,0,No,No,No,No,No,No,No,No,One Year,Yes,Bank Withdrawal,19.8,0.0,0,No,5987,1,25-48
Male,19,No,0,0,55,Offer B,Yes,42.19,No,Fiber Optic,51,Yes,Yes,No,No,Yes,Yes,Yes,Yes,One Year,Yes,Credit Card,100.9,0.0,0,No,5101,8,49-72
Male,55,No,3,0,33,Offer C,Yes,10.36,Yes,Fiber Optic,53,Yes,No,Yes,No,No,Yes,Yes,Yes,Month-to-Month,Yes,Bank Withdrawal,95.3,0.0,0,No,3087,8,25-48
Female,23,Yes,3,2,46,Offer B,Yes,6.26,No,Fiber Optic,48,No,No,Yes,Yes,No,Yes,Yes,No,One Year,No,Bank Withdrawal,90.95,0.0,50,No,5187,6,25-48
Female,63,No,3,0,1,No Offer,Yes,33.21,No,DSL,75,Yes,No,No,Yes,No,No,No,Yes,Month-to-Month,No,Bank Withdrawal,54.5,0.0,0,No,4359,5,0-12
Female,43,Yes,1,3,19,No Offer,Yes,7.42,No,DSL,17,No,No,Yes,No,No,No,No,Yes,Month-to-Month,Yes,Bank Withdrawal,49.6,0.0,0,No,5735,4,13-24
Female,62,No,1,0,61,Offer B,Yes,32.05,Yes,No Internet Service,0,No,No,No,No,No,No,No,No,Two Year,Yes,Credit Card,25.0,0.0,0,No,4673,2,49-72
Male,28,No,0,0,26,Offer C,Yes,29.07,No,Cable,42,No,No,No,No,No,No,No,Yes,Month-to-Month,No,Bank Withdrawal,45.45,0.0,0,No,5451,3,25-48
Male,50,Yes,0,0,45,Offer B,Yes,29.81,Yes,Fiber Optic,27,No,Yes,Yes,No,Yes,Yes,Yes,Yes,Month-to-Month,Yes,Bank Withdrawal,107.75,0.0,0,No,3301,9,25-48
Male,23,Yes,2,4,62,Offer B,Yes,37.75,Yes,Fiber Optic,73,No,No,Yes,No,Yes,No,No,Yes,Two Year,Yes,Credit Card,89.1,0.0,0,No,5995,6,49-72
Female,37,No,0,0,3,No Offer,Yes,34.89,No,Cable,13,No,No,No,No,No,No,No,No,Month-to-Month,No,Credit Card,44.75,0.0,10,No,3422,2,0-12
Female,21,Yes,1,7,41,Offer B,Yes,14.73,Yes,Fiber Optic,82,Yes,Yes,Yes,No,No,Yes,Yes,Yes,One Year,Yes,Bank Withdrawal,101.6,0.0,0,No,3275,9,25-48
Male,31,Yes,3,4,67,Offer A,Yes,13.26,No,Fiber Optic,76,No,Yes,Yes,Yes,Yes,Yes,Yes,Yes,Two Year,No,Bank Withdrawal,103.15,0.0,0,No,4376,9,49-72
Female,53,Yes,0,6,71,Offer A,Yes,5.22,Yes,Fiber Optic,10,Yes,Yes,No,No,Yes,No,No,Yes,One Year,No,Credit Card,95.65,0.0,0,No,5856,7,49-72
Female,32,Yes,2,3,37,Offer C,Yes,1.12,No,Cable,23,Yes,Yes,No,No,Yes,Yes,Yes,Yes,One Year,No,Bank Withdrawal,75.1,0.0,0,No,4131,8,25-48
Male,45,Yes,0,5,60,No Offer,Yes,22.22,No,DSL,16,Yes,Yes,No,Yes,No,No,No,Yes,Two Year,Yes,Credit Card,61.35,0.0,0,No,6174,6,49-72
Female,50,No,0,0,6,Offer E,Yes,31.02,No,No Internet Service,0,No,No,No,No,No,No,No,No,Month-to-Month,No,Credit Card,19.7,0.0,0,No,5387,1,0-12
Female,42,Yes,3,8,11,No Offer,Yes,44.84,No,DSL,57,Yes,No,No,No,No,No,No,No,Month-to-Month,No,Bank Withdrawal,51.0,0.0,60,No,5777,3,0-12
Female,45,Yes,3,8,10,No Offer,Yes,32.76,No,Fiber Optic,51,No,No,No,No,Yes,Yes,Yes,Yes,Month-to-Month,Yes,Bank Withdrawal,88.85,0.0,0,No,4531,6,0-12
Male,44,Yes,0,6,34,Offer C,Yes,4.42,No,No Internet Service,0,No,No,No,No,No,No,No,No,Two Year,No,Credit Card,20.05,0.0,0,No,2236,1,25-48
Female,45,No,0,0,62,No Offer,Yes,23.18,No,DSL,18,Yes,No,No,Yes,No,Yes,Yes,Yes,Two Year,Yes,Credit Card,65.1,0.0,0,No,5172,7,49-72
Male,24,Yes,0,5,64,No Offer,Yes,32.93,Yes,DSL,26,No,Yes,No,Yes,No,Yes,Yes,Yes,One Year,Yes,Credit Card,70.15,0.0,0,No,5037,8,49-72
Male,29,No,0,0,25,Offer C,Yes,29.38,No,No Internet Service,0,No,No,No,No,No,No,No,No,Two Year,Yes,Credit Card,20.75,0.0,0,No,5161,1,25-48
Female,30,No,0,0,26,Offer C,Yes,35.75,No,Cable,71,No,Yes,Yes,No,No,No,No,Yes,One Year,Yes,Credit Card,56.05,0.0,0,No,3079,5,25-48
Male,22,No,1,0,10,No Offer,Yes,7.86,No,No Internet Service,0,No,No,No,No,No,No,No,No,One Year,Yes,Bank Withdrawal,19.95,0.0,0,No,3044,1,0-12
Female,52,No,0,0,53,No Offer,Yes,29.39,Yes,Fiber Optic,12,Yes,Yes,Yes,No,Yes,No,No,Yes,One Year,No,Credit Card,98.6,0.0,0,No,4635,8,49-72
Male,59,No,0,0,33,Offer C,Yes,17.63,No,Fiber Optic,19,No,Yes,Yes,No,No,No,No,Yes,Month-to-Month,Yes,Credit Card,79.0,0.0,0,No,4396,5,25-48
Female,25,No,0,0,29,Offer C,Yes,16.38,Yes,Fiber Optic,82,No,No,No,No,No,No,No,Yes,Month-to-Month,Yes,Bank Withdrawal,74.2,0.0,0,No,3982,4,25-48
Male,51,Yes,3,3,24,Offer C,Yes,45.68,Yes,Cable,26,Yes,No,No,Yes,Yes,Yes,Yes,Yes,Month-to-Month,No,Bank Withdrawal,81.0,0.0,0,No,3019,9,13-24
Male,63,Yes,1,5,20,No Offer,Yes,13.18,No,Cable,10,No,No,Yes,No,No,No,No,Yes,Month-to-Month,Yes,Bank Withdrawal,49.6,0.0,0,No,3235,4,13-24
Female,44,No,0,0,1,Offer E,Yes,7.34,Yes,Fiber Optic,11,No,No,No,No,Yes,No,No,No,Month-to-Month,Yes,Bank Withdrawal,84.6,0.0,0,No,2196,4,0-12
Female,45,Yes,3,10,72,Offer A,Yes,37.84,Yes,Cable,53,Yes,No,Yes,Yes,Yes,Yes,Yes,Yes,Two Year,Yes,Bank Withdrawal,84.2,0.0,0,No,5598,10,49-72
Male,26,Yes,0,4,52,No Offer,Yes,49.82,No,Fiber Optic,51,Yes,Yes,Yes,Yes,Yes,Yes,Yes,Yes,Two Year,Yes,Bank Withdrawal,106.3,0.0,0,No,4969,10,49-72
Female,63,No,0,0,9,Offer E,Yes,29.87,No,Fiber Optic,5,No,No,No,No,No,No,No,Yes,Month-to-Month,No,Bank Withdrawal,69.05,0.0,0,No,5121,3,0-12
Female,38,No,0,0,1,Offer E,Yes,49.33,No,DSL,21,No,No,No,No,No,No,No,Yes,Month-to-Month,Yes,Credit Card,45.4,0.0,0,No,4916,3,0-12
Male,55,Yes,1,0,69,Offer A,Yes,8.46,Yes,Fiber Optic,21,No,No,No,Yes,Yes,Yes,Yes,Yes,Two Year,Yes,Bank Withdrawal,99.35,0.0,0,No,4637,8,49-72
Male,37,No,0,0,1,Offer E,Yes,45.77,No,DSL,20,Yes,No,No,No,No,No,No,Yes,Month-to-Month,Yes,Credit Card,50.75,0.0,0,No,2250,4,0-12
Male,60,No,0,0,54,No Offer,Yes,18.54,Yes,DSL,26,Yes,No,Yes,Yes,Yes,Yes,Yes,No,Two Year,No,Bank Withdrawal,87.1,0.0,80,No,5418,9,49-72
Male,51,No,3,0,33,Offer C,Yes,21.16,No,No Internet Service,0,No,No,No,No,No,No,No,No,One Year,Yes,Credit Card,20.15,0.0,0,No,5759,1,25-48
Female,49,No,1,0,11,No Offer,No,0.0,No,DSL,19,No,No,No,No,No,No,No,Yes,Month-to-Month,No,Bank Withdrawal,25.2,0.0,0,No,5916,2,0-12
Male,22,No,0,0,6,No Offer,Yes,3.16,No,DSL,41,Yes,Yes,No,No,No,No,No,Yes,Month-to-Month,Yes,Bank Withdrawal,55.7,0.0,0,No,2482,5,0-12
Male,28,No,0,0,21,No Offer,Yes,16.16,No,DSL,42,Yes,No,Yes,No,Yes,No,No,Yes,Month-to-Month,No,Bank Withdrawal,65.35,0.0,0,No,2887,6,13-24
Female,25,Yes,3,9,65,No Offer,Yes,34.03,Yes,No Internet Service,0,No,No,No,No,No,No,No,No,Two Year,Yes,Bank Withdrawal,25.3,0.0,0,No,4533,2,49-72
Male,60,Yes,2,4,43,No Offer,Yes,2.81,Yes,No Internet Service,0,No,No,No,No,No,No,No,No,Two Year,No,Credit Card,24.25,0.0,0,No,4432,2,25-48
Male,37,Yes,2,7,60,No Offer,Yes,43.24,No,DSL,28,Yes,Yes,Yes,No,No,No,No,Yes,Two Year,No,Bank Withdrawal,60.5,0.0,0,No,6026,6,49-72
Male,48,No,0,0,17,No Offer,No,0.0,No,DSL,11,No,No,No,No,No,No,No,Yes,Month-to-Month,No,Credit Card,25.1,0.0,0,No,4580,2,13-24
Male,24,Yes,1,4,35,Offer C,Yes,41.02,No,No Internet Service,0,No,No,No,No,No,No,No,No,One Year,No,Bank Withdrawal,20.05,0.0,0,No,3942,1,25-48
Female,48,Yes,1,4,12,No Offer,No,0.0,No,DSL,22,No,No,No,Yes,No,No,No,Yes,One Year,No,Credit Card,30.25,0.0,0,No,5988,3,0-12
Male,63,No,0,0,1,No Offer,Yes,13.08,No,No Internet Service,0,No,No,No,No,No,No,No,No,Month-to-Month,No,Credit Card,20.2,0.0,0,No,4496,1,0-12
Female,57,No,0,0,28,Offer C,Yes,11.32,No,DSL,11,Yes,Yes,No,Yes,No,No,No,Yes,One Year,Yes,Bank Withdrawal,59.9,0.0,0,No,4131,6,25-48
Male,61,Yes,0,7,70,Offer A,Yes,9.03,Yes,No Internet Service,0,No,No,No,No,No,No,No,No,Two Year,No,Bank Withdrawal,25.15,0.0,0,No,4279,2,49-72
Male,61,No,0,0,18,No Offer,Yes,7.56,No,Fiber Optic,20,No,Yes,Yes,No,Yes,Yes,Yes,Yes,Month-to-Month,No,Credit Card,101.3,0.0,0,No,5948,8,13-24
Male,46,Yes,0,1,70,Offer A,Yes,18.26,Yes,DSL,18,Yes,No,No,Yes,Yes,Yes,Yes,Yes,Two Year,Yes,Credit Card,76.95,0.0,0,No,6280,9,49-72
Female,51,Yes,3,1,9,No Offer,Yes,23.36,Yes,DSL,22,No,Yes,No,No,No,No,No,Yes,Month-to-Month,Yes,Credit Card,55.3,0.0,0,No,4291,5,0-12
Female,63,No,0,0,1,No Offer,Yes,16.42,No,Cable,21,Yes,No,No,No,No,No,No,Yes,Month-to-Month,Yes,Bank Withdrawal,48.45,0.0,0,No,5838,4,0-12
Female,20,Yes,3,5,18,No Offer,Yes,20.0,No,No Internet Service,0,No,No,No,No,No,No,No,No,Two Year,No,Credit Card,19.35,0.0,0,No,2269,1,13-24
Male,61,Yes,0,10,1,No Offer,Yes,17.68,No,Cable,9,Yes,No,Yes,No,No,No,No,Yes,Month-to-Month,No,Credit Card,55.7,0.0,0,No,5664,5,0-12
Female,19,No,0,0,55,No Offer,Yes,44.85,Yes,Fiber Optic,48,Yes,No,Yes,No,No,No,No,Yes,One Year,Yes,Credit Card,84.25,0.0,0,No,5735,6,49-72
Male,60,No,0,0,59,No Offer,Yes,16.8,No,Cable,18,No,No,Yes,Yes,Yes,No,No,Yes,Month-to-Month,Yes,Bank Withdrawal,64.65,0.0,0,No,5687,6,49-72
Female,19,Yes,0,8,7,No Offer,Yes,41.22,No,Fiber Optic,73,No,No,No,No,No,No,No,Yes,Month-to-Month,Yes,Bank Withdrawal,69.2,0.0,0,No,2551,3,0-12
Male,21,Yes,1,1,45,No Offer,Yes,45.21,No,Cable,59,Yes,No,No,Yes,No,No,No,Yes,Two Year,No,Bank Withdrawal,54.65,0.0,0,No,5083,5,25-48
Female,40,Yes,2,1,54,No Offer,Yes,28.87,Yes,No Internet Service,0,No,No,No,No,No,No,No,No,One Year,Yes,Bank Withdrawal,24.75,0.0,0,No,6466,2,49-72
Male,40,Yes,3,1,51,No Offer,Yes,42.55,Yes,No Internet Service,0,No,No,No,No,No,No,No,No,One Year,Yes,Credit Card,23.95,0.0,0,No,5895,2,49-72
Male,39,Yes,0,1,44,No Offer,Yes,17.61,No,DSL,24,Yes,Yes,No,Yes,No,No,No,Yes,One Year,Yes,Bank Withdrawal,59.85,0.0,0,No,5981,6,25-48
Male,19,No,0,0,2,No Offer,Yes,40.28,No,No Internet Service,0,No,No,No,No,No,No,No,No,Month-to-Month,No,Credit Card,20.05,0.0,0,No,4394,1,0-12
Female,49,No,0,0,66,Offer A,Yes,19.68,Yes,Fiber Optic,28,No,No,Yes,No,Yes,No,No,Yes,One Year,Yes,Bank Withdrawal,92.15,0.0,0,No,4928,6,49-72
Male,39,Yes,2,1,68,Offer A,No,0.0,No,DSL,19,Yes,Yes,No,No,Yes,No,No,Yes,One Year,No,Credit Card,44.8,0.0,0,No,4112,5,49-72
Female,52,No,0,0,31,No Offer,Yes,26.16,No,No Internet Service,0,No,No,No,No,No,No,No,No,Two Year,No,Credit Card,20.9,0.0,0,No,5581,1,25-48
Male,61,No,2,0,21,Offer D,Yes,13.39,Yes,Fiber Optic,24,Yes,No,No,No,No,No,No,Yes,Month-to-Month,No,Bank Withdrawal,80.35,0.0,0,No,4579,5,13-24
Female,37,Yes,3,1,55,No Offer,Yes,8.39,Yes,DSL,52,Yes,No,Yes,Yes,Yes,Yes,Yes,Yes,Two Year,Yes,Bank Withdrawal,85.1,0.0,0,No,5661,10,49-72
Male,37,Yes,1,1,22,Offer D,Yes,37.4,No,No Internet Service,0,No,No,No,No,No,No,No,No,One Year,No,Credit Card,19.95,0.0,0,No,2233,1,13-24
Female,41,Yes,0,1,67,Offer A,Yes,3.2,Yes,DSL,23,No,Yes,Yes,Yes,Yes,Yes,Yes,Yes,Two Year,No,Bank Withdrawal,86.15,0.0,0,No,5037,10,49-72
Male,50,No,0,0,4,No Offer,No,0.0,No,DSL,23,Yes,Yes,No,Yes,No,No,No,Yes,Month-to-Month,No,Credit Card,42.4,0.0,0,No,4282,5,0-12
Male,36,Yes,0,1,70,Offer A,Yes,28.54,Yes,No Internet Service,0,No,No,No,No,No,No,No,No,Two Year,No,Bank Withdrawal,24.25,0.0,0,No,4118,2,49-72
Male,46,No,0,0,20,Offer D,Yes,29.12,No,No Internet Service,0,No,No,No,No,No,No,No,No,Month-to-Month,Yes,Credit Card,19.6,0.0,0,No,5909,1,13-24
Male,50,Yes,2,1,22,Offer D,Yes,37.7,No,No Internet Service,0,No,No,No,No,No,No,No,No,One Year,No,Bank Withdrawal,20.25,0.0,0,No,3339,1,13-24
Female,25,No,0,0,63,No Offer,Yes,16.57,No,No Internet Service,0,No,No,No,No,No,No,No,No,Two Year,Yes,Credit Card,20.6,0.0,0,No,6469,1,49-72
Female,38,Yes,2,1,70,Offer A,Yes,48.44,No,No Internet Service,0,No,No,No,No,No,No,No,No,Two Year,No,Bank Withdrawal,19.8,0.0,0,No,5169,1,49-72
Female,25,No,0,0,5,Offer E,Yes,48.86,No,Fiber Optic,59,No,No,No,No,Yes,No,No,Yes,Month-to-Month,No,Bank Withdrawal,80.2,0.0,0,No,3391,4,0-12
Female,61,Yes,2,1,72,Offer A,Yes,28.86,Yes,Fiber Optic,20,Yes,Yes,Yes,Yes,Yes,Yes,Yes,Yes,Two Year,Yes,Credit Card,116.4,0.0,0,No,6491,11,49-72
Female,27,No,0,0,13,Offer D,No,0.0,No,DSL,27,No,Yes,No,No,No,No,No,Yes,Month-to-Month,Yes,Bank Withdrawal,31.65,0.0,0,No,4959,3,13-24
Male,63,Yes,0,1,61,No Offer,Yes,17.73,No,Fiber Optic,2,No,Yes,Yes,Yes,No,Yes,Yes,Yes,Month-to-Month,No,Credit Card,94.15,0.0,0,No,4806,8,49-72
Male,50,No,0,0,1,Offer E,Yes,1.47,No,No Internet Service,0,No,No,No,No,No,No,No,No,Month-to-Month,No,Bank Withdrawal,20.65,0.0,0,No,2729,1,0-12
Female,35,No,0,0,4,Offer E,Yes,32.54,No,No Internet Service,0,No,No,No,No,No,No,No,No,Month-to-Month,No,Credit Card,20.15,0.0,0,No,5535,1,0-12
Male,64,No,0,0,35,No Offer,Yes,20.39,Yes,DSL,21,Yes,No,No,No,No,No,No,Yes,Two Year,No,Credit Card,55.25,0.0,0,No,5498,5,25-48
Male,62,Yes,0,5,72,Offer A,Yes,22.01,Yes,DSL,5,No,Yes,Yes,No,Yes,Yes,Yes,Yes,Two Year,No,Bank Withdrawal,82.15,0.0,0,No,4552,9,49-72
Female,46,Yes,0,10,44,Offer B,Yes,32.72,Yes,Fiber Optic,6,Yes,Yes,Yes,Yes,No,No,No,Yes,Month-to-Month,Yes,Credit Card,95.1,0.0,0,No,2221,8,25-48
Female,40,Yes,1,2,37,No Offer,Yes,41.03,Yes,Fiber Optic,15,No,Yes,Yes,No,No,Yes,Yes,Yes,Month-to-Month,Yes,Bank Withdrawal,95.15,0.0,0,No,3407,8,25-48
Male,36,Yes,0,7,61,Offer B,Yes,27.88,Yes,DSL,5,No,Yes,Yes,No,Yes,Yes,Yes,No,One Year,Yes,Bank Withdrawal,79.8,0.0,70,No,6432,8,49-72
Male,34,Yes,0,9,70,Offer A,Yes,8.28,Yes,DSL,5,Yes,No,Yes,Yes,No,Yes,Yes,Yes,Two Year,Yes,Credit Card,74.8,0.0,0,No,6447,9,49-72
Female,52,No,0,0,41,Offer B,Yes,15.48,No,No Internet Service,0,No,No,No,No,No,No,No,No,Month-to-Month,No,Bank Withdrawal,20.45,0.0,0,No,2839,1,25-48
Male,25,Yes,1,2,70,Offer A,Yes,35.9,Yes,Cable,59,Yes,Yes,Yes,Yes,No,Yes,Yes,Yes,One Year,No,Bank Withdrawal,78.35,0.0,0,No,4422,10,49-72
Male,34,No,0,0,51,Offer B,Yes,29.33,No,No Internet Service,0,No,No,No,No,No,No,No,No,One Year,No,Bank Withdrawal,19.1,0.0,0,No,4120,1,49-72
Female,63,Yes,1,3,42,Offer B,Yes,3.14,No,No Internet Service,0,No,No,No,No,No,No,No,No,Two Year,No,Credit Card,20.0,0.0,0,No,3413,1,25-48
Male,43,No,0,0,48,Offer B,Yes,11.02,No,No Internet Service,0,No,No,No,No,No,No,No,No,One Year,No,Bank Withdrawal,19.95,0.0,0,No,4254,1,25-48
Female,54,No,0,0,48,Offer B,Yes,30.82,Yes,No Internet Service,0,No,No,No,No,No,No,No,No,Two Year,No,Credit Card,24.0,0.0,0,No,3948,2,25-48
Female,36,No,0,0,27,No Offer,Yes,20.18,No,No Internet Service,0,No,No,No,No,No,No,No,No,One Year,No,Credit Card,19.15,0.0,0,No,5606,1,25-48
Male,49,Yes,2,5,25,No Offer,Yes,19.09,No,No Internet Service,0,No,No,No,No,No,No,No,No,Month-to-Month,Yes,Credit Card,19.15,0.0,0,No,3829,1,25-48
Male,56,No,0,0,13,Offer D,Yes,10.11,No,No Internet Service,0,No,No,No,No,No,No,No,No,Two Year,No,Credit Card,19.75,0.0,0,No,2016,1,13-24
Male,41,Yes,0,2,31,No Offer,Yes,27.37,No,DSL,15,Yes,Yes,Yes,Yes,No,Yes,Yes,Yes,One Year,Yes,Credit Card,75.5,0.0,0,No,5611,9,25-48
Female,30,Yes,2,1,23,Offer D,Yes,34.91,Yes,Fiber Optic,30,No,No,No,No,Yes,No,No,Yes,Month-to-Month,Yes,Bank Withdrawal,83.75,0.0,0,No,3585,5,13-24
Female,58,No,0,0,2,No Offer,Yes,6.65,No,No Internet Service,0,No,No,No,No,No,No,No,No,Month-to-Month,No,Credit Card,19.4,0.0,0,No,5816,1,0-12
Female,42,No,0,0,65,Offer B,Yes,33.71,Yes,No Internet Service,0,No,No,No,No,No,No,No,No,Two Year,No,Bank Withdrawal,26.5,0.0,0,No,4404,2,49-72
Female,31,Yes,1,0,55,Offer B,Yes,27.7,No,No Internet Service,0,No,No,No,No,No,No,No,No,One Year,No,Credit Card,19.15,0.0,0,No,5390,1,49-72
Female,36,Yes,1,6,35,No Offer,No,0.0,No,DSL,30,No,No,No,Yes,Yes,No,No,Yes,One Year,No,Credit Card,40.9,0.0,0,No,5691,4,25-48
Male,50,No,0,0,6,Offer E,Yes,22.95,No,Cable,10,Yes,No,Yes,Yes,Yes,Yes,Yes,Yes,Two Year,Yes,Credit Card,80.25,0.0,0,No,2706,9,0-12
Male,26,No,0,0,17,Offer D,Yes,35.88,No,Fiber Optic,52,No,No,No,No,No,No,No,Yes,Month-to-Month,Yes,Bank Withdrawal,70.8,0.0,0,No,5420,3,13-24
Male,50,Yes,2,5,10,Offer D,Yes,19.77,No,DSL,12,No,No,Yes,No,Yes,No,No,Yes,Month-to-Month,No,Credit Card,60.2,0.0,0,No,5318,5,0-12
Male,62,No,2,0,15,Offer D,Yes,1.63,No,DSL,11,No,No,Yes,Yes,No,No,No,No,One Year,No,Credit Card,55.2,0.0,80,No,3608,4,13-24
Female,51,Yes,1,5,13,Offer D,Yes,19.63,No,DSL,12,Yes,No,No,Yes,No,No,No,Yes,One Year,No,Bank Withdrawal,54.15,0.0,0,No,4977,5,13-24
Female,48,No,0,0,45,Offer B,Yes,8.4,No,DSL,8,Yes,Yes,No,Yes,No,No,No,Yes,One Year,Yes,Credit Card,62.55,0.0,0,No,2935,6,25-48
Female,52,Yes,1,8,72,Offer A,Yes,6.85,Yes,DSL,19,Yes,Yes,Yes,Yes,No,No,No,Yes,Two Year,Yes,Bank Withdrawal,70.45,0.0,0,No,4463,8,49-72
Male,27,Yes,1,1,68,No Offer,Yes,29.67,Yes,Fiber Optic,85,Yes,Yes,No,No,No,No,No,Yes,One Year,Yes,Bank Withdrawal,85.5,0.0,0,No,4380,6,49-72
Female,30,Yes,3,5,38,No Offer,Yes,46.27,No,Cable,30,Yes,Yes,No,No,No,No,No,Yes,Month-to-Month,No,Bank Withdrawal,54.5,0.0,0,No,5499,5,25-48
Male,35,No,0,0,2,No Offer,Yes,27.67,No,No Internet Service,0,No,No,No,No,No,No,No,No,Month-to-Month,No,Credit Card,20.75,0.0,0,No,3976,1,0-12
Male,43,No,0,0,11,Offer D,Yes,47.88,No,No Internet Service,0,No,No,No,No,No,No,No,No,Month-to-Month,No,Credit Card,20.35,0.0,0,No,5597,1,0-12
Male,58,Yes,0,4,72,No Offer,Yes,40.49,Yes,Fiber Optic,15,No,Yes,Yes,No,Yes,Yes,Yes,Yes,Two Year,Yes,Bank Withdrawal,104.8,0.0,0,No,4165,9,49-72
Male,26,No,0,0,40,Offer B,Yes,34.49,No,DSL,73,No,No,No,Yes,No,No,No,Yes,Month-to-Month,Yes,Bank Withdrawal,51.1,0.0,0,No,3355,4,25-48
Female,28,No,2,0,22,Offer D,Yes,43.97,No,No Internet Service,0,No,No,No,No,No,No,No,No,Month-to-Month,Yes,Bank Withdrawal,20.55,0.0,0,No,3169,1,13-24
Female,19,No,0,0,11,Offer D,Yes,40.96,No,DSL,52,Yes,No,Yes,No,No,Yes,Yes,No,Month-to-Month,No,Bank Withdrawal,64.05,0.0,90,No,4171,6,0-12
Male,46,Yes,0,1,3,Offer E,No,0.0,No,DSL,12,No,No,No,No,No,No,No,Yes,Month-to-Month,No,Credit Card,25.0,0.0,0,No,2730,2,0-12
Male,58,No,0,0,58,Offer B,Yes,29.25,No,No Internet Service,0,No,No,No,No,No,No,No,No,Two Year,No,Credit Card,20.3,0.0,0,No,4335,1,49-72
Male,21,No,3,0,6,Offer E,Yes,38.28,Yes,No Internet Service,0,No,No,No,No,No,No,No,No,Month-to-Month,No,Credit Card,26.35,0.0,0,No,2189,2,0-12
Female,60,Yes,0,1,22,Offer D,Yes,39.83,No,Cable,16,No,Yes,Yes,No,No,No,No,Yes,Month-to-Month,Yes,Credit Card,54.7,0.0,0,No,5722,5,13-24
Male,57,Yes,2,9,64,Offer B,Yes,45.35,Yes,Fiber Optic,30,No,No,Yes,No,No,Yes,Yes,Yes,One Year,No,Credit Card,90.25,0.0,0,No,4799,7,49-72
Male,33,No,0,0,6,Offer E,Yes,32.34,No,No Internet Service,0,No,No,No,No,No,No,No,No,Month-to-Month,No,Credit Card,20.65,0.0,0,No,3266,1,0-12
Male,45,No,2,0,39,No Offer,Yes,46.57,Yes,No Internet Service,0,No,No,No,No,No,No,No,No,One Year,No,Bank Withdrawal,25.45,0.0,0,No,5986,2,25-48
Female,38,No,0,0,20,No Offer,Yes,38.74,No,No Internet Service,0,No,No,No,No,No,No,No,No,One Year,No,Credit Card,19.5,0.0,0,No,4700,1,13-24
Male,40,Yes,0,3,64,Offer B,Yes,37.46,Yes,DSL,2,Yes,No,No,No,Yes,No,No,Yes,One Year,Yes,Credit Card,66.15,0.0,0,No,4703,6,49-72
Female,29,Yes,0,7,46,Offer B,Yes,31.88,No,DSL,53,No,Yes,No,No,Yes,Yes,Yes,Yes,Month-to-Month,Yes,Credit Card,69.1,0.0,0,No,2333,7,25-48
Female,34,Yes,0,5,33,No Offer,Yes,4.15,No,No Internet Service,0,No,No,No,No,No,No,No,No,Month-to-Month,No,Credit Card,20.05,0.0,0,No,5759,1,25-48
Male,60,Yes,2,5,39,No Offer,Yes,13.8,No,DSL,13,Yes,Yes,Yes,No,No,No,No,No,One Year,No,Bank Withdrawal,59.8,0.0,140,No,3093,5,25-48
Female,51,No,0,0,1,Offer E,Yes,7.99,No,Cable,11,No,Yes,No,No,No,No,No,Yes,Month-to-Month,Yes,Bank Withdrawal,48.6,0.0,0,No,3704,4,0-12
Male,22,No,0,0,65,Offer B,Yes,20.43,Yes,No Internet Service,0,No,No,No,No,No,No,No,No,Two Year,Yes,Bank Withdrawal,25.1,0.0,0,No,5449,2,49-72
Male,47,No,0,0,1,Offer E,Yes,41.79,No,DSL,14,Yes,No,No,No,No,No,No,Yes,Month-to-Month,No,Bank Withdrawal,49.75,0.0,0,No,2908,4,0-12
Male,42,Yes,0,1,18,No Offer,Yes,34.17,Yes,Fiber Optic,16,No,No,No,No,Yes,Yes,Yes,Yes,Month-to-Month,Yes,Bank Withdrawal,94.75,0.0,0,No,4477,7,13-24
Male,54,Yes,0,7,24,No Offer,Yes,46.91,Yes,Fiber Optic,20,No,No,No,No,Yes,Yes,Yes,No,Month-to-Month,Yes,Bank Withdrawal,93.0,0.0,40,No,5886,6,13-24
Male,20,No,0,0,63,Offer B,Yes,42.59,Yes,DSL,85,Yes,No,Yes,Yes,No,Yes,Yes,Yes,Two Year,Yes,Bank Withdrawal,71.9,0.0,0,No,5816,9,49-72
Female,39,No,3,0,44,Offer B,Yes,5.07,Yes,DSL,26,No,Yes,No,No,Yes,Yes,Yes,Yes,One Year,Yes,Credit Card,77.55,0.0,0,No,5044,8,25-48
Male,26,No,0,0,4,Offer E,Yes,6.88,No,No Internet Service,0,No,No,No,No,No,No,No,No,Month-to-Month,Yes,Bank Withdrawal,19.85,0.0,0,No,5918,1,0-12
Female,43,Yes,2,0,37,No Offer,Yes,1.6,Yes,Fiber Optic,11,No,No,No,No,Yes,Yes,Yes,Yes,Month-to-Month,Yes,Bank Withdrawal,95.25,0.0,0,No,2969,7,25-48
Male,59,No,0,0,34,No Offer,No,0.0,No,Cable,28,No,No,No,No,No,No,No,Yes,Month-to-Month,Yes,Bank Withdrawal,25.05,0.0,0,No,3800,2,25-48
Male,53,Yes,0,5,35,No Offer,No,0.0,No,DSL,30,Yes,No,Yes,No,Yes,Yes,Yes,Yes,One Year,No,Credit Card,53.15,0.0,0,No,5638,7,25-48
Female,35,Yes,0,5,4,No Offer,Yes,45.84,No,No Internet Service,0,No,No,No,No,No,No,No,No,Month-to-Month,No,Bank Withdrawal,20.15,0.0,0,No,2198,1,0-12
Female,52,Yes,0,1,61,Offer B,Yes,40.37,Yes,No Internet Service,0,No,No,No,No,No,No,No,No,Two Year,No,Bank Withdrawal,25.3,0.0,0,No,4501,2,49-72
Female,47,Yes,0,9,49,Offer B,Yes,25.1,Yes,DSL,30,Yes,Yes,Yes,No,No,Yes,Yes,Yes,One Year,No,Bank Withdrawal,71.8,0.0,0,No,6193,9,49-72
Male,49,No,0,0,4,No Offer,Yes,23.04,No,No Internet Service,0,No,No,No,No,No,No,No,No,One Year,No,Credit Card,19.7,0.0,0,No,5018,1,0-12
Female,28,Yes,3,3,64,Offer B,No,0.0,No,DSL,59,No,Yes,Yes,Yes,No,Yes,Yes,Yes,Two Year,No,Bank Withdrawal,49.85,0.0,0,No,5644,7,49-72
Male,43,No,0,0,3,No Offer,Yes,28.97,No,Fiber Optic,16,No,No,No,No,No,No,No,No,Month-to-Month,Yes,Credit Card,69.6,0.0,20,No,5487,2,0-12
Male,31,Yes,2,8,1,No Offer,Yes,30.38,No,No Internet Service,0,No,No,No,No,No,No,No,No,Month-to-Month,No,Bank Withdrawal,19.75,0.0,0,No,3068,1,0-12
Male,46,Yes,0,5,40,Offer B,Yes,12.97,No,Fiber Optic,24,No,Yes,Yes,No,No,No,No,Yes,One Year,No,Bank Withdrawal,80.8,0.0,0,No,3387,5,25-48
Female,33,Yes,0,9,1,No Offer,No,0.0,No,DSL,14,No,No,No,No,No,Yes,Yes,Yes,Month-to-Month,No,Bank Withdrawal,35.0,0.0,0,No,4099,4,0-12
Male,21,Yes,1,6,45,Offer B,Yes,17.23,No,No Internet Service,0,No,No,No,No,No,No,No,No,Two Year,No,Bank Withdrawal,19.2,0.0,0,No,3451,1,25-48
Male,19,No,0,0,43,Offer B,Yes,36.78,No,Fiber Optic,59,Yes,Yes,Yes,Yes,No,No,No,Yes,One Year,Yes,Credit Card,90.65,0.0,0,No,2496,7,25-48
Male,24,Yes,1,5,41,No Offer,Yes,16.02,No,No Internet Service,0,No,No,No,No,No,No,No,No,Two Year,Yes,Credit Card,20.0,0.0,0,No,5743,1,25-48
Male,58,No,0,0,5,No Offer,Yes,32.81,No,Fiber Optic,16,No,Yes,No,No,No,No,No,Yes,Month-to-Month,Yes,Bank Withdrawal,74.65,0.0,0,No,3319,4,0-12
Male,43,No,0,0,72,No Offer,No,0.0,No,DSL,6,Yes,No,Yes,Yes,Yes,Yes,Yes,Yes,Two Year,Yes,Credit Card,61.2,0.0,0,No,4085,8,49-72
Male,47,No,0,0,4,No Offer,Yes,6.86,No,No Internet Service,0,No,No,No,No,No,No,No,No,One Year,No,Credit Card,19.95,0.0,0,No,2195,1,0-12
Male,43,Yes,2,2,9,No Offer,Yes,44.46,No,DSL,24,No,Yes,No,Yes,No,No,No,Yes,Month-to-Month,No,Credit Card,54.8,0.0,0,No,2848,5,0-12
Female,42,Yes,0,7,33,No Offer,Yes,48.09,No,DSL,9,No,No,No,Yes,No,No,No,Yes,One Year,Yes,Credit Card,51.45,0.0,0,No,4935,4,25-48
Female,59,Yes,0,4,72,No Offer,Yes,6.23,Yes,Fiber Optic,27,Yes,No,No,No,No,No,No,No,Two Year,No,Bank Withdrawal,80.45,0.0,130,No,4202,4,49-72
Male,41,No,0,0,15,No Offer,Yes,27.3,No,Fiber Optic,18,No,No,Yes,No,Yes,No,No,Yes,Month-to-Month,No,Bank Withdrawal,85.3,0.0,0,No,5559,5,13-24
Female,63,Yes,1,5,15,No Offer,Yes,39.77,No,DSL,18,No,Yes,Yes,Yes,Yes,Yes,Yes,Yes,Month-to-Month,No,Bank Withdrawal,76.5,0.0,0,No,3851,9,13-24
Female,34,Yes,0,8,19,No Offer,Yes,7.84,Yes,Fiber Optic,16,No,No,No,No,Yes,No,No,Yes,Month-to-Month,Yes,Bank Withdrawal,86.85,0.0,0,No,5072,5,13-24
Male,40,No,0,0,1,No Offer,Yes,16.91,No,No Internet Service,0,No,No,No,No,No,No,No,No,Month-to-Month,No,Credit Card,19.65,0.0,0,No,3192,1,0-12
Female,26,No,0,0,2,Offer E,Yes,41.9,No,DSL,71,No,No,No,No,No,No,No,No,Month-to-Month,No,Bank Withdrawal,45.55,0.0,10,No,4372,2,0-12
Female,58,No,0,0,12,No Offer,Yes,41.78,No,No Internet Service,0,No,No,No,No,No,No,No,No,One Year,No,Credit Card,19.3,0.0,0,No,2868,1,0-12
Female,41,Yes,0,4,70,No Offer,Yes,28.54,Yes,Fiber Optic,23,No,Yes,Yes,Yes,Yes,Yes,Yes,Yes,Two Year,Yes,Bank Withdrawal,110.5,0.0,0,No,5979,10,49-72
Female,38,No,0,0,23,No Offer,Yes,16.26,No,No Internet Service,0,No,No,No,No,No,No,No,No,Month-to-Month,Yes,Bank Withdrawal,20.3,0.0,0,No,3630,1,13-24
Male,22,No,1,0,2,Offer E,Yes,43.93,No,DSL,59,No,No,No,No,No,Yes,Yes,Yes,Month-to-Month,Yes,Bank Withdrawal,55.3,0.0,0,No,4594,5,0-12
Female,43,Yes,3,5,24,No Offer,Yes,46.3,No,No Internet Service,0,No,No,No,No,No,No,No,No,Two Year,Yes,Credit Card,19.7,0.0,0,No,3594,1,13-24
Female,44,No,0,0,32,No Offer,Yes,14.21,Yes,Fiber Optic,28,No,Yes,Yes,No,Yes,Yes,Yes,Yes,One Year,Yes,Credit Card,104.05,0.0,0,No,2335,9,25-48
Female,44,No,0,0,27,No Offer,Yes,10.55,No,DSL,29,Yes,Yes,No,No,No,No,No,Yes,Two Year,No,Bank Withdrawal,52.85,0.0,0,No,2842,5,25-48
Male,52,No,0,0,58,No Offer,Yes,44.67,Yes,Fiber Optic,8,No,No,No,Yes,No,No,No,Yes,Month-to-Month,No,Bank Withdrawal,80.65,0.0,0,No,6043,5,49-72
Female,22,Yes,3,9,18,No Offer,Yes,43.69,Yes,No Internet Service,0,No,No,No,No,No,No,No,No,Two Year,Yes,Credit Card,24.65,0.0,0,No,5231,2,13-24
Female,47,Yes,3,5,47,No Offer,Yes,3.95,No,No Internet Service,0,No,No,No,No,No,No,No,No,Two Year,Yes,Bank Withdrawal,21.3,0.0,0,No,2861,1,25-48
Female,26,Yes,3,4,70,No Offer,Yes,5.51,Yes,Fiber Optic,85,No,Yes,Yes,Yes,Yes,Yes,Yes,No,Two Year,Yes,Bank Withdrawal,110.2,0.0,150,No,4098,9,49-72
Female,32,Yes,2,3,36,No Offer,Yes,19.73,No,DSL,19,Yes,No,No,No,No,No,No,Yes,Month-to-Month,No,Credit Card,51.05,0.0,0,No,2161,4,25-48
Male,31,No,0,0,67,No Offer,Yes,4.72,No,No Internet Service,0,No,No,No,No,No,No,No,No,Two Year,Yes,Credit Card,19.8,0.0,0,No,4260,1,49-72
Female,56,No,0,0,10,No Offer,Yes,23.84,No,No Internet Service,0,No,No,No,No,No,No,No,No,Month-to-Month,Yes,Credit Card,19.9,0.0,0,No,5811,1,0-12
Female,43,Yes,2,2,71,No Offer,Yes,16.84,No,No Internet Service,0,No,No,No,No,No,No,No,No,Two Year,No,Bank Withdrawal,19.85,0.0,0,No,6342,1,49-72
Male,45,Yes,2,7,72,No Offer,Yes,2.75,Yes,DSL,19,Yes,Yes,Yes,Yes,Yes,Yes,Yes,Yes,Two Year,Yes,Credit Card,89.4,0.0,0,No,6044,11,49-72
Female,19,Yes,3,2,48,No Offer,Yes,9.77,No,No Internet Service,0,No,No,No,No,No,No,No,No,Two Year,No,Credit Card,20.0,0.0,0,No,2608,1,25-48
Male,56,No,0,0,1,No Offer,Yes,13.51,No,No Internet Service,0,No,No,No,No,No,No,No,No,Month-to-Month,No,Credit Card,20.05,0.0,0,No,2067,1,0-12
Male,29,Yes,1,3,18,No Offer,Yes,10.29,No,DSL,59,Yes,No,Yes,Yes,Yes,Yes,Yes,Yes,Month-to-Month,No,Bank Withdrawal,83.25,0.0,0,No,2065,9,13-24
Male,52,Yes,1,3,69,No Offer,No,0.0,No,DSL,11,Yes,No,Yes,Yes,No,No,No,Yes,Two Year,No,Credit Card,39.1,0.0,0,No,5987,5,49-72
Female,56,Yes,1,7,61,No Offer,Yes,34.84,Yes,No Internet Service,0,No,No,No,No,No,No,No,No,Two Year,Yes,Credit Card,24.2,0.0,0,No,6201,2,49-72
Male,26,Yes,0,10,32,No Offer,Yes,15.41,Yes,DSL,46,Yes,No,No,Yes,Yes,No,No,Yes,One Year,Yes,Credit Card,72.8,0.0,0,No,3278,7,25-48
Female,24,No,0,0,21,No Offer,Yes,24.86,Yes,Fiber Optic,48,No,Yes,No,No,Yes,Yes,Yes,Yes,Month-to-Month,Yes,Credit Card,99.85,0.0,0,No,2113,8,13-24
Female,50,No,0,0,47,No Offer,Yes,8.85,No,No Internet Service,0,No,No,No,No,No,No,No,No,Two Year,No,Credit Card,20.25,0.0,0,No,5134,1,25-48
Male,63,Yes,2,5,69,No Offer,Yes,11.6,Yes,No Internet Service,0,No,No,No,No,No,No,No,No,Two Year,Yes,Bank Withdrawal,26.0,0.0,0,No,4933,2,49-72
Male,56,No,0,0,2,Offer E,Yes,3.82,No,No Internet Service,0,No,No,No,No,No,No,No,No,Month-to-Month,Yes,Credit Card,19.9,0.0,0,No,5824,1,0-12
Female,35,Yes,1,0,22,Offer D,Yes,46.45,No,No Internet Service,0,No,No,No,No,No,No,No,No,Month-to-Month,No,Bank Withdrawal,19.05,0.0,0,No,4312,1,13-24
Female,62,No,0,0,53,No Offer,Yes,18.81,No,No Internet Service,0,No,No,No,No,No,No,No,No,Two Year,No,Credit Card,19.85,0.0,0,No,6338,1,49-72
Male,42,No,0,0,22,Offer D,Yes,10.36,No,No Internet Service,0,No,No,No,No,No,No,No,No,One Year,No,Credit Card,20.3,0.0,0,No,4510,1,13-24
Female,29,Yes,3,5,48,No Offer,No,0.0,No,DSL,52,Yes,Yes,No,Yes,No,No,No,No,Two Year,No,Credit Card,39.4,0.0,130,No,5701,4,25-48
Female,33,No,0,0,3,Offer E,Yes,25.4,No,Fiber Optic,10,No,No,No,No,No,No,No,Yes,Month-to-Month,Yes,Bank Withdrawal,70.25,0.0,0,No,2156,3,0-12
Female,55,Yes,0,5,23,Offer D,Yes,1.39,No,DSL,18,No,No,No,Yes,Yes,No,No,Yes,One Year,No,Bank Withdrawal,60.0,0.0,0,No,3835,5,13-24
Female,46,Yes,0,7,65,No Offer,Yes,10.23,No,Cable,14,No,No,No,Yes,Yes,No,No,Yes,Two Year,Yes,Credit Card,59.8,0.0,0,No,6034,5,49-72
Male,30,Yes,0,7,44,No Offer,Yes,23.75,No,Fiber Optic,53,No,No,No,No,Yes,Yes,Yes,Yes,One Year,Yes,Bank Withdrawal,90.65,0.0,0,No,3786,6,25-48
Female,22,Yes,1,2,71,No Offer,Yes,1.84,Yes,Fiber Optic,69,Yes,Yes,Yes,No,Yes,Yes,Yes,No,Two Year,Yes,Bank Withdrawal,109.0,0.0,150,No,4204,9,49-72
Female,64,Yes,0,1,37,No Offer,Yes,30.36,Yes,DSL,11,Yes,No,Yes,Yes,No,No,No,Yes,One Year,No,Credit Card,68.1,0.0,0,No,2873,7,25-48
Female,53,No,0,0,12,Offer D,Yes,23.2,No,No Internet Service,0,No,No,No,No,No,No,No,No,Month-to-Month,No,Credit Card,20.4,0.0,0,No,4497,1,0-12
Male,20,Yes,2,1,69,Offer A,Yes,49.16,Yes,DSL,48,No,Yes,Yes,Yes,Yes,Yes,Yes,Yes,Two Year,Yes,Bank Withdrawal,81.95,0.0,0,No,6182,10,49-72
Female,57,No,0,0,35,No Offer,Yes,44.81,No,DSL,20,Yes,Yes,Yes,No,No,No,No,Yes,Month-to-Month,No,Bank Withdrawal,60.55,0.0,0,No,3463,6,25-48
Male,22,No,0,0,5,No Offer,Yes,8.6,No,DSL,59,No,Yes,No,Yes,No,Yes,Yes,Yes,Month-to-Month,Yes,Bank Withdrawal,65.6,0.0,0,No,5636,7,0-12
Male,40,Yes,2,1,58,No Offer,Yes,29.93,Yes,Fiber Optic,24,No,No,No,No,Yes,No,No,Yes,Two Year,No,Bank Withdrawal,82.5,0.0,0,No,4348,5,49-72
Male,56,Yes,0,1,72,Offer A,Yes,29.29,Yes,DSL,30,Yes,Yes,Yes,Yes,No,Yes,Yes,No,Two Year,Yes,Bank Withdrawal,82.3,0.0,140,No,5219,9,49-72
Male,56,Yes,0,1,72,Offer A,Yes,17.31,Yes,DSL,17,Yes,Yes,Yes,Yes,No,No,No,Yes,Two Year,No,Credit Card,68.15,0.0,0,No,4613,8,49-72
Female,48,No,0,0,1,No Offer,Yes,4.09,No,No Internet Service,0,No,No,No,No,No,No,No,No,Month-to-Month,No,Credit Card,20.3,0.0,0,No,2507,1,0-12
Male,38,Yes,3,1,53,No Offer,Yes,20.44,No,No Internet Service,0,No,No,No,No,No,No,No,No,One Year,No,Credit Card,20.2,0.0,0,No,6050,1,49-72
Female,31,No,0,0,27,Offer C,Yes,39.62,No,Fiber Optic,2,No,No,Yes,Yes,No,Yes,Yes,Yes,Month-to-Month,Yes,Bank Withdrawal,89.2,0.0,0,No,4384,7,25-48
Female,25,Yes,0,1,18,Offer D,Yes,43.29,No,Fiber Optic,41,Yes,No,No,No,No,No,No,Yes,Month-to-Month,No,Bank Withdrawal,74.8,0.0,0,No,4809,4,13-24
Male,54,Yes,1,1,46,No Offer,Yes,45.92,No,No Internet Service,0,No,No,No,No,No,No,No,No,Two Year,Yes,Credit Card,20.2,0.0,0,No,3136,1,25-48
Female,38,Yes,0,1,72,Offer A,Yes,5.25,Yes,DSL,28,Yes,No,Yes,Yes,Yes,Yes,Yes,Yes,Two Year,Yes,Credit Card,84.4,0.0,0,No,5046,10,49-72
Female,55,Yes,0,1,4,No Offer,No,0.0,No,DSL,29,No,No,No,No,No,No,No,Yes,Month-to-Month,Yes,Bank Withdrawal,25.15,0.0,0,No,3891,2,0-12
Female,42,No,0,0,25,Offer C,Yes,13.93,No,No Internet Service,0,No,No,No,No,No,No,No,No,Two Year,No,Credit Card,19.8,0.0,0,No,3875,1,25-48
Female,27,Yes,3,0,40,No Offer,No,0.0,No,DSL,52,No,Yes,No,No,Yes,Yes,Yes,Yes,Month-to-Month,Yes,Bank Withdrawal,50.85,0.0,0,No,2819,6,25-48
Male,47,Yes,0,1,63,No Offer,Yes,17.75,Yes,Fiber Optic,15,No,Yes,Yes,No,Yes,Yes,Yes,Yes,Month-to-Month,Yes,Bank Withdrawal,102.4,0.0,0,No,5096,9,49-72
Male,54,No,0,0,14,Offer D,Yes,18.48,Yes,DSL,21,No,Yes,No,No,No,No,No,Yes,Month-to-Month,Yes,Credit Card,55.5,0.0,0,No,3520,5,13-24
Male,55,No,0,0,39,Offer C,Yes,17.17,Yes,Fiber Optic,30,Yes,Yes,No,No,Yes,Yes,Yes,Yes,Month-to-Month,Yes,Bank Withdrawal,106.4,0.0,0,No,4111,9,25-48
Female,37,Yes,2,1,47,No Offer,No,0.0,No,DSL,25,Yes,Yes,Yes,No,Yes,Yes,Yes,Yes,Two Year,Yes,Credit Card,60.0,0.0,0,No,3248,8,25-48
Male,42,Yes,0,1,19,Offer D,Yes,34.05,Yes,Fiber Optic,20,Yes,Yes,No,Yes,No,No,No,Yes,Month-to-Month,Yes,Credit Card,88.8,0.0,0,No,4600,7,13-24
Female,62,No,0,0,17,Offer D,Yes,44.96,Yes,Fiber Optic,29,No,No,Yes,No,No,No,No,Yes,Month-to-Month,No,Bank Withdrawal,80.05,0.0,0,No,3443,5,13-24
Female,40,No,0,0,42,No Offer,Yes,8.71,No,DSL,23,No,Yes,No,No,No,No,No,Yes,Month-to-Month,Yes,Bank Withdrawal,49.55,0.0,0,No,3637,4,25-48
Female,25,Yes,2,1,71,Offer A,Yes,29.41,Yes,No Internet Service,0,No,No,No,No,No,No,No,No,Two Year,No,Credit Card,23.9,0.0,0,No,5471,2,49-72
Male,45,No,0,0,57,No Offer,Yes,19.69,No,No Internet Service,0,No,No,No,No,No,No,No,No,Two Year,No,Credit Card,18.8,0.0,0,No,6466,1,49-72
Male,29,Yes,0,8,72,Offer A,Yes,10.68,Yes,Fiber Optic,59,No,Yes,Yes,Yes,Yes,Yes,Yes,Yes,Two Year,Yes,Bank Withdrawal,108.4,0.0,0,No,4394,10,49-72
Female,28,No,0,0,6,No Offer,Yes,40.64,No,Fiber Optic,51,No,Yes,No,No,No,Yes,Yes,Yes,Month-to-Month,Yes,Credit Card,85.95,0.0,0,No,3291,6,0-12
Male,29,Yes,0,1,61,No Offer,Yes,23.31,Yes,DSL,51,No,Yes,Yes,No,Yes,Yes,Yes,Yes,Two Year,No,Bank Withdrawal,80.9,0.0,0,No,4161,9,49-72
Male,49,Yes,2,10,48,No Offer,Yes,12.57,Yes,Fiber Optic,18,Yes,Yes,Yes,Yes,Yes,Yes,Yes,Yes,Two Year,No,Credit Card,111.8,0.0,0,No,3922,11,25-48
Male,36,No,0,0,16,Offer D,Yes,33.44,No,No Internet Service,0,No,No,No,No,No,No,No,No,Month-to-Month,Yes,Credit Card,20.6,0.0,0,No,5667,1,13-24
Female,62,No,0,0,3,No Offer,Yes,15.59,No,Cable,27,No,No,No,No,No,No,No,Yes,Month-to-Month,No,Bank Withdrawal,44.6,0.0,0,No,3122,3,0-12
Male,47,No,0,0,65,Offer B,Yes,27.75,Yes,Fiber Optic,30,No,Yes,Yes,No,Yes,Yes,Yes,Yes,Two Year,No,Credit Card,105.1,0.0,0,No,5649,9,49-72
Female,45,Yes,3,3,70,Offer A,Yes,11.36,Yes,Fiber Optic,53,Yes,Yes,Yes,Yes,Yes,Yes,Yes,Yes,Two Year,Yes,Credit Card,115.15,0.0,0,No,4388,11,49-72
Male,39,Yes,0,6,60,Offer B,Yes,15.24,No,DSL,16,Yes,No,No,No,Yes,No,No,Yes,One Year,Yes,Credit Card,59.8,0.0,0,No,5488,5,49-72
Female,23,Yes,0,7,69,Offer A,Yes,22.08,Yes,No Internet Service,0,No,No,No,No,No,No,No,No,One Year,Yes,Bank Withdrawal,26.3,0.0,0,No,5418,2,49-72
Female,43,No,0,0,22,Offer D,Yes,33.92,No,No Internet Service,0,No,No,No,No,No,No,No,No,Month-to-Month,Yes,Credit Card,20.05,0.0,0,No,5555,1,13-24
Male,25,Yes,1,8,66,Offer A,Yes,35.01,Yes,DSL,59,No,Yes,Yes,No,Yes,Yes,Yes,Yes,Two Year,No,Bank Withdrawal,79.85,0.0,0,No,6236,9,49-72
Male,61,Yes,3,10,34,Offer C,Yes,20.05,Yes,Fiber Optic,57,No,No,Yes,No,No,Yes,Yes,Yes,Month-to-Month,Yes,Credit Card,90.05,0.0,0,No,4648,7,25-48
Female,36,Yes,1,4,72,Offer A,Yes,20.56,Yes,No Internet Service,0,No,No,No,No,No,No,No,No,Two Year,No,Bank Withdrawal,24.45,0.0,0,No,5335,2,49-72
Male,64,Yes,2,7,31,Offer C,No,0.0,No,Cable,25,Yes,No,Yes,Yes,Yes,Yes,Yes,Yes,One Year,No,Bank Withdrawal,59.95,0.0,0,No,4337,8,25-48
Male,61,No,2,0,30,Offer C,Yes,4.27,Yes,No Internet Service,0,No,No,No,No,No,No,No,No,One Year,No,Bank Withdrawal,25.35,0.0,0,No,5915,2,25-48
Female,35,Yes,0,3,65,Offer B,Yes,40.71,Yes,Fiber Optic,23,Yes,No,Yes,No,Yes,Yes,Yes,No,Month-to-Month,Yes,Bank Withdrawal,105.05,0.0,60,No,5313,8,49-72
Female,49,Yes,1,8,30,Offer C,Yes,11.6,No,No Internet Service,0,No,No,No,No,No,No,No,No,Two Year,No,Credit Card,19.3,0.0,0,No,4453,1,25-48
Male,33,No,0,0,6,No Offer,Yes,10.54,No,No Internet Service,0,No,No,No,No,No,No,No,No,One Year,No,Credit Card,19.15,0.0,0,No,5322,1,0-12
Female,53,No,0,0,2,No Offer,No,0.0,No,Cable,21,No,Yes,No,No,Yes,Yes,Yes,Yes,Month-to-Month,No,Bank Withdrawal,51.4,0.0,0,No,2580,6,0-12
Male,61,Yes,3,0,53,Offer B,Yes,27.56,Yes,Cable,26,Yes,No,No,Yes,No,Yes,Yes,Yes,Month-to-Month,No,Bank Withdrawal,71.85,0.0,0,No,4903,8,49-72
Female,34,Yes,2,2,61,Offer B,Yes,42.85,No,DSL,11,Yes,No,No,No,No,No,No,Yes,One Year,Yes,Bank Withdrawal,49.7,0.0,0,No,4577,4,49-72
Female,34,No,0,0,13,Offer D,Yes,38.4,Yes,DSL,23,Yes,No,Yes,No,Yes,Yes,Yes,No,Month-to-Month,Yes,Bank Withdrawal,78.75,0.0,50,No,5631,8,13-24
Female,61,Yes,0,9,2,No Offer,Yes,7.49,No,Fiber Optic,14,No,No,No,No,No,No,No,Yes,Month-to-Month,Yes,Credit Card,70.4,0.0,0,No,5748,3,0-12
Female,50,No,0,0,3,No Offer,Yes,14.35,Yes,Fiber Optic,17,No,No,No,No,No,No,No,Yes,Month-to-Month,No,Bank Withdrawal,76.1,0.0,0,No,2650,4,0-12
Female,42,No,0,0,62,Offer B,Yes,32.29,Yes,Fiber Optic,26,No,No,No,No,Yes,Yes,Yes,Yes,One Year,Yes,Bank Withdrawal,94.0,0.0,0,No,4778,7,49-72
Male,26,Yes,2,1,72,Offer A,Yes,45.93,Yes,Fiber Optic,30,Yes,Yes,Yes,Yes,No,Yes,Yes,Yes,Two Year,No,Credit Card,103.95,0.0,0,No,4495,10,49-72
Male,56,Yes,0,2,63,Offer B,Yes,38.36,No,No Internet Service,0,No,No,No,No,No,No,No,No,Two Year,Yes,Bank Withdrawal,19.95,0.0,0,No,5151,1,49-72
Male,19,Yes,0,4,62,Offer B,Yes,30.51,Yes,Fiber Optic,41,Yes,Yes,No,No,No,Yes,Yes,Yes,One Year,No,Bank Withdrawal,96.1,0.0,0,No,6139,8,49-72
Female,34,No,0,0,15,Offer D,Yes,26.54,Yes,DSL,18,No,No,No,No,No,No,No,Yes,Month-to-Month,Yes,Credit Card,48.8,0.0,0,No,2577,4,13-24
Female,38,No,0,0,55,Offer B,Yes,3.62,No,DSL,17,Yes,No,No,No,No,No,No,Yes,Month-to-Month,Yes,Credit Card,50.55,0.0,0,No,6250,4,49-72
Female,59,No,0,0,11,Offer D,Yes,29.16,No,DSL,3,No,No,No,No,No,No,No,Yes,Month-to-Month,Yes,Credit Card,44.65,0.0,0,No,4492,3,0-12
Female,24,No,0,0,61,Offer B,Yes,25.91,No,No Internet Service,0,No,No,No,No,No,No,No,No,One Year,No,Bank Withdrawal,19.45,0.0,0,No,4559,1,49-72
Female,38,Yes,0,7,71,Offer A,Yes,19.9,Yes,DSL,27,Yes,Yes,Yes,Yes,Yes,Yes,Yes,Yes,Two Year,No,Credit Card,89.3,0.0,0,No,4658,11,49-72
Male,33,No,0,0,35,Offer C,Yes,4.24,No,No Internet Service,0,No,No,No,No,No,No,No,No,Two Year,No,Credit Card,19.25,0.0,0,No,2682,1,25-48
Female,53,No,0,0,17,Offer D,Yes,41.78,No,Fiber Optic,16,No,No,No,No,No,No,No,Yes,Month-to-Month,No,Bank Withdrawal,70.5,0.0,0,No,3650,3,13-24
Female,21,Yes,0,1,47,Offer B,Yes,45.9,No,No Internet Service,0,No,No,No,No,No,No,No,No,Two Year,No,Bank Withdrawal,19.65,0.0,0,No,4159,1,25-48
Female,35,Yes,0,9,3,No Offer,Yes,11.77,No,No Internet Service,0,No,No,No,No,No,No,No,No,Month-to-Month,No,Credit Card,20.85,0.0,0,No,5867,1,0-12
Male,46,No,0,0,3,No Offer,Yes,35.59,No,No Internet Service,0,No,No,No,No,No,No,No,No,Month-to-Month,Yes,Credit Card,19.65,0.0,0,No,4852,1,0-12
Female,51,No,0,0,1,No Offer,Yes,26.15,No,DSL,26,No,No,No,No,No,No,No,Yes,Month-to-Month,Yes,Credit Card,44.0,0.0,0,No,4138,3,0-12
Female,40,Yes,2,4,44,Offer B,Yes,24.71,Yes,Fiber Optic,27,No,Yes,Yes,No,No,Yes,Yes,No,One Year,No,Bank Withdrawal,94.4,0.0,40,No,5019,7,25-48
Female,44,No,0,0,18,Offer D,Yes,15.01,No,Fiber Optic,22,Yes,No,No,No,No,No,No,Yes,Month-to-Month,Yes,Bank Withdrawal,75.4,0.0,0,No,4792,4,13-24
Female,25,Yes,0,1,65,Offer B,Yes,1.29,No,DSL,51,Yes,Yes,Yes,No,No,Yes,Yes,Yes,Two Year,No,Bank Withdrawal,71.0,0.0,0,No,6308,8,49-72
Male,40,No,0,0,3,No Offer,Yes,12.05,No,No Internet Service,0,No,No,No,No,No,No,No,No,One Year,No,Credit Card,21.2,0.0,0,No,2088,1,0-12
Male,19,Yes,0,3,33,Offer C,Yes,15.89,No,DSL,52,Yes,Yes,No,Yes,No,No,No,Yes,Two Year,Yes,Credit Card,61.05,0.0,0,No,3215,6,25-48
Female,40,No,0,0,34,Offer C,Yes,5.32,No,DSL,23,Yes,No,Yes,Yes,Yes,Yes,Yes,Yes,One Year,Yes,Bank Withdrawal,79.95,0.0,0,No,3570,9,25-48
Female,40,Yes,1,8,14,Offer D,Yes,15.33,No,No Internet Service,0,No,No,No,No,No,No,No,No,Two Year,Yes,Credit Card,19.7,0.0,0,No,2966,1,13-24
Female,27,No,0,0,13,Offer D,Yes,22.01,No,No Internet Service,0,No,No,No,No,No,No,No,No,Month-to-Month,Yes,Credit Card,20.3,0.0,0,No,5332,1,13-24
Male,22,Yes,3,1,23,No Offer,Yes,48.02,Yes,No Internet Service,0,No,No,No,No,No,No,No,No,One Year,No,Credit Card,24.35,0.0,0,No,4031,2,13-24
Female,33,Yes,3,10,47,Offer B,Yes,41.54,No,No Internet Service,0,No,No,No,No,No,No,No,No,Two Year,No,Credit Card,19.75,0.0,0,No,3843,1,25-48
Male,35,No,3,0,17,No Offer,Yes,45.61,No,DSL,53,Yes,No,No,No,No,No,No,Yes,Month-to-Month,Yes,Credit Card,50.3,0.0,0,No,3202,4,13-24
Female,42,No,0,0,69,Offer A,Yes,18.47,Yes,DSL,28,Yes,No,Yes,Yes,Yes,Yes,Yes,Yes,Two Year,Yes,Credit Card,85.35,0.0,0,No,6499,10,49-72
Male,38,No,0,0,10,No Offer,Yes,49.04,No,Cable,23,Yes,No,No,No,No,No,No,Yes,Month-to-Month,Yes,Credit Card,51.65,0.0,0,No,4292,4,0-12
Male,56,Yes,1,0,12,No Offer,Yes,26.17,Yes,No Internet Service,0,No,No,No,No,No,No,No,No,Two Year,Yes,Bank Withdrawal,24.0,0.0,0,No,3705,2,0-12
Female,32,Yes,2,4,39,Offer C,Yes,48.14,No,Cable,23,No,No,Yes,No,Yes,No,No,Yes,Month-to-Month,Yes,Credit Card,59.85,0.0,0,No,3900,5,25-48
Male,39,Yes,1,9,71,Offer A,Yes,18.99,Yes,No Internet Service,0,No,No,No,No,No,No,No,No,Two Year,No,Credit Card,23.9,0.0,0,No,5574,2,49-72
Female,22,Yes,1,3,33,Offer C,Yes,1.71,Yes,No Internet Service,0,No,No,No,No,No,No,No,No,One Year,No,Credit Card,24.15,0.0,0,No,4501,2,25-48
Female,19,Yes,0,4,9,No Offer,Yes,12.59,No,Cable,76,No,Yes,No,No,No,No,No,Yes,Month-to-Month,No,Credit Card,50.85,0.0,0,No,4623,4,0-12
Male,61,Yes,0,3,52,Offer B,Yes,18.02,Yes,Fiber Optic,3,Yes,No,Yes,Yes,No,No,No,No,Two Year,Yes,Credit Card,91.6,0.0,60,No,6069,6,49-72
Female,25,No,0,0,70,Offer A,Yes,8.39,Yes,Fiber Optic,59,No,Yes,No,No,Yes,Yes,Yes,Yes,One Year,No,Bank Withdrawal,98.9,0.0,0,No,5980,8,49-72
Male,60,No,0,0,1,No Offer,Yes,15.2,No,Fiber Optic,2,No,Yes,No,No,No,Yes,Yes,Yes,Month-to-Month,Yes,Bank Withdrawal,85.0,0.0,0,No,5754,6,0-12
Male,54,No,0,0,1,Offer E,Yes,42.95,No,DSL,9,No,No,No,No,No,No,No,Yes,Month-to-Month,Yes,Credit Card,44.3,0.0,0,No,4427,3,0-12
Female,43,No,0,0,52,Offer B,Yes,42.9,Yes,Fiber Optic,14,No,Yes,No,No,No,No,No,Yes,One Year,Yes,Credit Card,80.2,0.0,0,No,5597,5,49-72
Male,29,No,0,0,6,Offer E,Yes,45.67,No,DSL,71,No,No,Yes,No,Yes,No,No,Yes,Month-to-Month,No,Credit Card,60.9,0.0,0,No,2191,5,0-12
Male,47,Yes,0,3,7,Offer E,No,0.0,No,DSL,17,Yes,Yes,No,No,No,No,No,Yes,Month-to-Month,No,Credit Card,34.2,0.0,0,No,5100,4,0-12
Female,19,No,0,0,26,Offer C,Yes,45.09,No,Fiber Optic,41,Yes,No,Yes,Yes,No,No,No,No,One Year,Yes,Credit Card,87.15,0.0,20,No,5689,5,25-48
Male,34,Yes,1,6,25,Offer C,Yes,37.97,No,DSL,22,Yes,No,No,Yes,No,No,No,Yes,Month-to-Month,No,Bank Withdrawal,54.3,0.0,0,No,3971,5,25-48
Male,19,No,0,0,69,Offer A,Yes,42.49,No,No Internet Service,0,No,No,No,No,No,No,No,No,Two Year,Yes,Credit Card,19.1,0.0,0,No,4535,1,49-72
Female,30,No,0,0,72,Offer A,Yes,35.24,Yes,Fiber Optic,42,Yes,Yes,Yes,Yes,Yes,Yes,Yes,Yes,Two Year,Yes,Credit Card,112.75,0.0,0,No,4927,11,49-72
Male,55,No,0,0,4,No Offer,Yes,34.86,No,No Internet Service,0,No,No,No,No,No,No,No,No,Month-to-Month,Yes,Credit Card,19.95,0.0,0,No,3172,1,0-12
Male,35,Yes,2,10,59,Offer B,Yes,18.75,No,No Internet Service,0,No,No,No,No,No,No,No,No,Two Year,No,Credit Card,19.5,0.0,0,No,5293,1,49-72
Male,29,No,0,0,67,Offer A,Yes,49.74,No,Cable,41,Yes,No,Yes,No,No,Yes,Yes,No,Two Year,No,Bank Withdrawal,65.55,0.0,40,No,6035,6,49-72
Female,20,No,0,0,27,Offer C,Yes,48.91,No,DSL,59,No,Yes,Yes,Yes,Yes,Yes,Yes,Yes,One Year,No,Credit Card,78.2,0.0,0,No,2297,9,25-48
Male,41,Yes,2,5,72,Offer A,Yes,36.05,Yes,Fiber Optic,14,Yes,No,Yes,No,Yes,Yes,Yes,Yes,Two Year,No,Bank Withdrawal,105.25,0.0,0,No,4427,9,49-72
Female,60,No,0,0,6,Offer E,Yes,35.88,No,Fiber Optic,10,No,No,Yes,Yes,No,Yes,Yes,Yes,Month-to-Month,Yes,Bank Withdrawal,89.25,0.0,0,No,4430,7,0-12
Male,55,Yes,2,9,62,Offer B,Yes,11.15,No,No Internet Service,0,No,No,No,No,No,No,No,No,Two Year,No,Credit Card,20.65,0.0,0,No,6403,1,49-72
Male,23,No,0,0,20,No Offer,Yes,32.5,Yes,DSL,52,No,Yes,No,Yes,Yes,No,No,Yes,One Year,Yes,Bank Withdrawal,68.7,0.0,0,No,2989,7,13-24
Male,44,No,0,0,6,Offer E,Yes,46.59,No,DSL,7,Yes,No,Yes,Yes,Yes,Yes,Yes,No,Month-to-Month,No,Credit Card,78.65,0.0,10,No,2724,8,0-12
Male,63,No,0,0,51,Offer B,Yes,18.07,Yes,No Internet Service,0,No,No,No,No,No,No,No,No,Two Year,No,Credit Card,24.75,0.0,0,No,5080,2,49-72
Female,44,Yes,2,6,61,Offer B,Yes,25.4,No,No Internet Service,0,No,No,No,No,No,No,No,No,Two Year,No,Credit Card,19.75,0.0,0,No,6108,1,49-72
Female,45,No,0,0,72,Offer A,Yes,8.48,Yes,Fiber Optic,22,Yes,No,No,Yes,No,No,No,Yes,Two Year,Yes,Bank Withdrawal,84.7,0.0,0,No,4520,6,49-72
Female,26,Yes,3,7,38,Offer C,Yes,49.9,No,No Internet Service,0,No,No,No,No,No,No,No,No,Two Year,Yes,Credit Card,19.95,0.0,0,No,3614,1,25-48
Male,53,No,0,0,18,No Offer,No,0.0,No,DSL,30,Yes,No,Yes,No,No,No,No,Yes,Month-to-Month,No,Credit Card,33.6,0.0,0,No,5388,4,13-24
Male,60,Yes,1,4,56,No Offer,Yes,11.48,No,Fiber Optic,10,No,Yes,Yes,Yes,No,No,No,Yes,One Year,Yes,Credit Card,85.85,0.0,0,No,5058,6,49-72
Female,41,No,0,0,36,Offer C,No,0.0,No,Cable,2,No,Yes,No,Yes,No,No,No,Yes,Month-to-Month,Yes,Bank Withdrawal,34.85,0.0,0,No,4452,4,25-48
Male,45,Yes,0,3,70,Offer A,Yes,1.07,No,Fiber Optic,21,Yes,Yes,No,Yes,No,No,No,Yes,Two Year,No,Bank Withdrawal,84.6,0.0,0,No,5679,6,49-72
Female,53,No,0,0,68,No Offer,No,0.0,No,Cable,13,No,Yes,No,Yes,No,Yes,Yes,Yes,Month-to-Month,No,Bank Withdrawal,44.95,0.0,0,No,5750,6,49-72
Male,47,No,3,0,1,No Offer,No,0.0,No,Cable,21,No,No,No,No,No,No,No,No,Month-to-Month,Yes,Bank Withdrawal,24.7,0.0,0,No,3518,1,0-12
Female,26,No,0,0,37,No Offer,Yes,45.06,Yes,Fiber Optic,82,No,No,No,Yes,Yes,Yes,Yes,Yes,Month-to-Month,No,Credit Card,100.3,0.0,0,No,4040,8,25-48
Female,20,No,3,0,4,Offer E,Yes,38.97,Yes,No Internet Service,0,No,No,No,No,No,No,No,No,Month-to-Month,Yes,Credit Card,25.45,0.0,0,No,2616,2,0-12
Male,56,No,0,0,1,Offer E,Yes,38.05,No,Cable,14,Yes,No,No,No,No,No,No,Yes,Month-to-Month,Yes,Credit Card,50.7,0.0,0,No,3007,4,0-12
Male,45,No,0,0,20,No Offer,No,0.0,No,DSL,20,Yes,Yes,Yes,Yes,Yes,No,No,Yes,Month-to-Month,Yes,Credit Card,55.0,0.0,0,No,4481,7,13-24
Male,52,Yes,1,7,72,No Offer,Yes,15.96,No,DSL,26,Yes,Yes,No,Yes,Yes,No,No,Yes,Two Year,No,Bank Withdrawal,68.4,0.0,0,No,5504,7,49-72
Male,38,Yes,0,6,11,No Offer,Yes,44.2,No,DSL,15,No,No,No,No,Yes,No,No,Yes,Month-to-Month,Yes,Bank Withdrawal,55.05,0.0,0,No,2762,4,0-12
Female,35,Yes,1,0,33,No Offer,Yes,12.51,No,No Internet Service,0,No,No,No,No,No,No,No,No,Two Year,No,Credit Card,19.8,0.0,0,No,2635,1,25-48
Female,60,No,0,0,1,Offer E,No,0.0,No,DSL,7,No,No,Yes,Yes,No,No,No,Yes,Month-to-Month,No,Credit Card,35.9,0.0,0,No,3929,4,0-12
Male,59,Yes,0,8,16,No Offer,Yes,46.0,No,Fiber Optic,30,Yes,Yes,No,No,No,No,No,Yes,Month-to-Month,No,Bank Withdrawal,80.75,0.0,0,No,2942,5,13-24
Male,64,Yes,2,6,22,No Offer,Yes,36.15,Yes,DSL,11,No,No,Yes,Yes,Yes,Yes,Yes,Yes,One Year,Yes,Credit Card,78.65,0.0,0,No,3571,9,13-24
Female,35,Yes,1,6,49,No Offer,Yes,35.29,No,DSL,28,Yes,No,Yes,Yes,No,No,No,Yes,Month-to-Month,No,Bank Withdrawal,61.75,0.0,0,No,5511,6,49-72
Male,36,Yes,2,8,36,No Offer,Yes,47.45,No,DSL,14,Yes,No,Yes,No,No,Yes,Yes,Yes,One Year,Yes,Credit Card,63.7,0.0,0,No,2504,7,25-48
Female,56,No,0,0,31,No Offer,Yes,40.92,No,Fiber Optic,20,Yes,No,Yes,Yes,No,No,No,No,Month-to-Month,No,Bank Withdrawal,87.6,0.0,70,No,5094,5,25-48
Male,33,Yes,0,8,5,Offer E,Yes,15.74,Yes,Fiber Optic,28,Yes,No,No,No,No,Yes,Yes,Yes,Month-to-Month,Yes,Bank Withdrawal,89.15,0.0,0,No,2576,7,0-12
Male,61,Yes,1,4,66,No Offer,Yes,7.83,No,No Internet Service,0,No,No,No,No,No,No,No,No,Two Year,No,Credit Card,20.0,0.0,0,No,5011,1,49-72
Male,37,No,0,0,64,No Offer,Yes,45.82,Yes,Fiber Optic,14,No,Yes,Yes,No,Yes,Yes,Yes,Yes,Two Year,Yes,Bank Withdrawal,104.4,0.0,0,No,5617,9,49-72
Male,55,Yes,3,7,10,No Offer,Yes,13.83,No,No Internet Service,0,No,No,No,No,No,No,No,No,Month-to-Month,Yes,Credit Card,20.05,0.0,0,No,2049,1,0-12
Male,40,No,0,0,29,No Offer,No,0.0,No,DSL,27,No,Yes,No,Yes,No,No,No,Yes,Month-to-Month,No,Bank Withdrawal,34.3,0.0,0,No,2555,4,25-48
Male,60,No,0,0,57,No Offer,Yes,1.69,No,No Internet Service,0,No,No,No,No,No,No,No,No,Two Year,No,Bank Withdrawal,20.65,0.0,0,No,4193,1,49-72
Female,37,No,0,0,46,No Offer,Yes,43.27,Yes,Fiber Optic,21,Yes,Yes,No,No,No,No,No,No,Month-to-Month,No,Credit Card,84.25,0.0,100,No,3509,5,25-48
Male,62,No,0,0,53,No Offer,Yes,23.17,No,No Internet Service,0,No,No,No,No,No,No,No,No,Two Year,No,Bank Withdrawal,19.65,0.0,0,No,5878,1,49-72
Female,45,No,0,0,17,No Offer,Yes,12.69,No,Cable,22,Yes,Yes,No,Yes,Yes,Yes,Yes,Yes,One Year,No,Credit Card,79.85,0.0,0,No,5574,9,13-24
Female,54,Yes,1,9,38,No Offer,Yes,26.84,No,No Internet Service,0,No,No,No,No,No,No,No,No,Two Year,Yes,Credit Card,20.2,0.0,0,No,2631,1,25-48
Male,49,No,0,0,15,No Offer,Yes,5.54,No,No Internet Service,0,No,No,No,No,No,No,No,No,One Year,No,Credit Card,19.8,0.0,0,No,5753,1,13-24
Female,51,No,0,0,22,No Offer,No,0.0,No,Cable,22,No,Yes,No,No,Yes,Yes,Yes,Yes,Month-to-Month,Yes,Bank Withdrawal,50.35,0.0,0,No,2875,6,13-24
Female,25,Yes,0,2,57,No Offer,Yes,6.63,Yes,Cable,27,No,Yes,Yes,Yes,Yes,No,No,Yes,One Year,No,Bank Withdrawal,74.6,0.0,0,No,4546,8,49-72
Female,62,Yes,3,9,1,No Offer,Yes,30.09,No,No Internet Service,0,No,No,No,No,No,No,No,No,Two Year,No,Credit Card,20.35,0.0,0,No,4836,1,0-12
Male,24,Yes,1,3,12,No Offer,Yes,49.7,No,No Internet Service,0,No,No,No,No,No,No,No,No,Two Year,No,Bank Withdrawal,21.05,0.0,0,No,4843,1,0-12
Male,55,No,1,0,36,No Offer,Yes,21.3,No,Fiber Optic,18,No,Yes,No,No,Yes,Yes,Yes,Yes,Month-to-Month,Yes,Bank Withdrawal,94.7,0.0,0,No,4671,7,25-48
Male,54,No,0,0,2,No Offer,Yes,3.76,No,Fiber Optic,16,No,Yes,No,No,No,No,No,Yes,Month-to-Month,No,Bank Withdrawal,74.95,0.0,0,No,3969,4,0-12
Male,47,Yes,1,9,72,No Offer,Yes,24.08,No,Fiber Optic,19,Yes,Yes,Yes,Yes,Yes,Yes,Yes,Yes,Two Year,No,Bank Withdrawal,111.95,0.0,0,No,4004,10,49-72
Male,29,No,0,0,62,No Offer,Yes,14.17,No,No Internet Service,0,No,No,No,No,No,No,No,No,Two Year,No,Bank Withdrawal,19.85,0.0,0,No,4278,1,49-72
Female,23,No,0,0,6,No Offer,Yes,34.42,Yes,Fiber Optic,42,No,Yes,No,No,Yes,No,No,No,Month-to-Month,Yes,Bank Withdrawal,89.75,0.0,60,No,2370,5,0-12
Male,44,Yes,0,4,48,No Offer,Yes,33.06,No,No Internet Service,0,No,No,No,No,No,No,No,No,Two Year,Yes,Credit Card,20.05,0.0,0,No,2964,1,25-48
Male,42,No,0,0,35,No Offer,Yes,20.07,Yes,Fiber Optic,23,Yes,No,Yes,Yes,Yes,Yes,Yes,Yes,Two Year,Yes,Bank Withdrawal,108.95,0.0,0,No,5903,10,25-48
Male,23,No,2,0,52,No Offer,Yes,22.65,No,No Internet Service,0,No,No,No,No,No,No,No,No,One Year,No,Credit Card,19.65,0.0,0,No,4279,1,49-72
Female,37,No,0,0,1,No Offer,No,0.0,No,Cable,13,No,No,No,No,No,No,No,Yes,Month-to-Month,Yes,Credit Card,24.9,0.0,0,No,5318,2,0-12
Female,38,Yes,0,8,71,No Offer,Yes,12.12,Yes,Cable,23,Yes,Yes,Yes,Yes,Yes,Yes,Yes,Yes,Two Year,No,Credit Card,93.2,0.0,0,No,4493,11,49-72
Female,64,Yes,3,5,67,No Offer,Yes,3.47,No,Fiber Optic,21,Yes,Yes,Yes,No,No,No,No,Yes,One Year,No,Bank Withdrawal,84.8,0.0,0,No,6072,6,49-72
Male,45,Yes,1,2,23,Offer D,No,0.0,No,DSL,19,No,No,No,Yes,No,No,No,Yes,Month-to-Month,Yes,Bank Withdrawal,30.35,0.0,0,No,4960,3,13-24
Male,31,No,3,0,39,No Offer,No,0.0,No,DSL,29,No,No,Yes,Yes,Yes,Yes,Yes,Yes,One Year,No,Bank Withdrawal,54.85,0.0,0,No,3884,7,25-48
Male,35,Yes,3,9,15,Offer D,Yes,49.36,No,No Internet Service,0,No,No,No,No,No,No,No,No,One Year,Yes,Credit Card,19.5,0.0,0,No,5471,1,13-24
Male,58,Yes,3,1,24,No Offer,Yes,7.37,Yes,No Internet Service,0,No,No,No,No,No,No,No,No,Two Year,No,Credit Card,24.2,0.0,0,No,5865,2,13-24
Female,20,Yes,2,1,37,No Offer,Yes,2.68,No,No Internet Service,0,No,No,No,No,No,No,No,No,Month-to-Month,No,Bank Withdrawal,19.35,0.0,0,No,2360,1,25-48
Female,23,No,0,0,54,No Offer,Yes,48.97,No,Fiber Optic,42,No,No,Yes,No,Yes,Yes,Yes,No,One Year,Yes,Credit Card,94.1,0.0,140,No,4084,6,49-72
Female,20,No,0,0,3,No Offer,Yes,10.1,No,Fiber Optic,73,Yes,No,No,No,No,No,No,Yes,Month-to-Month,Yes,Bank Withdrawal,74.55,0.0,0,No,5125,4,0-12
Male,23,No,0,0,5,No Offer,Yes,26.86,No,DSL,71,No,No,Yes,Yes,No,No,No,Yes,Month-to-Month,No,Bank Withdrawal,56.15,0.0,0,No,5232,5,0-12
Male,21,No,0,0,33,No Offer,Yes,14.48,No,No Internet Service,0,No,No,No,No,No,No,No,No,Two Year,No,Credit Card,20.35,0.0,0,No,2507,1,25-48
Female,51,No,0,0,41,No Offer,Yes,6.16,Yes,DSL,12,No,Yes,Yes,No,Yes,Yes,Yes,Yes,One Year,Yes,Bank Withdrawal,80.55,0.0,0,No,4176,9,25-48
Female,52,Yes,1,0,34,No Offer,No,0.0,No,DSL,20,Yes,No,Yes,Yes,Yes,Yes,Yes,Yes,One Year,No,Credit Card,61.25,0.0,0,No,3607,8,25-48
Female,59,Yes,1,1,13,Offer D,Yes,16.4,No,No Internet Service,0,No,No,No,No,No,No,No,No,Month-to-Month,Yes,Credit Card,20.45,0.0,0,No,5417,1,13-24
Female,46,No,0,0,20,Offer D,Yes,33.86,No,No Internet Service,0,No,No,No,No,No,No,No,No,Month-to-Month,Yes,Credit Card,18.9,0.0,0,No,4277,1,13-24
Female,58,No,3,0,41,No Offer,Yes,38.94,No,DSL,28,No,No,No,No,No,No,No,Yes,Month-to-Month,No,Bank Withdrawal,45.2,0.0,0,No,4418,3,25-48
Female,42,No,0,0,13,Offer D,Yes,46.3,No,No Internet Service,0,No,No,No,No,No,No,No,No,Month-to-Month,No,Credit Card,19.45,0.0,0,No,2783,1,13-24
Male,38,Yes,3,1,35,No Offer,Yes,13.67,Yes,No Internet Service,0,No,No,No,No,No,No,No,No,Two Year,No,Bank Withdrawal,25.45,0.0,0,No,4873,2,25-48
Male,25,No,0,0,4,No Offer,Yes,11.5,No,Fiber Optic,41,Yes,Yes,No,Yes,No,Yes,Yes,Yes,Month-to-Month,Yes,Credit Card,94.9,0.0,0,No,3094,8,0-12
Female,41,No,0,0,7,No Offer,Yes,39.59,No,No Internet Service,0,No,No,No,No,No,No,No,No,One Year,No,Credit Card,20.25,0.0,0,No,4208,1,0-12
Female,43,Yes,0,1,53,No Offer,Yes,6.68,No,Fiber Optic,25,Yes,Yes,Yes,Yes,Yes,Yes,Yes,Yes,One Year,No,Bank Withdrawal,110.5,0.0,0,No,4135,10,49-72
Female,33,No,0,0,5,No Offer,Yes,34.8,No,No Internet Service,0,No,No,No,No,No,No,No,No,Month-to-Month,No,Credit Card,19.95,0.0,0,No,5252,1,0-12
Female,43,No,1,0,12,Offer D,Yes,26.13,Yes,Fiber Optic,23,No,No,No,No,No,No,No,Yes,Month-to-Month,Yes,Bank Withdrawal,76.6,0.0,0,No,3280,4,0-12
Female,60,Yes,2,1,38,No Offer,Yes,36.72,No,No Internet Service,0,No,No,No,No,No,No,No,No,One Year,No,Credit Card,19.6,0.0,0,No,4623,1,25-48
Female,64,No,0,0,9,No Offer,Yes,48.38,No,Fiber Optic,8,No,No,Yes,No,No,Yes,Yes,No,Month-to-Month,Yes,Credit Card,85.3,0.0,10,No,5850,5,0-12
Male,56,Yes,0,1,13,Offer D,Yes,14.32,Yes,DSL,4,Yes,No,No,No,No,Yes,Yes,Yes,Month-to-Month,Yes,Bank Withdrawal,65.85,0.0,0,No,2731,7,13-24
Female,52,Yes,1,1,47,No Offer,Yes,1.44,No,No Internet Service,0,No,No,No,No,No,No,No,No,Two Year,No,Credit Card,20.05,0.0,0,No,3260,1,25-48
Male,49,Yes,0,1,61,No Offer,Yes,15.15,Yes,Fiber Optic,28,Yes,No,Yes,Yes,Yes,No,No,Yes,Month-to-Month,No,Bank Withdrawal,99.4,0.0,0,No,5404,8,49-72
Male,22,No,0,0,16,Offer D,Yes,4.13,No,No Internet Service,0,No,No,No,No,No,No,No,No,Month-to-Month,No,Credit Card,20.0,0.0,0,No,3705,1,13-24
Female,20,Yes,2,1,41,No Offer,Yes,32.29,No,DSL,69,Yes,Yes,No,Yes,Yes,Yes,Yes,Yes,Two Year,No,Bank Withdrawal,78.45,0.0,0,No,5468,9,25-48
Female,31,No,3,0,43,No Offer,Yes,30.64,Yes,No Internet Service,0,No,No,No,No,No,No,No,No,Two Year,Yes,Bank Withdrawal,25.1,0.0,0,No,4797,2,25-48
Female,27,No,0,0,6,No Offer,Yes,37.57,No,Cable,58,No,No,No,No,No,Yes,Yes,Yes,Month-to-Month,Yes,Bank Withdrawal,55.0,0.0,0,No,2629,5,0-12
Female,56,No,0,0,58,No Offer,Yes,42.33,Yes,Cable,7,Yes,Yes,Yes,Yes,No,No,No,Yes,One Year,Yes,Credit Card,71.1,0.0,0,No,5395,8,49-72
Male,62,No,0,0,19,Offer D,Yes,46.49,No,Cable,8,No,No,No,Yes,Yes,No,No,Yes,Month-to-Month,Yes,Credit Card,61.55,0.0,0,No,5831,5,13-24
Male,54,Yes,0,1,11,Offer D,Yes,12.95,No,Cable,6,No,No,No,No,No,No,No,Yes,Month-to-Month,Yes,Bank Withdrawal,45.9,0.0,0,No,3880,3,0-12
Female,37,No,0,0,39,No Offer,No,0.0,No,DSL,19,Yes,Yes,No,Yes,No,No,No,Yes,One Year,Yes,Bank Withdrawal,40.3,0.0,0,No,3424,5,25-48
Female,53,No,1,0,26,No Offer,Yes,16.34,Yes,DSL,19,No,No,No,No,No,No,No,No,Month-to-Month,Yes,Credit Card,49.5,0.0,150,No,4196,3,25-48
Female,38,Yes,3,1,70,No Offer,Yes,38.63,No,No Internet Service,0,No,No,No,No,No,No,No,No,Two Year,Yes,Credit Card,19.2,0.0,0,No,5261,1,49-72
Male,25,No,0,0,59,No Offer,Yes,25.89,Yes,No Internet Service,0,No,No,No,No,No,No,No,No,Two Year,No,Credit Card,25.0,0.0,0,No,5537,2,49-72
Male,47,No,0,0,7,No Offer,No,0.0,No,DSL,14,Yes,No,Yes,No,No,No,No,Yes,One Year,No,Credit Card,35.3,0.0,0,No,3463,4,0-12
Male,63,Yes,2,1,59,No Offer,Yes,15.94,No,DSL,19,No,Yes,Yes,Yes,Yes,Yes,Yes,Yes,One Year,No,Credit Card,76.75,0.0,0,No,5918,9,49-72
Male,27,Yes,3,1,61,No Offer,Yes,32.96,Yes,DSL,41,No,No,Yes,Yes,Yes,Yes,Yes,Yes,Two Year,Yes,Bank Withdrawal,81.0,0.0,0,No,4151,9,49-72
Male,22,Yes,3,4,72,No Offer,Yes,8.33,Yes,Fiber Optic,59,Yes,No,Yes,No,Yes,Yes,Yes,No,Two Year,Yes,Bank Withdrawal,105.55,0.0,10,No,4331,8,49-72
Female,27,Yes,1,6,13,Offer D,Yes,16.74,No,No Internet Service,0,No,No,No,No,No,No,No,No,Month-to-Month,No,Credit Card,18.8,0.0,0,No,2333,1,13-24
Female,50,Yes,1,6,64,No Offer,Yes,19.23,Yes,No Internet Service,0,No,No,No,No,No,No,No,No,One Year,No,Credit Card,24.9,0.0,0,No,5038,2,49-72
Female,54,No,0,0,10,Offer D,Yes,37.45,No,DSL,5,No,Yes,No,Yes,No,Yes,Yes,Yes,One Year,No,Credit Card,64.9,0.0,0,No,4883,7,0-12
Female,55,Yes,2,0,65,Offer B,Yes,19.25,No,DSL,19,Yes,Yes,Yes,No,No,No,No,Yes,One Year,No,Bank Withdrawal,61.35,0.0,0,No,6354,6,49-72
Female,21,Yes,0,3,62,Offer B,Yes,42.68,Yes,Fiber Optic,51,Yes,Yes,Yes,Yes,Yes,Yes,Yes,Yes,Two Year,No,Credit Card,113.95,0.0,0,No,6193,11,49-72
Female,20,Yes,0,8,55,Offer B,Yes,47.46,Yes,DSL,53,Yes,Yes,Yes,Yes,Yes,Yes,Yes,Yes,One Year,Yes,Bank Withdrawal,90.15,0.0,0,No,4712,11,49-72
Female,29,Yes,0,8,25,No Offer,Yes,12.12,Yes,Cable,59,No,Yes,No,No,No,No,No,No,Month-to-Month,No,Bank Withdrawal,54.1,0.0,110,No,5701,4,25-48
Male,55,No,0,0,1,No Offer,Yes,38.21,No,Cable,13,Yes,No,No,No,No,No,No,Yes,Month-to-Month,Yes,Credit Card,49.8,0.0,0,No,2978,4,0-12
Male,50,Yes,0,3,36,No Offer,Yes,5.99,Yes,Fiber Optic,6,No,No,No,No,Yes,Yes,Yes,Yes,Month-to-Month,Yes,Bank Withdrawal,95.0,0.0,0,No,3057,7,25-48
Male,37,Yes,0,1,61,Offer B,Yes,4.69,Yes,Cable,4,Yes,No,Yes,No,No,Yes,Yes,Yes,Two Year,Yes,Credit Card,69.9,0.0,0,No,5117,8,49-72
Male,32,No,3,0,26,No Offer,No,0.0,No,Cable,58,No,Yes,No,No,Yes,No,No,Yes,One Year,Yes,Bank Withdrawal,39.95,0.0,0,No,2715,4,25-48
Male,51,Yes,2,2,68,No Offer,Yes,21.86,No,Fiber Optic,29,Yes,Yes,Yes,No,Yes,Yes,Yes,Yes,Two Year,Yes,Credit Card,103.25,0.0,0,No,4751,9,49-72
Female,39,Yes,0,8,72,No Offer,Yes,11.02,Yes,Fiber Optic,17,Yes,Yes,Yes,Yes,No,No,No,No,Two Year,Yes,Bank Withdrawal,94.25,0.0,100,No,6295,7,49-72
Female,59,Yes,0,4,71,No Offer,No,0.0,No,Cable,6,No,No,Yes,Yes,No,Yes,Yes,Yes,Two Year,Yes,Bank Withdrawal,47.05,0.0,0,No,6302,6,49-72
Male,56,No,0,0,57,Offer B,Yes,12.99,No,No Internet Service,0,No,No,No,No,No,No,No,No,Two Year,No,Credit Card,20.55,0.0,0,No,4565,1,49-72
Male,20,No,0,0,4,Offer E,Yes,18.28,No,No Internet Service,0,No,No,No,No,No,No,No,No,Month-to-Month,Yes,Credit Card,19.65,0.0,0,No,4925,1,0-12
Male,22,Yes,3,8,72,No Offer,Yes,2.73,Yes,DSL,59,Yes,Yes,Yes,Yes,No,Yes,Yes,Yes,Two Year,No,Credit Card,81.0,0.0,0,No,4237,10,49-72
Male,42,Yes,3,6,21,No Offer,Yes,31.55,Yes,DSL,23,Yes,No,No,No,Yes,Yes,Yes,Yes,One Year,Yes,Bank Withdrawal,75.9,0.0,0,No,3503,8,13-24
Female,42,Yes,1,1,71,No Offer,Yes,19.49,Yes,No Internet Service,0,No,No,No,No,No,No,No,No,Two Year,No,Bank Withdrawal,24.7,0.0,0,No,5187,2,49-72
Female,41,Yes,0,5,64,Offer B,Yes,11.85,Yes,DSL,2,Yes,No,Yes,Yes,Yes,Yes,Yes,Yes,Two Year,Yes,Credit Card,85.0,0.0,0,No,5472,10,49-72
Male,48,No,0,0,16,No Offer,Yes,24.79,No,No Internet Service,0,No,No,No,No,No,No,No,No,Month-to-Month,No,Credit Card,19.75,0.0,0,No,5433,1,13-24
Female,33,No,0,0,4,Offer E,Yes,6.36,Yes,No Internet Service,0,No,No,No,No,No,No,No,No,One Year,No,Bank Withdrawal,23.9,0.0,0,No,5685,2,0-12
Male,44,No,0,0,1,Offer E,Yes,27.08,No,No Internet Service,0,No,No,No,No,No,No,No,No,Month-to-Month,No,Credit Card,19.95,0.0,0,No,5916,1,0-12
Male,32,No,0,0,18,No Offer,No,0.0,No,DSL,8,No,No,No,No,No,No,No,Yes,Month-to-Month,No,Credit Card,25.15,0.0,0,No,2675,2,13-24
Female,47,No,0,0,2,Offer E,Yes,21.3,Yes,DSL,7,No,Yes,No,No,No,No,No,No,Month-to-Month,No,Credit Card,54.15,0.0,10,No,3527,4,0-12
Female,20,Yes,0,3,19,No Offer,Yes,8.3,No,DSL,48,No,Yes,No,No,No,Yes,Yes,Yes,Month-to-Month,Yes,Credit Card,59.8,0.0,0,No,3652,6,13-24
Female,50,No,0,0,40,Offer B,Yes,33.66,Yes,Fiber Optic,20,No,No,No,No,No,Yes,Yes,Yes,Month-to-Month,No,Bank Withdrawal,83.85,0.0,0,No,4294,6,25-48
Male,25,No,0,0,21,No Offer,Yes,3.26,Yes,Fiber Optic,51,No,No,No,No,No,No,No,Yes,Month-to-Month,No,Credit Card,75.3,0.0,0,No,2847,4,13-24
Male,41,No,0,0,8,Offer E,Yes,30.8,No,DSL,27,No,Yes,No,Yes,Yes,No,No,Yes,Month-to-Month,Yes,Bank Withdrawal,66.65,0.0,0,No,3804,6,0-12
Female,38,Yes,1,3,72,No Offer,Yes,32.23,No,Fiber Optic,19,Yes,Yes,Yes,Yes,Yes,Yes,Yes,Yes,Two Year,Yes,Credit Card,109.5,0.0,0,No,6419,10,49-72
Female,49,No,0,0,48,Offer B,Yes,21.39,Yes,DSL,3,No,Yes,Yes,Yes,Yes,No,No,No,One Year,Yes,Bank Withdrawal,73.85,0.0,60,No,4740,7,25-48
Male,54,No,0,0,69,No Offer,Yes,17.74,No,No Internet Service,0,No,No,No,No,No,No,No,No,Two Year,Yes,Bank Withdrawal,19.3,0.0,0,No,5028,1,49-72
Male,60,No,0,0,72,No Offer,Yes,36.49,Yes,Fiber Optic,27,Yes,Yes,Yes,Yes,Yes,Yes,Yes,Yes,Two Year,Yes,Bank Withdrawal,118.2,0.0,0,No,4886,11,49-72
Female,64,No,0,0,14,No Offer,Yes,24.04,No,Cable,12,No,Yes,No,No,No,No,No,Yes,One Year,No,Credit Card,51.45,0.0,0,No,4298,4,13-24
Male,58,No,0,0,6,No Offer,Yes,10.88,No,Cable,8,No,Yes,No,No,Yes,No,No,Yes,Month-to-Month,No,Bank Withdrawal,59.45,0.0,0,No,2393,5,0-12
Female,48,Yes,3,6,8,No Offer,Yes,17.2,No,No Internet Service,0,No,No,No,No,No,No,No,No,Two Year,No,Bank Withdrawal,19.5,0.0,0,No,5206,1,0-12
Female,21,No,0,0,17,No Offer,Yes,42.42,No,No Internet Service,0,No,No,No,No,No,No,No,No,One Year,No,Credit Card,19.55,0.0,0,No,4947,1,13-24
Male,50,No,0,0,65,Offer B,Yes,2.72,Yes,Fiber Optic,16,Yes,No,No,Yes,No,Yes,Yes,No,One Year,No,Bank Withdrawal,93.55,0.0,30,No,5774,7,49-72
Female,54,Yes,1,6,57,Offer B,Yes,18.85,No,Cable,24,Yes,No,Yes,Yes,No,No,No,Yes,One Year,Yes,Credit Card,59.3,0.0,0,No,6287,6,49-72
Female,54,Yes,0,9,56,Offer B,Yes,37.76,Yes,Fiber Optic,21,Yes,Yes,Yes,No,Yes,Yes,Yes,Yes,One Year,No,Bank Withdrawal,109.8,0.0,0,No,5648,10,49-72
Female,50,Yes,0,7,14,No Offer,Yes,4.45,No,Fiber Optic,16,No,No,No,No,No,Yes,Yes,Yes,Month-to-Month,Yes,Bank Withdrawal,78.1,0.0,0,No,3157,5,13-24
Male,47,Yes,0,1,52,No Offer,No,0.0,No,DSL,26,Yes,No,No,No,No,Yes,Yes,Yes,Month-to-Month,Yes,Bank Withdrawal,39.9,0.0,0,No,6371,5,49-72
Female,56,No,0,0,58,No Offer,Yes,29.47,No,DSL,16,Yes,Yes,Yes,Yes,No,No,No,Yes,Two Year,Yes,Credit Card,64.9,0.0,0,No,5040,7,49-72
Female,61,No,0,0,67,No Offer,No,0.0,No,DSL,11,No,No,Yes,Yes,Yes,Yes,Yes,Yes,Month-to-Month,Yes,Credit Card,53.4,0.0,0,No,5990,7,49-72
Male,22,No,0,0,2,No Offer,No,0.0,No,DSL,48,No,No,No,No,No,No,No,No,Month-to-Month,Yes,Credit Card,24.9,0.0,10,No,4033,1,0-12
Male,25,Yes,1,0,71,No Offer,Yes,25.45,Yes,Fiber Optic,59,Yes,Yes,Yes,Yes,Yes,Yes,Yes,Yes,Two Year,Yes,Bank Withdrawal,114.0,0.0,0,No,5600,11,49-72
Female,42,Yes,1,7,46,No Offer,Yes,27.65,No,No Internet Service,0,No,No,No,No,No,No,No,No,Two Year,No,Bank Withdrawal,20.25,0.0,0,No,3879,1,25-48
Male,36,No,3,0,3,No Offer,Yes,18.43,No,No Internet Service,0,No,No,No,No,No,No,No,No,Month-to-Month,No,Bank Withdrawal,20.2,0.0,0,No,3594,1,0-12
Female,60,No,0,0,3,No Offer,Yes,2.69,No,No Internet Service,0,No,No,No,No,No,No,No,No,Month-to-Month,No,Credit Card,19.95,0.0,0,No,5949,1,0-12
Male,40,Yes,2,9,50,No Offer,Yes,26.98,No,No Internet Service,0,No,No,No,No,No,No,No,No,One Year,Yes,Credit Card,20.35,0.0,0,No,6391,1,49-72
Female,29,Yes,2,2,67,No Offer,No,0.0,No,Cable,51,Yes,Yes,Yes,Yes,Yes,No,No,Yes,Two Year,No,Credit Card,54.2,0.0,0,No,5261,7,49-72
Female,46,No,0,0,69,Offer A,Yes,13.91,Yes,Cable,7,Yes,Yes,No,Yes,No,No,No,Yes,Two Year,Yes,Credit Card,66.9,0.0,0,No,5059,7,49-72
Female,50,No,0,0,1,No Offer,No,0.0,No,DSL,18,No,No,No,No,No,No,No,Yes,One Year,No,Credit Card,25.85,0.0,0,No,4467,2,0-12
Male,40,No,0,0,32,No Offer,Yes,47.3,No,Fiber Optic,24,No,No,No,No,Yes,Yes,Yes,Yes,Month-to-Month,No,Bank Withdrawal,91.05,0.0,0,No,2716,6,25-48
Male,45,Yes,2,9,60,No Offer,Yes,32.12,No,No Internet Service,0,No,No,No,No,No,No,No,No,Two Year,Yes,Bank Withdrawal,20.95,0.0,0,No,4425,1,49-72
Female,40,Yes,1,4,72,Offer A,Yes,44.03,Yes,Fiber Optic,14,No,Yes,Yes,Yes,Yes,Yes,Yes,Yes,Two Year,Yes,Bank Withdrawal,109.2,0.0,0,No,6130,10,49-72
Male,55,No,0,0,2,No Offer,Yes,7.8,No,No Internet Service,0,No,No,No,No,No,No,No,No,Month-to-Month,Yes,Bank Withdrawal,19.65,0.0,0,No,4841,1,0-12
Female,44,No,3,0,2,No Offer,Yes,31.01,No,No Internet Service,0,No,No,No,No,No,No,No,No,One Year,No,Bank Withdrawal,20.5,0.0,0,No,4486,1,0-12
Female,29,No,0,0,36,No Offer,Yes,44.7,Yes,DSL,59,Yes,No,Yes,Yes,Yes,Yes,Yes,Yes,One Year,Yes,Credit Card,89.65,0.0,0,No,4844,10,25-48
Male,48,No,0,0,7,No Offer,Yes,1.67,No,Fiber Optic,23,Yes,No,No,No,No,No,No,Yes,Month-to-Month,No,Credit Card,74.35,0.0,0,No,2463,4,0-12
Female,30,Yes,0,1,19,No Offer,Yes,45.37,Yes,Fiber Optic,52,No,Yes,No,No,No,Yes,Yes,Yes,Month-to-Month,Yes,Bank Withdrawal,89.1,0.0,0,No,3624,7,13-24
Male,57,Yes,1,3,47,No Offer,Yes,38.25,No,Fiber Optic,20,Yes,No,Yes,No,No,Yes,Yes,Yes,Month-to-Month,No,Bank Withdrawal,90.05,0.0,0,No,3291,7,25-48
Female,49,No,0,0,1,No Offer,Yes,2.85,No,No Internet Service,0,No,No,No,No,No,No,No,No,Month-to-Month,No,Credit Card,19.4,0.0,0,No,5566,1,0-12
Male,29,Yes,3,6,32,No Offer,Yes,36.65,No,Fiber Optic,69,Yes,Yes,No,No,No,Yes,Yes,Yes,One Year,Yes,Bank Withdrawal,90.8,0.0,0,No,2722,7,25-48
Male,62,Yes,3,3,61,No Offer,Yes,34.54,Yes,Fiber Optic,58,No,No,Yes,No,Yes,Yes,Yes,Yes,One Year,Yes,Bank Withdrawal,99.9,0.0,0,No,5641,8,49-72
Male,64,Yes,2,1,72,Offer A,Yes,28.63,Yes,DSL,19,Yes,Yes,Yes,Yes,Yes,Yes,Yes,Yes,Two Year,No,Credit Card,88.7,0.0,0,No,4641,11,49-72
Male,25,Yes,1,1,44,No Offer,No,0.0,No,DSL,69,No,No,Yes,Yes,Yes,Yes,Yes,No,One Year,Yes,Bank Withdrawal,54.3,0.0,10,No,3423,6,25-48
Male,40,No,0,0,41,No Offer,Yes,6.6,Yes,Cable,3,No,No,Yes,No,No,No,No,Yes,Month-to-Month,Yes,Bank Withdrawal,55.7,0.0,0,No,5590,5,25-48
Male,27,Yes,0,0,50,No Offer,Yes,23.28,Yes,Fiber Optic,51,Yes,No,Yes,No,Yes,Yes,Yes,Yes,One Year,Yes,Bank Withdrawal,103.95,0.0,0,No,4363,9,49-72
Male,30,Yes,3,1,8,Offer E,Yes,2.87,No,No Internet Service,0,No,No,No,No,No,No,No,No,Two Year,No,Credit Card,20.15,0.0,0,No,3899,1,0-12
Male,61,No,0,0,18,No Offer,Yes,22.97,No,No Internet Service,0,No,No,No,No,No,No,No,No,Month-to-Month,No,Credit Card,20.05,0.0,0,No,4204,1,13-24
Male,21,Yes,1,1,72,Offer A,Yes,27.1,Yes,Cable,59,Yes,Yes,Yes,Yes,Yes,Yes,Yes,Yes,Two Year,Yes,Credit Card,91.95,0.0,0,No,4403,11,49-72
Female,29,No,2,0,13,Offer D,Yes,11.99,Yes,Fiber Optic,27,No,Yes,Yes,No,Yes,Yes,Yes,Yes,One Year,Yes,Credit Card,104.15,2.76,0,No,2810,9,13-24
Female,50,Yes,2,1,68,Offer A,Yes,15.94,Yes,Fiber Optic,29,No,Yes,No,Yes,No,No,No,Yes,One Year,Yes,Bank Withdrawal,83.65,46.99,0,No,5958,6,49-72
Male,27,No,0,0,69,Offer A,Yes,5.71,Yes,Fiber Optic,73,Yes,Yes,Yes,No,Yes,Yes,Yes,Yes,Two Year,Yes,Credit Card,110.05,23.16,0,No,5798,10,49-72
Male,31,Yes,3,1,25,No Offer,Yes,23.69,Yes,No Internet Service,0,No,No,No,No,No,No,No,No,Two Year,No,Credit Card,25.5,44.42,0,No,5230,2,25-48
Female,19,Yes,2,1,59,No Offer,Yes,9.51,No,No Internet Service,0,No,No,No,No,No,No,No,No,Two Year,No,Credit Card,19.5,0.0,0,No,4579,1,49-72
Female,19,Yes,3,1,69,Offer A,Yes,23.02,Yes,Fiber Optic,48,Yes,Yes,Yes,Yes,Yes,No,No,No,One Year,Yes,Credit Card,105.1,0.0,110,No,4686,8,49-72
Male,37,No,0,0,13,Offer D,No,0.0,No,Cable,16,No,No,No,No,No,No,No,Yes,Month-to-Month,Yes,Bank Withdrawal,25.15,48.59,0,No,4943,2,13-24
Male,27,Yes,0,1,52,No Offer,Yes,8.94,Yes,Fiber Optic,85,No,Yes,No,Yes,No,Yes,Yes,Yes,Month-to-Month,Yes,Credit Card,95.65,11.8,0,No,4465,8,49-72
Male,53,Yes,0,1,61,No Offer,Yes,43.48,Yes,DSL,20,Yes,Yes,Yes,Yes,No,Yes,Yes,Yes,Two Year,Yes,Bank Withdrawal,80.8,17.17,0,No,4302,10,49-72
Male,19,No,0,0,29,No Offer,No,0.0,No,DSL,59,No,No,No,No,No,No,No,Yes,One Year,Yes,Credit Card,24.85,0.0,0,No,4161,2,25-48
Female,37,No,1,0,25,Offer C,Yes,39.9,No,DSL,27,No,Yes,No,Yes,No,No,No,Yes,One Year,Yes,Credit Card,54.75,15.76,0,No,5136,5,25-48
Male,52,No,0,0,15,Offer D,No,0.0,No,DSL,14,No,No,Yes,No,Yes,Yes,Yes,Yes,One Year,No,Bank Withdrawal,50.75,32.55,0,No,5091,6,13-24
Female,48,Yes,3,1,19,Offer D,Yes,31.85,No,No Internet Service,0,No,No,No,No,No,No,No,No,Two Year,No,Credit Card,20.15,2.97,0,No,4246,1,13-24
Male,28,No,0,0,44,No Offer,Yes,47.53,No,No Internet Service,0,No,No,No,No,No,No,No,No,Two Year,No,Credit Card,20.05,15.31,0,No,2798,1,25-48
Male,44,Yes,3,1,58,No Offer,Yes,40.57,Yes,DSL,25,Yes,Yes,Yes,Yes,No,No,No,Yes,Two Year,No,Credit Card,71.6,45.54,0,No,4747,8,49-72
Male,27,Yes,3,1,62,No Offer,Yes,39.67,No,Fiber Optic,41,Yes,Yes,No,No,No,No,No,Yes,One Year,Yes,Credit Card,81.45,14.15,0,No,5179,5,49-72
Female,52,Yes,2,1,70,Offer A,No,0.0,No,Cable,19,No,Yes,Yes,Yes,Yes,Yes,Yes,Yes,One Year,Yes,Bank Withdrawal,58.4,32.53,0,No,4117,8,49-72
Male,49,Yes,2,2,10,Offer D,No,0.0,No,Cable,24,Yes,Yes,Yes,Yes,No,Yes,Yes,Yes,Two Year,No,Credit Card,53.7,22.97,0,No,5671,8,0-12
Male,64,No,0,0,26,Offer C,Yes,37.7,No,No Internet Service,0,No,No,No,No,No,No,No,No,One Year,Yes,Bank Withdrawal,19.6,21.25,0,No,3722,1,25-48
Male,55,No,0,0,66,Offer A,Yes,48.78,Yes,Fiber Optic,8,No,Yes,No,No,No,Yes,Yes,No,Month-to-Month,No,Credit Card,89.4,36.02,40,No,4889,6,49-72
Male,36,Yes,3,6,51,No Offer,Yes,9.5,Yes,Fiber Optic,51,No,Yes,No,Yes,No,No,No,Yes,One Year,No,Bank Withdrawal,84.2,39.68,0,No,4952,6,49-72
Male,31,Yes,1,9,72,Offer A,Yes,7.16,Yes,Fiber Optic,24,Yes,Yes,Yes,Yes,Yes,No,No,Yes,Two Year,Yes,Credit Card,106.1,23.39,0,No,4890,9,49-72
Male,56,No,0,0,65,No Offer,Yes,4.9,Yes,No Internet Service,0,No,No,No,No,No,No,No,No,Two Year,No,Credit Card,25.75,41.74,0,No,5707,2,49-72
Male,31,No,1,0,70,No Offer,Yes,26.62,Yes,Cable,19,Yes,Yes,No,Yes,No,No,No,Yes,One Year,No,Bank Withdrawal,64.95,20.87,0,No,5392,7,49-72
Male,39,Yes,0,10,72,No Offer,Yes,31.15,Yes,Cable,16,No,Yes,Yes,Yes,Yes,Yes,Yes,Yes,Two Year,Yes,Credit Card,85.45,0.0,0,No,5641,10,49-72
Female,61,Yes,3,3,1,No Offer,Yes,16.02,No,No Internet Service,0,No,No,No,No,No,No,No,No,Month-to-Month,No,Credit Card,20.05,0.0,0,No,5811,1,0-12
Male,27,No,0,0,3,Offer E,Yes,38.41,No,No Internet Service,0,No,No,No,No,No,No,No,No,Month-to-Month,No,Credit Card,20.7,0.0,0,No,2011,1,0-12
Male,39,No,0,0,58,No Offer,Yes,48.78,Yes,No Internet Service,0,No,No,No,No,No,No,No,No,Two Year,Yes,Credit Card,25.3,0.0,0,No,4477,2,49-72
Male,21,Yes,0,7,72,No Offer,Yes,34.95,Yes,Fiber Optic,48,No,Yes,No,No,Yes,Yes,Yes,Yes,Two Year,Yes,Bank Withdrawal,99.4,0.0,0,No,6022,8,49-72
Female,35,Yes,2,1,72,No Offer,Yes,17.89,Yes,Fiber Optic,19,Yes,Yes,Yes,Yes,No,Yes,Yes,Yes,Two Year,No,Credit Card,107.45,0.0,0,No,4505,10,49-72
Female,36,Yes,1,4,72,No Offer,Yes,12.84,Yes,DSL,22,Yes,Yes,Yes,No,Yes,Yes,Yes,Yes,Two Year,Yes,Credit Card,83.6,0.0,0,No,4116,10,49-72
Female,34,Yes,0,7,59,No Offer,Yes,20.27,Yes,DSL,13,No,Yes,No,Yes,Yes,Yes,Yes,Yes,One Year,Yes,Bank Withdrawal,80.1,0.0,0,No,4093,9,49-72
Male,47,No,0,0,54,No Offer,Yes,18.74,No,DSL,16,Yes,Yes,No,No,Yes,No,No,Yes,Two Year,Yes,Bank Withdrawal,65.3,0.0,0,No,4556,6,49-72
Male,34,No,0,0,60,No Offer,Yes,7.1,Yes,Fiber Optic,10,No,No,Yes,No,Yes,No,No,Yes,Two Year,Yes,Bank Withdrawal,89.55,0.0,0,No,5874,6,49-72
Female,19,Yes,0,5,60,No Offer,No,0.0,No,DSL,69,No,Yes,Yes,Yes,Yes,Yes,Yes,Yes,Two Year,No,Credit Card,60.8,0.0,0,No,5784,8,49-72
Male,39,No,0,0,3,No Offer,Yes,6.97,Yes,Fiber Optic,14,No,No,No,No,No,No,No,Yes,Month-to-Month,No,Bank Withdrawal,74.5,0.0,0,No,5203,4,0-12
Female,52,Yes,0,6,69,No Offer,Yes,45.35,Yes,Fiber Optic,19,Yes,No,No,No,Yes,Yes,Yes,Yes,Two Year,No,Bank Withdrawal,99.15,0.0,0,No,5031,8,49-72
Female,29,Yes,5,9,1,Offer E,Yes,25.1,No,No Internet Service,0,No,No,No,No,No,No,No,No,Month-to-Month,No,Bank Withdrawal,19.25,0.0,0,No,2053,1,0-12
Male,44,Yes,3,10,50,No Offer,No,0.0,No,DSL,23,Yes,No,No,No,Yes,No,No,Yes,Month-to-Month,Yes,Credit Card,39.45,0.0,0,No,6018,4,49-72
Female,58,No,0,0,56,No Offer,No,0.0,No,DSL,23,No,No,No,No,Yes,Yes,Yes,Yes,Month-to-Month,Yes,Credit Card,44.85,0.0,0,No,4021,5,49-72
Female,59,Yes,0,6,60,No Offer,Yes,32.5,No,Fiber Optic,13,Yes,No,No,Yes,Yes,Yes,Yes,Yes,Two Year,Yes,Bank Withdrawal,97.2,0.0,0,No,4905,8,49-72
Female,55,Yes,0,4,3,Offer E,Yes,41.36,No,No Internet Service,0,No,No,No,No,No,No,No,No,Month-to-Month,Yes,Credit Card,19.9,0.0,0,No,3716,1,0-12
Male,39,Yes,3,7,60,No Offer,Yes,27.2,No,DSL,21,No,Yes,No,Yes,Yes,Yes,Yes,Yes,Two Year,No,Bank Withdrawal,76.95,0.0,0,No,5053,8,49-72
Female,58,No,0,0,13,Offer D,No,0.0,No,Cable,13,No,No,Yes,Yes,No,No,No,No,Two Year,No,Credit Card,35.4,0.0,100,No,3239,3,13-24
Male,45,Yes,2,2,62,No Offer,Yes,1.87,No,No Internet Service,0,No,No,No,No,No,No,No,No,Two Year,No,Bank Withdrawal,20.45,0.0,0,No,5746,1,49-72
Female,58,No,0,0,45,No Offer,Yes,1.57,Yes,Fiber Optic,30,Yes,Yes,No,No,No,Yes,Yes,Yes,One Year,No,Bank Withdrawal,96.75,0.0,0,No,3682,8,25-48
Female,37,No,0,0,25,Offer C,No,0.0,No,Cable,29,No,No,Yes,Yes,Yes,Yes,Yes,Yes,One Year,No,Bank Withdrawal,54.2,0.0,0,No,4458,7,25-48
Male,30,No,0,0,44,Offer B,Yes,48.95,No,Fiber Optic,59,No,No,Yes,Yes,Yes,Yes,Yes,Yes,Two Year,No,Bank Withdrawal,100.1,0.0,0,No,4025,8,25-48
Female,34,No,0,0,2,Offer E,Yes,39.5,No,Cable,26,No,No,No,No,No,No,No,Yes,Month-to-Month,Yes,Credit Card,45.25,0.0,0,No,5441,3,0-12
Female,50,No,0,0,22,Offer D,Yes,10.25,No,No Internet Service,0,No,No,No,No,No,No,No,No,One Year,No,Bank Withdrawal,20.85,0.0,0,No,3171,1,13-24
Female,59,No,0,0,35,Offer C,No,0.0,No,Cable,12,No,No,Yes,Yes,No,No,No,No,Month-to-Month,Yes,Credit Card,33.45,0.0,30,No,2553,3,25-48
Female,40,Yes,1,5,29,Offer C,Yes,34.44,No,No Internet Service,0,No,No,No,No,No,No,No,No,Two Year,No,Credit Card,20.2,0.0,0,No,2784,1,25-48
Male,20,No,2,0,54,Offer B,Yes,4.16,No,Cable,59,No,Yes,Yes,Yes,No,No,No,Yes,One Year,Yes,Bank Withdrawal,61.0,0.0,0,No,5594,6,49-72
Male,45,No,0,0,57,Offer B,Yes,36.08,Yes,Fiber Optic,26,No,No,No,No,Yes,No,No,Yes,One Year,Yes,Bank Withdrawal,86.9,0.0,0,No,6109,5,49-72
Male,55,No,0,0,62,Offer B,Yes,41.13,Yes,Cable,12,Yes,Yes,Yes,Yes,No,No,No,Yes,Two Year,No,Bank Withdrawal,69.4,0.0,0,No,6469,8,49-72
Female,44,Yes,3,10,15,Offer D,Yes,46.64,No,No Internet Service,0,No,No,No,No,No,No,No,No,One Year,No,Credit Card,20.35,0.0,0,No,3205,1,13-24
Female,50,Yes,0,9,70,No Offer,Yes,5.46,Yes,Fiber Optic,30,No,No,Yes,Yes,Yes,Yes,Yes,No,Two Year,Yes,Bank Withdrawal,104.3,0.0,30,No,5583,8,49-72
Female,33,Yes,2,6,21,Offer D,Yes,38.95,No,Cable,17,No,No,No,No,No,No,No,Yes,Month-to-Month,Yes,Bank Withdrawal,44.95,0.0,0,No,3752,3,13-24
Female,61,No,3,0,23,Offer D,Yes,25.85,No,Cable,53,No,No,No,Yes,No,No,No,Yes,One Year,Yes,Bank Withdrawal,49.45,0.0,0,No,5237,4,13-24
Male,24,No,0,0,6,Offer E,Yes,12.17,No,No Internet Service,0,No,No,No,No,No,No,No,No,One Year,No,Credit Card,20.6,0.0,0,No,4439,1,0-12
Male,53,Yes,3,0,4,Offer E,Yes,29.09,No,No Internet Service,0,No,No,No,No,No,No,No,No,Two Year,No,Credit Card,19.55,0.0,0,No,5573,1,0-12
Female,46,No,0,0,23,Offer D,Yes,18.12,Yes,Fiber Optic,23,No,No,No,No,Yes,Yes,Yes,Yes,Month-to-Month,Yes,Bank Withdrawal,93.5,0.0,0,No,4861,7,13-24
Male,22,No,0,0,26,Offer C,No,0.0,No,Cable,82,Yes,No,No,Yes,Yes,Yes,Yes,Yes,One Year,No,Credit Card,54.55,0.0,0,No,4296,7,25-48
Female,24,No,2,0,8,Offer E,Yes,15.66,No,No Internet Service,0,No,No,No,No,No,No,No,No,Month-to-Month,No,Credit Card,20.05,0.0,0,No,2675,1,0-12
Male,20,No,0,0,2,Offer E,Yes,28.61,Yes,Fiber Optic,85,No,Yes,No,No,No,No,No,Yes,Month-to-Month,Yes,Bank Withdrawal,79.45,0.0,0,No,2657,5,0-12
Female,26,No,0,0,59,Offer B,Yes,1.94,Yes,DSL,73,Yes,Yes,Yes,Yes,No,Yes,Yes,Yes,One Year,No,Credit Card,79.85,0.0,0,No,6041,10,49-72
Male,62,Yes,3,9,39,Offer C,Yes,17.29,Yes,Fiber Optic,75,No,No,Yes,No,Yes,Yes,Yes,Yes,One Year,No,Bank Withdrawal,100.0,0.0,0,No,5434,8,25-48
Male,45,No,2,0,21,Offer D,Yes,27.6,No,No Internet Service,0,No,No,No,No,No,No,No,No,Two Year,No,Credit Card,19.6,0.0,0,No,2447,1,13-24
Female,60,Yes,2,6,48,Offer B,Yes,18.64,No,No Internet Service,0,No,No,No,No,No,No,No,No,Two Year,No,Bank Withdrawal,20.2,0.0,0,No,3828,1,25-48
Female,63,Yes,1,1,64,Offer B,Yes,6.83,Yes,Fiber Optic,19,Yes,Yes,Yes,Yes,Yes,Yes,Yes,No,One Year,No,Bank Withdrawal,113.35,0.0,20,No,4952,10,49-72
Male,43,Yes,1,1,46,Offer B,Yes,5.52,Yes,Fiber Optic,16,No,Yes,No,No,No,No,No,Yes,Month-to-Month,Yes,Bank Withdrawal,80.0,0.0,0,No,3315,5,25-48
Female,32,No,0,0,52,Offer B,Yes,38.71,Yes,DSL,21,No,No,Yes,Yes,Yes,Yes,Yes,Yes,Two Year,Yes,Bank Withdrawal,80.95,0.0,0,No,4924,9,49-72
Female,54,Yes,1,4,67,No Offer,Yes,17.43,Yes,No Internet Service,0,No,No,No,No,No,No,No,No,Two Year,Yes,Credit Card,24.9,0.0,0,No,5847,2,49-72
Female,32,Yes,0,7,71,No Offer,Yes,29.78,Yes,Fiber Optic,22,No,Yes,Yes,Yes,Yes,Yes,Yes,Yes,Two Year,No,Bank Withdrawal,109.25,0.0,0,No,5044,10,49-72
Male,22,No,0,0,71,No Offer,Yes,2.88,Yes,Fiber Optic,48,Yes,Yes,Yes,Yes,Yes,Yes,Yes,Yes,One Year,Yes,Bank Withdrawal,116.3,0.0,0,No,4644,11,49-72
Female,35,No,0,0,32,Offer C,Yes,15.53,No,No Internet Service,0,No,No,No,No,No,No,No,No,Month-to-Month,No,Bank Withdrawal,19.9,0.0,0,No,4374,1,25-48
Female,32,No,0,0,2,No Offer,Yes,44.77,No,Fiber Optic,9,No,No,No,No,No,No,No,Yes,Month-to-Month,No,Bank Withdrawal,70.35,0.0,0,No,3430,3,0-12
Female,48,Yes,0,3,71,No Offer,Yes,11.18,Yes,No Internet Service,0,No,No,No,No,No,No,No,No,Two Year,No,Credit Card,25.6,0.0,0,No,5063,2,49-72
Female,29,No,0,0,60,Offer B,No,0.0,No,DSL,73,Yes,No,Yes,No,No,Yes,Yes,Yes,One Year,Yes,Bank Withdrawal,44.45,0.0,0,No,4928,6,49-72
Female,45,No,0,0,6,No Offer,Yes,27.69,Yes,Fiber Optic,9,No,No,No,No,No,No,No,Yes,Month-to-Month,Yes,Credit Card,73.85,0.0,0,No,4220,4,0-12
Female,56,Yes,3,1,48,Offer B,Yes,4.45,No,DSL,57,Yes,Yes,Yes,No,No,Yes,Yes,No,Two Year,Yes,Credit Card,70.1,0.0,30,No,5476,7,25-48
Male,19,Yes,3,8,63,Offer B,Yes,24.5,Yes,No Internet Service,0,No,No,No,No,No,No,No,No,Two Year,No,Credit Card,25.25,0.0,0,No,6245,2,49-72
Male,19,No,2,0,12,Offer D,Yes,19.38,No,No Internet Service,0,No,No,No,No,No,No,No,No,Month-to-Month,No,Credit Card,21.05,0.0,0,No,4001,1,0-12
Female,56,Yes,1,4,30,Offer C,Yes,36.74,No,Cable,18,No,No,Yes,Yes,Yes,No,No,Yes,One Year,Yes,Bank Withdrawal,64.5,0.0,0,No,2215,6,25-48
Female,41,No,0,0,40,Offer B,Yes,16.73,Yes,Fiber Optic,14,No,No,Yes,Yes,Yes,Yes,Yes,Yes,One Year,Yes,Credit Card,105.95,0.0,0,No,3784,9,25-48
Female,39,Yes,1,10,9,No Offer,Yes,8.1,No,Fiber Optic,20,No,No,No,Yes,No,No,No,Yes,Month-to-Month,Yes,Bank Withdrawal,75.85,0.0,0,No,4843,4,0-12
Female,38,No,0,0,62,Offer B,No,0.0,No,Cable,30,No,Yes,Yes,No,No,Yes,Yes,Yes,Two Year,Yes,Credit Card,43.6,0.0,0,No,4507,6,49-72
Male,50,No,0,0,28,Offer C,Yes,13.69,No,Fiber Optic,12,No,Yes,No,Yes,Yes,No,No,Yes,One Year,Yes,Bank Withdrawal,91.25,0.0,0,No,2886,6,25-48
Female,64,No,0,0,70,No Offer,Yes,29.53,Yes,Cable,7,Yes,Yes,Yes,Yes,Yes,Yes,Yes,No,Two Year,No,Credit Card,89.75,0.0,110,No,5150,10,49-72
Female,20,No,0,0,46,Offer B,Yes,5.86,No,Fiber Optic,82,No,Yes,Yes,Yes,Yes,Yes,Yes,Yes,Two Year,Yes,Bank Withdrawal,104.4,0.0,0,No,4190,9,25-48
Female,33,Yes,0,2,23,Offer D,Yes,22.17,Yes,Fiber Optic,15,No,No,Yes,No,No,Yes,Yes,Yes,Month-to-Month,No,Credit Card,90.15,0.0,0,No,5110,7,13-24
Male,27,Yes,1,7,47,Offer B,No,0.0,No,DSL,47,Yes,No,Yes,Yes,No,No,No,Yes,One Year,No,Bank Withdrawal,40.3,0.0,0,No,5040,5,25-48
Male,41,Yes,2,3,68,No Offer,Yes,31.4,No,Fiber Optic,19,Yes,Yes,Yes,No,Yes,Yes,Yes,Yes,Two Year,Yes,Bank Withdrawal,105.25,0.0,0,No,5795,9,49-72
Female,28,No,1,0,67,No Offer,Yes,12.54,Yes,Fiber Optic,59,No,Yes,No,Yes,Yes,Yes,Yes,Yes,Two Year,Yes,Bank Withdrawal,104.0,0.0,0,No,4741,9,49-72
Female,52,No,0,0,14,Offer D,Yes,37.01,No,DSL,29,No,No,No,Yes,Yes,Yes,Yes,Yes,Month-to-Month,Yes,Bank Withdrawal,69.65,0.0,0,No,5351,7,13-24
Male,59,Yes,2,4,57,Offer B,Yes,49.95,Yes,Fiber Optic,22,No,No,No,No,No,No,No,No,Month-to-Month,Yes,Bank Withdrawal,74.3,0.0,70,No,4133,3,49-72
Female,34,Yes,1,6,55,Offer B,Yes,41.18,Yes,Fiber Optic,18,Yes,No,No,No,Yes,Yes,Yes,Yes,One Year,No,Credit Card,100.9,0.0,0,No,6153,8,49-72
Male,25,No,0,0,1,No Offer,Yes,42.96,No,No Internet Service,0,No,No,No,No,No,No,No,No,Month-to-Month,Yes,Credit Card,20.25,0.0,0,No,4769,1,0-12
Male,61,No,0,0,23,Offer D,Yes,8.5,Yes,Fiber Optic,6,No,No,Yes,Yes,Yes,No,No,Yes,Month-to-Month,Yes,Credit Card,96.9,0.0,0,No,3875,7,13-24
Male,61,Yes,0,2,47,Offer B,Yes,48.69,Yes,Fiber Optic,21,No,Yes,Yes,No,Yes,Yes,Yes,Yes,Month-to-Month,Yes,Bank Withdrawal,104.1,0.0,0,No,3142,9,25-48
Male,38,No,0,0,38,No Offer,Yes,22.23,No,No Internet Service,0,No,No,No,No,No,No,No,No,One Year,No,Credit Card,20.1,0.0,0,No,2907,1,25-48
Male,54,Yes,0,9,15,Offer D,Yes,24.17,No,Fiber Optic,10,No,No,No,No,No,No,No,No,Month-to-Month,Yes,Bank Withdrawal,68.6,0.0,90,No,3351,2,13-24
Female,49,No,0,0,26,No Offer,Yes,37.51,No,Fiber Optic,30,No,No,No,No,No,No,No,Yes,Month-to-Month,Yes,Credit Card,69.05,0.0,0,No,5379,3,25-48
Female,62,Yes,2,5,35,No Offer,Yes,15.41,No,No Internet Service,0,No,No,No,No,No,No,No,No,Two Year,No,Credit Card,19.7,0.0,0,No,5636,1,25-48
Male,23,No,1,0,3,No Offer,Yes,37.85,No,No Internet Service,0,No,No,No,No,No,No,No,No,Month-to-Month,Yes,Credit Card,20.05,0.0,0,No,2948,1,0-12
Male,52,Yes,0,9,42,No Offer,Yes,41.16,Yes,Fiber Optic,11,Yes,No,Yes,No,No,Yes,Yes,Yes,Month-to-Month,Yes,Bank Withdrawal,94.4,0.0,0,No,2662,8,25-48
Male,34,Yes,0,9,10,Offer D,Yes,21.85,No,DSL,9,Yes,No,No,Yes,No,No,No,Yes,Month-to-Month,Yes,Credit Card,54.95,0.0,0,No,3519,5,0-12
Female,19,Yes,0,0,61,No Offer,Yes,10.21,No,Fiber Optic,69,Yes,Yes,No,Yes,No,Yes,Yes,Yes,One Year,No,Bank Withdrawal,93.7,0.0,0,No,4300,8,49-72
Female,43,No,0,0,68,No Offer,Yes,48.82,Yes,Fiber Optic,17,Yes,Yes,No,Yes,Yes,Yes,Yes,No,Two Year,No,Credit Card,110.25,0.0,30,No,5502,9,49-72
Male,37,No,0,0,10,Offer D,Yes,46.33,No,Fiber Optic,26,Yes,No,Yes,No,Yes,Yes,Yes,Yes,One Year,Yes,Bank Withdrawal,98.9,0.0,0,No,4614,8,0-12
Female,35,Yes,3,3,72,No Offer,Yes,12.96,No,DSL,56,Yes,No,Yes,Yes,Yes,Yes,Yes,Yes,Two Year,Yes,Bank Withdrawal,80.45,0.0,0,No,4480,9,49-72
Male,43,Yes,3,9,55,No Offer,Yes,13.45,No,Fiber Optic,53,No,Yes,No,Yes,No,No,No,Yes,Month-to-Month,No,Bank Withdrawal,79.4,0.0,0,No,4162,5,49-72
Female,42,No,0,0,7,No Offer,Yes,8.29,No,DSL,21,No,No,Yes,Yes,No,Yes,Yes,Yes,Month-to-Month,No,Bank Withdrawal,62.8,0.0,0,No,4080,7,0-12
Female,50,No,0,0,2,No Offer,Yes,41.08,Yes,Fiber Optic,25,No,No,No,No,No,No,No,Yes,Month-to-Month,Yes,Credit Card,74.9,0.0,0,No,2044,4,0-12
Female,28,No,0,0,9,No Offer,Yes,13.05,No,Fiber Optic,73,Yes,No,No,No,No,No,No,Yes,Month-to-Month,Yes,Bank Withdrawal,74.85,0.0,0,No,5770,4,0-12
Male,54,No,1,0,27,No Offer,Yes,2.65,Yes,No Internet Service,0,No,No,No,No,No,No,No,No,Two Year,Yes,Credit Card,25.85,0.0,0,No,2682,2,25-48
Female,57,Yes,0,9,64,No Offer,Yes,23.29,No,DSL,25,No,Yes,Yes,Yes,No,Yes,Yes,Yes,Two Year,Yes,Credit Card,68.3,0.0,0,No,5425,8,49-72
Male,23,No,0,0,70,No Offer,No,0.0,No,DSL,26,Yes,No,Yes,Yes,No,Yes,Yes,Yes,Two Year,No,Bank Withdrawal,48.4,0.0,0,No,4483,7,49-72
Female,19,No,0,0,24,No Offer,Yes,26.64,Yes,No Internet Service,0,No,No,No,No,No,No,No,No,Two Year,No,Credit Card,25.15,0.0,0,No,3904,2,13-24
Male,62,Yes,2,8,4,No Offer,Yes,3.57,No,No Internet Service,0,No,No,No,No,No,No,No,No,Two Year,No,Credit Card,19.5,0.0,0,No,5390,1,0-12
Male,46,Yes,1,2,44,No Offer,Yes,26.25,No,Fiber Optic,25,No,No,Yes,No,Yes,Yes,Yes,Yes,Month-to-Month,Yes,Bank Withdrawal,92.95,0.0,0,No,5635,7,25-48
Female,64,Yes,3,9,72,No Offer,Yes,6.9,No,No Internet Service,0,No,No,No,No,No,No,No,No,Two Year,Yes,Credit Card,20.7,0.0,0,No,4528,1,49-72
Male,58,No,0,0,66,No Offer,Yes,21.23,No,No Internet Service,0,No,No,No,No,No,No,No,No,Two Year,No,Bank Withdrawal,19.35,0.0,0,No,5637,1,49-72
Male,42,No,3,0,1,No Offer,Yes,30.63,No,No Internet Service,0,No,No,No,No,No,No,No,No,Month-to-Month,No,Credit Card,19.55,0.0,0,No,5272,1,0-12
Male,59,Yes,3,4,38,No Offer,Yes,31.45,No,DSL,76,Yes,Yes,Yes,Yes,Yes,No,No,Yes,One Year,No,Bank Withdrawal,74.05,0.0,0,No,5975,8,25-48
Male,36,No,3,0,23,No Offer,No,0.0,No,DSL,26,Yes,No,Yes,Yes,No,No,No,Yes,Two Year,No,Credit Card,40.1,0.0,0,No,2327,5,13-24
Female,23,Yes,0,4,10,No Offer,Yes,14.04,No,No Internet Service,0,No,No,No,No,No,No,No,No,One Year,No,Credit Card,20.1,0.0,0,No,3509,1,0-12
Male,25,Yes,2,4,72,No Offer,Yes,21.21,Yes,DSL,27,Yes,No,Yes,Yes,Yes,Yes,Yes,No,Two Year,Yes,Credit Card,83.55,0.0,90,No,5940,9,49-72
Female,20,Yes,0,7,35,No Offer,Yes,20.79,No,DSL,69,No,Yes,No,Yes,No,No,No,Yes,Month-to-Month,No,Bank Withdrawal,56.85,0.0,0,No,3102,5,25-48
Female,52,Yes,2,4,58,No Offer,Yes,43.52,No,No Internet Service,0,No,No,No,No,No,No,No,No,Two Year,No,Credit Card,19.55,0.0,0,No,4125,1,49-72
Male,37,Yes,3,7,70,No Offer,Yes,3.67,No,Fiber Optic,28,No,Yes,Yes,Yes,Yes,Yes,Yes,Yes,One Year,Yes,Bank Withdrawal,106.15,0.0,0,No,4649,9,49-72
Male,56,Yes,3,2,38,No Offer,Yes,13.67,Yes,Cable,30,No,Yes,Yes,No,Yes,Yes,Yes,Yes,One Year,No,Credit Card,78.95,0.0,0,No,2125,9,25-48
Female,39,Yes,3,2,60,No Offer,No,0.0,No,Cable,51,No,Yes,No,No,Yes,Yes,Yes,Yes,Month-to-Month,Yes,Bank Withdrawal,49.75,0.0,0,No,6307,6,49-72
Male,34,No,0,0,26,No Offer,Yes,37.59,Yes,Fiber Optic,8,Yes,Yes,No,No,Yes,No,No,Yes,Month-to-Month,Yes,Credit Card,92.4,0.0,0,No,5461,7,25-48
Female,60,No,0,0,8,No Offer,Yes,17.52,No,DSL,28,Yes,Yes,No,Yes,No,No,No,No,One Year,No,Bank Withdrawal,58.2,0.0,30,No,3325,5,0-12
Female,50,No,0,0,55,No Offer,Yes,8.93,Yes,Fiber Optic,26,No,No,No,No,No,No,No,Yes,Month-to-Month,Yes,Bank Withdrawal,73.1,0.0,0,No,5832,4,49-72
Female,40,No,0,0,72,No Offer,Yes,12.63,Yes,DSL,23,Yes,Yes,No,No,No,No,No,Yes,Two Year,No,Bank Withdrawal,59.75,0.0,0,No,4515,6,49-72
Female,61,Yes,3,9,54,No Offer,Yes,23.02,Yes,Cable,21,No,Yes,Yes,No,No,No,No,Yes,Two Year,Yes,Bank Withdrawal,59.8,0.0,0,No,5898,6,49-72
Male,26,Yes,1,7,72,No Offer,Yes,21.29,Yes,Fiber Optic,52,Yes,Yes,Yes,Yes,Yes,Yes,Yes,Yes,Two Year,Yes,Bank Withdrawal,116.6,26.7,0,No,5227,11,49-72
Male,54,No,0,0,52,No Offer,Yes,20.8,Yes,Fiber Optic,30,Yes,No,Yes,Yes,Yes,Yes,Yes,No,Two Year,Yes,Bank Withdrawal,109.3,3.85,60,No,5624,9,49-72
Female,56,No,0,0,39,No Offer,No,0.0,No,DSL,6,No,No,Yes,No,Yes,Yes,Yes,Yes,Month-to-Month,Yes,Credit Card,50.65,3.51,0,No,5433,6,25-48
Female,28,No,0,0,15,No Offer,Yes,6.56,No,DSL,52,No,No,No,No,Yes,No,No,Yes,One Year,No,Credit Card,56.15,35.23,0,No,5473,4,13-24
Male,39,Yes,1,10,43,No Offer,Yes,14.97,No,No Internet Service,0,No,No,No,No,No,No,No,No,One Year,Yes,Credit Card,19.2,9.48,0,No,5594,1,25-48
Female,51,Yes,2,1,72,No Offer,Yes,41.55,No,Fiber Optic,25,Yes,Yes,Yes,Yes,Yes,Yes,Yes,No,Two Year,Yes,Bank Withdrawal,108.3,36.13,50,No,4183,9,49-72
Male,43,Yes,1,9,40,No Offer,Yes,27.95,Yes,No Internet Service,0,No,No,No,No,No,No,No,No,Two Year,No,Credit Card,25.25,44.51,0,No,3217,2,25-48
Female,55,Yes,0,7,58,No Offer,No,0.0,No,DSL,29,Yes,Yes,No,No,Yes,No,No,Yes,One Year,Yes,Bank Withdrawal,45.35,4.08,0,No,5137,5,49-72
Male,44,No,0,0,67,No Offer,No,0.0,No,Cable,17,Yes,No,No,Yes,Yes,No,No,Yes,Two Year,No,Bank Withdrawal,43.9,34.45,0,No,6344,5,49-72
Male,47,Yes,0,1,31,No Offer,Yes,3.12,Yes,DSL,6,No,No,Yes,Yes,Yes,Yes,Yes,Yes,One Year,Yes,Credit Card,79.3,0.0,0,No,5238,9,25-48
Male,64,Yes,0,4,32,No Offer,Yes,43.11,Yes,Fiber Optic,18,No,No,No,Yes,No,No,No,Yes,One Year,Yes,Bank Withdrawal,79.25,16.96,0,No,2735,5,25-48
Female,23,No,0,0,21,No Offer,Yes,17.35,No,DSL,71,Yes,Yes,No,Yes,Yes,No,No,No,Two Year,No,Credit Card,71.05,16.91,140,No,5138,6,13-24
Male,42,No,0,0,52,No Offer,Yes,47.9,No,DSL,3,Yes,No,Yes,No,No,No,No,Yes,One Year,No,Bank Withdrawal,53.75,43.12,0,No,5957,5,49-72
Female,42,Yes,3,8,72,No Offer,Yes,47.6,Yes,No Internet Service,0,No,No,No,No,No,No,No,No,Two Year,No,Credit Card,24.25,49.76,0,No,5897,2,49-72
Male,48,Yes,2,9,52,No Offer,No,0.0,No,DSL,19,Yes,No,Yes,No,No,Yes,Yes,Yes,One Year,No,Bank Withdrawal,44.25,23.5,0,No,6340,6,49-72
Female,62,No,0,0,41,No Offer,Yes,12.42,No,Cable,12,No,No,No,Yes,No,No,No,Yes,One Year,No,Bank Withdrawal,50.05,0.0,0,No,2157,4,25-48
Male,46,No,0,0,41,No Offer,Yes,36.76,No,No Internet Service,0,No,No,No,No,No,No,No,No,Two Year,No,Credit Card,20.15,29.95,0,No,4982,1,25-48
Male,39,Yes,1,6,67,No Offer,Yes,36.21,Yes,DSL,24,Yes,Yes,Yes,Yes,No,No,No,Yes,One Year,Yes,Credit Card,69.35,9.99,0,No,5589,8,49-72
Female,40,Yes,3,10,16,No Offer,Yes,12.82,No,No Internet Service,0,No,No,No,No,No,No,No,No,Month-to-Month,No,Credit Card,19.35,33.24,0,No,4146,1,13-24
Male,35,No,0,0,17,No Offer,Yes,27.66,No,No Internet Service,0,No,No,No,No,No,No,No,No,Two Year,No,Credit Card,19.15,28.63,0,No,2717,1,13-24
Male,27,Yes,0,4,35,No Offer,Yes,25.32,No,DSL,30,Yes,Yes,Yes,No,No,No,No,Yes,Month-to-Month,No,Credit Card,61.0,10.7,0,No,4355,6,25-48
Female,52,Yes,2,10,58,No Offer,Yes,25.86,No,No Internet Service,0,No,No,No,No,No,No,No,No,Two Year,No,Credit Card,20.5,36.92,0,No,6186,1,49-72
Male,35,Yes,2,1,52,No Offer,No,0.0,No,DSL,17,No,Yes,Yes,Yes,Yes,No,No,Yes,Two Year,No,Credit Card,50.2,27.01,0,No,5396,6,49-72
Female,60,No,0,0,70,No Offer,Yes,47.72,No,DSL,28,Yes,No,Yes,Yes,Yes,Yes,Yes,Yes,Two Year,No,Bank Withdrawal,79.6,42.34,0,No,5474,9,49-72
Female,20,Yes,1,1,19,No Offer,Yes,31.58,Yes,No Internet Service,0,No,No,No,No,No,No,No,No,Two Year,Yes,Bank Withdrawal,24.9,0.0,0,No,5396,2,13-24
Female,33,Yes,3,1,35,No Offer,Yes,26.09,No,Fiber Optic,56,Yes,No,Yes,Yes,Yes,Yes,Yes,No,Month-to-Month,Yes,Bank Withdrawal,106.9,34.47,150,No,5447,8,25-48
Female,33,No,0,0,32,No Offer,Yes,41.53,Yes,Fiber Optic,28,No,No,Yes,No,Yes,Yes,Yes,Yes,Month-to-Month,Yes,Bank Withdrawal,101.35,0.0,0,No,4341,8,25-48
Female,25,Yes,3,1,17,No Offer,Yes,20.23,No,DSL,69,Yes,No,No,Yes,No,No,No,Yes,Month-to-Month,Yes,Credit Card,55.35,0.0,0,No,5465,5,13-24
Female,44,Yes,3,1,67,Offer A,Yes,46.9,No,Cable,28,No,Yes,No,No,No,No,No,Yes,One Year,No,Credit Card,50.55,0.0,0,No,5122,4,49-72
Female,56,No,0,0,9,No Offer,Yes,43.83,No,No Internet Service,0,No,No,No,No,No,No,No,No,Month-to-Month,No,Bank Withdrawal,19.5,0.0,0,No,4883,1,0-12
Male,43,No,0,0,4,Offer E,Yes,31.57,Yes,Fiber Optic,18,Yes,No,No,No,Yes,No,No,Yes,Month-to-Month,No,Bank Withdrawal,90.65,0.0,0,No,3559,6,0-12
Male,62,No,0,0,60,No Offer,Yes,35.13,No,DSL,3,Yes,No,Yes,Yes,Yes,Yes,Yes,Yes,One Year,No,Credit Card,79.0,0.0,0,No,4807,9,49-72
Male,35,No,0,0,1,Offer E,Yes,17.94,No,No Internet Service,0,No,No,No,No,No,No,No,No,Month-to-Month,No,Credit Card,19.55,0.0,0,No,3718,1,0-12
Female,36,Yes,3,1,27,No Offer,Yes,2.4,No,No Internet Service,0,No,No,No,No,No,No,No,No,Two Year,No,Credit Card,19.9,0.0,0,No,4870,1,25-48
Male,20,No,0,0,15,No Offer,Yes,13.8,Yes,Fiber Optic,59,Yes,No,No,No,Yes,No,No,Yes,Month-to-Month,Yes,Bank Withdrawal,87.75,0.0,0,No,5415,6,13-24
Female,32,No,0,0,41,No Offer,Yes,7.83,Yes,Fiber Optic,19,Yes,No,No,No,No,No,No,Yes,Month-to-Month,Yes,Credit Card,81.3,0.0,0,No,2299,5,25-48
Male,21,Yes,0,1,59,Offer B,No,0.0,No,DSL,53,No,No,No,No,Yes,Yes,Yes,No,Month-to-Month,Yes,Bank Withdrawal,44.3,0.0,20,No,5905,4,49-72
Female,45,No,2,0,50,Offer B,Yes,36.11,No,Fiber Optic,20,No,No,No,No,No,No,No,Yes,Two Year,No,Credit Card,70.35,0.0,0,No,5521,3,49-72
Male,20,Yes,2,1,17,No Offer,No,0.0,No,DSL,52,Yes,No,Yes,No,Yes,No,No,Yes,One Year,No,Credit Card,44.45,0.0,0,No,3522,5,13-24
Male,48,Yes,3,1,6,Offer E,Yes,34.7,No,DSL,51,Yes,No,No,No,No,No,No,Yes,Month-to-Month,Yes,Bank Withdrawal,49.15,0.0,0,No,4076,4,0-12
Male,44,Yes,0,1,49,Offer B,Yes,14.21,No,Fiber Optic,23,No,Yes,No,No,Yes,No,No,Yes,Month-to-Month,Yes,Credit Card,85.3,0.0,0,No,4696,5,49-72
Male,30,Yes,0,1,59,Offer B,Yes,20.5,Yes,Cable,53,Yes,No,No,Yes,No,Yes,Yes,Yes,One Year,Yes,Credit Card,69.1,0.0,0,No,4765,8,49-72
Female,45,Yes,2,1,59,Offer B,Yes,2.47,No,No Internet Service,0,No,No,No,No,No,No,No,No,Two Year,No,Credit Card,20.6,0.0,0,No,6325,1,49-72
Male,63,No,0,0,18,No Offer,Yes,4.38,Yes,Fiber Optic,20,No,No,No,No,No,No,No,Yes,Month-to-Month,No,Credit Card,74.15,0.0,0,No,2643,4,13-24
Male,22,No,0,0,10,No Offer,Yes,17.98,Yes,Fiber Optic,26,No,No,No,No,No,No,No,Yes,Month-to-Month,No,Bank Withdrawal,75.05,0.0,0,No,3399,4,0-12
Male,57,Yes,0,1,14,Offer D,Yes,44.95,No,DSL,19,No,No,No,No,No,No,No,Yes,One Year,No,Bank Withdrawal,44.6,0.0,0,No,4612,3,13-24
Male,47,No,0,0,35,No Offer,Yes,17.2,No,No Internet Service,0,No,No,No,No,No,No,No,No,Two Year,No,Bank Withdrawal,21.45,0.0,0,No,3967,1,25-48
Male,48,Yes,2,1,8,Offer E,Yes,6.78,No,DSL,24,No,No,No,No,No,No,No,Yes,One Year,Yes,Credit Card,43.45,0.0,0,No,4184,3,0-12
Male,56,Yes,3,1,18,Offer D,Yes,28.06,No,No Internet Service,0,No,No,No,No,No,No,No,No,One Year,No,Bank Withdrawal,20.05,0.0,0,No,4458,1,13-24
Female,35,Yes,3,1,60,Offer B,Yes,48.04,Yes,Fiber Optic,76,Yes,Yes,No,No,Yes,No,No,Yes,One Year,No,Bank Withdrawal,94.15,0.0,0,No,6399,7,49-72
Female,61,No,0,0,6,Offer E,Yes,7.35,No,No Internet Service,0,No,No,No,No,No,No,No,No,Two Year,No,Credit Card,19.55,0.0,0,No,5980,1,0-12
Female,49,No,3,0,19,Offer D,Yes,8.02,Yes,DSL,57,Yes,Yes,No,Yes,Yes,No,No,Yes,Month-to-Month,Yes,Credit Card,75.9,0.0,0,No,4198,8,13-24
Male,35,Yes,2,1,53,Offer B,Yes,37.57,Yes,DSL,15,Yes,Yes,No,Yes,No,No,No,Yes,One Year,No,Bank Withdrawal,64.15,0.0,0,No,5570,7,49-72
Female,34,Yes,0,1,60,Offer B,Yes,30.23,Yes,Fiber Optic,14,No,Yes,Yes,Yes,Yes,Yes,Yes,Yes,Two Year,Yes,Credit Card,110.8,9.79,0,No,5942,10,49-72
Female,40,No,1,0,13,Offer D,Yes,25.33,No,Cable,27,No,No,Yes,Yes,No,No,No,No,Month-to-Month,No,Credit Card,53.45,26.37,0,No,4335,4,13-24
Female,47,Yes,2,1,5,No Offer,Yes,1.38,No,Fiber Optic,16,No,No,No,No,No,No,No,Yes,Month-to-Month,No,Credit Card,69.95,0.0,0,No,3850,3,0-12
Male,60,Yes,1,1,13,Offer D,Yes,44.05,No,Fiber Optic,19,No,No,Yes,No,Yes,Yes,Yes,Yes,Month-to-Month,No,Bank Withdrawal,97.0,0.0,0,No,5282,7,13-24
Male,42,No,0,0,37,No Offer,Yes,44.52,Yes,DSL,6,Yes,Yes,Yes,Yes,Yes,Yes,Yes,Yes,One Year,Yes,Bank Withdrawal,90.6,8.96,0,No,2546,11,25-48
Male,40,Yes,0,0,64,Offer B,Yes,48.41,No,Fiber Optic,22,Yes,No,No,No,No,No,No,Yes,Month-to-Month,Yes,Credit Card,73.55,21.9,0,No,5018,4,49-72
Female,55,Yes,0,1,61,Offer B,Yes,25.14,Yes,Fiber Optic,13,No,Yes,No,Yes,No,Yes,Yes,Yes,Two Year,Yes,Bank Withdrawal,94.35,29.88,0,No,4676,8,49-72
Male,29,No,0,0,26,No Offer,Yes,6.38,No,No Internet Service,0,No,No,No,No,No,No,No,No,One Year,No,Credit Card,19.4,4.25,0,No,4602,1,25-48
Male,32,Yes,0,4,24,No Offer,Yes,27.38,No,No Internet Service,0,No,No,No,No,No,No,No,No,Two Year,No,Credit Card,19.75,16.56,0,No,3455,1,13-24
Male,29,Yes,0,5,17,Offer D,No,0.0,No,DSL,27,No,No,Yes,Yes,Yes,Yes,Yes,Yes,One Year,No,Bank Withdrawal,54.6,47.73,0,No,4590,7,13-24
Female,24,No,2,0,26,No Offer,No,0.0,No,DSL,27,No,No,Yes,No,No,No,No,Yes,Month-to-Month,Yes,Credit Card,29.8,10.28,0,No,3746,3,25-48
Male,33,No,0,0,52,Offer B,Yes,5.42,Yes,Fiber Optic,22,No,Yes,Yes,No,Yes,Yes,Yes,Yes,Month-to-Month,Yes,Bank Withdrawal,103.05,46.67,0,No,5432,9,49-72
Male,22,No,0,0,1,No Offer,Yes,29.19,No,No Internet Service,0,No,No,No,No,No,No,No,No,Month-to-Month,No,Credit Card,20.3,0.0,0,No,5203,1,0-12
Female,34,No,0,0,21,Offer D,No,0.0,No,DSL,4,Yes,No,No,Yes,No,No,No,Yes,Two Year,No,Credit Card,35.1,0.0,0,No,2991,4,13-24
Female,23,Yes,0,2,67,Offer A,Yes,25.46,Yes,Fiber Optic,73,No,Yes,Yes,No,Yes,Yes,Yes,Yes,One Year,Yes,Bank Withdrawal,105.7,0.0,0,No,5027,9,49-72
Female,36,Yes,3,10,44,Offer B,Yes,43.7,No,DSL,75,Yes,No,No,Yes,No,No,No,No,Month-to-Month,No,Bank Withdrawal,56.25,14.78,40,No,3918,4,25-48
Male,19,Yes,3,1,70,Offer A,No,0.0,No,Cable,47,No,Yes,Yes,Yes,Yes,Yes,Yes,Yes,One Year,No,Bank Withdrawal,60.35,49.23,0,No,4122,8,49-72
Male,45,Yes,2,1,56,Offer B,Yes,22.74,No,DSL,13,Yes,Yes,Yes,No,No,No,No,Yes,Two Year,Yes,Bank Withdrawal,59.8,35.01,0,No,4964,6,49-72
Female,32,Yes,1,10,46,Offer B,Yes,49.26,Yes,Fiber Optic,18,Yes,No,Yes,Yes,No,Yes,Yes,Yes,Two Year,No,Credit Card,99.65,9.35,0,No,4736,9,25-48
Female,37,Yes,1,6,63,Offer B,Yes,25.32,No,DSL,11,Yes,No,No,No,No,No,No,Yes,Two Year,Yes,Bank Withdrawal,50.65,37.04,0,No,4847,4,49-72
Male,23,No,0,0,11,Offer D,Yes,28.76,No,DSL,27,No,Yes,Yes,Yes,No,No,No,Yes,Month-to-Month,Yes,Bank Withdrawal,60.9,49.24,0,No,2726,6,0-12
Male,22,Yes,2,6,15,Offer D,Yes,24.36,Yes,DSL,59,No,No,Yes,Yes,No,No,No,Yes,Month-to-Month,Yes,Bank Withdrawal,59.65,32.65,0,No,3974,6,13-24
Male,33,Yes,0,8,72,Offer A,No,0.0,No,DSL,12,Yes,Yes,Yes,Yes,Yes,Yes,Yes,No,Two Year,Yes,Bank Withdrawal,64.7,0.0,140,No,6075,8,49-72
Female,23,Yes,2,3,6,No Offer,Yes,30.17,No,DSL,48,No,No,No,No,Yes,No,No,Yes,Month-to-Month,No,Bank Withdrawal,54.85,39.15,0,No,5729,4,0-12
Male,62,Yes,2,4,63,Offer B,Yes,48.62,Yes,Fiber Optic,28,No,Yes,No,No,No,Yes,Yes,Yes,One Year,Yes,Bank Withdrawal,91.35,18.78,0,No,4512,7,49-72
Female,33,Yes,1,2,18,Offer D,Yes,39.56,Yes,No Internet Service,0,No,No,No,No,No,No,No,No,Two Year,No,Credit Card,25.1,14.57,0,No,3675,2,13-24
Female,34,Yes,0,9,43,Offer B,No,0.0,No,Cable,21,Yes,No,No,Yes,No,No,No,Yes,Month-to-Month,No,Bank Withdrawal,34.0,49.22,0,No,5409,4,25-48
Female,60,No,0,0,15,Offer D,No,0.0,No,DSL,25,Yes,Yes,Yes,Yes,No,No,No,Yes,One Year,No,Credit Card,45.9,16.27,0,No,3572,6,13-24
Male,57,Yes,3,1,55,Offer B,Yes,40.94,No,No Internet Service,0,No,No,No,No,No,No,No,No,Two Year,No,Credit Card,20.5,5.83,0,No,5011,1,49-72
Male,38,Yes,1,2,70,Offer A,Yes,31.78,No,No Internet Service,0,No,No,No,No,No,No,No,No,Two Year,No,Credit Card,20.35,35.44,0,No,5748,1,49-72
Female,33,No,0,0,25,No Offer,Yes,1.22,No,DSL,10,No,Yes,No,Yes,No,Yes,Yes,Yes,Month-to-Month,Yes,Bank Withdrawal,65.8,29.29,0,No,3962,7,25-48
Male,45,No,0,0,1,No Offer,No,0.0,No,DSL,29,No,No,No,No,No,No,No,Yes,Month-to-Month,No,Credit Card,24.4,0.0,0,No,4570,2,0-12
Female,35,Yes,0,7,26,No Offer,Yes,23.31,No,DSL,20,No,Yes,No,Yes,Yes,Yes,Yes,No,Month-to-Month,Yes,Bank Withdrawal,73.05,47.59,50,No,2753,7,25-48
Female,55,No,0,0,34,No Offer,Yes,45.56,No,DSL,7,Yes,Yes,No,No,No,Yes,Yes,Yes,One Year,No,Bank Withdrawal,64.35,46.39,0,No,3445,7,25-48
Female,29,No,1,0,19,Offer D,Yes,35.45,No,No Internet Service,0,No,No,No,No,No,No,No,No,Two Year,No,Credit Card,20.5,24.07,0,No,4855,1,13-24
Female,22,Yes,3,5,62,Offer B,Yes,32.92,No,DSL,71,Yes,No,Yes,No,No,No,No,Yes,One Year,No,Credit Card,54.75,8.5,0,No,5010,5,49-72
Male,60,No,0,0,24,No Offer,Yes,33.97,No,DSL,22,Yes,No,No,No,No,No,No,Yes,Month-to-Month,Yes,Bank Withdrawal,51.15,0.0,0,No,5796,4,13-24
Male,20,Yes,1,6,31,No Offer,Yes,25.04,No,DSL,71,No,No,Yes,Yes,No,No,No,Yes,Month-to-Month,No,Credit Card,54.35,0.0,0,No,3615,5,25-48
Female,20,Yes,0,5,63,Offer B,Yes,20.51,No,Fiber Optic,51,No,Yes,No,No,Yes,Yes,Yes,No,One Year,Yes,Bank Withdrawal,96.0,0.0,30,No,5016,6,49-72
Female,46,Yes,3,8,61,Offer B,No,0.0,No,DSL,26,No,Yes,Yes,Yes,Yes,Yes,Yes,Yes,Two Year,Yes,Bank Withdrawal,61.45,0.0,0,No,5063,8,49-72
Male,32,No,0,0,18,Offer D,Yes,1.42,No,No Internet Service,0,No,No,No,No,No,No,No,No,One Year,No,Credit Card,19.65,0.0,0,No,4695,1,13-24
Female,38,Yes,3,0,6,No Offer,Yes,30.01,No,No Internet Service,0,No,No,No,No,No,No,No,No,One Year,No,Credit Card,19.0,0.0,0,No,5518,1,0-12
Female,44,No,0,0,33,No Offer,Yes,16.57,Yes,Fiber Optic,30,No,Yes,No,No,Yes,Yes,Yes,Yes,Month-to-Month,Yes,Bank Withdrawal,100.0,0.0,0,No,4643,8,25-48
Female,62,Yes,0,3,56,Offer B,Yes,7.0,No,Fiber Optic,18,No,No,Yes,Yes,Yes,Yes,Yes,Yes,Month-to-Month,Yes,Bank Withdrawal,98.7,0.0,0,No,5141,8,49-72
Male,50,No,3,0,23,Offer D,Yes,1.2,No,No Internet Service,0,No,No,No,No,No,No,No,No,One Year,No,Credit Card,19.8,0.0,0,No,3058,1,13-24
Male,54,No,0,0,9,No Offer,Yes,1.85,No,Fiber Optic,22,No,No,Yes,No,No,No,No,No,Month-to-Month,Yes,Bank Withdrawal,73.8,0.0,50,No,4895,3,0-12
Male,26,No,0,0,5,No Offer,Yes,22.16,No,No Internet Service,0,No,No,No,No,No,No,No,No,Month-to-Month,No,Credit Card,20.05,0.0,0,No,2483,1,0-12
Male,40,Yes,0,6,61,No Offer,Yes,27.66,Yes,Fiber Optic,29,Yes,Yes,No,No,Yes,Yes,Yes,Yes,Month-to-Month,Yes,Bank Withdrawal,106.2,0.0,0,No,6298,9,49-72
Male,21,Yes,2,5,70,Offer A,Yes,40.77,Yes,Fiber Optic,71,Yes,Yes,Yes,Yes,Yes,Yes,Yes,Yes,Two Year,Yes,Credit Card,116.55,0.0,0,No,6116,11,49-72
Male,53,No,0,0,15,Offer D,Yes,10.12,Yes,Fiber Optic,15,Yes,No,No,No,Yes,Yes,Yes,Yes,Month-to-Month,Yes,Bank Withdrawal,99.7,0.0,0,No,4157,8,13-24
Male,27,Yes,1,8,8,No Offer,Yes,11.57,No,No Internet Service,0,No,No,No,No,No,No,No,No,Two Year,No,Credit Card,19.7,0.0,0,No,5962,1,0-12
Female,19,Yes,2,10,8,No Offer,Yes,13.21,No,No Internet Service,0,No,No,No,No,No,No,No,No,Two Year,No,Credit Card,19.5,0.0,0,No,3598,1,0-12
Female,53,No,0,0,4,No Offer,No,0.0,No,DSL,2,Yes,No,No,No,No,No,No,No,Month-to-Month,Yes,Credit Card,29.15,0.0,10,No,2657,2,0-12
Female,31,No,0,0,34,Offer C,Yes,43.17,No,DSL,8,Yes,Yes,No,No,No,No,No,Yes,One Year,No,Credit Card,55.0,0.0,0,No,4027,5,25-48
Male,38,Yes,0,1,68,Offer A,Yes,11.83,Yes,DSL,21,Yes,Yes,Yes,Yes,Yes,Yes,Yes,Yes,Two Year,Yes,Credit Card,90.8,0.0,0,No,4265,11,49-72
Female,52,Yes,2,10,45,No Offer,No,0.0,No,Cable,19,No,Yes,Yes,Yes,No,Yes,Yes,Yes,One Year,No,Bank Withdrawal,51.0,0.0,0,No,4534,7,25-48
Female,33,No,0,0,22,Offer D,Yes,32.75,Yes,DSL,24,Yes,No,No,Yes,No,No,No,Yes,Month-to-Month,Yes,Credit Card,59.05,0.0,0,No,3995,6,13-24
Female,39,No,0,0,2,No Offer,Yes,12.68,No,No Internet Service,0,No,No,No,No,No,No,No,No,Month-to-Month,No,Credit Card,20.3,0.0,0,No,5074,1,0-12
Male,50,Yes,0,4,70,Offer A,Yes,38.58,Yes,DSL,25,No,Yes,Yes,Yes,Yes,No,No,No,Two Year,No,Bank Withdrawal,72.95,0.0,60,No,6466,7,49-72
Female,23,No,1,0,10,Offer D,Yes,14.24,Yes,Cable,26,Yes,No,Yes,Yes,No,Yes,Yes,Yes,One Year,No,Credit Card,73.55,0.0,0,No,4434,9,0-12
Male,55,No,0,0,72,Offer A,Yes,29.03,Yes,DSL,27,Yes,No,Yes,Yes,Yes,Yes,Yes,Yes,Two Year,No,Credit Card,84.3,0.0,0,No,6012,10,49-72
Female,23,Yes,1,10,49,No Offer,Yes,9.07,No,DSL,82,No,Yes,Yes,No,Yes,Yes,Yes,Yes,One Year,No,Credit Card,78.0,0.0,0,No,4200,8,49-72
Female,57,No,0,0,71,Offer A,Yes,2.93,Yes,Fiber Optic,10,Yes,Yes,Yes,No,Yes,Yes,Yes,Yes,Two Year,Yes,Credit Card,106.75,0.0,0,No,5610,10,49-72
Female,50,No,0,0,22,No Offer,Yes,35.4,No,No Internet Service,0,No,No,No,No,No,No,No,No,One Year,Yes,Credit Card,19.25,0.0,0,No,2691,1,13-24
Female,37,Yes,3,10,50,No Offer,Yes,10.13,No,No Internet Service,0,No,No,No,No,No,No,No,No,Two Year,No,Credit Card,20.55,0.0,0,No,4878,1,49-72
Female,51,Yes,2,5,43,No Offer,Yes,35.2,No,No Internet Service,0,No,No,No,No,No,No,No,No,One Year,No,Credit Card,20.0,0.0,0,No,4882,1,25-48
Female,21,Yes,1,5,45,No Offer,Yes,37.57,Yes,No Internet Service,0,No,No,No,No,No,No,No,No,Two Year,Yes,Credit Card,24.65,0.0,0,No,2194,2,25-48
Female,61,Yes,3,0,23,No Offer,Yes,7.11,Yes,No Internet Service,0,No,No,No,No,No,No,No,No,Two Year,No,Credit Card,23.85,0.0,0,No,5945,2,13-24
Female,41,Yes,0,8,68,Offer A,Yes,17.12,Yes,No Internet Service,0,No,No,No,No,No,No,No,No,Two Year,No,Credit Card,25.8,0.0,0,No,4747,2,49-72
Male,47,No,0,0,26,Offer C,Yes,3.26,No,DSL,6,No,No,No,Yes,Yes,No,No,Yes,One Year,No,Credit Card,59.45,0.0,0,No,2074,5,25-48
Male,27,No,0,0,14,No Offer,Yes,9.19,No,No Internet Service,0,No,No,No,No,No,No,No,No,Month-to-Month,Yes,Bank Withdrawal,20.05,0.0,0,No,5728,1,13-24
Male,34,Yes,0,2,71,Offer A,Yes,28.21,No,DSL,19,Yes,No,Yes,Yes,Yes,Yes,Yes,Yes,Two Year,Yes,Bank Withdrawal,82.55,0.0,0,No,4668,9,49-72
Male,25,No,0,0,64,No Offer,Yes,5.49,Yes,DSL,69,Yes,Yes,Yes,Yes,Yes,No,No,No,One Year,No,Bank Withdrawal,81.25,0.0,40,No,4761,8,49-72
Female,61,No,0,0,57,No Offer,Yes,6.45,No,DSL,3,Yes,Yes,Yes,Yes,Yes,No,No,Yes,Two Year,Yes,Credit Card,74.3,0.0,0,No,5741,8,49-72
Female,51,Yes,2,4,40,No Offer,Yes,29.42,Yes,Fiber Optic,23,No,Yes,Yes,No,Yes,No,No,Yes,Month-to-Month,Yes,Credit Card,96.35,0.0,0,No,2004,7,25-48
Male,48,Yes,0,3,14,No Offer,Yes,22.14,Yes,DSL,11,No,No,No,Yes,Yes,No,No,Yes,Month-to-Month,Yes,Credit Card,66.6,0.0,0,No,3516,6,13-24
Male,33,Yes,1,2,2,No Offer,Yes,30.87,No,DSL,19,No,No,No,No,No,No,No,Yes,Month-to-Month,Yes,Bank Withdrawal,44.5,0.0,0,No,5456,3,0-12
Male,56,No,0,0,5,No Offer,Yes,12.35,No,Fiber Optic,13,No,No,No,No,Yes,No,No,Yes,Month-to-Month,Yes,Credit Card,80.1,0.0,0,No,5225,4,0-12
Male,26,Yes,2,5,29,Offer C,Yes,36.7,Yes,DSL,69,Yes,No,No,Yes,Yes,No,No,No,One Year,No,Bank Withdrawal,69.05,0.0,40,No,4459,6,25-48
Female,42,No,0,0,3,Offer E,Yes,14.79,No,No Internet Service,0,No,No,No,No,No,No,No,No,Month-to-Month,No,Credit Card,20.4,0.0,0,No,5695,1,0-12
Male,53,Yes,1,8,71,Offer A,Yes,14.86,No,No Internet Service,0,No,No,No,No,No,No,No,No,Two Year,No,Credit Card,19.7,0.0,0,No,4808,1,49-72
Male,34,No,2,0,9,Offer E,Yes,27.64,No,Cable,29,No,Yes,No,No,No,No,No,Yes,Month-to-Month,Yes,Bank Withdrawal,50.1,0.0,0,No,4738,4,0-12
Female,30,No,0,0,48,No Offer,Yes,45.51,Yes,DSL,27,Yes,Yes,Yes,No,Yes,Yes,Yes,Yes,One Year,Yes,Credit Card,83.45,0.0,0,No,4250,10,25-48
Male,19,No,0,0,26,Offer C,Yes,49.87,Yes,Fiber Optic,48,Yes,Yes,No,No,No,No,No,Yes,Month-to-Month,Yes,Credit Card,86.65,0.0,0,No,4469,6,25-48
Female,63,No,0,0,9,Offer E,Yes,34.79,No,No Internet Service,0,No,No,No,No,No,No,No,No,Month-to-Month,No,Bank Withdrawal,20.15,0.0,0,No,3772,1,0-12
Female,46,Yes,3,9,46,No Offer,Yes,12.68,No,No Internet Service,0,No,No,No,No,No,No,No,No,Two Year,No,Credit Card,19.4,0.0,0,No,4630,1,25-48
Male,48,Yes,1,3,64,No Offer,No,0.0,No,DSL,19,Yes,No,Yes,Yes,Yes,Yes,Yes,Yes,Two Year,Yes,Bank Withdrawal,60.05,0.0,0,No,4120,8,49-72
Female,29,Yes,0,6,59,No Offer,Yes,31.43,No,No Internet Service,0,No,No,No,No,No,No,No,No,One Year,No,Credit Card,20.35,0.0,0,No,5757,1,49-72
Female,20,No,0,0,7,Offer E,Yes,36.49,No,Fiber Optic,42,No,Yes,No,No,Yes,Yes,Yes,Yes,One Year,Yes,Credit Card,94.05,0.0,0,No,5545,7,0-12
Male,49,Yes,0,7,25,Offer C,Yes,11.6,Yes,DSL,10,No,No,Yes,No,No,No,No,Yes,Month-to-Month,No,Credit Card,55.55,0.0,0,No,2950,5,25-48
Male,56,Yes,0,9,24,Offer C,Yes,35.8,No,No Internet Service,0,No,No,No,No,No,No,No,No,One Year,No,Credit Card,20.1,0.0,0,No,5689,1,13-24
Female,42,Yes,1,5,10,No Offer,Yes,26.37,Yes,Cable,26,Yes,Yes,No,No,Yes,No,No,Yes,One Year,No,Bank Withdrawal,70.3,0.0,0,No,5496,7,0-12
Male,36,Yes,0,7,69,Offer A,Yes,14.18,No,DSL,16,Yes,Yes,No,No,No,No,No,Yes,One Year,Yes,Credit Card,53.65,0.0,0,No,6092,5,49-72
Male,37,No,0,0,57,No Offer,Yes,38.73,No,No Internet Service,0,No,No,No,No,No,No,No,No,Two Year,No,Credit Card,20.75,0.0,0,No,6271,1,49-72
Male,38,Yes,1,2,50,No Offer,Yes,36.21,No,Fiber Optic,22,No,Yes,Yes,Yes,Yes,Yes,Yes,Yes,One Year,Yes,Bank Withdrawal,103.4,0.0,0,No,5437,9,49-72
Male,42,Yes,1,2,28,Offer C,No,0.0,No,DSL,19,Yes,No,Yes,Yes,Yes,No,No,Yes,One Year,No,Credit Card,50.8,0.0,0,No,3240,6,25-48
Male,28,No,0,0,25,Offer C,Yes,7.55,No,DSL,71,Yes,Yes,No,Yes,Yes,Yes,Yes,Yes,Month-to-Month,Yes,Credit Card,79.0,0.0,0,No,5263,9,25-48
Male,46,Yes,0,1,61,No Offer,Yes,21.96,Yes,Fiber Optic,2,No,No,No,No,Yes,Yes,Yes,Yes,One Year,Yes,Bank Withdrawal,96.5,0.0,0,No,5926,7,49-72
Female,60,No,0,0,2,No Offer,Yes,35.5,No,No Internet Service,0,No,No,No,No,No,No,No,No,Month-to-Month,No,Credit Card,20.1,0.0,0,No,2051,1,0-12
Male,38,Yes,3,3,51,No Offer,Yes,37.63,No,No Internet Service,0,No,No,No,No,No,No,No,No,One Year,No,Credit Card,19.4,0.0,0,No,4025,1,49-72
Female,21,Yes,3,10,71,Offer A,Yes,48.76,No,Cable,71,Yes,No,Yes,No,Yes,Yes,Yes,Yes,Two Year,No,Credit Card,77.55,0.0,0,No,5097,8,49-72
Female,31,Yes,2,10,20,No Offer,Yes,14.79,No,No Internet Service,0,No,No,No,No,No,No,No,No,Month-to-Month,No,Credit Card,20.05,0.0,0,No,2698,1,13-24
Male,54,Yes,2,8,6,Offer E,Yes,23.73,No,No Internet Service,0,No,No,No,No,No,No,No,No,Month-to-Month,No,Credit Card,19.85,0.0,0,No,2186,1,0-12
Female,64,No,0,0,6,Offer E,Yes,43.18,No,No Internet Service,0,No,No,No,No,No,No,No,No,Month-to-Month,No,Credit Card,20.2,0.0,0,No,5029,1,0-12
Female,48,No,0,0,29,Offer C,Yes,13.74,Yes,DSL,2,Yes,Yes,No,Yes,No,No,No,Yes,Month-to-Month,No,Credit Card,67.45,0.0,0,No,3152,7,25-48
Male,33,No,0,0,36,Offer C,Yes,8.5,No,No Internet Service,0,No,No,No,No,No,No,No,No,Two Year,Yes,Credit Card,18.55,0.0,0,No,5703,1,25-48
Female,35,No,0,0,28,Offer C,No,0.0,No,DSL,14,No,No,Yes,No,No,No,No,Yes,Month-to-Month,Yes,Credit Card,29.75,0.0,0,No,5463,3,25-48
Female,64,No,0,0,63,Offer B,Yes,26.74,Yes,No Internet Service,0,No,No,No,No,No,No,No,No,Two Year,No,Credit Card,24.2,0.0,0,No,4948,2,49-72
Male,39,Yes,1,0,48,Offer B,Yes,11.86,Yes,No Internet Service,0,No,No,No,No,No,No,No,No,Two Year,No,Credit Card,23.55,0.0,0,No,5019,2,25-48
Female,48,Yes,0,5,49,Offer B,Yes,49.58,No,No Internet Service,0,No,No,No,No,No,No,No,No,One Year,No,Bank Withdrawal,20.45,0.0,0,No,6061,1,49-72
Male,42,Yes,0,5,72,Offer A,Yes,13.59,Yes,DSL,5,Yes,Yes,Yes,Yes,Yes,Yes,Yes,No,Two Year,No,Credit Card,92.3,0.0,0,No,5136,10,49-72
Female,49,Yes,3,9,72,No Offer,No,0.0,No,DSL,53,No,Yes,No,Yes,Yes,Yes,Yes,Yes,Two Year,No,Credit Card,53.65,0.0,0,No,5498,7,49-72
Female,57,No,0,0,47,Offer B,No,0.0,No,DSL,3,Yes,Yes,No,Yes,No,No,No,Yes,One Year,No,Credit Card,39.65,0.0,0,No,4670,5,25-48
Female,41,No,0,0,1,No Offer,Yes,36.33,No,DSL,4,No,No,No,No,Yes,No,No,Yes,Month-to-Month,Yes,Bank Withdrawal,54.65,0.0,0,No,5882,4,0-12
Female,52,No,0,0,36,Offer C,Yes,28.41,Yes,Fiber Optic,4,No,Yes,Yes,No,Yes,Yes,Yes,Yes,One Year,Yes,Bank Withdrawal,104.8,0.0,0,No,5319,9,25-48
Male,44,Yes,3,5,43,Offer B,No,0.0,No,Cable,53,No,Yes,No,No,No,No,No,Yes,Month-to-Month,No,Credit Card,29.3,0.0,0,No,4741,3,25-48
Female,22,No,0,0,38,Offer C,Yes,23.95,Yes,Fiber Optic,27,No,No,Yes,Yes,Yes,Yes,Yes,No,Month-to-Month,Yes,Bank Withdrawal,103.65,0.0,140,No,2511,8,25-48
Female,25,Yes,3,6,10,Offer E,Yes,5.59,Yes,DSL,59,No,Yes,Yes,Yes,Yes,No,No,Yes,Two Year,No,Credit Card,73.35,0.0,0,No,2342,8,0-12
Female,32,Yes,0,10,59,Offer B,Yes,45.75,No,Fiber Optic,11,No,Yes,No,Yes,Yes,Yes,Yes,Yes,Two Year,Yes,Credit Card,100.05,0.0,0,No,4521,8,49-72
Male,42,No,0,0,27,Offer C,Yes,39.77,No,No Internet Service,0,No,No,No,No,No,No,No,No,Two Year,No,Credit Card,20.35,0.0,0,No,4962,1,25-48
Male,54,No,0,0,7,Offer E,Yes,1.41,Yes,No Internet Service,0,No,No,No,No,No,No,No,No,Month-to-Month,No,Credit Card,23.5,0.0,0,No,5508,2,0-12
Female,55,No,0,0,36,Offer C,Yes,29.27,Yes,DSL,9,No,Yes,No,Yes,No,Yes,Yes,No,One Year,Yes,Credit Card,70.7,0.0,60,No,3566,7,25-48
Female,19,Yes,2,10,41,Offer B,Yes,1.6,Yes,Fiber Optic,59,Yes,Yes,No,No,Yes,No,No,Yes,Month-to-Month,Yes,Bank Withdrawal,94.3,0.0,0,No,2196,7,25-48
Female,33,No,0,0,13,No Offer,No,0.0,No,DSL,28,No,Yes,No,No,No,No,No,Yes,Month-to-Month,No,Bank Withdrawal,29.15,0.0,0,No,2876,3,13-24
Male,62,No,2,0,19,No Offer,Yes,36.16,No,No Internet Service,0,No,No,No,No,No,No,No,No,Two Year,No,Credit Card,20.85,0.0,0,No,2654,1,13-24
Female,61,Yes,0,1,60,Offer B,No,0.0,No,Cable,2,Yes,Yes,No,Yes,No,No,No,Yes,Two Year,No,Bank Withdrawal,37.7,0.0,0,No,5148,5,49-72
Male,47,Yes,0,9,69,No Offer,Yes,3.08,Yes,Fiber Optic,20,No,Yes,No,Yes,Yes,No,No,Yes,Two Year,Yes,Credit Card,92.45,0.0,0,No,4452,7,49-72
Male,63,No,0,0,43,Offer B,No,0.0,No,DSL,11,No,No,Yes,Yes,No,Yes,Yes,Yes,One Year,No,Bank Withdrawal,44.15,0.0,0,No,2522,6,25-48
Female,54,No,1,0,11,No Offer,No,0.0,No,DSL,17,Yes,No,No,Yes,No,No,No,No,One Year,Yes,Credit Card,36.05,0.0,100,No,4265,3,0-12
Female,42,Yes,0,6,45,Offer B,Yes,6.49,No,DSL,22,No,No,Yes,No,No,No,No,Yes,Month-to-Month,Yes,Credit Card,50.25,0.0,0,No,2036,4,25-48
Male,53,Yes,0,6,72,No Offer,Yes,22.95,Yes,Fiber Optic,17,No,Yes,Yes,Yes,Yes,Yes,Yes,Yes,Two Year,Yes,Credit Card,109.75,0.0,0,No,5791,10,49-72
Female,48,Yes,3,3,12,No Offer,Yes,19.28,No,No Internet Service,0,No,No,No,No,No,No,No,No,Two Year,No,Bank Withdrawal,20.3,0.0,0,No,5190,1,0-12
Female,20,Yes,3,3,67,No Offer,Yes,20.41,Yes,Fiber Optic,52,No,Yes,Yes,Yes,Yes,Yes,Yes,Yes,One Year,Yes,Credit Card,112.35,0.0,0,No,5427,10,49-72
Male,23,Yes,0,8,37,Offer C,Yes,13.13,Yes,Fiber Optic,58,No,No,Yes,Yes,Yes,No,No,Yes,Two Year,No,Credit Card,94.3,0.0,0,No,2615,7,25-48
Female,19,No,0,0,39,Offer C,No,0.0,No,DSL,73,Yes,Yes,No,Yes,No,No,No,Yes,One Year,No,Bank Withdrawal,41.15,0.0,0,No,3445,5,25-48
Female,47,No,0,0,41,Offer B,Yes,31.08,Yes,DSL,12,Yes,No,Yes,Yes,No,Yes,Yes,No,Month-to-Month,Yes,Bank Withdrawal,74.65,0.0,100,No,3859,8,25-48
Female,20,No,0,0,25,Offer C,No,0.0,No,Cable,59,No,No,Yes,No,Yes,Yes,Yes,Yes,Month-to-Month,Yes,Bank Withdrawal,48.25,0.0,0,No,4284,6,25-48
Male,32,Yes,1,0,8,Offer E,Yes,37.28,Yes,DSL,14,Yes,Yes,No,Yes,No,Yes,Yes,Yes,Two Year,Yes,Credit Card,76.15,0.0,0,No,4457,9,0-12
Female,63,Yes,3,9,71,No Offer,Yes,45.81,Yes,DSL,52,Yes,Yes,Yes,Yes,No,No,No,Yes,Two Year,No,Credit Card,71.1,0.0,0,No,6090,8,49-72
Male,40,No,0,0,5,No Offer,Yes,39.13,Yes,Fiber Optic,20,No,Yes,Yes,No,No,Yes,Yes,Yes,Month-to-Month,No,Bank Withdrawal,96.55,0.0,0,No,3787,8,0-12
Female,59,No,0,0,30,Offer C,Yes,6.74,Yes,DSL,18,Yes,No,Yes,No,Yes,Yes,Yes,Yes,One Year,Yes,Credit Card,79.3,0.0,0,No,2655,9,25-48
Male,30,No,0,0,40,Offer B,Yes,32.27,No,Fiber Optic,69,No,Yes,No,Yes,No,Yes,Yes,Yes,One Year,Yes,Credit Card,89.6,0.0,0,No,2524,7,25-48
Female,44,No,0,0,54,Offer B,Yes,10.83,No,No Internet Service,0,No,No,No,No,No,No,No,No,Two Year,Yes,Credit Card,20.5,0.0,0,No,5946,1,49-72
Male,22,Yes,0,10,72,No Offer,Yes,15.09,Yes,Fiber Optic,85,No,Yes,Yes,No,Yes,Yes,Yes,Yes,Two Year,Yes,Bank Withdrawal,106.3,0.0,0,No,4634,9,49-72
Male,39,Yes,2,8,28,No Offer,Yes,7.73,No,Fiber Optic,13,No,Yes,Yes,No,Yes,Yes,Yes,Yes,One Year,No,Bank Withdrawal,100.35,0.0,0,No,3411,8,25-48
Male,45,Yes,3,1,18,No Offer,Yes,28.04,No,Fiber Optic,28,No,No,No,Yes,No,Yes,Yes,Yes,Month-to-Month,Yes,Bank Withdrawal,85.6,0.0,0,No,5968,6,13-24
Female,63,Yes,1,1,59,Offer B,Yes,35.23,Yes,Fiber Optic,19,No,Yes,Yes,No,Yes,Yes,Yes,Yes,One Year,Yes,Bank Withdrawal,106.15,0.0,0,No,5096,9,49-72
Male,29,Yes,2,3,22,No Offer,Yes,27.91,No,Cable,27,No,No,No,Yes,No,No,No,Yes,Month-to-Month,Yes,Bank Withdrawal,51.1,0.0,0,No,5329,4,13-24
Female,55,No,0,0,1,No Offer,Yes,2.38,No,No Internet Service,0,No,No,No,No,No,No,No,No,Month-to-Month,No,Credit Card,19.9,0.0,0,No,4050,1,0-12
Male,44,Yes,0,7,50,Offer B,Yes,26.06,Yes,Fiber Optic,18,No,No,No,Yes,Yes,Yes,Yes,Yes,One Year,No,Bank Withdrawal,99.4,0.0,0,No,6479,8,49-72
Female,19,Yes,1,6,48,Offer B,Yes,44.66,No,DSL,27,Yes,No,Yes,Yes,Yes,No,No,Yes,One Year,No,Bank Withdrawal,69.7,0.0,0,No,3442,7,25-48
Female,52,Yes,3,7,49,Offer B,Yes,27.38,Yes,Fiber Optic,57,No,Yes,No,No,Yes,Yes,Yes,Yes,Month-to-Month,Yes,Bank Withdrawal,98.35,0.0,0,No,4325,8,49-72
Male,64,Yes,2,6,28,No Offer,Yes,3.18,No,Fiber Optic,12,No,No,Yes,No,Yes,No,No,Yes,Month-to-Month,No,Bank Withdrawal,85.45,0.0,0,No,4022,5,25-48
Male,29,No,0,0,13,Offer D,Yes,44.43,Yes,Fiber Optic,41,No,No,No,Yes,Yes,Yes,Yes,No,Month-to-Month,No,Bank Withdrawal,100.75,0.0,120,No,5985,7,13-24
Female,60,No,0,0,11,Offer D,Yes,10.95,Yes,Fiber Optic,29,No,No,Yes,No,Yes,No,No,Yes,Month-to-Month,Yes,Bank Withdrawal,89.2,0.0,0,No,3734,6,0-12
Male,62,Yes,0,1,72,No Offer,Yes,40.04,Yes,No Internet Service,0,No,No,No,No,No,No,No,No,Two Year,No,Credit Card,25.75,0.0,0,No,4413,2,49-72
Male,63,Yes,3,4,70,No Offer,Yes,38.83,Yes,DSL,24,No,Yes,Yes,Yes,Yes,Yes,Yes,Yes,Two Year,Yes,Bank Withdrawal,84.1,0.0,0,No,5568,10,49-72
Female,47,Yes,1,9,49,Offer B,Yes,16.6,Yes,DSL,14,No,Yes,No,Yes,Yes,Yes,Yes,Yes,Two Year,No,Bank Withdrawal,79.3,0.0,0,No,6366,9,49-72
Male,61,No,0,0,46,Offer B,Yes,30.25,No,No Internet Service,0,No,No,No,No,No,No,No,No,Two Year,No,Bank Withdrawal,20.05,0.0,0,No,2942,1,25-48
Female,57,Yes,0,1,37,No Offer,Yes,45.19,No,No Internet Service,0,No,No,No,No,No,No,No,No,Month-to-Month,No,Bank Withdrawal,19.5,0.0,0,No,3924,1,25-48
Female,63,Yes,0,10,72,No Offer,Yes,40.59,Yes,Fiber Optic,25,Yes,Yes,Yes,Yes,Yes,Yes,Yes,Yes,Two Year,No,Bank Withdrawal,115.15,0.0,0,No,4761,11,49-72
Male,45,Yes,1,4,68,No Offer,Yes,34.13,No,DSL,25,No,No,Yes,Yes,Yes,Yes,Yes,Yes,Two Year,Yes,Bank Withdrawal,72.95,0.0,0,No,4499,8,49-72
Male,48,Yes,3,1,15,Offer D,Yes,17.28,No,No Internet Service,0,No,No,No,No,No,No,No,No,One Year,No,Credit Card,19.65,0.0,0,No,5928,1,13-24
Female,51,No,0,0,24,No Offer,Yes,10.64,No,No Internet Service,0,No,No,No,No,No,No,No,No,Two Year,Yes,Bank Withdrawal,19.55,0.0,0,No,2511,1,13-24
Female,21,No,0,0,24,No Offer,Yes,18.07,Yes,Fiber Optic,52,No,No,No,Yes,No,Yes,Yes,Yes,Month-to-Month,Yes,Bank Withdrawal,89.55,0.0,0,No,5352,7,13-24
Male,59,No,0,0,27,No Offer,Yes,18.51,No,DSL,9,Yes,No,No,No,No,No,No,No,Month-to-Month,No,Credit Card,50.35,0.0,150,No,5578,3,25-48
Female,24,Yes,2,5,71,No Offer,Yes,48.08,No,Cable,51,Yes,Yes,Yes,Yes,Yes,Yes,Yes,Yes,Two Year,No,Credit Card,87.25,0.0,0,No,4135,10,49-72
Male,48,Yes,2,6,67,No Offer,Yes,8.82,No,No Internet Service,0,No,No,No,No,No,No,No,No,Two Year,Yes,Credit Card,20.8,0.0,0,No,5626,1,49-72
Female,64,Yes,0,8,63,No Offer,Yes,10.67,Yes,Fiber Optic,23,No,Yes,Yes,Yes,Yes,Yes,Yes,Yes,Two Year,Yes,Bank Withdrawal,109.25,0.0,0,No,5700,10,49-72
Male,50,No,0,0,1,No Offer,Yes,31.97,No,No Internet Service,0,No,No,No,No,No,No,No,No,Month-to-Month,No,Credit Card,20.35,0.0,0,No,2648,1,0-12
Male,51,No,0,0,4,No Offer,Yes,17.7,No,DSL,22,No,No,No,No,No,Yes,Yes,Yes,Month-to-Month,Yes,Bank Withdrawal,55.9,0.0,0,No,3545,5,0-12
Male,61,Yes,2,5,52,No Offer,Yes,16.53,No,DSL,12,Yes,Yes,Yes,No,Yes,Yes,Yes,Yes,Two Year,No,Bank Withdrawal,79.2,0.0,0,No,4509,9,49-72
Male,35,No,0,0,10,Offer D,Yes,3.01,Yes,No Internet Service,0,No,No,No,No,No,No,No,No,Month-to-Month,Yes,Bank Withdrawal,24.0,0.0,0,No,5299,2,0-12
Male,56,No,0,0,68,No Offer,Yes,11.22,Yes,Fiber Optic,7,Yes,Yes,Yes,No,Yes,No,No,Yes,One Year,No,Bank Withdrawal,101.35,0.0,0,No,4941,8,49-72
Female,58,Yes,0,4,52,No Offer,No,0.0,No,DSL,8,Yes,No,Yes,No,No,No,No,Yes,One Year,No,Credit Card,35.45,0.0,0,No,5509,4,49-72
Male,40,Yes,0,0,70,No Offer,Yes,43.46,Yes,DSL,21,Yes,Yes,Yes,Yes,Yes,No,No,Yes,One Year,No,Bank Withdrawal,79.4,0.0,0,No,5991,9,49-72
Male,47,No,0,0,43,No Offer,No,0.0,No,Cable,4,Yes,No,Yes,No,No,No,No,Yes,One Year,Yes,Credit Card,35.2,0.0,0,No,5268,4,25-48
Male,31,No,0,0,52,No Offer,Yes,21.98,No,No Internet Service,0,No,No,No,No,No,No,No,No,Two Year,No,Credit Card,19.65,0.0,0,No,5157,1,49-72
Female,58,No,0,0,12,Offer D,No,0.0,No,DSL,7,Yes,No,Yes,Yes,No,Yes,Yes,Yes,Two Year,No,Credit Card,49.85,0.0,0,No,3100,7,0-12
Female,25,Yes,1,7,56,No Offer,Yes,7.31,Yes,DSL,76,Yes,Yes,No,No,No,Yes,Yes,No,One Year,No,Bank Withdrawal,68.75,0.0,110,No,6494,7,49-72
Male,56,No,1,0,10,No Offer,Yes,29.95,Yes,DSL,19,Yes,Yes,No,Yes,No,No,No,Yes,Two Year,Yes,Bank Withdrawal,61.9,0.0,0,No,5188,7,0-12
Male,53,No,0,0,42,No Offer,Yes,9.46,Yes,Fiber Optic,14,No,No,Yes,No,No,No,No,Yes,Month-to-Month,No,Bank Withdrawal,79.9,23.47,0,No,2583,5,25-48
Male,43,No,0,0,27,No Offer,Yes,2.59,No,No Internet Service,0,No,No,No,No,No,No,No,No,Month-to-Month,Yes,Credit Card,19.4,29.59,0,No,5975,1,25-48
Male,36,No,0,0,1,No Offer,Yes,7.76,No,No Internet Service,0,No,No,No,No,No,No,No,No,Month-to-Month,Yes,Credit Card,19.9,0.0,0,No,4590,1,0-12
Female,55,Yes,1,5,69,No Offer,Yes,20.98,Yes,No Internet Service,0,No,No,No,No,No,No,No,No,Two Year,Yes,Bank Withdrawal,25.6,28.09,0,No,6053,2,49-72
Male,38,Yes,2,6,14,Offer D,Yes,26.99,No,No Internet Service,0,No,No,No,No,No,No,No,No,One Year,No,Credit Card,19.75,6.49,0,No,3958,1,13-24
Male,31,Yes,0,6,57,No Offer,Yes,15.48,No,Cable,15,Yes,No,No,Yes,No,No,No,Yes,Month-to-Month,No,Bank Withdrawal,55.7,34.59,0,No,4607,5,49-72
Female,58,Yes,1,9,72,No Offer,Yes,33.37,Yes,Fiber Optic,16,Yes,Yes,Yes,Yes,Yes,Yes,Yes,Yes,Two Year,No,Credit Card,117.5,47.55,0,No,6009,11,49-72
Male,63,No,0,0,48,No Offer,Yes,32.04,No,No Internet Service,0,No,No,No,No,No,No,No,No,Two Year,No,Credit Card,19.85,0.0,0,No,3779,1,25-48
Female,35,Yes,3,9,4,No Offer,Yes,41.93,No,Fiber Optic,53,No,No,No,No,Yes,No,No,Yes,Month-to-Month,Yes,Credit Card,78.9,37.01,0,No,5775,4,0-12
Male,31,Yes,1,10,31,No Offer,Yes,9.56,No,No Internet Service,0,No,No,No,No,No,No,No,No,Month-to-Month,Yes,Bank Withdrawal,20.65,43.76,0,No,2990,1,25-48
Female,28,No,0,0,1,No Offer,Yes,42.42,No,No Internet Service,0,No,No,No,No,No,No,No,No,Month-to-Month,No,Credit Card,19.65,0.0,0,No,5454,1,0-12
Male,22,Yes,0,5,3,No Offer,No,0.0,No,DSL,41,No,No,No,Yes,No,No,No,Yes,Month-to-Month,Yes,Bank Withdrawal,29.9,0.0,0,No,4416,3,0-12
Female,56,No,2,0,72,No Offer,Yes,15.21,No,No Internet Service,0,No,No,No,No,No,No,No,No,Two Year,Yes,Credit Card,19.75,25.98,0,No,5478,1,49-72
Male,57,No,1,0,29,No Offer,No,0.0,No,DSL,21,Yes,Yes,Yes,Yes,No,No,No,Yes,Month-to-Month,Yes,Credit Card,45.0,12.26,0,No,3290,6,25-48
Male,25,Yes,3,0,13,No Offer,Yes,6.18,No,Cable,59,No,No,No,No,No,No,No,No,Month-to-Month,No,Bank Withdrawal,44.8,37.49,90,No,4680,2,13-24
Female,64,No,0,0,11,No Offer,Yes,2.95,No,DSL,21,No,Yes,No,No,No,No,No,Yes,Month-to-Month,No,Bank Withdrawal,51.1,0.0,0,No,4467,4,0-12
Female,59,No,1,0,21,No Offer,No,0.0,No,DSL,11,Yes,Yes,Yes,Yes,Yes,No,No,Yes,Two Year,No,Credit Card,53.15,19.13,0,No,3461,7,13-24
Female,62,No,0,0,19,No Offer,Yes,11.86,Yes,No Internet Service,0,No,No,No,No,No,No,No,No,Month-to-Month,No,Bank Withdrawal,24.7,1.65,0,No,3612,2,13-24
Male,24,Yes,3,8,35,No Offer,Yes,48.3,Yes,Fiber Optic,73,No,Yes,Yes,Yes,Yes,Yes,Yes,Yes,Month-to-Month,Yes,Bank Withdrawal,109.95,31.9,0,No,5721,10,25-48
Male,55,No,3,0,25,No Offer,Yes,3.07,No,No Internet Service,0,No,No,No,No,No,No,No,No,Month-to-Month,No,Credit Card,20.8,21.81,0,No,3274,1,25-48
Female,53,No,0,0,67,No Offer,Yes,16.72,Yes,No Internet Service,0,No,No,No,No,No,No,No,No,Two Year,Yes,Bank Withdrawal,25.6,46.06,0,No,5183,2,49-72
Male,56,Yes,2,4,72,No Offer,Yes,27.88,Yes,Fiber Optic,30,Yes,Yes,Yes,No,Yes,Yes,Yes,No,Two Year,Yes,Credit Card,108.4,0.0,30,No,4419,9,49-72
Male,57,No,0,0,43,No Offer,Yes,3.18,No,No Internet Service,0,No,No,No,No,No,No,No,No,Two Year,No,Credit Card,19.55,15.17,0,No,4871,1,25-48
Female,51,Yes,2,5,55,No Offer,Yes,20.1,Yes,Fiber Optic,19,Yes,Yes,No,No,No,No,No,Yes,Month-to-Month,Yes,Bank Withdrawal,85.1,14.3,0,No,4026,6,49-72
Male,26,No,0,0,27,No Offer,Yes,34.98,No,Fiber Optic,26,No,No,No,No,No,No,No,Yes,Month-to-Month,Yes,Credit Card,69.05,22.72,0,No,3241,3,25-48
Female,40,No,0,0,13,No Offer,Yes,26.13,No,Fiber Optic,28,No,No,No,No,No,No,No,Yes,Month-to-Month,Yes,Credit Card,70.15,8.53,0,No,2992,3,13-24
Female,63,No,0,0,70,No Offer,Yes,23.15,Yes,Fiber Optic,17,Yes,Yes,Yes,No,Yes,Yes,Yes,Yes,Two Year,Yes,Credit Card,111.15,46.26,0,No,4240,10,49-72
Female,24,Yes,3,1,19,No Offer,Yes,36.92,Yes,Fiber Optic,52,No,No,No,Yes,No,Yes,Yes,Yes,One Year,Yes,Bank Withdrawal,89.35,0.0,0,No,4473,7,13-24
Female,50,No,0,0,20,No Offer,Yes,24.73,Yes,Fiber Optic,25,Yes,No,No,No,Yes,No,No,No,Month-to-Month,Yes,Bank Withdrawal,89.1,15.43,30,No,3027,5,13-24
Male,59,Yes,1,11,43,No Offer,Yes,42.22,Yes,Fiber Optic,25,Yes,No,Yes,Yes,No,No,No,Yes,One Year,Yes,Credit Card,91.25,25.49,0,No,5884,7,25-48
Male,33,Yes,1,1,5,No Offer,Yes,15.01,No,Fiber Optic,19,Yes,No,Yes,No,No,Yes,Yes,Yes,Month-to-Month,Yes,Credit Card,90.35,17.33,0,No,4014,7,0-12
Female,39,Yes,0,1,40,No Offer,Yes,31.37,No,No Internet Service,0,No,No,No,No,No,No,No,No,Two Year,No,Credit Card,19.1,45.6,0,No,2056,1,25-48
Male,54,Yes,3,1,6,No Offer,Yes,41.36,No,No Internet Service,0,No,No,No,No,No,No,No,No,Two Year,Yes,Credit Card,20.4,0.0,0,No,4628,1,0-12
Male,38,No,0,0,39,No Offer,Yes,37.94,No,Fiber Optic,19,Yes,No,Yes,No,Yes,Yes,Yes,Yes,Two Year,Yes,Bank Withdrawal,100.45,0.0,0,No,2698,8,25-48
Male,62,Yes,2,1,72,No Offer,Yes,28.37,Yes,DSL,18,Yes,Yes,Yes,Yes,No,No,No,Yes,Two Year,No,Bank Withdrawal,69.85,25.24,0,No,6233,8,49-72
Male,36,Yes,0,1,72,No Offer,Yes,36.03,Yes,No Internet Service,0,No,No,No,No,No,No,No,No,Two Year,No,Credit Card,25.85,5.73,0,No,5514,2,49-72
Female,36,No,0,0,3,No Offer,Yes,37.0,No,DSL,22,Yes,Yes,No,Yes,No,Yes,Yes,Yes,Two Year,No,Credit Card,71.1,2.62,0,No,3501,8,0-12
Female,45,Yes,0,1,59,No Offer,Yes,20.78,Yes,Fiber Optic,26,No,No,Yes,Yes,Yes,No,No,Yes,Month-to-Month,No,Bank Withdrawal,93.35,36.07,0,No,4814,7,49-72
Female,24,No,0,0,4,No Offer,Yes,22.07,No,DSL,41,Yes,No,No,No,No,No,No,Yes,Month-to-Month,Yes,Bank Withdrawal,50.55,0.0,0,No,4164,4,0-12
Male,20,No,0,0,27,No Offer,Yes,25.51,Yes,Fiber Optic,69,No,No,Yes,No,No,No,No,No,Month-to-Month,Yes,Bank Withdrawal,81.3,29.93,130,No,5158,4,25-48
Male,49,No,0,0,4,No Offer,Yes,27.04,No,No Internet Service,0,No,No,No,No,No,No,No,No,Month-to-Month,Yes,Credit Card,20.7,0.0,0,No,3027,1,0-12
Male,59,Yes,3,1,60,No Offer,Yes,39.76,No,DSL,76,Yes,Yes,No,Yes,Yes,Yes,Yes,Yes,Month-to-Month,Yes,Credit Card,79.05,0.0,0,No,5275,9,49-72
Female,26,Yes,1,1,8,No Offer,Yes,42.67,No,No Internet Service,0,No,No,No,No,No,No,No,No,Two Year,No,Credit Card,19.05,0.0,0,No,3153,1,0-12
Male,54,Yes,3,1,8,Offer E,Yes,13.43,No,No Internet Service,0,No,No,No,No,No,No,No,No,Two Year,No,Credit Card,19.6,0.0,0,No,3214,1,0-12
Male,64,No,0,0,35,No Offer,Yes,42.8,No,No Internet Service,0,No,No,No,No,No,No,No,No,Two Year,Yes,Credit Card,20.2,0.0,0,No,3481,1,25-48
Female,48,Yes,3,1,53,No Offer,Yes,43.71,No,No Internet Service,0,No,No,No,No,No,No,No,No,Two Year,No,Credit Card,20.9,0.0,0,No,4254,1,49-72
Female,49,No,0,0,15,No Offer,No,0.0,No,DSL,23,No,Yes,No,No,No,Yes,Yes,Yes,Two Year,Yes,Credit Card,38.8,0.0,0,No,2118,5,13-24
Male,44,Yes,0,1,67,No Offer,Yes,37.6,Yes,Fiber Optic,23,No,Yes,No,No,Yes,No,No,Yes,One Year,Yes,Bank Withdrawal,88.4,0.0,0,No,6251,6,49-72
Male,37,No,1,0,1,Offer E,Yes,8.66,No,No Internet Service,0,No,No,No,No,No,No,No,No,Month-to-Month,Yes,Credit Card,19.3,0.0,0,No,4136,1,0-12
Male,27,No,0,0,5,Offer E,Yes,30.92,No,Cable,41,Yes,No,No,Yes,No,No,Yes,Yes,Month-to-Month,Yes,Credit Card,55.75,0.0,0,No,4545,6,0-12
Male,42,No,0,0,13,No Offer,Yes,16.35,No,No Internet Service,0,No,No,No,No,No,No,No,No,One Year,Yes,Credit Card,19.95,0.0,0,No,5221,1,13-24
Male,39,No,0,0,29,No Offer,Yes,12.92,No,Fiber Optic,24,No,Yes,No,Yes,Yes,No,No,No,Month-to-Month,No,Credit Card,89.65,0.0,10,No,2681,5,25-48
Female,33,Yes,4,1,18,No Offer,Yes,18.47,No,DSL,30,No,No,No,No,Yes,No,No,Yes,Month-to-Month,No,Credit Card,55.95,0.0,0,No,2035,4,13-24
Female,61,Yes,0,1,2,Offer E,Yes,27.41,No,Cable,23,No,No,Yes,No,Yes,Yes,Yes,Yes,Month-to-Month,No,Credit Card,69.0,0.0,0,No,2798,7,0-12
Male,19,Yes,1,1,30,No Offer,Yes,10.24,Yes,Fiber Optic,48,No,Yes,No,Yes,No,No,Yes,Yes,Month-to-Month,Yes,Bank Withdrawal,83.55,0.0,0,No,3558,7,25-48
Male,37,No,2,0,66,No Offer,Yes,32.12,Yes,DSL,17,Yes,Yes,No,Yes,No,No,No,Yes,Two Year,No,Bank Withdrawal,65.7,0.0,0,No,5058,7,49-72
Male,32,Yes,2,1,38,No Offer,Yes,25.84,Yes,Fiber Optic,19,No,No,Yes,Yes,Yes,No,No,No,Two Year,Yes,Bank Withdrawal,94.9,0.0,0,No,2436,6,25-48
Male,41,Yes,3,1,44,No Offer,Yes,37.68,No,DSL,24,No,Yes,Yes,Yes,No,No,No,Yes,Month-to-Month,Yes,Credit Card,61.9,0.0,0,No,4388,6,25-48
Male,46,No,0,0,2,Offer E,Yes,17.03,No,No Internet Service,0,No,No,No,No,No,No,No,No,Month-to-Month,No,Credit Card,20.0,0.0,0,No,3922,1,0-12
Female,55,No,0,0,42,No Offer,Yes,39.32,No,Cable,20,Yes,Yes,No,Yes,No,Yes,Yes,Yes,One Year,Yes,Credit Card,67.7,0.0,0,No,5034,8,25-48
Female,56,Yes,2,1,58,No Offer,Yes,29.5,Yes,No Internet Service,0,No,No,No,No,No,No,No,No,Two Year,No,Credit Card,25.15,0.0,0,No,6444,2,49-72
Male,38,Yes,1,1,58,No Offer,Yes,47.69,No,Fiber Optic,24,No,Yes,No,No,Yes,Yes,Yes,Yes,Month-to-Month,Yes,Bank Withdrawal,92.85,0.0,0,No,4879,7,49-72
Female,55,No,0,0,71,Offer A,Yes,49.52,Yes,Fiber Optic,19,Yes,Yes,Yes,Yes,Yes,Yes,Yes,Yes,Two Year,No,Credit Card,111.3,0.0,0,No,5957,11,49-72
Female,35,Yes,0,1,48,Offer B,Yes,44.72,Yes,DSL,13,Yes,No,No,Yes,No,No,No,No,One Year,Yes,Bank Withdrawal,60.6,0.0,100,No,4077,5,25-48
Female,23,Yes,0,1,8,Offer E,Yes,23.68,No,DSL,41,Yes,No,No,Yes,No,Yes,Yes,Yes,Two Year,No,Credit Card,65.5,0.0,0,No,2985,7,0-12
Male,32,No,0,0,67,Offer A,Yes,15.32,No,No Internet Service,0,No,No,No,No,No,No,No,No,Two Year,No,Bank Withdrawal,19.95,0.0,0,No,6212,1,49-72
Male,39,No,0,0,49,Offer B,Yes,23.82,Yes,Fiber Optic,18,No,No,No,No,No,No,No,Yes,Month-to-Month,Yes,Bank Withdrawal,74.6,0.0,0,No,4516,4,49-72
Female,60,Yes,0,0,52,Offer B,Yes,29.23,Yes,Fiber Optic,30,No,Yes,Yes,No,Yes,No,No,Yes,Month-to-Month,No,Bank Withdrawal,94.6,0.0,0,No,6212,7,49-72
Female,20,Yes,0,7,63,Offer B,Yes,34.51,No,Fiber Optic,46,Yes,No,Yes,No,No,No,Yes,Yes,One Year,Yes,Credit Card,81.15,0.0,0,No,5294,6,49-72
Female,50,Yes,1,4,68,Offer A,Yes,47.91,Yes,DSL,23,Yes,Yes,Yes,Yes,Yes,Yes,Yes,Yes,Two Year,Yes,Bank Withdrawal,89.05,0.0,0,No,5001,11,49-72
Female,51,Yes,0,4,31,No Offer,Yes,1.2,No,DSL,15,No,No,No,Yes,No,No,No,No,Month-to-Month,Yes,Credit Card,49.2,0.0,100,No,2157,3,25-48
Female,41,Yes,0,8,64,Offer B,Yes,19.98,No,No Internet Service,0,No,No,No,No,No,No,No,No,Two Year,No,Credit Card,19.45,0.0,0,No,5628,1,49-72
Female,37,Yes,0,5,62,Offer B,Yes,44.95,No,Fiber Optic,5,Yes,No,Yes,Yes,Yes,Yes,Yes,Yes,One Year,Yes,Bank Withdrawal,104.3,0.0,0,No,5905,9,49-72
Female,40,Yes,0,7,21,No Offer,Yes,14.81,No,Fiber Optic,25,No,No,No,Yes,Yes,No,No,Yes,Month-to-Month,Yes,Bank Withdrawal,86.05,0.0,0,No,2937,5,13-24
Female,64,Yes,3,1,72,Offer A,Yes,39.3,Yes,No Internet Service,0,No,No,No,No,No,No,No,No,Two Year,No,Bank Withdrawal,25.2,0.0,0,No,4382,2,49-72
Female,57,Yes,1,3,32,No Offer,No,0.0,No,Cable,14,Yes,Yes,No,No,No,No,No,Yes,Month-to-Month,Yes,Bank Withdrawal,35.15,0.0,0,No,3163,4,25-48
Female,47,No,3,0,34,No Offer,Yes,32.94,No,Fiber Optic,21,Yes,Yes,Yes,No,Yes,Yes,Yes,No,Month-to-Month,Yes,Bank Withdrawal,105.35,0.0,110,No,5432,8,25-48
Female,38,Yes,3,5,35,No Offer,Yes,18.86,Yes,No Internet Service,0,No,No,No,No,No,No,No,No,Two Year,No,Bank Withdrawal,24.3,0.0,0,No,5998,2,25-48
Female,57,Yes,1,5,3,Offer E,Yes,23.72,No,Fiber Optic,17,No,No,No,No,Yes,No,No,Yes,Month-to-Month,Yes,Bank Withdrawal,80.7,0.0,0,No,2081,4,0-12
Male,24,No,0,0,3,No Offer,Yes,25.1,No,Fiber Optic,59,No,No,Yes,Yes,Yes,No,Yes,Yes,Month-to-Month,Yes,Credit Card,89.85,0.0,0,No,4096,7,0-12
Male,37,No,0,0,53,Offer B,Yes,4.82,No,DSL,24,No,No,Yes,No,No,Yes,Yes,Yes,One Year,Yes,Bank Withdrawal,61.1,0.0,0,No,5940,6,49-72
Female,40,Yes,0,2,4,Offer E,No,0.0,No,DSL,13,Yes,No,No,No,No,No,No,Yes,Month-to-Month,Yes,Bank Withdrawal,29.05,0.0,0,No,3306,3,0-12
Female,53,Yes,2,2,48,Offer B,Yes,36.18,No,Fiber Optic,29,Yes,No,Yes,No,Yes,Yes,Yes,Yes,One Year,Yes,Bank Withdrawal,99.7,0.0,0,No,5921,8,25-48
Male,41,Yes,1,0,54,Offer B,No,0.0,No,DSL,19,No,No,Yes,Yes,No,Yes,Yes,No,Two Year,No,Credit Card,46.0,0.0,90,No,4451,5,49-72
Male,49,No,0,0,62,Offer B,Yes,48.72,No,DSL,2,No,Yes,Yes,Yes,Yes,Yes,Yes,Yes,Month-to-Month,Yes,Bank Withdrawal,80.4,0.0,0,No,5157,9,49-72
Male,36,Yes,3,10,22,No Offer,Yes,9.05,No,Fiber Optic,57,No,Yes,Yes,No,Yes,Yes,Yes,Yes,One Year,Yes,Credit Card,100.05,0.0,0,No,3274,8,13-24
Female,37,No,0,0,30,Offer C,Yes,22.64,Yes,DSL,18,No,Yes,Yes,No,Yes,No,No,Yes,One Year,Yes,Credit Card,68.95,0.0,0,No,4403,7,25-48
Male,50,Yes,0,6,35,Offer C,Yes,45.97,Yes,DSL,13,No,Yes,No,Yes,Yes,No,No,Yes,One Year,Yes,Bank Withdrawal,69.0,0.0,0,No,5283,7,25-48
Male,61,No,1,0,30,Offer C,No,0.0,No,DSL,17,No,No,No,No,Yes,Yes,Yes,Yes,Month-to-Month,Yes,Bank Withdrawal,44.5,0.0,0,No,5833,5,25-48
Female,36,Yes,3,3,25,Offer C,Yes,2.82,No,No Internet Service,0,No,No,No,No,No,No,No,No,Two Year,Yes,Credit Card,18.7,0.0,0,No,2289,1,25-48
Female,21,Yes,0,6,1,Offer E,Yes,16.06,No,DSL,59,Yes,Yes,No,No,No,No,Yes,Yes,Month-to-Month,Yes,Credit Card,53.55,0.0,0,No,4504,6,0-12
Male,36,No,2,0,70,Offer A,Yes,26.67,Yes,Fiber Optic,17,Yes,Yes,Yes,Yes,Yes,Yes,Yes,Yes,Two Year,Yes,Bank Withdrawal,114.6,0.0,0,No,5414,11,49-72
Female,32,Yes,3,9,57,Offer B,Yes,26.67,No,No Internet Service,0,No,No,No,No,No,No,No,No,Two Year,Yes,Bank Withdrawal,20.1,0.0,0,No,5506,1,49-72
Male,35,No,0,0,9,Offer E,Yes,11.5,Yes,Fiber Optic,14,No,No,No,No,Yes,No,No,Yes,Month-to-Month,Yes,Bank Withdrawal,85.5,0.0,0,No,4867,5,0-12
Female,45,Yes,1,5,69,Offer A,Yes,46.45,Yes,Fiber Optic,26,No,Yes,Yes,Yes,Yes,Yes,Yes,No,One Year,Yes,Bank Withdrawal,108.75,0.0,100,No,5874,9,49-72
Female,57,Yes,0,7,72,Offer A,Yes,2.56,Yes,Fiber Optic,24,No,No,Yes,No,Yes,Yes,Yes,Yes,Two Year,Yes,Bank Withdrawal,97.85,0.0,0,No,4508,8,49-72
Male,48,No,2,0,44,Offer B,Yes,14.37,No,No Internet Service,0,No,No,No,No,No,No,No,No,Two Year,No,Bank Withdrawal,19.55,0.0,0,No,5860,1,25-48
Female,24,Yes,0,8,72,Offer A,Yes,16.15,Yes,Fiber Optic,52,Yes,Yes,No,No,No,No,Yes,Yes,Two Year,Yes,Bank Withdrawal,84.05,0.0,0,No,5515,7,49-72
Male,44,No,0,0,54,Offer B,Yes,35.32,Yes,Fiber Optic,15,No,No,Yes,No,No,Yes,Yes,Yes,Month-to-Month,No,Credit Card,89.4,0.0,0,No,5871,7,49-72
Male,48,No,1,0,27,Offer C,Yes,32.28,No,No Internet Service,0,No,No,No,No,No,No,No,No,Two Year,No,Credit Card,19.7,0.0,0,No,4052,1,25-48
Male,36,No,0,0,54,Offer B,Yes,7.64,Yes,Fiber Optic,3,No,Yes,No,No,No,No,No,Yes,Month-to-Month,Yes,Bank Withdrawal,79.85,0.0,0,No,5166,5,49-72
Male,41,No,0,0,3,No Offer,Yes,34.8,No,Fiber Optic,5,No,Yes,No,No,No,No,No,No,Month-to-Month,No,Credit Card,74.45,0.0,70,No,3956,3,0-12
Female,41,Yes,0,3,53,Offer B,Yes,37.14,Yes,Cable,4,Yes,Yes,Yes,No,No,Yes,Yes,Yes,One Year,No,Bank Withdrawal,74.1,0.0,0,No,5136,9,49-72
Male,36,Yes,0,5,15,No Offer,Yes,14.27,No,No Internet Service,0,No,No,No,No,No,No,No,No,One Year,No,Credit Card,18.8,0.0,0,No,3977,1,13-24
Male,42,Yes,2,7,5,No Offer,Yes,17.37,Yes,DSL,15,Yes,Yes,No,Yes,No,No,No,Yes,Month-to-Month,No,Credit Card,64.4,0.0,0,No,3260,7,0-12
Male,20,Yes,1,1,48,Offer B,Yes,38.3,No,DSL,85,No,Yes,Yes,No,No,No,Yes,Yes,One Year,Yes,Credit Card,55.8,0.0,0,No,3446,6,25-48
Female,41,No,3,0,25,Offer C,Yes,12.87,No,No Internet Service,0,No,No,No,No,No,No,No,No,Month-to-Month,No,Credit Card,20.05,0.0,0,No,2192,1,25-48
Male,54,No,0,0,58,Offer B,Yes,32.67,No,Fiber Optic,14,Yes,Yes,No,No,Yes,Yes,Yes,Yes,One Year,No,Bank Withdrawal,99.15,0.0,0,No,6409,8,49-72
Male,23,No,0,0,10,No Offer,Yes,30.3,No,DSL,73,No,No,No,No,No,Yes,Yes,No,Month-to-Month,Yes,Bank Withdrawal,56.75,0.0,30,No,2037,4,0-12
Male,27,Yes,0,1,71,Offer A,Yes,3.86,Yes,Fiber Optic,85,No,Yes,No,Yes,Yes,Yes,Yes,Yes,Two Year,Yes,Credit Card,104.15,0.0,0,No,5973,9,49-72
Female,33,Yes,2,1,65,Offer B,Yes,45.21,Yes,Fiber Optic,19,No,Yes,Yes,Yes,Yes,Yes,Yes,Yes,Two Year,Yes,Credit Card,110.8,0.0,0,No,6332,10,49-72
Female,62,No,0,0,28,Offer C,No,0.0,No,DSL,2,No,No,Yes,Yes,No,No,No,Yes,Month-to-Month,Yes,Mailed Check,35.75,0.0,0,No,2431,4,25-48
Female,46,Yes,1,1,67,Offer A,Yes,14.83,Yes,DSL,24,No,No,Yes,Yes,No,Yes,Yes,Yes,Two Year,Yes,Bank Withdrawal,69.9,0.0,0,No,6079,8,49-72
Male,60,No,0,0,35,Offer C,Yes,49.61,No,Fiber Optic,26,Yes,No,No,Yes,No,Yes,Yes,Yes,One Year,Yes,Bank Withdrawal,89.2,0.0,0,No,4446,7,25-48
Female,28,Yes,3,1,72,Offer A,No,0.0,No,Cable,59,Yes,Yes,Yes,Yes,No,Yes,Yes,Yes,Two Year,No,Credit Card,55.65,0.0,0,No,5192,8,49-72
Female,25,Yes,1,1,61,Offer B,No,0.0,No,DSL,59,Yes,Yes,No,Yes,No,Yes,Yes,No,One Year,Yes,Bank Withdrawal,50.7,0.0,20,No,5024,6,49-72
Male,49,No,0,0,3,No Offer,Yes,16.32,No,No Internet Service,0,No,No,No,No,No,No,No,No,Month-to-Month,Yes,Credit Card,19.1,0.0,0,No,4905,1,0-12
Female,26,No,2,0,48,Offer B,No,0.0,No,DSL,48,No,Yes,Yes,No,No,Yes,Yes,Yes,Month-to-Month,No,Credit Card,45.55,0.0,0,No,4106,6,25-48
Male,36,Yes,1,10,68,Offer A,Yes,34.62,Yes,Fiber Optic,18,No,Yes,No,No,Yes,Yes,Yes,Yes,One Year,Yes,Credit Card,101.05,0.0,0,No,5570,8,49-72
Female,32,No,0,0,47,Offer B,Yes,2.45,No,Fiber Optic,13,Yes,No,Yes,Yes,Yes,Yes,Yes,Yes,One Year,Yes,Bank Withdrawal,103.7,0.0,0,No,4543,9,25-48
Male,48,Yes,3,2,32,Offer C,No,0.0,No,DSL,53,No,No,Yes,Yes,No,No,No,Yes,One Year,Yes,Mailed Check,36.25,0.0,0,No,2609,4,25-48
Female,54,Yes,3,3,5,No Offer,Yes,47.06,No,Cable,52,Yes,No,No,No,No,No,No,No,Month-to-Month,Yes,Mailed Check,49.4,0.0,10,No,5756,3,0-12
Male,19,No,0,0,49,Offer B,Yes,6.26,No,No Internet Service,0,No,No,No,No,No,No,No,No,Two Year,Yes,Credit Card,19.9,0.0,0,No,5240,1,49-72
Male,53,No,0,0,15,No Offer,Yes,16.13,No,No Internet Service,0,No,No,No,No,No,No,No,No,Month-to-Month,Yes,Mailed Check,19.8,0.0,0,No,2681,1,13-24
Female,50,No,0,0,12,No Offer,Yes,31.22,No,DSL,12,No,No,No,No,No,No,No,Yes,Month-to-Month,Yes,Bank Withdrawal,45.05,0.0,0,No,5624,3,0-12
Male,25,No,0,0,9,No Offer,Yes,46.34,No,Fiber Optic,59,No,No,No,Yes,Yes,No,No,Yes,Month-to-Month,No,Bank Withdrawal,86.25,0.0,0,No,4754,5,0-12
Female,45,Yes,1,7,13,No Offer,Yes,5.58,No,No Internet Service,0,No,No,No,No,No,No,No,No,Two Year,Yes,Bank Withdrawal,19.75,0.0,0,No,4314,1,13-24
Female,63,No,0,0,38,Offer C,Yes,30.09,No,Fiber Optic,18,No,No,No,No,Yes,Yes,Yes,No,One Year,Yes,Mailed Check,89.1,0.0,90,No,2675,5,25-48
Male,32,Yes,3,8,9,Offer E,Yes,23.42,Yes,Fiber Optic,30,No,Yes,Yes,No,Yes,Yes,Yes,Yes,Month-to-Month,Yes,Credit Card,102.6,0.0,0,No,4062,9,0-12
Female,51,Yes,0,1,49,Offer B,No,0.0,No,DSL,21,No,Yes,No,Yes,Yes,Yes,Yes,Yes,One Year,Yes,Credit Card,56.3,0.0,0,No,5913,7,49-72
Male,40,No,3,0,50,Offer B,No,0.0,No,DSL,76,Yes,Yes,No,No,Yes,No,No,Yes,One Year,Yes,Bank Withdrawal,43.05,0.0,0,No,5409,5,49-72
Female,34,Yes,0,1,51,Offer B,Yes,47.72,Yes,Fiber Optic,23,No,No,Yes,No,Yes,Yes,Yes,No,One Year,Yes,Bank Withdrawal,98.85,0.0,130,No,6034,7,49-72
Female,23,Yes,3,0,24,Offer C,Yes,46.54,Yes,DSL,85,Yes,Yes,Yes,No,No,No,No,Yes,Two Year,No,Bank Withdrawal,64.35,0.0,0,No,5461,7,13-24
Female,22,Yes,0,1,62,Offer B,Yes,6.41,No,Cable,59,Yes,Yes,Yes,No,Yes,No,No,Yes,Two Year,Yes,Credit Card,72.0,0.0,0,No,6489,7,49-72
Male,21,No,0,0,24,Offer C,Yes,3.72,No,Cable,59,No,Yes,No,No,No,No,No,Yes,Month-to-Month,Yes,Mailed Check,49.7,0.0,0,No,2911,4,13-24
Female,50,Yes,2,6,70,Offer A,Yes,4.11,Yes,Cable,16,Yes,Yes,Yes,Yes,Yes,No,No,Yes,Two Year,No,Bank Withdrawal,80.7,0.0,0,No,4412,9,49-72
Male,64,No,2,0,1,Offer E,No,0.0,No,Cable,17,No,No,No,No,No,No,No,Yes,Month-to-Month,No,Mailed Check,24.2,0.0,0,No,4276,2,0-12
Female,36,No,0,0,8,Offer E,Yes,37.37,No,Cable,16,No,Yes,No,Yes,Yes,No,No,Yes,Month-to-Month,Yes,Bank Withdrawal,65.45,0.0,0,No,5227,6,0-12
Female,61,Yes,3,8,72,Offer A,Yes,17.21,No,Cable,53,Yes,Yes,Yes,Yes,No,Yes,Yes,No,Two Year,Yes,Bank Withdrawal,74.35,0.0,50,No,4874,8,49-72
Female,23,No,0,0,23,No Offer,Yes,19.96,No,Fiber Optic,76,No,Yes,Yes,Yes,No,No,No,Yes,Month-to-Month,No,Bank Withdrawal,83.2,23.79,0,No,2061,6,13-24
Male,20,No,3,0,31,Offer C,No,0.0,No,Cable,51,No,No,No,No,No,No,No,Yes,Month-to-Month,No,Credit Card,25.0,22.4,0,No,4242,2,25-48
Male,23,Yes,2,7,37,Offer C,No,0.0,No,Cable,52,Yes,No,Yes,Yes,No,No,No,Yes,One Year,Yes,Bank Withdrawal,40.2,0.0,0,No,2308,5,25-48
Female,60,Yes,1,6,23,No Offer,Yes,27.49,Yes,Cable,21,No,Yes,No,Yes,Yes,No,No,Yes,Month-to-Month,Yes,Credit Card,69.5,16.89,0,No,2159,7,13-24
Female,21,Yes,3,7,20,No Offer,Yes,15.29,Yes,Cable,59,Yes,No,No,No,Yes,Yes,Yes,No,One Year,No,Bank Withdrawal,76.0,7.3,70,No,4085,7,13-24
Male,24,Yes,0,3,36,Offer C,Yes,41.33,No,Fiber Optic,41,Yes,No,No,No,Yes,Yes,Yes,Yes,Month-to-Month,Yes,Bank Withdrawal,93.6,16.56,0,No,2701,7,25-48
Male,22,Yes,1,1,71,Offer A,Yes,28.34,Yes,Fiber Optic,59,No,Yes,No,No,Yes,Yes,Yes,Yes,One Year,No,Bank Withdrawal,100.55,16.99,0,No,5876,8,49-72
Female,59,Yes,1,9,43,Offer B,Yes,28.03,Yes,No Internet Service,0,No,No,No,No,No,No,No,No,One Year,Yes,Bank Withdrawal,24.45,41.33,0,No,5119,2,25-48
Male,55,No,2,0,57,Offer B,Yes,9.36,Yes,Cable,20,Yes,Yes,Yes,Yes,Yes,Yes,Yes,Yes,Two Year,No,Mailed Check,89.55,30.45,0,No,4260,11,49-72
Female,26,Yes,0,0,27,Offer C,Yes,39.67,No,Fiber Optic,59,No,Yes,No,No,No,No,No,Yes,Month-to-Month,Yes,Bank Withdrawal,76.1,30.14,0,No,3291,4,25-48
Female,22,No,0,0,13,No Offer,Yes,44.99,No,Fiber Optic,27,No,No,No,No,No,Yes,Yes,Yes,Month-to-Month,Yes,Bank Withdrawal,80.5,24.99,0,No,3895,5,13-24
Female,28,No,0,0,67,No Offer,Yes,23.12,No,No Internet Service,0,No,No,No,No,No,No,No,No,One Year,No,Bank Withdrawal,20.55,30.53,0,No,5462,1,49-72
Female,61,Yes,0,8,64,Offer B,Yes,49.26,Yes,Fiber Optic,18,No,Yes,No,Yes,Yes,Yes,Yes,Yes,Two Year,Yes,Bank Withdrawal,105.4,32.24,0,No,4512,9,49-72
Male,25,No,0,0,26,Offer C,No,0.0,No,Cable,47,No,No,Yes,Yes,No,No,No,Yes,Month-to-Month,No,Bank Withdrawal,35.75,0.0,0,No,2734,4,25-48
Male,47,No,0,0,38,Offer C,Yes,6.71,Yes,Fiber Optic,11,No,Yes,Yes,No,No,Yes,Yes,Yes,Month-to-Month,Yes,Credit Card,95.1,0.0,0,No,5393,8,25-48
Male,60,Yes,0,3,23,No Offer,Yes,36.14,No,No Internet Service,0,No,No,No,No,No,No,No,No,One Year,No,Credit Card,19.3,0.0,0,No,2111,1,13-24
Female,46,Yes,0,1,62,Offer B,Yes,4.7,Yes,Cable,28,Yes,Yes,No,Yes,Yes,Yes,Yes,Yes,Two Year,Yes,Bank Withdrawal,84.95,4.68,0,No,6307,10,49-72
Female,54,No,0,0,40,Offer B,Yes,2.83,Yes,Fiber Optic,22,No,Yes,Yes,No,Yes,No,No,Yes,Month-to-Month,Yes,Bank Withdrawal,93.4,4.18,0,No,3819,7,25-48
Male,35,No,0,0,41,Offer B,Yes,41.85,Yes,Fiber Optic,16,No,Yes,No,No,Yes,No,No,Yes,Month-to-Month,Yes,Bank Withdrawal,89.2,2.21,0,No,3259,6,25-48
Female,37,No,0,0,1,No Offer,Yes,44.98,No,DSL,27,No,Yes,No,No,No,No,No,Yes,Month-to-Month,No,Bank Withdrawal,49.95,0.0,0,No,5230,4,0-12
Female,25,No,0,0,51,Offer B,Yes,19.23,No,No Internet Service,0,No,No,No,No,No,No,No,No,Two Year,No,Bank Withdrawal,20.65,19.32,0,No,4725,1,49-72
Female,30,No,0,0,39,Offer C,Yes,1.57,No,No Internet Service,0,No,No,No,No,No,No,No,No,Two Year,No,Mailed Check,20.15,25.92,0,No,2007,1,25-48
Male,39,Yes,1,2,12,No Offer,Yes,25.33,No,No Internet Service,0,No,No,No,No,No,No,No,No,Month-to-Month,Yes,Bank Withdrawal,19.2,45.46,0,No,3101,1,0-12
Male,45,No,0,0,72,No Offer,Yes,33.93,Yes,Fiber Optic,18,No,Yes,Yes,No,Yes,Yes,Yes,Yes,One Year,Yes,Bank Withdrawal,104.95,25.42,0,No,5760,9,49-72
Male,53,Yes,0,2,44,Offer B,Yes,21.39,Yes,Fiber Optic,10,Yes,No,Yes,No,No,No,No,Yes,Month-to-Month,Yes,Credit Card,84.8,43.96,0,No,2770,6,25-48
Female,51,No,0,0,18,No Offer,Yes,7.42,Yes,Fiber Optic,12,No,No,Yes,Yes,No,Yes,Yes,Yes,Month-to-Month,Yes,Bank Withdrawal,95.05,38.65,0,No,4524,8,13-24
Male,64,No,0,0,13,No Offer,Yes,40.99,No,DSL,21,No,Yes,No,Yes,Yes,Yes,Yes,Yes,Month-to-Month,No,Mailed Check,73.35,49.02,0,No,4645,8,13-24
Female,23,Yes,0,2,68,No Offer,Yes,8.62,No,DSL,53,No,Yes,No,Yes,Yes,No,No,Yes,Two Year,No,Bank Withdrawal,64.1,19.12,0,No,5553,6,49-72
Female,57,No,0,0,2,Offer E,Yes,6.85,No,No Internet Service,0,No,No,No,No,No,No,No,No,Month-to-Month,Yes,Mailed Check,20.05,0.0,0,No,5191,1,0-12
Male,63,No,0,0,38,No Offer,Yes,35.04,No,Fiber Optic,2,No,No,No,No,No,No,No,Yes,Month-to-Month,Yes,Credit Card,69.5,20.19,0,No,4591,3,25-48
Male,57,No,0,0,19,No Offer,Yes,29.55,No,Fiber Optic,13,No,No,No,No,Yes,No,No,Yes,Month-to-Month,Yes,Bank Withdrawal,78.7,26.84,0,No,2464,4,13-24
Female,62,No,0,0,12,No Offer,No,0.0,No,Cable,24,No,Yes,Yes,Yes,Yes,Yes,Yes,Yes,One Year,No,Bank Withdrawal,60.65,40.41,0,No,3740,8,0-12
Female,30,No,0,0,72,No Offer,Yes,22.77,No,No Internet Service,0,No,No,No,No,No,No,No,No,Two Year,Yes,Bank Withdrawal,21.15,19.31,0,No,5306,1,49-72
Male,38,Yes,2,1,24,Offer C,Yes,36.05,Yes,Cable,24,Yes,No,Yes,Yes,Yes,Yes,Yes,Yes,One Year,Yes,Mailed Check,84.8,48.23,0,No,2140,10,13-24
Female,30,Yes,2,4,72,No Offer,Yes,29.66,Yes,Fiber Optic,59,No,Yes,Yes,No,Yes,Yes,Yes,Yes,One Year,Yes,Credit Card,103.2,45.38,0,No,5560,9,49-72
Female,32,Yes,2,1,11,No Offer,No,0.0,No,DSL,17,Yes,No,No,No,No,No,No,Yes,Month-to-Month,Yes,Bank Withdrawal,29.6,27.24,0,No,2793,3,0-12
Male,44,No,0,0,66,No Offer,Yes,30.96,No,Fiber Optic,11,Yes,No,Yes,Yes,Yes,Yes,Yes,Yes,Two Year,Yes,Bank Withdrawal,105.65,0.0,0,No,5097,9,49-72
